mtllib mesh.mtl
g default
v -0.48540976643562317 0.12473605573177338 -0.27271756529808044 
v -0.4849979281425476 0.1142682209610939 -0.27911466360092163 
v -0.48624542355537415 0.12498894333839417 -0.2849610149860382 
v -0.48458606004714966 0.10380063205957413 -0.28551188111305237 
v -0.48583361506462097 0.11452097445726395 -0.29135823249816895 
v -0.4870810806751251 0.12524183094501495 -0.2972046136856079 
v -0.4841742515563965 0.0933329239487648 -0.2919090688228607 
v -0.4854217767715454 0.10405338555574417 -0.29775533080101013 
v -0.48666927218437195 0.11477398127317429 -0.30360162258148193 
v -0.4879167377948761 0.125494584441185 -0.3094479441642761 
v -0.4837624430656433 0.08286533504724503 -0.29830601811408997 
v -0.48500990867614746 0.09358567744493484 -0.3041524589061737 
v -0.4862574636936188 0.10430639982223511 -0.3099987506866455 
v -0.4875049293041229 0.11502686887979507 -0.3158451318740845 
v -0.4887523949146271 0.1257474571466446 -0.3216913938522339 
v -0.4810413718223572 0.1250855028629303 -0.27300843596458435 
v -0.48187702894210815 0.12533852458000183 -0.2852518558502197 
v -0.480629563331604 0.11461792141199112 -0.2794055938720703 
v -0.481465220451355 0.11487068235874176 -0.29164910316467285 
v -0.48021769523620605 0.10415033996105194 -0.2858027219772339 
v -0.48271268606185913 0.12559139728546143 -0.29749539494514465 
v -0.4810534119606018 0.10440296679735184 -0.2980462908744812 
v -0.4798058569431305 0.09368262439966202 -0.29219990968704224 
v -0.48230093717575073 0.1151236891746521 -0.30389267206192017 
v -0.4835484027862549 0.12584403157234192 -0.30973902344703674 
v -0.48064160346984863 0.09393525123596191 -0.304443359375 
v -0.4793941378593445 0.08321491628885269 -0.2985970973968506 
v -0.4818890690803528 0.10465597361326218 -0.31028974056243896 
v -0.4831365942955017 0.11537644267082214 -0.31613606214523315 
v -0.48438408970832825 0.12609703838825226 -0.32198241353034973 
v -0.48540976643562317 0.12473605573177338 -0.22765052318572998 
v -0.4849979281425476 0.11426834762096405 -0.23404769599437714 
v -0.48624542355537415 0.12498894333839417 -0.2398941069841385 
v -0.48458606004714966 0.10380063205957413 -0.24044488370418549 
v -0.48583361506462097 0.11452097445726395 -0.24629123508930206 
v -0.4870810806751251 0.12524183094501495 -0.25213760137557983 
v -0.4841742515563965 0.09333305060863495 -0.24684199690818787 
v -0.4854217767715454 0.10405338555574417 -0.25268828868865967 
v -0.48666927218437195 0.11477411538362503 -0.2585347294807434 
v -0.4879167377948761 0.125494584441185 -0.2643810510635376 
v -0.4837624430656433 0.08286546170711517 -0.25323912501335144 
v -0.48500990867614746 0.09358580410480499 -0.2590855658054352 
v -0.4862574636936188 0.10430639982223511 -0.264931857585907 
v -0.4875049293041229 0.11502686887979507 -0.27077823877334595 
v -0.48875245451927185 0.1257474571466446 -0.27662453055381775 
v -0.4810413718223572 0.1250855028629303 -0.22794155776500702 
v -0.48187702894210815 0.12533864378929138 -0.2401849627494812 
v -0.480629563331604 0.11461804807186127 -0.23433855175971985 
v -0.481465220451355 0.11487080901861191 -0.24658221006393433 
v -0.48021775484085083 0.10415033996105194 -0.24073582887649536 
v -0.4827127456665039 0.12559139728546143 -0.25242847204208374 
v -0.4810534119606018 0.10440309345722198 -0.2529793977737427 
v -0.47980594635009766 0.09368262439966202 -0.2471330165863037 
v -0.48230093717575073 0.1151236891746521 -0.2588256895542145 
v -0.4835484027862549 0.12584416568279266 -0.26467207074165344 
v -0.48064160346984863 0.09393525123596191 -0.2593764662742615 
v -0.4793941378593445 0.08321491628885269 -0.25353020429611206 
v -0.4818890690803528 0.10465597361326218 -0.26522284746170044 
v -0.4831365942955017 0.11537657678127289 -0.27106916904449463 
v -0.48438408970832825 0.126097172498703 -0.27691546082496643 
v -0.48540976643562317 0.12473605573177338 -0.18247924745082855 
v -0.4849979281425476 0.11426834762096405 -0.18887627124786377 
v -0.48624542355537415 0.12498894333839417 -0.19472269713878632 
v -0.48458606004714966 0.10380075871944427 -0.1952734887599945 
v -0.48583361506462097 0.1145211011171341 -0.20111984014511108 
v -0.4870810806751251 0.12524183094501495 -0.20696628093719482 
v -0.4841742515563965 0.09333305060863495 -0.20167067646980286 
v -0.4854217767715454 0.10405338555574417 -0.20751702785491943 
v -0.48666927218437195 0.11477398127317429 -0.21336330473423004 
v -0.4879167377948761 0.125494584441185 -0.2192097306251526 
v -0.4837624430656433 0.08286533504724503 -0.20806770026683807 
v -0.48500990867614746 0.09358580410480499 -0.21391411125659943 
v -0.4862574636936188 0.10430639982223511 -0.21976043283939362 
v -0.4875049293041229 0.11502686887979507 -0.22560681402683258 
v -0.4887523949146271 0.1257474571466446 -0.2314530909061432 
v -0.4810413718223572 0.1250855028629303 -0.18277013301849365 
v -0.48187702894210815 0.12533852458000183 -0.19501353800296783 
v -0.480629563331604 0.11461792141199112 -0.18916729092597961 
v -0.481465220451355 0.11487068235874176 -0.20141078531742096 
v -0.48021775484085083 0.10415033996105194 -0.19556434452533722 
v -0.4827127456665039 0.12559139728546143 -0.20725713670253754 
v -0.4810534119606018 0.10440296679735184 -0.2078079730272293 
v -0.47980594635009766 0.09368262439966202 -0.20196151733398438 
v -0.48230093717575073 0.1151236891746521 -0.21365435421466827 
v -0.4835484027862549 0.12584416568279266 -0.21950063109397888 
v -0.48064160346984863 0.09393525123596191 -0.21420514583587646 
v -0.4793941378593445 0.08321491628885269 -0.20835870504379272 
v -0.4818890690803528 0.10465597361326218 -0.22005143761634827 
v -0.4831365942955017 0.11537644267082214 -0.22589775919914246 
v -0.48438408970832825 0.126097172498703 -0.23174403607845306 
v -0.48540976643562317 0.12473605573177338 -0.1355292648077011 
v -0.4849979281425476 0.1142682209610939 -0.1419263631105423 
v -0.48624542355537415 0.12498894333839417 -0.14777271449565887 
v -0.48458606004714966 0.10380063205957413 -0.14832356572151184 
v -0.48583361506462097 0.11452097445726395 -0.15416991710662842 
v -0.4870810806751251 0.12524183094501495 -0.1600162386894226 
v -0.4841742515563965 0.0933329239487648 -0.1547207534313202 
v -0.48542171716690063 0.10405325889587402 -0.16056694090366364 
v -0.48666927218437195 0.11477398127317429 -0.1664133220911026 
v -0.4879167377948761 0.125494584441185 -0.17225974798202515 
v -0.4837624430656433 0.08286533504724503 -0.1611177772283554 
v -0.48500990867614746 0.09358567744493484 -0.16696415841579437 
v -0.4862574636936188 0.10430639982223511 -0.17281053960323334 
v -0.4875049293041229 0.11502686887979507 -0.17865683138370514 
v -0.4887523949146271 0.1257474571466446 -0.18450310826301575 
v -0.4810413718223572 0.1250855028629303 -0.1358201503753662 
v -0.48187702894210815 0.12533852458000183 -0.1480635553598404 
v -0.480629563331604 0.11461792141199112 -0.14221730828285217 
v -0.481465220451355 0.11487068235874176 -0.15446080267429352 
v -0.48021775484085083 0.10415033996105194 -0.14861451089382172 
v -0.4827127456665039 0.12559139728546143 -0.1603071540594101 
v -0.4810534119606018 0.10440296679735184 -0.16085799038410187 
v -0.4798058569431305 0.09368262439966202 -0.1550116091966629 
v -0.48230093717575073 0.1151236891746521 -0.16670437157154083 
v -0.4835484027862549 0.12584416568279266 -0.17255064845085144 
v -0.48064154386520386 0.09393525123596191 -0.16725507378578186 
v -0.4793941378593445 0.08321491628885269 -0.16140878200531006 
v -0.4818890690803528 0.10465597361326218 -0.17310145497322083 
v -0.4831365942955017 0.11537644267082214 -0.1789478361606598 
v -0.48438408970832825 0.12609703838825226 -0.184794083237648 
v -0.48540976643562317 0.12473605573177338 -0.08763900399208069 
v -0.4849979281425476 0.11426834762096405 -0.09403608739376068 
v -0.48624542355537415 0.12498894333839417 -0.09988246858119965 
v -0.48458606004714966 0.10380075871944427 -0.1004333347082138 
v -0.48583361506462097 0.11452097445726395 -0.10627958923578262 
v -0.4870810806751251 0.1252416968345642 -0.11212603747844696 
v -0.4841742515563965 0.0933329239487648 -0.1068304255604744 
v -0.4854217767715454 0.10405338555574417 -0.1126767098903656 
v -0.48666927218437195 0.11477398127317429 -0.1185229942202568 
v -0.4879167377948761 0.12549445033073425 -0.12436947226524353 
v -0.4837624430656433 0.08286533504724503 -0.11322754621505737 
v -0.48500996828079224 0.09358580410480499 -0.11907392740249634 
v -0.4862574636936188 0.10430639982223511 -0.12492021173238754 
v -0.4875049293041229 0.11502686887979507 -0.1307665854692459 
v -0.48875245451927185 0.1257474571466446 -0.1366128772497177 
v -0.4810413718223572 0.1250855028629303 -0.08792991191148758 
v -0.48187702894210815 0.12533852458000183 -0.10017338395118713 
v -0.480629563331604 0.11461792141199112 -0.0943269357085228 
v -0.481465220451355 0.11487080901861191 -0.10657056421041489 
v -0.48021775484085083 0.10415033996105194 -0.10072418302297592 
v -0.4827127456665039 0.12559127807617188 -0.11241688579320908 
v -0.4810534119606018 0.10440296679735184 -0.11296765506267548 
v -0.47980594635009766 0.09368262439966202 -0.10712136328220367 
v -0.48230093717575073 0.1151236891746521 -0.11881416290998459 
v -0.4835484027862549 0.12584403157234192 -0.12466038763523102 
v -0.48064160346984863 0.09393525123596191 -0.11936483532190323 
v -0.4793941378593445 0.08321491628885269 -0.11351855099201202 
v -0.4818890690803528 0.10465584695339203 -0.12521125376224518 
v -0.4831365942955017 0.11537644267082214 -0.13105760514736176 
v -0.48438408970832825 0.12609703838825226 -0.13690385222434998 
v -0.48540976643562317 0.12473592907190323 0.10190889984369278 
v -0.4849979281425476 0.1142682209610939 0.09551176428794861 
v -0.48624542355537415 0.12498894333839417 0.08966539055109024 
v -0.48458606004714966 0.10380063205957413 0.08911453932523727 
v -0.48583361506462097 0.11452097445726395 0.0832681879401207 
v -0.4870810806751251 0.12524183094501495 0.0774218812584877 
v -0.4841742515563965 0.0933329239487648 0.08271735906600952 
v -0.4854217767715454 0.10405338555574417 0.0768711119890213 
v -0.48666927218437195 0.11477398127317429 0.07102479040622711 
v -0.4879167377948761 0.125494584441185 0.06517836451530457 
v -0.4837624430656433 0.08286533504724503 0.07632027566432953 
v -0.48500990867614746 0.09358567744493484 0.07047392427921295 
v -0.4862574636936188 0.10430639982223511 0.06462755799293518 
v -0.4875049293041229 0.11502686887979507 0.058781273663043976 
v -0.48875245451927185 0.1257474571466446 0.052934907376766205 
v -0.4810413718223572 0.1250855028629303 0.10161789506673813 
v -0.48187702894210815 0.12533852458000183 0.08937449753284454 
v -0.480629563331604 0.11461792141199112 0.09522081911563873 
v -0.481465220451355 0.11487080901861191 0.08297725021839142 
v -0.48021775484085083 0.10415033996105194 0.08882364630699158 
v -0.4827127456665039 0.12559139728546143 0.07713093608617783 
v -0.4810534119606018 0.10440296679735184 0.07658011466264725 
v -0.4798058569431305 0.09368262439966202 0.08242650330066681 
v -0.48230093717575073 0.1151236891746521 0.07073375582695007 
v -0.4835484027862549 0.12584416568279266 0.06488744914531708 
v -0.48064160346984863 0.09393525123596191 0.07018298655748367 
v -0.4793941378593445 0.08321491628885269 0.07602931559085846 
v -0.4818890690803528 0.10465597361326218 0.06433666497468948 
v -0.4831365942955017 0.11537644267082214 0.058490268886089325 
v -0.48438408970832825 0.12609703838825226 0.052643902599811554 
v -0.48540976643562317 0.12473592907190323 0.0527883842587471 
v -0.4849979281425476 0.1142682209610939 0.04639120399951935 
v -0.48624542355537415 0.12498881667852402 0.040544915944337845 
v -0.48458606004714966 0.10380063205957413 0.03999406844377518 
v -0.48583361506462097 0.11452097445726395 0.03414762392640114 
v -0.4870810806751251 0.12524183094501495 0.02830132097005844 
v -0.4841742515563965 0.0933329239487648 0.033596884459257126 
v -0.4854217767715454 0.10405325889587402 0.027750598266720772 
v -0.48666927218437195 0.11477398127317429 0.021904231980443 
v -0.4879167377948761 0.125494584441185 0.016057899221777916 
v -0.4837624430656433 0.08286533504724503 0.027199748903512955 
v -0.48500990867614746 0.09358567744493484 0.02135336771607399 
v -0.4862574636936188 0.10430639982223511 0.015507097356021404 
v -0.4875049293041229 0.11502686887979507 0.009660715237259865 
v -0.48875245451927185 0.1257474571466446 0.0038144292775541544 
v -0.4810413718223572 0.1250855028629303 0.05249737948179245 
v -0.48187702894210815 0.12533852458000183 0.04025398939847946 
v -0.480629563331604 0.11461792141199112 0.04610025882720947 
v -0.481465220451355 0.11487068235874176 0.03385674208402634 
v -0.48021775484085083 0.10415033996105194 0.0397031232714653 
v -0.48271268606185913 0.12559139728546143 0.028010472655296326 
v -0.4810534119606018 0.10440296679735184 0.027459559962153435 
v -0.4798058569431305 0.09368262439966202 0.03330593928694725 
v -0.48230087757110596 0.1151236891746521 0.021613288670778275 
v -0.4835484027862549 0.12584416568279266 0.015766892582178116 
v -0.48064160346984863 0.09393525123596191 0.021062470972537994 
v -0.4793941378593445 0.08321491628885269 0.02690875716507435 
v -0.4818890690803528 0.10465597361326218 0.015216106548905373 
v -0.4831365942955017 0.11537644267082214 0.009369771927595139 
v -0.48438408970832825 0.12609703838825226 0.003523438237607479 
v -0.48540976643562317 0.12473605573177338 0.004636299796402454 
v -0.4849979281425476 0.11426834762096405 -0.0017608831403777003 
v -0.48624542355537415 0.12498906999826431 -0.007607249077409506 
v -0.48458606004714966 0.10380075871944427 -0.008158097974956036 
v -0.48583361506462097 0.1145211011171341 -0.014004447497427464 
v -0.4870810806751251 0.12524183094501495 -0.01985081285238266 
v -0.4841742515563965 0.09333305060863495 -0.014555281028151512 
v -0.4854217767715454 0.10405338555574417 -0.02040158398449421 
v -0.48666927218437195 0.11477398127317429 -0.0262479018419981 
v -0.4879167377948761 0.125494584441185 -0.032094329595565796 
v -0.4837624430656433 0.08286533504724503 -0.020952321588993073 
v -0.48500990867614746 0.09358580410480499 -0.026798702776432037 
v -0.4862574636936188 0.10430652648210526 -0.03264498710632324 
v -0.4875049293041229 0.11502686887979507 -0.03849141672253609 
v -0.48875245451927185 0.1257474571466446 -0.04433778300881386 
v -0.4810413718223572 0.12508563697338104 0.004345308989286423 
v -0.48187702894210815 0.12533852458000183 -0.00789814442396164 
v -0.480629563331604 0.11461804807186127 -0.0020518105011433363 
v -0.481465220451355 0.11487080901861191 -0.014295327477157116 
v -0.48021775484085083 0.10415046662092209 -0.008449041284620762 
v -0.4827127456665039 0.12559139728546143 -0.020141756162047386 
v -0.4810534119606018 0.10440309345722198 -0.020692527294158936 
v -0.47980594635009766 0.09368262439966202 -0.014846129342913628 
v -0.48230093717575073 0.1151236891746521 -0.026538940146565437 
v -0.4835484027862549 0.12584416568279266 -0.032385241240262985 
v -0.48064160346984863 0.09393537789583206 -0.027089709416031837 
v -0.4793941378593445 0.08321491628885269 -0.02124331146478653 
v -0.4818890690803528 0.10465597361326218 -0.03293602913618088 
v -0.4831365942955017 0.11537644267082214 -0.03878236189484596 
v -0.48438408970832825 0.126097172498703 -0.044628631323575974 
v -0.48540976643562317 0.12473605573177338 -0.04086780548095703 
v -0.4849979281425476 0.11426834762096405 -0.04726498946547508 
v -0.48624542355537415 0.12498906999826431 -0.05311132222414017 
v -0.48458606004714966 0.10380075871944427 -0.05366218835115433 
v -0.48583361506462097 0.1145211011171341 -0.059508536010980606 
v -0.4870810806751251 0.12524183094501495 -0.06535498052835464 
v -0.4841742515563965 0.09333305060863495 -0.06005936861038208 
v -0.4854217767715454 0.10405338555574417 -0.06590565294027328 
v -0.48666927218437195 0.11477411538362503 -0.07175194472074509 
v -0.4879167377948761 0.125494584441185 -0.07759832590818405 
v -0.4837624430656433 0.08286533504724503 -0.0664563924074173 
v -0.48500990867614746 0.09358580410480499 -0.07230281084775925 
v -0.4862574636936188 0.10430652648210526 -0.07814906537532806 
v -0.4875049293041229 0.11502686887979507 -0.08399544656276703 
v -0.4887523949146271 0.1257474571466446 -0.08984179049730301 
v -0.4810413718223572 0.12508563697338104 -0.04115879535675049 
v -0.48187702894210815 0.12533864378929138 -0.05340217053890228 
v -0.480629563331604 0.11461804807186127 -0.04755593091249466 
v -0.481465220451355 0.11487068235874176 -0.05979948118329048 
v -0.48021775484085083 0.10415033996105194 -0.053953032940626144 
v -0.48271268606185913 0.12559139728546143 -0.06564576923847198 
v -0.4810534119606018 0.10440296679735184 -0.06619666516780853 
v -0.47980594635009766 0.09368262439966202 -0.060350216925144196 
v -0.48230093717575073 0.1151236891746521 -0.07204301655292511 
v -0.4835484027862549 0.12584416568279266 -0.0778893306851387 
v -0.48064160346984863 0.09393537789583206 -0.07259368896484375 
v -0.4793941378593445 0.08321491628885269 -0.06674739718437195 
v -0.4818890690803528 0.10465597361326218 -0.07844012975692749 
v -0.4831365942955017 0.11537644267082214 -0.08428645133972168 
v -0.48438408970832825 0.126097172498703 -0.09013273566961288 
v -0.3911471366882324 0.7808664441108704 0.3416813313961029 
v -0.3839532136917114 0.7594945430755615 0.3416813313961029 
v -0.4550187885761261 0.7474703192710876 0.3416813313961029 
v -0.404593288898468 0.7989694476127625 0.3416813313961029 
v -0.42297542095184326 0.8120312094688416 0.3416813313961029 
v -0.4444941282272339 0.8187733292579651 0.3416813313961029 
v -0.46704310178756714 0.8185357451438904 0.3416813313961029 
v -0.48841506242752075 0.8113418817520142 0.3416813313961029 
v -0.5065180063247681 0.7978957295417786 0.3416813313961029 
v -0.5195797681808472 0.7795135974884033 0.3416813313961029 
v -0.5263218879699707 0.7579948306083679 0.3416813313961029 
v -0.5260843634605408 0.7354459166526794 0.3416813313961029 
v -0.5188904404640198 0.7140740156173706 0.3416813313961029 
v -0.5054442882537842 0.6959710121154785 0.3416813313961029 
v -0.4870622158050537 0.6829092502593994 0.3416813313961029 
v -0.4655434489250183 0.6761671304702759 0.3416813313961029 
v -0.44299447536468506 0.6764047145843506 0.3416813313961029 
v -0.4216225743293762 0.6835985779762268 0.3416813313961029 
v -0.4035196304321289 0.6970447301864624 0.3416813313961029 
v -0.3904578685760498 0.7154268622398376 0.3416813313961029 
v -0.38371574878692627 0.7369455099105835 0.3416813313961029 
v -0.3839532136917114 0.7594945430755615 0.4858325123786926 
v -0.3911471366882324 0.7808664441108704 0.4858325123786926 
v -0.4550187885761261 0.7474703192710876 0.4858325123786926 
v -0.404593288898468 0.7989694476127625 0.4858325123786926 
v -0.42297542095184326 0.8120312094688416 0.4858325123786926 
v -0.4444941282272339 0.8187733292579651 0.4858325123786926 
v -0.46704310178756714 0.8185357451438904 0.4858325123786926 
v -0.48841506242752075 0.8113418817520142 0.4858325123786926 
v -0.5065180063247681 0.7978957295417786 0.4858325123786926 
v -0.5195797681808472 0.7795135974884033 0.4858325123786926 
v -0.5263218879699707 0.7579948306083679 0.4858325123786926 
v -0.5260843634605408 0.7354459166526794 0.4858325123786926 
v -0.5188904404640198 0.7140740156173706 0.4858325123786926 
v -0.5054442882537842 0.6959710121154785 0.4858325123786926 
v -0.4870622158050537 0.6829092502593994 0.4858325123786926 
v -0.4655434489250183 0.6761671304702759 0.4858325123786926 
v -0.44299447536468506 0.6764047145843506 0.4858325123786926 
v -0.4216225743293762 0.6835985779762268 0.4858325123786926 
v -0.4035196304321289 0.6970447301864624 0.4858325123786926 
v -0.3904578685760498 0.7154268622398376 0.4858325123786926 
v -0.38371574878692627 0.7369455099105835 0.4858325123786926 
v -0.47445163130760193 0.456419974565506 0.3968464136123657 
v -0.47040900588035583 0.45582324266433716 0.4048665463924408 
v -0.4974774420261383 0.45981866121292114 0.41375693678855896 
v -0.4807482361793518 0.45734933018684387 0.3904816210269928 
v -0.4886823892593384 0.45852047204971313 0.3863951861858368 
v -0.4974774420261383 0.45981866121292114 0.3849870562553406 
v -0.5062724947929382 0.46111685037612915 0.3863951861858368 
v -0.5142066478729248 0.4622879922389984 0.3904816210269928 
v -0.5205032825469971 0.4632173776626587 0.3968464136123657 
v -0.5245459079742432 0.4638140797615051 0.4048665463924408 
v -0.5259389281272888 0.4640197157859802 0.41375693678855896 
v -0.5245459079742432 0.4638140797615051 0.42264729738235474 
v -0.5205032825469971 0.4632173776626587 0.4306674003601074 
v -0.5142066478729248 0.4622879922389984 0.43703222274780273 
v -0.5062724947929382 0.46111685037612915 0.44111868739128113 
v -0.4974774420261383 0.45981866121292114 0.44252675771713257 
v -0.4886823892593384 0.45852047204971313 0.44111868739128113 
v -0.4807482361793518 0.45734933018684387 0.43703222274780273 
v -0.47445163130760193 0.456419974565506 0.4306674003601074 
v -0.47040900588035583 0.45582324266433716 0.42264729738235474 
v -0.4690159857273102 0.45561760663986206 0.41375693678855896 
v -0.4143943786621094 0.8353144526481628 0.4048665463924408 
v -0.41843700408935547 0.8359111547470093 0.3968464136123657 
v -0.441462904214859 0.8393098711967468 0.41375693678855896 
v -0.42473360896110535 0.8368405103683472 0.3904816210269928 
v -0.4326677918434143 0.8380115628242493 0.3863951861858368 
v -0.441462904214859 0.8393098711967468 0.3849870562553406 
v -0.45025795698165894 0.8406080603599548 0.3863951861858368 
v -0.4581921100616455 0.8417790532112122 0.3904816210269928 
v -0.4644886553287506 0.8427085876464844 0.3968464136123657 
v -0.4685313403606415 0.8433052897453308 0.4048665463924408 
v -0.46992430090904236 0.8435109257698059 0.41375693678855896 
v -0.4685313403606415 0.8433052897453308 0.42264729738235474 
v -0.4644886553287506 0.8427085876464844 0.4306674003601074 
v -0.4581921100616455 0.8417790532112122 0.43703222274780273 
v -0.45025795698165894 0.8406080603599548 0.44111868739128113 
v -0.441462904214859 0.8393098711967468 0.44252675771713257 
v -0.4326677918434143 0.8380116820335388 0.44111868739128113 
v -0.42473360896110535 0.8368405103683472 0.43703222274780273 
v -0.41843709349632263 0.8359111547470093 0.4306674003601074 
v -0.4143943786621094 0.8353144526481628 0.42264729738235474 
v -0.4130014181137085 0.8351088166236877 0.41375693678855896 
v -0.4810413718223572 0.1250855028629303 -0.27300843596458435 
v -0.480629563331604 0.11461792141199112 -0.2794055938720703 
v -0.4849979281425476 0.1142682209610939 -0.27911466360092163 
v -0.48540976643562317 0.12473605573177338 -0.27271756529808044 
v -0.48187702894210815 0.12533852458000183 -0.2852518558502197 
v -0.4810413718223572 0.1250855028629303 -0.27300843596458435 
v -0.48540976643562317 0.12473605573177338 -0.27271756529808044 
v -0.48624542355537415 0.12498894333839417 -0.2849610149860382 
v -0.48021769523620605 0.10415033996105194 -0.2858027219772339 
v -0.48458606004714966 0.10380063205957413 -0.28551188111305237 
v -0.48271268606185913 0.12559139728546143 -0.29749539494514465 
v -0.4870810806751251 0.12524183094501495 -0.2972046136856079 
v -0.4798058569431305 0.09368262439966202 -0.29219990968704224 
v -0.4841742515563965 0.0933329239487648 -0.2919090688228607 
v -0.4835484027862549 0.12584403157234192 -0.30973902344703674 
v -0.4879167377948761 0.125494584441185 -0.3094479441642761 
v -0.4793941378593445 0.08321491628885269 -0.2985970973968506 
v -0.4837624430656433 0.08286533504724503 -0.29830601811408997 
v -0.4793941378593445 0.08321491628885269 -0.2985970973968506 
v -0.48064160346984863 0.09393525123596191 -0.304443359375 
v -0.48500990867614746 0.09358567744493484 -0.3041524589061737 
v -0.4837624430656433 0.08286533504724503 -0.29830601811408997 
v -0.4818890690803528 0.10465597361326218 -0.31028974056243896 
v -0.4862574636936188 0.10430639982223511 -0.3099987506866455 
v -0.4831365942955017 0.11537644267082214 -0.31613606214523315 
v -0.4875049293041229 0.11502686887979507 -0.3158451318740845 
v -0.48438408970832825 0.12609703838825226 -0.32198241353034973 
v -0.4887523949146271 0.1257474571466446 -0.3216913938522339 
v -0.48438408970832825 0.12609703838825226 -0.32198241353034973 
v -0.4887523949146271 0.1257474571466446 -0.3216913938522339 
v -0.4810413718223572 0.1250855028629303 -0.22794155776500702 
v -0.480629563331604 0.11461804807186127 -0.23433855175971985 
v -0.4849979281425476 0.11426834762096405 -0.23404769599437714 
v -0.48540976643562317 0.12473605573177338 -0.22765052318572998 
v -0.48187702894210815 0.12533864378929138 -0.2401849627494812 
v -0.4810413718223572 0.1250855028629303 -0.22794155776500702 
v -0.48540976643562317 0.12473605573177338 -0.22765052318572998 
v -0.48624542355537415 0.12498894333839417 -0.2398941069841385 
v -0.48021775484085083 0.10415033996105194 -0.24073582887649536 
v -0.48458606004714966 0.10380063205957413 -0.24044488370418549 
v -0.4827127456665039 0.12559139728546143 -0.25242847204208374 
v -0.4870810806751251 0.12524183094501495 -0.25213760137557983 
v -0.47980594635009766 0.09368262439966202 -0.2471330165863037 
v -0.4841742515563965 0.09333305060863495 -0.24684199690818787 
v -0.4835484027862549 0.12584416568279266 -0.26467207074165344 
v -0.4879167377948761 0.125494584441185 -0.2643810510635376 
v -0.4793941378593445 0.08321491628885269 -0.25353020429611206 
v -0.4837624430656433 0.08286546170711517 -0.25323912501335144 
v -0.4793941378593445 0.08321491628885269 -0.25353020429611206 
v -0.48064160346984863 0.09393525123596191 -0.2593764662742615 
v -0.48500990867614746 0.09358580410480499 -0.2590855658054352 
v -0.4837624430656433 0.08286546170711517 -0.25323912501335144 
v -0.4818890690803528 0.10465597361326218 -0.26522284746170044 
v -0.4862574636936188 0.10430639982223511 -0.264931857585907 
v -0.4831365942955017 0.11537657678127289 -0.27106916904449463 
v -0.4875049293041229 0.11502686887979507 -0.27077823877334595 
v -0.48438408970832825 0.126097172498703 -0.27691546082496643 
v -0.48875245451927185 0.1257474571466446 -0.27662453055381775 
v -0.48438408970832825 0.126097172498703 -0.27691546082496643 
v -0.48875245451927185 0.1257474571466446 -0.27662453055381775 
v -0.4810413718223572 0.1250855028629303 -0.18277013301849365 
v -0.480629563331604 0.11461792141199112 -0.18916729092597961 
v -0.4849979281425476 0.11426834762096405 -0.18887627124786377 
v -0.48540976643562317 0.12473605573177338 -0.18247924745082855 
v -0.48187702894210815 0.12533852458000183 -0.19501353800296783 
v -0.4810413718223572 0.1250855028629303 -0.18277013301849365 
v -0.48540976643562317 0.12473605573177338 -0.18247924745082855 
v -0.48624542355537415 0.12498894333839417 -0.19472269713878632 
v -0.48021775484085083 0.10415033996105194 -0.19556434452533722 
v -0.48458606004714966 0.10380075871944427 -0.1952734887599945 
v -0.4827127456665039 0.12559139728546143 -0.20725713670253754 
v -0.4870810806751251 0.12524183094501495 -0.20696628093719482 
v -0.47980594635009766 0.09368262439966202 -0.20196151733398438 
v -0.4841742515563965 0.09333305060863495 -0.20167067646980286 
v -0.4835484027862549 0.12584416568279266 -0.21950063109397888 
v -0.4879167377948761 0.125494584441185 -0.2192097306251526 
v -0.4793941378593445 0.08321491628885269 -0.20835870504379272 
v -0.4837624430656433 0.08286533504724503 -0.20806770026683807 
v -0.4793941378593445 0.08321491628885269 -0.20835870504379272 
v -0.48064160346984863 0.09393525123596191 -0.21420514583587646 
v -0.48500990867614746 0.09358580410480499 -0.21391411125659943 
v -0.4837624430656433 0.08286533504724503 -0.20806770026683807 
v -0.4818890690803528 0.10465597361326218 -0.22005143761634827 
v -0.4862574636936188 0.10430639982223511 -0.21976043283939362 
v -0.4831365942955017 0.11537644267082214 -0.22589775919914246 
v -0.4875049293041229 0.11502686887979507 -0.22560681402683258 
v -0.48438408970832825 0.126097172498703 -0.23174403607845306 
v -0.4887523949146271 0.1257474571466446 -0.2314530909061432 
v -0.48438408970832825 0.126097172498703 -0.23174403607845306 
v -0.4887523949146271 0.1257474571466446 -0.2314530909061432 
v -0.4810413718223572 0.1250855028629303 -0.1358201503753662 
v -0.480629563331604 0.11461792141199112 -0.14221730828285217 
v -0.4849979281425476 0.1142682209610939 -0.1419263631105423 
v -0.48540976643562317 0.12473605573177338 -0.1355292648077011 
v -0.48187702894210815 0.12533852458000183 -0.1480635553598404 
v -0.4810413718223572 0.1250855028629303 -0.1358201503753662 
v -0.48540976643562317 0.12473605573177338 -0.1355292648077011 
v -0.48624542355537415 0.12498894333839417 -0.14777271449565887 
v -0.48021775484085083 0.10415033996105194 -0.14861451089382172 
v -0.48458606004714966 0.10380063205957413 -0.14832356572151184 
v -0.4827127456665039 0.12559139728546143 -0.1603071540594101 
v -0.4870810806751251 0.12524183094501495 -0.1600162386894226 
v -0.4798058569431305 0.09368262439966202 -0.1550116091966629 
v -0.4841742515563965 0.0933329239487648 -0.1547207534313202 
v -0.4835484027862549 0.12584416568279266 -0.17255064845085144 
v -0.4879167377948761 0.125494584441185 -0.17225974798202515 
v -0.4793941378593445 0.08321491628885269 -0.16140878200531006 
v -0.4837624430656433 0.08286533504724503 -0.1611177772283554 
v -0.4793941378593445 0.08321491628885269 -0.16140878200531006 
v -0.48064154386520386 0.09393525123596191 -0.16725507378578186 
v -0.48500990867614746 0.09358567744493484 -0.16696415841579437 
v -0.4837624430656433 0.08286533504724503 -0.1611177772283554 
v -0.4818890690803528 0.10465597361326218 -0.17310145497322083 
v -0.4862574636936188 0.10430639982223511 -0.17281053960323334 
v -0.4831365942955017 0.11537644267082214 -0.1789478361606598 
v -0.4875049293041229 0.11502686887979507 -0.17865683138370514 
v -0.48438408970832825 0.12609703838825226 -0.184794083237648 
v -0.4887523949146271 0.1257474571466446 -0.18450310826301575 
v -0.48438408970832825 0.12609703838825226 -0.184794083237648 
v -0.4887523949146271 0.1257474571466446 -0.18450310826301575 
v -0.4810413718223572 0.1250855028629303 -0.08792991191148758 
v -0.480629563331604 0.11461792141199112 -0.0943269357085228 
v -0.4849979281425476 0.11426834762096405 -0.09403608739376068 
v -0.48540976643562317 0.12473605573177338 -0.08763900399208069 
v -0.48187702894210815 0.12533852458000183 -0.10017338395118713 
v -0.4810413718223572 0.1250855028629303 -0.08792991191148758 
v -0.48540976643562317 0.12473605573177338 -0.08763900399208069 
v -0.48624542355537415 0.12498894333839417 -0.09988246858119965 
v -0.48021775484085083 0.10415033996105194 -0.10072418302297592 
v -0.48458606004714966 0.10380075871944427 -0.1004333347082138 
v -0.4827127456665039 0.12559127807617188 -0.11241688579320908 
v -0.4870810806751251 0.1252416968345642 -0.11212603747844696 
v -0.47980594635009766 0.09368262439966202 -0.10712136328220367 
v -0.4841742515563965 0.0933329239487648 -0.1068304255604744 
v -0.4835484027862549 0.12584403157234192 -0.12466038763523102 
v -0.4879167377948761 0.12549445033073425 -0.12436947226524353 
v -0.4793941378593445 0.08321491628885269 -0.11351855099201202 
v -0.4837624430656433 0.08286533504724503 -0.11322754621505737 
v -0.4793941378593445 0.08321491628885269 -0.11351855099201202 
v -0.48064160346984863 0.09393525123596191 -0.11936483532190323 
v -0.48500996828079224 0.09358580410480499 -0.11907392740249634 
v -0.4837624430656433 0.08286533504724503 -0.11322754621505737 
v -0.4818890690803528 0.10465584695339203 -0.12521125376224518 
v -0.4862574636936188 0.10430639982223511 -0.12492021173238754 
v -0.4831365942955017 0.11537644267082214 -0.13105760514736176 
v -0.4875049293041229 0.11502686887979507 -0.1307665854692459 
v -0.48438408970832825 0.12609703838825226 -0.13690385222434998 
v -0.48875245451927185 0.1257474571466446 -0.1366128772497177 
v -0.48438408970832825 0.12609703838825226 -0.13690385222434998 
v -0.48875245451927185 0.1257474571466446 -0.1366128772497177 
v -0.4810413718223572 0.1250855028629303 0.10161789506673813 
v -0.480629563331604 0.11461792141199112 0.09522081911563873 
v -0.4849979281425476 0.1142682209610939 0.09551176428794861 
v -0.48540976643562317 0.12473592907190323 0.10190889984369278 
v -0.48187702894210815 0.12533852458000183 0.08937449753284454 
v -0.4810413718223572 0.1250855028629303 0.10161789506673813 
v -0.48540976643562317 0.12473592907190323 0.10190889984369278 
v -0.48624542355537415 0.12498894333839417 0.08966539055109024 
v -0.48021775484085083 0.10415033996105194 0.08882364630699158 
v -0.48458606004714966 0.10380063205957413 0.08911453932523727 
v -0.4827127456665039 0.12559139728546143 0.07713093608617783 
v -0.4870810806751251 0.12524183094501495 0.0774218812584877 
v -0.4798058569431305 0.09368262439966202 0.08242650330066681 
v -0.4841742515563965 0.0933329239487648 0.08271735906600952 
v -0.4835484027862549 0.12584416568279266 0.06488744914531708 
v -0.4879167377948761 0.125494584441185 0.06517836451530457 
v -0.4793941378593445 0.08321491628885269 0.07602931559085846 
v -0.4837624430656433 0.08286533504724503 0.07632027566432953 
v -0.4793941378593445 0.08321491628885269 0.07602931559085846 
v -0.48064160346984863 0.09393525123596191 0.07018298655748367 
v -0.48500990867614746 0.09358567744493484 0.07047392427921295 
v -0.4837624430656433 0.08286533504724503 0.07632027566432953 
v -0.4818890690803528 0.10465597361326218 0.06433666497468948 
v -0.4862574636936188 0.10430639982223511 0.06462755799293518 
v -0.4831365942955017 0.11537644267082214 0.058490268886089325 
v -0.4875049293041229 0.11502686887979507 0.058781273663043976 
v -0.48438408970832825 0.12609703838825226 0.052643902599811554 
v -0.48875245451927185 0.1257474571466446 0.052934907376766205 
v -0.48438408970832825 0.12609703838825226 0.052643902599811554 
v -0.48875245451927185 0.1257474571466446 0.052934907376766205 
v -0.4810413718223572 0.1250855028629303 0.05249737948179245 
v -0.480629563331604 0.11461792141199112 0.04610025882720947 
v -0.4849979281425476 0.1142682209610939 0.04639120399951935 
v -0.48540976643562317 0.12473592907190323 0.0527883842587471 
v -0.48187702894210815 0.12533852458000183 0.04025398939847946 
v -0.4810413718223572 0.1250855028629303 0.05249737948179245 
v -0.48540976643562317 0.12473592907190323 0.0527883842587471 
v -0.48624542355537415 0.12498881667852402 0.040544915944337845 
v -0.48021775484085083 0.10415033996105194 0.0397031232714653 
v -0.48458606004714966 0.10380063205957413 0.03999406844377518 
v -0.48271268606185913 0.12559139728546143 0.028010472655296326 
v -0.4870810806751251 0.12524183094501495 0.02830132097005844 
v -0.4798058569431305 0.09368262439966202 0.03330593928694725 
v -0.4841742515563965 0.0933329239487648 0.033596884459257126 
v -0.4835484027862549 0.12584416568279266 0.015766892582178116 
v -0.4879167377948761 0.125494584441185 0.016057899221777916 
v -0.4793941378593445 0.08321491628885269 0.02690875716507435 
v -0.4837624430656433 0.08286533504724503 0.027199748903512955 
v -0.4793941378593445 0.08321491628885269 0.02690875716507435 
v -0.48064160346984863 0.09393525123596191 0.021062470972537994 
v -0.48500990867614746 0.09358567744493484 0.02135336771607399 
v -0.4837624430656433 0.08286533504724503 0.027199748903512955 
v -0.4818890690803528 0.10465597361326218 0.015216106548905373 
v -0.4862574636936188 0.10430639982223511 0.015507097356021404 
v -0.4831365942955017 0.11537644267082214 0.009369771927595139 
v -0.4875049293041229 0.11502686887979507 0.009660715237259865 
v -0.48438408970832825 0.12609703838825226 0.003523438237607479 
v -0.48875245451927185 0.1257474571466446 0.0038144292775541544 
v -0.48438408970832825 0.12609703838825226 0.003523438237607479 
v -0.48875245451927185 0.1257474571466446 0.0038144292775541544 
v -0.4810413718223572 0.12508563697338104 0.004345308989286423 
v -0.480629563331604 0.11461804807186127 -0.0020518105011433363 
v -0.4849979281425476 0.11426834762096405 -0.0017608831403777003 
v -0.48540976643562317 0.12473605573177338 0.004636299796402454 
v -0.48187702894210815 0.12533852458000183 -0.00789814442396164 
v -0.4810413718223572 0.12508563697338104 0.004345308989286423 
v -0.48540976643562317 0.12473605573177338 0.004636299796402454 
v -0.48624542355537415 0.12498906999826431 -0.007607249077409506 
v -0.48021775484085083 0.10415046662092209 -0.008449041284620762 
v -0.48458606004714966 0.10380075871944427 -0.008158097974956036 
v -0.4827127456665039 0.12559139728546143 -0.020141756162047386 
v -0.4870810806751251 0.12524183094501495 -0.01985081285238266 
v -0.47980594635009766 0.09368262439966202 -0.014846129342913628 
v -0.4841742515563965 0.09333305060863495 -0.014555281028151512 
v -0.4835484027862549 0.12584416568279266 -0.032385241240262985 
v -0.4879167377948761 0.125494584441185 -0.032094329595565796 
v -0.4793941378593445 0.08321491628885269 -0.02124331146478653 
v -0.4837624430656433 0.08286533504724503 -0.020952321588993073 
v -0.4793941378593445 0.08321491628885269 -0.02124331146478653 
v -0.48064160346984863 0.09393537789583206 -0.027089709416031837 
v -0.48500990867614746 0.09358580410480499 -0.026798702776432037 
v -0.4837624430656433 0.08286533504724503 -0.020952321588993073 
v -0.4818890690803528 0.10465597361326218 -0.03293602913618088 
v -0.4862574636936188 0.10430652648210526 -0.03264498710632324 
v -0.4831365942955017 0.11537644267082214 -0.03878236189484596 
v -0.4875049293041229 0.11502686887979507 -0.03849141672253609 
v -0.48438408970832825 0.126097172498703 -0.044628631323575974 
v -0.48875245451927185 0.1257474571466446 -0.04433778300881386 
v -0.48438408970832825 0.126097172498703 -0.044628631323575974 
v -0.48875245451927185 0.1257474571466446 -0.04433778300881386 
v -0.4810413718223572 0.12508563697338104 -0.04115879535675049 
v -0.480629563331604 0.11461804807186127 -0.04755593091249466 
v -0.4849979281425476 0.11426834762096405 -0.04726498946547508 
v -0.48540976643562317 0.12473605573177338 -0.04086780548095703 
v -0.48187702894210815 0.12533864378929138 -0.05340217053890228 
v -0.4810413718223572 0.12508563697338104 -0.04115879535675049 
v -0.48540976643562317 0.12473605573177338 -0.04086780548095703 
v -0.48624542355537415 0.12498906999826431 -0.05311132222414017 
v -0.48021775484085083 0.10415033996105194 -0.053953032940626144 
v -0.48458606004714966 0.10380075871944427 -0.05366218835115433 
v -0.48271268606185913 0.12559139728546143 -0.06564576923847198 
v -0.4870810806751251 0.12524183094501495 -0.06535498052835464 
v -0.47980594635009766 0.09368262439966202 -0.060350216925144196 
v -0.4841742515563965 0.09333305060863495 -0.06005936861038208 
v -0.4835484027862549 0.12584416568279266 -0.0778893306851387 
v -0.4879167377948761 0.125494584441185 -0.07759832590818405 
v -0.4793941378593445 0.08321491628885269 -0.06674739718437195 
v -0.4837624430656433 0.08286533504724503 -0.0664563924074173 
v -0.4793941378593445 0.08321491628885269 -0.06674739718437195 
v -0.48064160346984863 0.09393537789583206 -0.07259368896484375 
v -0.48500990867614746 0.09358580410480499 -0.07230281084775925 
v -0.4837624430656433 0.08286533504724503 -0.0664563924074173 
v -0.4818890690803528 0.10465597361326218 -0.07844012975692749 
v -0.4862574636936188 0.10430652648210526 -0.07814906537532806 
v -0.4831365942955017 0.11537644267082214 -0.08428645133972168 
v -0.4875049293041229 0.11502686887979507 -0.08399544656276703 
v -0.48438408970832825 0.126097172498703 -0.09013273566961288 
v -0.4887523949146271 0.1257474571466446 -0.08984179049730301 
v -0.48438408970832825 0.126097172498703 -0.09013273566961288 
v -0.4887523949146271 0.1257474571466446 -0.08984179049730301 
v -0.5092578530311584 0.17261023819446564 0.4124980866909027 
v -0.4648761451244354 0.17261023819446564 0.4124980866909027 
v -0.4648761451244354 0.20716492831707 0.4124980866909027 
v -0.5092578530311584 0.20716492831707 0.4124980866909027 
v -0.5092578530311584 0.29683825373649597 0.30843597650527954 
v -0.4648761451244354 0.29683825373649597 0.30843597650527954 
v -0.47592172026634216 0.29683825373649597 0.12399852275848389 
v -0.4982122778892517 0.29683825373649597 0.12399852275848389 
v -0.4943641126155853 0.12406390905380249 0.12399852275848389 
v -0.47976988554000854 0.12406390905380249 0.12399852275848389 
v -0.4648761451244354 0.12406390905380249 0.30843597650527954 
v -0.5092578530311584 0.12406390905380249 0.30843597650527954 
v -0.4648761451244354 0.2622835636138916 0.30843597650527954 
v -0.47592172026634216 0.2622835636138916 0.12399852275848389 
v -0.47592172026634216 0.29683825373649597 0.12399852275848389 
v -0.4648761451244354 0.29683825373649597 0.30843597650527954 
v -0.4982122778892517 0.2622835636138916 0.12399852275848389 
v -0.5092578530311584 0.2622835636138916 0.30843597650527954 
v -0.5092578530311584 0.29683825373649597 0.30843597650527954 
v -0.4982122778892517 0.29683825373649597 0.12399852275848389 
v -0.5092578530311584 0.15170781314373016 0.30843597650527954 
v -0.4648761451244354 0.15170781314373016 0.30843597650527954 
v -0.4648761451244354 0.2622835636138916 0.30843597650527954 
v -0.5092578530311584 0.2622835636138916 0.30843597650527954 
v -0.4648761451244354 0.15170781314373016 0.30843597650527954 
v -0.47592172026634216 0.15170781314373016 0.12399852275848389 
v -0.4982122778892517 0.15170781314373016 0.12399852275848389 
v -0.5092578530311584 0.15170781314373016 0.30843597650527954 
v -0.5092578530311584 0.14531005918979645 0.4123544991016388 
v -0.4648761451244354 0.14531005918979645 0.4123544991016388 
v -0.4648761451244354 0.17295396327972412 0.4123544991016388 
v -0.5092578530311584 0.17295396327972412 0.4123544991016388 
v -0.4648761451244354 0.12406390905380249 0.30843597650527954 
v -0.47976988554000854 0.12406390905380249 0.12399852275848389 
v -0.4943641126155853 0.12406390905380249 0.12399852275848389 
v -0.5092578530311584 0.12406390905380249 0.30843597650527954 
v -0.5092578530311584 0.2622835636138916 0.30843597650527954 
v -0.4648761451244354 0.2622835636138916 0.30843597650527954 
v -0.4648761451244354 0.17261023819446564 0.4124980866909027 
v -0.5092578530311584 0.17261023819446564 0.4124980866909027 
v -0.4648761451244354 0.20716492831707 0.4124980866909027 
v -0.4648761451244354 0.17261023819446564 0.4124980866909027 
v -0.5092578530311584 0.20716492831707 0.4124980866909027 
v -0.4648761451244354 0.20716492831707 0.4124980866909027 
v -0.5092578530311584 0.17261023819446564 0.4124980866909027 
v -0.5092578530311584 0.20716492831707 0.4124980866909027 
v -0.4648761451244354 0.14531005918979645 0.4123544991016388 
v -0.5092578530311584 0.14531005918979645 0.4123544991016388 
v -0.4648761451244354 0.12406390905380249 0.30843597650527954 
v -0.4648761451244354 0.15170781314373016 0.30843597650527954 
v -0.4648761451244354 0.17295396327972412 0.4123544991016388 
v -0.4648761451244354 0.14531005918979645 0.4123544991016388 
v -0.4648761451244354 0.15170781314373016 0.30843597650527954 
v -0.5092578530311584 0.15170781314373016 0.30843597650527954 
v -0.5092578530311584 0.17295396327972412 0.4123544991016388 
v -0.4648761451244354 0.17295396327972412 0.4123544991016388 
v -0.5092578530311584 0.15170781314373016 0.30843597650527954 
v -0.5092578530311584 0.12406390905380249 0.30843597650527954 
v -0.5092578530311584 0.14531005918979645 0.4123544991016388 
v -0.5092578530311584 0.17295396327972412 0.4123544991016388 
v -0.4789807200431824 0.29683825373649597 0.02920776605606079 
v -0.4951532185077667 0.29683825373649597 0.02920776605606079 
v -0.49236130714416504 0.12406390905380249 -0.32152557373046875 
v -0.48177269101142883 0.12406390905380249 -0.32152557373046875 
v -0.5504330396652222 0.5231146812438965 -0.3365248739719391 
v -0.4703254997730255 0.5231146812438965 -0.3365248739719391 
v -0.4703254997730255 0.7006353139877319 -0.3365248739719391 
v -0.5504330396652222 0.7006353139877319 -0.3365248739719391 
v -0.5504330396652222 0.7006353139877319 -0.3365248739719391 
v -0.4703254997730255 0.7006353139877319 -0.3365248739719391 
v -0.4703254997730255 0.7006353139877319 -0.4142550826072693 
v -0.5504330396652222 0.7006353139877319 -0.4142550826072693 
v -0.5504330396652222 0.7006353139877319 -0.4142550826072693 
v -0.4703254997730255 0.7006353139877319 -0.4142550826072693 
v -0.4703254997730255 0.5231146812438965 -0.4142550826072693 
v -0.5504330396652222 0.5231146812438965 -0.4142550826072693 
v -0.5341488122940063 0.2701680362224579 -0.46515023708343506 
v -0.48660969734191895 0.2701680362224579 -0.46515023708343506 
v -0.48660969734191895 0.2701680362224579 -0.2856297194957733 
v -0.5341488122940063 0.2701680362224579 -0.2856297194957733 
v -0.4703254997730255 0.5231146812438965 -0.3365248739719391 
v -0.4703254997730255 0.5231146812438965 -0.4142550826072693 
v -0.4703254997730255 0.7006353139877319 -0.4142550826072693 
v -0.4703254997730255 0.7006353139877319 -0.3365248739719391 
v -0.5504330396652222 0.5231146812438965 -0.4142550826072693 
v -0.5504330396652222 0.5231146812438965 -0.3365248739719391 
v -0.5504330396652222 0.7006353139877319 -0.3365248739719391 
v -0.5504330396652222 0.7006353139877319 -0.4142550826072693 
v -0.4703254997730255 0.452487975358963 -0.43693915009498596 
v -0.5504330396652222 0.452487975358963 -0.43693915009498596 
v -0.4703254997730255 0.452487975358963 -0.31384074687957764 
v -0.4703254997730255 0.452487975358963 -0.43693915009498596 
v -0.5504330396652222 0.452487975358963 -0.31384074687957764 
v -0.4703254997730255 0.452487975358963 -0.31384074687957764 
v -0.5504330396652222 0.452487975358963 -0.43693915009498596 
v -0.5504330396652222 0.452487975358963 -0.31384074687957764 
v -0.5504330396652222 0.452487975358963 -0.43693915009498596 
v -0.4703254997730255 0.452487975358963 -0.43693915009498596 
v -0.4703254997730255 0.4371677041053772 -0.4298308491706848 
v -0.5504330396652222 0.4371677041053772 -0.4298308491706848 
v -0.4703254997730255 0.4371677041053772 -0.32094910740852356 
v -0.4703254997730255 0.4371677041053772 -0.4298308491706848 
v -0.4703254997730255 0.452487975358963 -0.31384074687957764 
v -0.5504330396652222 0.452487975358963 -0.31384074687957764 
v -0.5504330396652222 0.4371677041053772 -0.32094910740852356 
v -0.4703254997730255 0.4371677041053772 -0.32094910740852356 
v -0.5504330396652222 0.4371677041053772 -0.4298308491706848 
v -0.5504330396652222 0.4371677041053772 -0.32094910740852356 
v -0.5504330396652222 0.4371677041053772 -0.4298308491706848 
v -0.4703254997730255 0.4371677041053772 -0.4298308491706848 
v -0.4703254997730255 0.376348078250885 -0.46515023708343506 
v -0.5504330396652222 0.376348078250885 -0.46515023708343506 
v -0.4703254997730255 0.376348078250885 -0.2856297194957733 
v -0.4703254997730255 0.376348078250885 -0.46515023708343506 
v -0.4703254997730255 0.4371677041053772 -0.32094910740852356 
v -0.5504330396652222 0.4371677041053772 -0.32094910740852356 
v -0.5504330396652222 0.376348078250885 -0.2856297194957733 
v -0.4703254997730255 0.376348078250885 -0.2856297194957733 
v -0.5504330396652222 0.376348078250885 -0.46515023708343506 
v -0.5504330396652222 0.376348078250885 -0.2856297194957733 
v -0.5504330396652222 0.376348078250885 -0.46515023708343506 
v -0.4703254997730255 0.376348078250885 -0.46515023708343506 
v -0.48660969734191895 0.2701680362224579 -0.46515023708343506 
v -0.5341488122940063 0.2701680362224579 -0.46515023708343506 
v -0.48660969734191895 0.2701680362224579 -0.2856297194957733 
v -0.48660969734191895 0.2701680362224579 -0.46515023708343506 
v -0.4703254997730255 0.376348078250885 -0.2856297194957733 
v -0.5504330396652222 0.376348078250885 -0.2856297194957733 
v -0.5341488122940063 0.2701680362224579 -0.2856297194957733 
v -0.48660969734191895 0.2701680362224579 -0.2856297194957733 
v -0.5341488122940063 0.2701680362224579 -0.46515023708343506 
v -0.5341488122940063 0.2701680362224579 -0.2856297194957733 
v -0.3839532136917114 0.7594945430755615 0.3416813313961029 
v -0.3911471366882324 0.7808664441108704 0.3416813313961029 
v -0.3911471366882324 0.7808664441108704 0.4858325123786926 
v -0.3839532136917114 0.7594945430755615 0.4858325123786926 
v -0.404593288898468 0.7989694476127625 0.3416813313961029 
v -0.404593288898468 0.7989694476127625 0.4858325123786926 
v -0.42297542095184326 0.8120312094688416 0.3416813313961029 
v -0.42297542095184326 0.8120312094688416 0.4858325123786926 
v -0.42297542095184326 0.8120312094688416 0.3416813313961029 
v -0.4444941282272339 0.8187733292579651 0.3416813313961029 
v -0.4444941282272339 0.8187733292579651 0.4858325123786926 
v -0.42297542095184326 0.8120312094688416 0.4858325123786926 
v -0.46704310178756714 0.8185357451438904 0.3416813313961029 
v -0.46704310178756714 0.8185357451438904 0.4858325123786926 
v -0.48841506242752075 0.8113418817520142 0.3416813313961029 
v -0.48841506242752075 0.8113418817520142 0.4858325123786926 
v -0.48841506242752075 0.8113418817520142 0.3416813313961029 
v -0.5065180063247681 0.7978957295417786 0.3416813313961029 
v -0.5065180063247681 0.7978957295417786 0.4858325123786926 
v -0.48841506242752075 0.8113418817520142 0.4858325123786926 
v -0.5195797681808472 0.7795135974884033 0.3416813313961029 
v -0.5195797681808472 0.7795135974884033 0.4858325123786926 
v -0.5263218879699707 0.7579948306083679 0.3416813313961029 
v -0.5263218879699707 0.7579948306083679 0.4858325123786926 
v -0.5260843634605408 0.7354459166526794 0.3416813313961029 
v -0.5260843634605408 0.7354459166526794 0.4858325123786926 
v -0.5188904404640198 0.7140740156173706 0.3416813313961029 
v -0.5188904404640198 0.7140740156173706 0.4858325123786926 
v -0.5054442882537842 0.6959710121154785 0.3416813313961029 
v -0.5054442882537842 0.6959710121154785 0.4858325123786926 
v -0.4870622158050537 0.6829092502593994 0.3416813313961029 
v -0.4870622158050537 0.6829092502593994 0.4858325123786926 
v -0.4870622158050537 0.6829092502593994 0.3416813313961029 
v -0.4655434489250183 0.6761671304702759 0.3416813313961029 
v -0.4655434489250183 0.6761671304702759 0.4858325123786926 
v -0.4870622158050537 0.6829092502593994 0.4858325123786926 
v -0.44299447536468506 0.6764047145843506 0.3416813313961029 
v -0.44299447536468506 0.6764047145843506 0.4858325123786926 
v -0.4216225743293762 0.6835985779762268 0.3416813313961029 
v -0.4216225743293762 0.6835985779762268 0.4858325123786926 
v -0.4216225743293762 0.6835985779762268 0.3416813313961029 
v -0.4035196304321289 0.6970447301864624 0.3416813313961029 
v -0.4035196304321289 0.6970447301864624 0.4858325123786926 
v -0.4216225743293762 0.6835985779762268 0.4858325123786926 
v -0.3904578685760498 0.7154268622398376 0.3416813313961029 
v -0.3904578685760498 0.7154268622398376 0.4858325123786926 
v -0.38371574878692627 0.7369455099105835 0.3416813313961029 
v -0.38371574878692627 0.7369455099105835 0.4858325123786926 
v -0.47040900588035583 0.45582324266433716 0.4048665463924408 
v -0.47445163130760193 0.456419974565506 0.3968464136123657 
v -0.41843700408935547 0.8359111547470093 0.3968464136123657 
v -0.4143943786621094 0.8353144526481628 0.4048665463924408 
v -0.4807482361793518 0.45734933018684387 0.3904816210269928 
v -0.42473360896110535 0.8368405103683472 0.3904816210269928 
v -0.4807482361793518 0.45734933018684387 0.3904816210269928 
v -0.4886823892593384 0.45852047204971313 0.3863951861858368 
v -0.4326677918434143 0.8380115628242493 0.3863951861858368 
v -0.42473360896110535 0.8368405103683472 0.3904816210269928 
v -0.4974774420261383 0.45981866121292114 0.3849870562553406 
v -0.441462904214859 0.8393098711967468 0.3849870562553406 
v -0.5062724947929382 0.46111685037612915 0.3863951861858368 
v -0.45025795698165894 0.8406080603599548 0.3863951861858368 
v -0.5142066478729248 0.4622879922389984 0.3904816210269928 
v -0.4581921100616455 0.8417790532112122 0.3904816210269928 
v -0.5142066478729248 0.4622879922389984 0.3904816210269928 
v -0.5205032825469971 0.4632173776626587 0.3968464136123657 
v -0.4644886553287506 0.8427085876464844 0.3968464136123657 
v -0.4581921100616455 0.8417790532112122 0.3904816210269928 
v -0.5245459079742432 0.4638140797615051 0.4048665463924408 
v -0.4685313403606415 0.8433052897453308 0.4048665463924408 
v -0.5259389281272888 0.4640197157859802 0.41375693678855896 
v -0.46992430090904236 0.8435109257698059 0.41375693678855896 
v -0.5245459079742432 0.4638140797615051 0.42264729738235474 
v -0.4685313403606415 0.8433052897453308 0.42264729738235474 
v -0.5205032825469971 0.4632173776626587 0.4306674003601074 
v -0.4644886553287506 0.8427085876464844 0.4306674003601074 
v -0.5142066478729248 0.4622879922389984 0.43703222274780273 
v -0.4581921100616455 0.8417790532112122 0.43703222274780273 
v -0.5142066478729248 0.4622879922389984 0.43703222274780273 
v -0.5062724947929382 0.46111685037612915 0.44111868739128113 
v -0.45025795698165894 0.8406080603599548 0.44111868739128113 
v -0.4581921100616455 0.8417790532112122 0.43703222274780273 
v -0.4974774420261383 0.45981866121292114 0.44252675771713257 
v -0.441462904214859 0.8393098711967468 0.44252675771713257 
v -0.4886823892593384 0.45852047204971313 0.44111868739128113 
v -0.4326677918434143 0.8380116820335388 0.44111868739128113 
v -0.4807482361793518 0.45734933018684387 0.43703222274780273 
v -0.42473360896110535 0.8368405103683472 0.43703222274780273 
v -0.4807482361793518 0.45734933018684387 0.43703222274780273 
v -0.47445163130760193 0.456419974565506 0.4306674003601074 
v -0.41843709349632263 0.8359111547470093 0.4306674003601074 
v -0.42473360896110535 0.8368405103683472 0.43703222274780273 
v -0.47040900588035583 0.45582324266433716 0.42264729738235474 
v -0.4143943786621094 0.8353144526481628 0.42264729738235474 
v -0.4690159857273102 0.45561760663986206 0.41375693678855896 
v -0.4130014181137085 0.8351088166236877 0.41375693678855896 
v 0.4559478163719177 -0.6067003011703491 0.6928240060806274 
v 0.4559478163719177 -0.6684987545013428 0.6928240060806274 
v 0.5699349045753479 -0.8147798776626587 0.6928240060806274 
v 0.5699349045753479 -0.6067003011703491 0.6928240060806274 
v 0.5699349045753479 -0.6067003011703491 -0.5681157112121582 
v 0.45594775676727295 -0.6067003011703491 -0.568115770816803 
v 0.4559478163719177 -0.6067003011703491 0.554259181022644 
v 0.5699349045753479 -0.6067003011703491 0.554259181022644 
v 0.4559478163719177 -0.6684987545013428 -0.6928240060806274 
v 0.4559478163719177 -0.6067003011703491 -0.6928240060806274 
v 0.5699349045753479 -0.6067003011703491 -0.6928240060806274 
v 0.5699349045753479 -0.8147798776626587 -0.6928240060806274 
v 0.4559478163719177 -0.6684987545013428 0.5542590618133545 
v 0.4559478163719177 -0.6684987545013428 -0.568115770816803 
v 0.5699349045753479 -0.6684987545013428 -0.568115770816803 
v 0.5699349045753479 -0.6684987545013428 0.554259181022644 
v 0.5699349045753479 -0.6067003011703491 0.554259181022644 
v 0.5699349045753479 -0.6684987545013428 0.554259181022644 
v 0.5699349045753479 -0.6684987545013428 -0.568115770816803 
v 0.5699349045753479 -0.6067003011703491 -0.5681157112121582 
v -0.5699349045753479 -0.6067003011703491 -0.5681157112121582 
v -0.5699349045753479 -0.6684987545013428 -0.568115770816803 
v -0.5699349045753479 -0.6684987545013428 0.554259181022644 
v -0.5699349045753479 -0.6067003011703491 0.554259181022644 
v 0.4559478163719177 -0.15949445962905884 0.554259181022644 
v 0.4559478163719177 -0.15949445962905884 0.6928240060806274 
v 0.5699349045753479 -0.15949445962905884 0.6928240060806274 
v 0.5699349045753479 -0.15949445962905884 0.554259181022644 
v 0.5699349045753479 -0.8147798776626587 0.6928240060806274 
v 0.5699349045753479 -0.6067003011703491 0.6928240060806274 
v 0.4559478163719177 -0.9999998211860657 0.6928240060806274 
v 0.4559478163719177 -0.9999998211860657 0.5542590618133545 
v 0.5699349045753479 -0.9999998211860657 0.554259181022644 
v 0.5699349045753479 -0.9999998211860657 0.6928240060806274 
v -0.5699349045753479 -0.8147798776626587 0.6928240060806274 
v -0.5699349045753479 -0.6067003011703491 0.6928240060806274 
v -0.4673466980457306 -0.6684987545013428 0.6928240060806274 
v -0.4673466980457306 -0.6684987545013428 0.5542590618133545 
v 0.4559478163719177 -0.6684987545013428 0.6928240060806274 
v -0.4673466980457306 -0.6684987545013428 -0.568115770816803 
v -0.4673466980457306 -0.6684987545013428 -0.6928240060806274 
v -0.4673466980457306 -0.6067003011703491 -0.6928240060806274 
v -0.4673466980457306 -0.6067003011703491 -0.568115770816803 
v -0.4673466980457306 -0.6067003011703491 0.5542590618133545 
v -0.4673466980457306 -0.6067003011703491 0.6928240060806274 
v 0.4559478163719177 -0.6067003011703491 0.6928240060806274 
v -0.4673466980457306 -0.6067003011703491 0.6928240060806274 
v -0.4673466980457306 -0.6684987545013428 0.6928240060806274 
v -0.5699349045753479 -1.0 0.554259181022644 
v -0.4673466980457306 -1.0 0.5542590618133545 
v -0.4673466980457306 -1.0 0.6928240060806274 
v -0.5699349045753479 -1.0 0.6928240060806274 
v -0.5699349045753479 -0.6684987545013428 -0.568115770816803 
v -0.5699349045753479 -0.6684987545013428 0.554259181022644 
v -0.5699349045753479 -0.6067003011703491 -0.6928240060806274 
v -0.5699349045753479 -0.8147798776626587 -0.6928240060806274 
v -0.5699349045753479 -0.6067003011703491 0.554259181022644 
v -0.5699349045753479 -0.6067003011703491 -0.5681157112121582 
v -0.5699349045753479 -0.1594943255186081 0.6928240060806274 
v -0.4673466980457306 -0.1594943255186081 0.6928240060806274 
v -0.4673466980457306 -0.1594943255186081 0.5542590618133545 
v -0.5699349045753479 -0.1594943255186081 0.554259181022644 
v -0.5699349045753479 -0.8147798776626587 0.6928240060806274 
v -0.5699349045753479 -0.6067003011703491 0.6928240060806274 
v -0.5699349045753479 -0.9999998211860657 -0.6928240060806274 
v -0.4673466980457306 -0.9999998211860657 -0.6928240060806274 
v -0.4673466980457306 -0.9999998211860657 -0.568115770816803 
v -0.5699349045753479 -0.9999998211860657 -0.568115770816803 
v -0.4673466980457306 -0.6684987545013428 -0.6928240060806274 
v 0.4559478163719177 -0.6684987545013428 -0.6928240060806274 
v 0.5699349045753479 -0.9999998211860657 -0.568115770816803 
v 0.4559478163719177 -0.9999998211860657 -0.568115770816803 
v 0.4559478163719177 -0.9999998211860657 -0.6928240060806274 
v 0.5699349045753479 -0.9999998211860657 -0.6928240060806274 
v 0.5699349045753479 -0.8147798776626587 -0.6928240060806274 
v 0.5699349045753479 -0.6067003011703491 -0.6928240060806274 
v 0.4559478163719177 -0.15949445962905884 -0.6928240060806274 
v 0.45594775676727295 -0.15949445962905884 -0.568115770816803 
v 0.5699349045753479 -0.15949445962905884 -0.5681157112121582 
v 0.5699349045753479 -0.15949445962905884 -0.6928240060806274 
v -0.4673466980457306 -0.6067003011703491 -0.6928240060806274 
v 0.4559478163719177 -0.6067003011703491 -0.6928240060806274 
v -0.5699349045753479 -0.15949445962905884 -0.5681157112121582 
v -0.4673466980457306 -0.15949445962905884 -0.568115770816803 
v -0.4673466980457306 -0.15949445962905884 -0.6928240060806274 
v -0.5699349045753479 -0.15949445962905884 -0.6928240060806274 
v -0.5699349045753479 -0.8147798776626587 -0.6928240060806274 
v -0.5699349045753479 -0.6067003011703491 -0.6928240060806274 
v 0.4559478163719177 -0.6684987545013428 0.6928240060806274 
v 0.4559478163719177 -0.6684987545013428 0.5542590618133545 
v 0.4559478163719177 -0.9999998211860657 0.5542590618133545 
v 0.4559478163719177 -0.9999998211860657 0.6928240060806274 
v 0.4559478163719177 -0.6684987545013428 0.5542590618133545 
v 0.5699349045753479 -0.6684987545013428 0.554259181022644 
v 0.5699349045753479 -0.9999998211860657 0.554259181022644 
v 0.4559478163719177 -0.9999998211860657 0.5542590618133545 
v 0.5699349045753479 -0.9999998211860657 0.6928240060806274 
v 0.5699349045753479 -0.9999998211860657 0.554259181022644 
v 0.4559478163719177 -0.9999998211860657 0.6928240060806274 
v 0.5699349045753479 -0.9999998211860657 0.6928240060806274 
v -0.5699349045753479 -0.6684987545013428 0.554259181022644 
v -0.4673466980457306 -0.6684987545013428 0.5542590618133545 
v -0.4673466980457306 -1.0 0.5542590618133545 
v -0.5699349045753479 -1.0 0.554259181022644 
v -0.4673466980457306 -0.6684987545013428 0.5542590618133545 
v -0.4673466980457306 -0.6684987545013428 0.6928240060806274 
v -0.4673466980457306 -1.0 0.6928240060806274 
v -0.4673466980457306 -1.0 0.5542590618133545 
v -0.5699349045753479 -1.0 0.6928240060806274 
v -0.4673466980457306 -1.0 0.6928240060806274 
v -0.5699349045753479 -1.0 0.554259181022644 
v -0.5699349045753479 -1.0 0.6928240060806274 
v -0.4673466980457306 -0.9999998211860657 -0.6928240060806274 
v -0.5699349045753479 -0.9999998211860657 -0.6928240060806274 
v -0.4673466980457306 -0.6684987545013428 -0.6928240060806274 
v -0.4673466980457306 -0.6684987545013428 -0.568115770816803 
v -0.4673466980457306 -0.9999998211860657 -0.568115770816803 
v -0.4673466980457306 -0.9999998211860657 -0.6928240060806274 
v -0.4673466980457306 -0.6684987545013428 -0.568115770816803 
v -0.5699349045753479 -0.6684987545013428 -0.568115770816803 
v -0.5699349045753479 -0.9999998211860657 -0.568115770816803 
v -0.4673466980457306 -0.9999998211860657 -0.568115770816803 
v -0.5699349045753479 -0.9999998211860657 -0.6928240060806274 
v -0.5699349045753479 -0.9999998211860657 -0.568115770816803 
v 0.5699349045753479 -0.6684987545013428 -0.568115770816803 
v 0.4559478163719177 -0.6684987545013428 -0.568115770816803 
v 0.4559478163719177 -0.9999998211860657 -0.568115770816803 
v 0.5699349045753479 -0.9999998211860657 -0.568115770816803 
v 0.4559478163719177 -0.6684987545013428 -0.568115770816803 
v 0.4559478163719177 -0.6684987545013428 -0.6928240060806274 
v 0.4559478163719177 -0.9999998211860657 -0.6928240060806274 
v 0.4559478163719177 -0.9999998211860657 -0.568115770816803 
v 0.5699349045753479 -0.9999998211860657 -0.6928240060806274 
v 0.4559478163719177 -0.9999998211860657 -0.6928240060806274 
v 0.5699349045753479 -0.9999998211860657 -0.568115770816803 
v 0.5699349045753479 -0.9999998211860657 -0.6928240060806274 
v 0.4559478163719177 -0.6067003011703491 0.554259181022644 
v 0.4559478163719177 -0.6067003011703491 0.6928240060806274 
v 0.4559478163719177 -0.15949445962905884 0.6928240060806274 
v 0.4559478163719177 -0.15949445962905884 0.554259181022644 
v 0.5699349045753479 -0.15949445962905884 0.6928240060806274 
v 0.4559478163719177 -0.15949445962905884 0.6928240060806274 
v 0.5699349045753479 -0.15949445962905884 0.554259181022644 
v 0.5699349045753479 -0.15949445962905884 0.6928240060806274 
v 0.5699349045753479 -0.6067003011703491 0.554259181022644 
v 0.4559478163719177 -0.6067003011703491 0.554259181022644 
v 0.4559478163719177 -0.15949445962905884 0.554259181022644 
v 0.5699349045753479 -0.15949445962905884 0.554259181022644 
v -0.4673466980457306 -0.1594943255186081 0.6928240060806274 
v -0.5699349045753479 -0.1594943255186081 0.6928240060806274 
v -0.4673466980457306 -0.6067003011703491 0.6928240060806274 
v -0.4673466980457306 -0.6067003011703491 0.5542590618133545 
v -0.4673466980457306 -0.1594943255186081 0.5542590618133545 
v -0.4673466980457306 -0.1594943255186081 0.6928240060806274 
v -0.4673466980457306 -0.6067003011703491 0.5542590618133545 
v -0.5699349045753479 -0.6067003011703491 0.554259181022644 
v -0.5699349045753479 -0.1594943255186081 0.554259181022644 
v -0.4673466980457306 -0.1594943255186081 0.5542590618133545 
v -0.5699349045753479 -0.1594943255186081 0.6928240060806274 
v -0.5699349045753479 -0.1594943255186081 0.554259181022644 
v 0.4559478163719177 -0.6067003011703491 -0.6928240060806274 
v 0.45594775676727295 -0.6067003011703491 -0.568115770816803 
v 0.45594775676727295 -0.15949445962905884 -0.568115770816803 
v 0.4559478163719177 -0.15949445962905884 -0.6928240060806274 
v 0.45594775676727295 -0.6067003011703491 -0.568115770816803 
v 0.5699349045753479 -0.6067003011703491 -0.5681157112121582 
v 0.5699349045753479 -0.15949445962905884 -0.5681157112121582 
v 0.45594775676727295 -0.15949445962905884 -0.568115770816803 
v 0.5699349045753479 -0.15949445962905884 -0.6928240060806274 
v 0.5699349045753479 -0.15949445962905884 -0.5681157112121582 
v 0.4559478163719177 -0.15949445962905884 -0.6928240060806274 
v 0.5699349045753479 -0.15949445962905884 -0.6928240060806274 
v -0.5699349045753479 -0.6067003011703491 -0.5681157112121582 
v -0.4673466980457306 -0.6067003011703491 -0.568115770816803 
v -0.4673466980457306 -0.15949445962905884 -0.568115770816803 
v -0.5699349045753479 -0.15949445962905884 -0.5681157112121582 
v -0.4673466980457306 -0.6067003011703491 -0.568115770816803 
v -0.4673466980457306 -0.6067003011703491 -0.6928240060806274 
v -0.4673466980457306 -0.15949445962905884 -0.6928240060806274 
v -0.4673466980457306 -0.15949445962905884 -0.568115770816803 
v -0.5699349045753479 -0.15949445962905884 -0.6928240060806274 
v -0.4673466980457306 -0.15949445962905884 -0.6928240060806274 
v -0.5699349045753479 -0.15949445962905884 -0.5681157112121582 
v -0.5699349045753479 -0.15949445962905884 -0.6928240060806274 
v -0.5200223326683044 -0.10412231087684631 0.7097380757331848 
v -0.5200223326683044 -0.21989241242408752 0.7097380757331848 
v 0.5874736309051514 -0.21989241242408752 0.70973801612854 
v 0.5874736309051514 -0.10412231087684631 0.70973801612854 
v 0.5874736309051514 -0.10412231087684631 -0.5819851160049438 
v -0.5200222134590149 -0.10412231087684631 -0.5819851756095886 
v -0.5200223326683044 -0.10412231087684631 0.5677903890609741 
v 0.5874736309051514 -0.10412231087684631 0.5677903890609741 
v -0.5200223326683044 -0.21989241242408752 -0.7097380757331848 
v -0.5200223326683044 -0.10412231087684631 -0.7097380757331848 
v 0.5874736309051514 -0.10412231087684631 -0.70973801612854 
v 0.5874736309051514 -0.21989241242408752 -0.70973801612854 
v 0.5874736309051514 -0.21989241242408752 0.5677903294563293 
v -0.5200222134590149 -0.21989254653453827 0.5677903890609741 
v -0.5200223326683044 -0.21989254653453827 -0.5819851756095886 
v 0.5874736309051514 -0.21989254653453827 -0.5819851160049438 
v 0.5874736309051514 -0.10412231087684631 0.5677903890609741 
v 0.5874736309051514 -0.21989241242408752 0.5677903294563293 
v 0.5874736309051514 -0.21989254653453827 -0.5819851160049438 
v 0.5874736309051514 -0.10412231087684631 -0.5819851160049438 
v -0.5874736309051514 -0.10412231087684631 -0.5819851160049438 
v -0.5874736309051514 -0.21989254653453827 -0.5819851160049438 
v -0.5874736309051514 -0.21989241242408752 0.5677903294563293 
v -0.5874736309051514 -0.10412231087684631 0.5677903890609741 
v -0.5874736309051514 -0.21989254653453827 -0.5819851160049438 
v -0.5874736309051514 -0.21989241242408752 0.5677903294563293 
v -0.5874736309051514 -0.10412231087684631 -0.70973801612854 
v -0.5874736309051514 -0.21989241242408752 -0.70973801612854 
v -0.5874736309051514 0.9999719262123108 0.5677902698516846 
v -0.5200223326683044 0.9999719262123108 0.5677902698516846 
v -0.5200222134590149 0.9999719262123108 -0.5819852948188782 
v -0.5874736309051514 0.9999719262123108 -0.5819852352142334 
v -0.5874736309051514 -0.21989241242408752 0.70973801612854 
v -0.5874736309051514 -0.10412231087684631 0.70973801612854 
v -0.5874736309051514 0.9999999403953552 0.70973801612854 
v -0.5200223326683044 0.9999999403953552 0.7097380757331848 
v -0.5200223326683044 0.9999999403953552 0.5677903890609741 
v -0.5874736309051514 0.9999999403953552 0.5677903890609741 
v -0.5200223326683044 -0.10412231087684631 0.7097380757331848 
v 0.5874736309051514 -0.10412231087684631 0.70973801612854 
v 0.5874736309051514 -0.21989241242408752 0.70973801612854 
v 0.5874736309051514 -0.10412231087684631 0.70973801612854 
v -0.5200223326683044 -0.21989241242408752 0.7097380757331848 
v 0.5874736309051514 -0.21989241242408752 0.70973801612854 
v -0.5874736309051514 -0.21989241242408752 0.70973801612854 
v -0.5874736309051514 -0.21989241242408752 0.70973801612854 
v -0.5874736309051514 -0.10412231087684631 0.70973801612854 
v -0.5874736309051514 -0.21989241242408752 -0.70973801612854 
v -0.5200223326683044 -0.21989241242408752 -0.7097380757331848 
v 0.5874736309051514 -0.21989241242408752 -0.70973801612854 
v 0.5874736309051514 -0.21989241242408752 -0.70973801612854 
v 0.5874736309051514 -0.10412231087684631 -0.70973801612854 
v -0.5200223326683044 -0.10412231087684631 -0.7097380757331848 
v 0.5874736309051514 -0.10412231087684631 -0.70973801612854 
v -0.5874736309051514 0.9999997019767761 -0.5819833278656006 
v -0.5200222134590149 0.9999997019767761 -0.5819833874702454 
v -0.5200223326683044 0.9999997019767761 -0.7097362875938416 
v -0.5874736309051514 0.9999997019767761 -0.7097362279891968 
v -0.5874736309051514 -0.21989241242408752 -0.70973801612854 
v -0.5874736309051514 -0.10412231087684631 -0.70973801612854 
v -0.5874736309051514 0.8895624279975891 0.5677902698516846 
v -0.5200223326683044 0.8895624279975891 0.5677902698516846 
v -0.5200223326683044 0.9999719262123108 0.5677902698516846 
v -0.5874736309051514 0.9999719262123108 0.5677902698516846 
v -0.4912588596343994 0.8895624279975891 0.5677902698516846 
v -0.49125880002975464 0.8895624279975891 -0.5819852948188782 
v -0.49125880002975464 0.9999719262123108 -0.5819852948188782 
v -0.4912588596343994 0.9999719262123108 0.5677902698516846 
v -0.5200222134590149 0.8895624279975891 -0.5819852948188782 
v -0.5874736309051514 0.8895624279975891 -0.5819852352142334 
v -0.5874736309051514 0.9999719262123108 -0.5819852352142334 
v -0.5200222134590149 0.9999719262123108 -0.5819852948188782 
v -0.5874736309051514 0.8895624279975891 -0.5819852352142334 
v -0.5874736309051514 0.8895624279975891 0.5677902698516846 
v -0.5874736309051514 0.9999719262123108 0.5677902698516846 
v -0.5874736309051514 0.9999719262123108 -0.5819852352142334 
v -0.5200223326683044 0.9999999403953552 0.7097380757331848 
v -0.5874736309051514 0.9999999403953552 0.70973801612854 
v -0.49227893352508545 -0.10412231087684631 0.7097380757331848 
v -0.49227893352508545 -0.10412231087684631 0.5677903890609741 
v -0.49227893352508545 0.9999999403953552 0.5677903890609741 
v -0.49227893352508545 0.9999999403953552 0.7097380757331848 
v -0.5200223326683044 -0.10412231087684631 0.5677903890609741 
v -0.5874736309051514 -0.10412231087684631 0.5677903890609741 
v -0.5874736309051514 0.9999999403953552 0.5677903890609741 
v -0.5200223326683044 0.9999999403953552 0.5677903890609741 
v -0.5874736309051514 0.9999999403953552 0.70973801612854 
v -0.5874736309051514 0.9999999403953552 0.5677903890609741 
v -0.5874736309051514 -0.10412231087684631 -0.5819851160049438 
v -0.5200222134590149 -0.10412231087684631 -0.5819851756095886 
v -0.5200222134590149 0.9999997019767761 -0.5819833874702454 
v -0.5874736309051514 0.9999997019767761 -0.5819833278656006 
v -0.49227893352508545 -0.10412231087684631 -0.5819851756095886 
v -0.49227893352508545 -0.10412231087684631 -0.7097380757331848 
v -0.49227893352508545 0.9999997019767761 -0.7097362875938416 
v -0.49227893352508545 0.9999997019767761 -0.5819833874702454 
v -0.5874736309051514 0.9999997019767761 -0.7097362279891968 
v -0.5200223326683044 0.9999997019767761 -0.7097362875938416 
v -0.5874736309051514 0.9999997019767761 -0.5819833278656006 
v -0.5874736309051514 0.9999997019767761 -0.7097362279891968 
v -0.5200223326683044 -0.10412231087684631 0.7097380757331848 
v -0.5200223326683044 -0.10412231087684631 0.5677903890609741 
v -0.49227893352508545 -0.10412231087684631 0.5677903890609741 
v -0.49227893352508545 -0.10412231087684631 0.7097380757331848 
v -0.49227893352508545 0.9999999403953552 0.5677903890609741 
v -0.49227893352508545 -0.10412231087684631 0.5677903890609741 
v -0.49227893352508545 0.9999999403953552 0.7097380757331848 
v -0.49227893352508545 0.9999999403953552 0.5677903890609741 
v -0.49227893352508545 -0.10412231087684631 0.7097380757331848 
v -0.49227893352508545 0.9999999403953552 0.7097380757331848 
v -0.5200222134590149 -0.10412231087684631 -0.5819851756095886 
v -0.5200223326683044 -0.10412231087684631 -0.7097380757331848 
v -0.49227893352508545 -0.10412231087684631 -0.7097380757331848 
v -0.49227893352508545 -0.10412231087684631 -0.5819851756095886 
v -0.49227893352508545 0.9999997019767761 -0.7097362875938416 
v -0.49227893352508545 -0.10412231087684631 -0.7097380757331848 
v -0.49227893352508545 0.9999997019767761 -0.5819833874702454 
v -0.49227893352508545 0.9999997019767761 -0.7097362875938416 
v -0.49227893352508545 -0.10412231087684631 -0.5819851756095886 
v -0.49227893352508545 0.9999997019767761 -0.5819833874702454 
v -0.5874736309051514 -0.10412231087684631 0.5677903890609741 
v -0.5200223326683044 -0.10412231087684631 0.5677903890609741 
v -0.5200223326683044 -0.10412231087684631 0.5677903890609741 
v -0.5200222134590149 -0.10412231087684631 -0.5819851756095886 
v -0.5200222134590149 0.8895624279975891 -0.5819852948188782 
v -0.5200223326683044 0.8895624279975891 0.5677902698516846 
v -0.5200222134590149 -0.10412231087684631 -0.5819851756095886 
v -0.5874736309051514 -0.10412231087684631 -0.5819851160049438 
v -0.5200223326683044 0.8895624279975891 0.5677902698516846 
v -0.5200222134590149 0.8895624279975891 -0.5819852948188782 
v -0.49125880002975464 0.8895624279975891 -0.5819852948188782 
v -0.4912588596343994 0.8895624279975891 0.5677902698516846 
v -0.49125880002975464 0.9999719262123108 -0.5819852948188782 
v -0.49125880002975464 0.8895624279975891 -0.5819852948188782 
v -0.4912588596343994 0.9999719262123108 0.5677902698516846 
v -0.49125880002975464 0.9999719262123108 -0.5819852948188782 
v -0.4912588596343994 0.8895624279975891 0.5677902698516846 
v -0.4912588596343994 0.9999719262123108 0.5677902698516846 
v -0.4951532781124115 0.15170781314373016 -0.32152557373046875 
v -0.4951532781124115 0.2622835636138916 -0.26240649819374084 
v -0.4951532185077667 0.29683825373649597 0.02920776605606079 
v -0.4789807200431824 0.29683825373649597 0.02920776605606079 
v -0.4789807200431824 0.2622835636138916 -0.26240649819374084 
v -0.4789807200431824 0.15170781314373016 -0.32152557373046875 
v -0.48177269101142883 0.12406390905380249 -0.32152557373046875 
v -0.49236130714416504 0.12406390905380249 -0.32152557373046875 
v -0.4789807200431824 0.15170781314373016 -0.32152557373046875 
v -0.4789807200431824 0.2622835636138916 -0.26240649819374084 
v -0.4789807200431824 0.29683825373649597 0.02920776605606079 
v -0.48177269101142883 0.12406390905380249 -0.32152557373046875 
v -0.4951532781124115 0.15170781314373016 -0.32152557373046875 
v -0.49236130714416504 0.12406390905380249 -0.32152557373046875 
v -0.4951532185077667 0.29683825373649597 0.02920776605606079 
v -0.4951532781124115 0.2622835636138916 -0.26240649819374084 
v -0.48177269101142883 0.12406390905380249 -0.32152557373046875 
v -0.4951532185077667 0.29683825373649597 0.02920776605606079 
v -0.4789807200431824 0.15170781314373016 -0.32152557373046875 
v -0.4789807200431824 0.2622835636138916 -0.26240649819374084 
vt 0.5768120884895325 0.1233634352684021 
vt 0.5747867822647095 0.12460118532180786 
vt 0.5768610239028931 0.12573236227035522 
vt 0.5727615356445312 0.12583893537521362 
vt 0.5748356580734253 0.126970112323761 
vt 0.5769098997116089 0.12810128927230835 
vt 0.5707362294197083 0.12707668542861938 
vt 0.5728104114532471 0.1282077431678772 
vt 0.5748845934867859 0.12933897972106934 
vt 0.5769588351249695 0.13047009706497192 
vt 0.5687109231948853 0.12831437587738037 
vt 0.5707851052284241 0.12944549322128296 
vt 0.5728593468666077 0.13057667016983032 
vt 0.5749335885047913 0.13170784711837769 
vt 0.5770077705383301 0.1328389048576355 
vt 0.5918213725090027 0.1328389048576355 
vt 0.5918703675270081 0.13047009706497192 
vt 0.5897961258888245 0.13160115480422974 
vt 0.5898450613021851 0.12923234701156616 
vt 0.5877708792686462 0.13036346435546875 
vt 0.5919192433357239 0.12810128927230835 
vt 0.5878197550773621 0.1279945969581604 
vt 0.585745632648468 0.12912577390670776 
vt 0.5898939967155457 0.1268635392189026 
vt 0.5919681191444397 0.12573224306106567 
vt 0.5857944488525391 0.12675690650939941 
vt 0.583720326423645 0.12788808345794678 
vt 0.5878686904907227 0.12562578916549683 
vt 0.5899428725242615 0.12449461221694946 
vt 0.5920171141624451 0.1233634352684021 
vt 0.606830894947052 0.1233634352684021 
vt 0.604805588722229 0.12460118532180786 
vt 0.6068798303604126 0.12573248147964478 
vt 0.6027803421020508 0.12583893537521362 
vt 0.6048544645309448 0.126970112323761 
vt 0.6069287061691284 0.12810128927230835 
vt 0.6007550954818726 0.12707668542861938 
vt 0.6028292179107666 0.1282077431678772 
vt 0.6049034595489502 0.12933897972106934 
vt 0.6069775819778442 0.13047009706497192 
vt 0.5987297892570496 0.12831437587738037 
vt 0.6008039712905884 0.12944555282592773 
vt 0.6028781533241272 0.1305767297744751 
vt 0.604952335357666 0.13170784711837769 
vt 0.6070265769958496 0.1328389048576355 
vt 0.621840238571167 0.1328389048576355 
vt 0.6218891739845276 0.13047009706497192 
vt 0.6198149919509888 0.1316012740135193 
vt 0.6198639273643494 0.12923234701156616 
vt 0.6177896857261658 0.13036352396011353 
vt 0.6219380497932434 0.12810128927230835 
vt 0.6178386211395264 0.1279945969581604 
vt 0.6157644391059875 0.12912577390670776 
vt 0.6199128031730652 0.1268635392189026 
vt 0.6219870448112488 0.12573236227035522 
vt 0.6158133149147034 0.12675690650939941 
vt 0.6137391328811646 0.12788814306259155 
vt 0.617887556552887 0.12562578916549683 
vt 0.6199617385864258 0.12449473142623901 
vt 0.6220359802246094 0.1233634352684021 
vt 0.6368497610092163 0.12336355447769165 
vt 0.6348244547843933 0.12460118532180786 
vt 0.6368986964225769 0.12573248147964478 
vt 0.6327992081642151 0.12583893537521362 
vt 0.6348733305931091 0.12697017192840576 
vt 0.6369475722312927 0.12810128927230835 
vt 0.6307739615440369 0.12707668542861938 
vt 0.6328480839729309 0.12820780277252197 
vt 0.6349222660064697 0.12933897972106934 
vt 0.6369965076446533 0.13047009706497192 
vt 0.6287485957145691 0.12831437587738037 
vt 0.6308228373527527 0.12944555282592773 
vt 0.6328970193862915 0.1305767297744751 
vt 0.6349712610244751 0.13170784711837769 
vt 0.6370455026626587 0.1328389048576355 
vt 0.6518591046333313 0.1328389048576355 
vt 0.6519080400466919 0.13047009706497192 
vt 0.6498338580131531 0.13160115480422974 
vt 0.6498827934265137 0.12923234701156616 
vt 0.6478085517883301 0.13036352396011353 
vt 0.6519569754600525 0.12810128927230835 
vt 0.6478574872016907 0.1279945969581604 
vt 0.6457833051681519 0.12912577390670776 
vt 0.6499317288398743 0.1268635392189026 
vt 0.6520059108734131 0.12573236227035522 
vt 0.6458321809768677 0.12675690650939941 
vt 0.6437580585479736 0.12788814306259155 
vt 0.6479064226150513 0.12562578916549683 
vt 0.6499806046485901 0.12449461221694946 
vt 0.6520548462867737 0.1233634352684021 
vt 0.6668685674667358 0.12336355447769165 
vt 0.6648433208465576 0.12460118532180786 
vt 0.6669175028800964 0.12573248147964478 
vt 0.6628180742263794 0.12583893537521362 
vt 0.6648921966552734 0.126970112323761 
vt 0.666966438293457 0.12810128927230835 
vt 0.6607927680015564 0.12707668542861938 
vt 0.6628668904304504 0.1282077431678772 
vt 0.664941132068634 0.12933897972106934 
vt 0.6670153141021729 0.13047009706497192 
vt 0.6587674617767334 0.12831437587738037 
vt 0.6608416438102722 0.12944549322128296 
vt 0.6629158854484558 0.1305767297744751 
vt 0.6649900674819946 0.13170784711837769 
vt 0.6670643091201782 0.1328389048576355 
vt 0.6818779706954956 0.1328389048576355 
vt 0.6819269061088562 0.13047009706497192 
vt 0.6798526644706726 0.13160115480422974 
vt 0.6799015998840332 0.12923234701156616 
vt 0.6778274178504944 0.13036352396011353 
vt 0.681975781917572 0.12810128927230835 
vt 0.6778762936592102 0.1279945969581604 
vt 0.6758021712303162 0.12912589311599731 
vt 0.6799505352973938 0.1268635392189026 
vt 0.6820247173309326 0.12573236227035522 
vt 0.675851047039032 0.12675690650939941 
vt 0.6737768650054932 0.12788814306259155 
vt 0.6779252290725708 0.12562578916549683 
vt 0.6799994707107544 0.12449473142623901 
vt 0.682073712348938 0.1233634352684021 
vt 0.6968874335289001 0.1233634352684021 
vt 0.6948621273040771 0.12460118532180786 
vt 0.6969363689422607 0.12573236227035522 
vt 0.6928368806838989 0.12583893537521362 
vt 0.694911003112793 0.126970112323761 
vt 0.6969852447509766 0.12810128927230835 
vt 0.6908115744590759 0.12707668542861938 
vt 0.6928857564926147 0.1282077431678772 
vt 0.6949599981307983 0.12933892011642456 
vt 0.6970341801643372 0.13047009706497192 
vt 0.6887862682342529 0.12831437587738037 
vt 0.6908605098724365 0.12944549322128296 
vt 0.6929347515106201 0.13057667016983032 
vt 0.6950089335441589 0.13170784711837769 
vt 0.6970831751823425 0.1328389048576355 
vt 0.7118967771530151 0.1328389048576355 
vt 0.7119457125663757 0.1304699182510376 
vt 0.7098714709281921 0.13160115480422974 
vt 0.7099204659461975 0.1292322874069214 
vt 0.7078462243080139 0.13036346435546875 
vt 0.7119945883750916 0.12810111045837402 
vt 0.7078951001167297 0.1279945969581604 
vt 0.7058209776878357 0.129125714302063 
vt 0.7099693417549133 0.12686336040496826 
vt 0.7120434641838074 0.12573224306106567 
vt 0.7058697938919067 0.12675690650939941 
vt 0.7037956714630127 0.12788796424865723 
vt 0.7079439759254456 0.1256256103515625 
vt 0.7100182175636292 0.12449455261230469 
vt 0.7120924592018127 0.1233634352684021 
vt 0.7269062399864197 0.1233634352684021 
vt 0.7248809933662415 0.12460106611251831 
vt 0.726955235004425 0.12573224306106567 
vt 0.7228557467460632 0.12583881616592407 
vt 0.7249298691749573 0.12696999311447144 
vt 0.7270041108131409 0.12810111045837402 
vt 0.7208304405212402 0.12707656621932983 
vt 0.722904622554779 0.1282077431678772 
vt 0.7249788045883179 0.129338800907135 
vt 0.7270529866218567 0.13046997785568237 
vt 0.7188051342964172 0.12831419706344604 
vt 0.720879316329956 0.12944549322128296 
vt 0.7229535579681396 0.13057655096054077 
vt 0.7250277400016785 0.13170766830444336 
vt 0.7271019816398621 0.1328389048576355 
vt 0.7419156432151794 0.1328389048576355 
vt 0.74196457862854 0.13046997785568237 
vt 0.7398903369903564 0.13160115480422974 
vt 0.7399393320083618 0.1292322874069214 
vt 0.7378650903701782 0.13036346435546875 
vt 0.7420134544372559 0.12810111045837402 
vt 0.737913966178894 0.1279945969581604 
vt 0.73583984375 0.129125714302063 
vt 0.7399882078170776 0.12686336040496826 
vt 0.7420624494552612 0.12573224306106567 
vt 0.7358887195587158 0.12675690650939941 
vt 0.733814537525177 0.12788796424865723 
vt 0.7379629611968994 0.12562572956085205 
vt 0.7400371432304382 0.12449455261230469 
vt 0.7421113848686218 0.1233634352684021 
vt 0.7569250464439392 0.1233634352684021 
vt 0.754899799823761 0.12460118532180786 
vt 0.7569740414619446 0.12573236227035522 
vt 0.7528745532035828 0.12583893537521362 
vt 0.7549487352371216 0.126970112323761 
vt 0.7570229172706604 0.12810128927230835 
vt 0.7508492469787598 0.12707668542861938 
vt 0.7529234290122986 0.1282077431678772 
vt 0.7549976706504822 0.12933897972106934 
vt 0.757071852684021 0.13047009706497192 
vt 0.7488239407539368 0.12831437587738037 
vt 0.7508981823921204 0.12944549322128296 
vt 0.752972424030304 0.13057667016983032 
vt 0.7550466060638428 0.13170784711837769 
vt 0.7571208477020264 0.1328389048576355 
vt 0.771934449672699 0.1328389048576355 
vt 0.7719833850860596 0.13047009706497192 
vt 0.769909143447876 0.1316012740135193 
vt 0.7699580788612366 0.12923234701156616 
vt 0.7678838968276978 0.13036352396011353 
vt 0.7720322608947754 0.12810128927230835 
vt 0.7679327726364136 0.1279945969581604 
vt 0.7658586502075195 0.12912589311599731 
vt 0.7700070142745972 0.1268635392189026 
vt 0.772081196308136 0.12573248147964478 
vt 0.7659074664115906 0.12675690650939941 
vt 0.7638333439826965 0.12788814306259155 
vt 0.7679817080497742 0.12562578916549683 
vt 0.770055890083313 0.12449473142623901 
vt 0.7721301317214966 0.1233634352684021 
vt 0.7869439125061035 0.1233634352684021 
vt 0.7849186658859253 0.12460118532180786 
vt 0.7869927883148193 0.12573236227035522 
vt 0.7828934192657471 0.12583893537521362 
vt 0.7849675416946411 0.126970112323761 
vt 0.7870416641235352 0.12810128927230835 
vt 0.7808681726455688 0.12707668542861938 
vt 0.7829422950744629 0.1282077431678772 
vt 0.7850164175033569 0.12933892011642456 
vt 0.7870905995368958 0.13047009706497192 
vt 0.7788426876068115 0.12831437587738037 
vt 0.7809170484542847 0.12944549322128296 
vt 0.7829911708831787 0.13057667016983032 
vt 0.7850653529167175 0.13170784711837769 
vt 0.7871396541595459 0.1328389048576355 
vt 0.8019533753395081 0.1328389048576355 
vt 0.8020022511482239 0.13047009706497192 
vt 0.7999281287193298 0.13160115480422974 
vt 0.7999770045280457 0.12923234701156616 
vt 0.7979028820991516 0.13036346435546875 
vt 0.8020511269569397 0.12810128927230835 
vt 0.7979516983032227 0.1279945969581604 
vt 0.7958775162696838 0.12912577390670776 
vt 0.8000258803367615 0.1268635392189026 
vt 0.8021000623703003 0.12573224306106567 
vt 0.7959263920783997 0.12675690650939941 
vt 0.7938522100448608 0.12788814306259155 
vt 0.7980006337165833 0.12562578916549683 
vt 0.8000748157501221 0.12449461221694946 
vt 0.8021490573883057 0.1233634352684021 
vt 0.816962718963623 0.06789791584014893 
vt 0.8149374127388 0.06913566589355469 
vt 0.8170117139816284 0.07026678323745728 
vt 0.8129121661186218 0.07037335634231567 
vt 0.8149862885475159 0.07150453329086304 
vt 0.817060649394989 0.0726357102394104 
vt 0.8108869194984436 0.07161110639572144 
vt 0.8129610419273376 0.07274216413497925 
vt 0.815035343170166 0.07387334108352661 
vt 0.8171095252037048 0.07500451803207397 
vt 0.8088616728782654 0.0728488564491272 
vt 0.8109357953071594 0.07397991418838501 
vt 0.8130100965499878 0.07511109113693237 
vt 0.8150842785835266 0.07624226808547974 
vt 0.8171584010124207 0.07737338542938232 
vt 0.8319721817970276 0.07734566926956177 
vt 0.8320211172103882 0.07497674226760864 
vt 0.8299468755722046 0.076107919216156 
vt 0.8299957513809204 0.07373905181884766 
vt 0.8279216289520264 0.07487022876739502 
vt 0.832069993019104 0.07260787487030029 
vt 0.8279705047607422 0.0725013017654419 
vt 0.8258963823318481 0.07363247871398926 
vt 0.8300447463989258 0.07137012481689453 
vt 0.8321189880371094 0.07023906707763672 
vt 0.825945258140564 0.07126367092132568 
vt 0.8238711357116699 0.0723947286605835 
vt 0.828019380569458 0.07013237476348877 
vt 0.8300936222076416 0.06900131702423096 
vt 0.8321678638458252 0.06787019968032837 
vt 0.028071150183677673 0.20072710514068604 
vt 0.029463019222021103 0.19659209251403809 
vt 0.015713319182395935 0.19426560401916504 
vt 0.02546961046755314 0.20422965288162231 
vt 0.02191304974257946 0.2067568302154541 
vt 0.017749620601534843 0.2080613374710083 
vt 0.013386859558522701 0.2080153226852417 
vt 0.009251830168068409 0.20662343502044678 
vt 0.005749300122261047 0.20402193069458008 
vt 0.0032221099827438593 0.2004653811454773 
vt 0.0019176499918103218 0.19630193710327148 
vt 0.001963620074093342 0.19193917512893677 
vt 0.003355490043759346 0.18780416250228882 
vt 0.005957030225545168 0.18430155515670776 
vt 0.009513580240309238 0.18177443742752075 
vt 0.01367701031267643 0.18046993017196655 
vt 0.018039770424365997 0.18051594495773315 
vt 0.022174790501594543 0.18190783262252808 
vt 0.025677330791950226 0.18450933694839478 
vt 0.028204509988427162 0.18806588649749756 
vt 0.02950897067785263 0.19222933053970337 
vt 0.0634218379855156 0.19193905591964722 
vt 0.06202996149659157 0.18780404329299927 
vt 0.04967213049530983 0.19426554441452026 
vt 0.059428419917821884 0.184301495552063 
vt 0.055871859192848206 0.1817743182182312 
vt 0.05170843005180359 0.18046993017196655 
vt 0.04734567925333977 0.1805158257484436 
vt 0.043210651725530624 0.18190765380859375 
vt 0.03970811888575554 0.18450921773910522 
vt 0.03718091920018196 0.188065767288208 
vt 0.03587646037340164 0.19222921133041382 
vt 0.03592243045568466 0.1965920329093933 
vt 0.03731431066989899 0.20072698593139648 
vt 0.039915841072797775 0.20422959327697754 
vt 0.04347239062190056 0.20675671100616455 
vt 0.04763583093881607 0.20806115865707397 
vt 0.05199858173727989 0.20801520347595215 
vt 0.05613360181450844 0.20662343502044678 
vt 0.05963613837957382 0.20402181148529053 
vt 0.06216331943869591 0.20046526193618774 
vt 0.06346777826547623 0.1963018774986267 
vt 0.47360676527023315 0.13186615705490112 
vt 0.4743889272212982 0.13031446933746338 
vt 0.46915170550346375 0.12859439849853516 
vt 0.47238847613334656 0.1330975890159607 
vt 0.47085335850715637 0.13388824462890625 
vt 0.46915170550346375 0.13416069746017456 
vt 0.4674500524997711 0.13388824462890625 
vt 0.4659149646759033 0.1330975890159607 
vt 0.4646967053413391 0.13186615705490112 
vt 0.46391454339027405 0.13031446933746338 
vt 0.46364501118659973 0.12859439849853516 
vt 0.46391454339027405 0.12687426805496216 
vt 0.4646967053413391 0.12532258033752441 
vt 0.4659149646759033 0.12409108877182007 
vt 0.4674500524997711 0.12330043315887451 
vt 0.46915170550346375 0.1230279803276062 
vt 0.47085335850715637 0.12330043315887451 
vt 0.47238847613334656 0.12409108877182007 
vt 0.47360676527023315 0.12532258033752441 
vt 0.4743889272212982 0.12687426805496216 
vt 0.47465839982032776 0.12859439849853516 
vt 0.49315062165260315 0.12687426805496216 
vt 0.4923684597015381 0.12532258033752441 
vt 0.4879133999347687 0.12859439849853516 
vt 0.4911501705646515 0.12409108877182007 
vt 0.4896151125431061 0.12330043315887451 
vt 0.4879133999347687 0.1230279803276062 
vt 0.48621174693107605 0.12330043315887451 
vt 0.48467665910720825 0.12409108877182007 
vt 0.48345839977264404 0.12532258033752441 
vt 0.482676237821579 0.12687426805496216 
vt 0.48240670561790466 0.12859439849853516 
vt 0.482676237821579 0.13031452894210815 
vt 0.48345839977264404 0.13186615705490112 
vt 0.48467665910720825 0.1330975890159607 
vt 0.48621174693107605 0.13388824462890625 
vt 0.4879133999347687 0.13416075706481934 
vt 0.4896151125431061 0.13388824462890625 
vt 0.4911501705646515 0.1330975890159607 
vt 0.4923684597015381 0.13186615705490112 
vt 0.49315062165260315 0.13031452894210815 
vt 0.4934200942516327 0.12859439849853516 
vt 0.9485438466072083 0.019149839878082275 
vt 0.9486235976219177 0.017912089824676514 
vt 0.9477782845497131 0.017968416213989258 
vt 0.947698712348938 0.019206106662750244 
vt 0.5024987459182739 0.1270543336868286 
vt 0.5026604533195496 0.12468552589416504 
vt 0.5018152594566345 0.12462925910949707 
vt 0.5016535520553589 0.12699806690216064 
vt 0.9487032890319824 0.016674399375915527 
vt 0.9478580355644226 0.016730666160583496 
vt 0.5023370981216431 0.12942326068878174 
vt 0.501491904258728 0.129366934299469 
vt 0.9487829208374023 0.015436649322509766 
vt 0.9479377269744873 0.015492916107177734 
vt 0.5021753907203674 0.1317921280860901 
vt 0.5013301968574524 0.13173586130142212 
vt 0.948862612247467 0.014198899269104004 
vt 0.948017418384552 0.014255166053771973 
vt 0.8650814294815063 0.09073930978775024 
vt 0.8648399710655212 0.0886651873588562 
vt 0.8639947772026062 0.08873283863067627 
vt 0.8642362356185913 0.09080708026885986 
vt 0.8645986318588257 0.08659094572067261 
vt 0.8637534379959106 0.08665859699249268 
vt 0.8643572926521301 0.08451670408248901 
vt 0.8635120987892151 0.08458441495895386 
vt 0.8641159534454346 0.08244258165359497 
vt 0.8632707595825195 0.08251011371612549 
vt 0.5020136833190918 0.13416099548339844 
vt 0.5011685490608215 0.1341046690940857 
vt 0.9560486078262329 0.0191497802734375 
vt 0.9561282992362976 0.017912089824676514 
vt 0.9552831649780273 0.017968416213989258 
vt 0.9552034139633179 0.019206106662750244 
vt 0.5100035071372986 0.1270543336868286 
vt 0.5101651549339294 0.12468552589416504 
vt 0.5093200206756592 0.12462925910949707 
vt 0.5091583132743835 0.12699806690216064 
vt 0.9562079310417175 0.016674399375915527 
vt 0.9553627371788025 0.016730666160583496 
vt 0.509841799736023 0.12942326068878174 
vt 0.5089966058731079 0.129366934299469 
vt 0.9562876224517822 0.015436649322509766 
vt 0.955442488193512 0.015492916107177734 
vt 0.5096800923347473 0.1317921280860901 
vt 0.508834958076477 0.13173580169677734 
vt 0.9563673734664917 0.014198899269104004 
vt 0.9555220603942871 0.014255166053771973 
vt 0.874462366104126 0.09073930978775024 
vt 0.8742209672927856 0.0886651873588562 
vt 0.8733757734298706 0.08873283863067627 
vt 0.8736172318458557 0.09080708026885986 
vt 0.8739796280860901 0.08659106492996216 
vt 0.873134434223175 0.08665859699249268 
vt 0.8737382888793945 0.08451682329177856 
vt 0.8728930950164795 0.08458441495895386 
vt 0.8734968900680542 0.08244258165359497 
vt 0.8726517558097839 0.08251017332077026 
vt 0.5095184445381165 0.13416099548339844 
vt 0.5086731910705566 0.1341046690940857 
vt 0.9604232311248779 0.010300099849700928 
vt 0.9605029225349426 0.009062349796295166 
vt 0.9596576690673828 0.009118735790252686 
vt 0.9595780372619629 0.010356366634368896 
vt 0.5175081491470337 0.1270543336868286 
vt 0.5176698565483093 0.12468552589416504 
vt 0.5168246626853943 0.12462925910949707 
vt 0.5166630148887634 0.12699806690216064 
vt 0.9605825543403625 0.007824718952178955 
vt 0.9597373604774475 0.007880985736846924 
vt 0.5173465013504028 0.1294231414794922 
vt 0.5165013074874878 0.129366934299469 
vt 0.9606622457504272 0.006586968898773193 
vt 0.9598170518875122 0.006643235683441162 
vt 0.5171847939491272 0.1317920684814453 
vt 0.5163396596908569 0.13173580169677734 
vt 0.9607419371604919 0.005349218845367432 
vt 0.9598968029022217 0.005405604839324951 
vt 0.883843183517456 0.09073930978775024 
vt 0.883601725101471 0.0886651873588562 
vt 0.8827565908432007 0.08873271942138672 
vt 0.882997989654541 0.09080708026885986 
vt 0.8833603858947754 0.08659094572067261 
vt 0.8825152516365051 0.08665859699249268 
vt 0.8831190466880798 0.08451670408248901 
vt 0.8822739124298096 0.08458441495895386 
vt 0.8828777074813843 0.08244258165359497 
vt 0.8820325136184692 0.08251011371612549 
vt 0.5170231461524963 0.13416099548339844 
vt 0.5161779522895813 0.13410460948944092 
vt 0.9533531069755554 0.010300099849700928 
vt 0.9534327983856201 0.009062469005584717 
vt 0.9525875449180603 0.009118735790252686 
vt 0.9525079131126404 0.010356366634368896 
vt 0.5250129103660583 0.1270543336868286 
vt 0.5251745581626892 0.12468552589416504 
vt 0.524329423904419 0.12462925910949707 
vt 0.5241677165031433 0.12699806690216064 
vt 0.95351243019104 0.007824718952178955 
vt 0.952667236328125 0.007880985736846924 
vt 0.5248512029647827 0.1294231414794922 
vt 0.5240060687065125 0.12936687469482422 
vt 0.9535921216011047 0.006586968898773193 
vt 0.9527469873428345 0.006643235683441162 
vt 0.5246895551681519 0.1317920684814453 
vt 0.5238443613052368 0.13173580169677734 
vt 0.9536718726158142 0.005349338054656982 
vt 0.9528266787528992 0.005405604839324951 
vt 0.8932240605354309 0.09073930978775024 
vt 0.8929827213287354 0.0886651873588562 
vt 0.8921374678611755 0.08873283863067627 
vt 0.8923788070678711 0.09080708026885986 
vt 0.892741322517395 0.08659094572067261 
vt 0.89189612865448 0.08665859699249268 
vt 0.8924999237060547 0.08451670408248901 
vt 0.8916547894477844 0.08458441495895386 
vt 0.8922585844993591 0.08244258165359497 
vt 0.8914134502410889 0.08251011371612549 
vt 0.5245278477668762 0.1341608762741089 
vt 0.5236826539039612 0.13410460948944092 
vt 0.9462829828262329 0.006942808628082275 
vt 0.9463627338409424 0.005705058574676514 
vt 0.9455174207687378 0.005761325359344482 
vt 0.9454377889633179 0.006999075412750244 
vt 0.5325176119804382 0.1270543932914734 
vt 0.5326792597770691 0.12468552589416504 
vt 0.5318341255187988 0.12462925910949707 
vt 0.5316724181175232 0.12699806690216064 
vt 0.9464423060417175 0.004467368125915527 
vt 0.9455971717834473 0.004523634910583496 
vt 0.5323559045791626 0.12942326068878174 
vt 0.5315107107162476 0.129366934299469 
vt 0.946522057056427 0.003229677677154541 
vt 0.945676863193512 0.003286004066467285 
vt 0.532194197177887 0.1317921280860901 
vt 0.5313490629196167 0.13173586130142212 
vt 0.9466017484664917 0.0019919872283935547 
vt 0.9457565546035767 0.0020482540130615234 
vt 0.9026049971580505 0.09073930978775024 
vt 0.9023635387420654 0.0886651873588562 
vt 0.9015183448791504 0.08873271942138672 
vt 0.9017598032951355 0.09080708026885986 
vt 0.9021221995353699 0.08659106492996216 
vt 0.9012770056724548 0.08665859699249268 
vt 0.9018808603286743 0.08451670408248901 
vt 0.9010356664657593 0.08458441495895386 
vt 0.9016395211219788 0.08244258165359497 
vt 0.9007943272590637 0.08251011371612549 
vt 0.5320325493812561 0.13416099548339844 
vt 0.5311872959136963 0.1341046690940857 
vt 0.9392129182815552 0.006942808628082275 
vt 0.9392926096916199 0.005705058574676514 
vt 0.9384473562240601 0.005761444568634033 
vt 0.9383677244186401 0.006999075412750244 
vt 0.5400223135948181 0.1289709210395813 
vt 0.5401840209960938 0.12660205364227295 
vt 0.5393388271331787 0.12654578685760498 
vt 0.5391771197319031 0.12891459465026855 
vt 0.9393722414970398 0.004467427730560303 
vt 0.9385270476341248 0.0045236945152282715 
vt 0.5398606657981873 0.13133972883224487 
vt 0.5390154719352722 0.1312834620475769 
vt 0.9394519329071045 0.003229677677154541 
vt 0.9386067390441895 0.003286004066467285 
vt 0.5396989583969116 0.133708655834198 
vt 0.5388537645339966 0.13365232944488525 
vt 0.9395316243171692 0.0019919872283935547 
vt 0.9386864900588989 0.002048313617706299 
vt 0.9119857549667358 0.09073930978775024 
vt 0.9117443561553955 0.0886651873588562 
vt 0.9108991622924805 0.08873283863067627 
vt 0.9111406207084656 0.09080708026885986 
vt 0.9115030169487 0.08659094572067261 
vt 0.9106578230857849 0.08665859699249268 
vt 0.9112616181373596 0.08451670408248901 
vt 0.9104164838790894 0.08458441495895386 
vt 0.9110202789306641 0.08244258165359497 
vt 0.9101751446723938 0.08251011371612549 
vt 0.539537250995636 0.13607752323150635 
vt 0.538692057132721 0.1360211968421936 
vt 0.9321427941322327 0.006942808628082275 
vt 0.9322224855422974 0.005705058574676514 
vt 0.9313772320747375 0.005761325359344482 
vt 0.9312976002693176 0.006999075412750244 
vt 0.547527015209198 0.1289709210395813 
vt 0.5476886630058289 0.12660205364227295 
vt 0.5468435287475586 0.12654578685760498 
vt 0.546681821346283 0.12891459465026855 
vt 0.9323021173477173 0.004467368125915527 
vt 0.9314569234848022 0.0045236945152282715 
vt 0.5473653078079224 0.13133978843688965 
vt 0.5465201735496521 0.13128352165222168 
vt 0.932381808757782 0.003229677677154541 
vt 0.9315366744995117 0.003286004066467285 
vt 0.5472036600112915 0.133708655834198 
vt 0.5463584661483765 0.13365232944488525 
vt 0.9324615597724915 0.0019919872283935547 
vt 0.9316163659095764 0.0020482540130615234 
vt 0.9213667511940002 0.0191383957862854 
vt 0.9211253523826599 0.017064273357391357 
vt 0.9202801585197449 0.01713186502456665 
vt 0.92052161693573 0.019206106662750244 
vt 0.9208839535713196 0.014990031719207764 
vt 0.9200388193130493 0.015057623386383057 
vt 0.920642614364624 0.01291579008102417 
vt 0.9197974801063538 0.012983500957489014 
vt 0.9204012751579285 0.010841608047485352 
vt 0.9195560812950134 0.01090914011001587 
vt 0.5470419526100159 0.13607752323150635 
vt 0.5461967587471008 0.13602125644683838 
vt 0.9250726699829102 0.006942808628082275 
vt 0.9251523613929749 0.005705058574676514 
vt 0.924307107925415 0.005761444568634033 
vt 0.9242274761199951 0.006999075412750244 
vt 0.5550317168235779 0.1289709210395813 
vt 0.5551934242248535 0.12660205364227295 
vt 0.5543482303619385 0.12654578685760498 
vt 0.5541865825653076 0.12891459465026855 
vt 0.9252319931983948 0.004467368125915527 
vt 0.9243868589401245 0.0045236945152282715 
vt 0.554870069026947 0.13133978843688965 
vt 0.554024875164032 0.13128352165222168 
vt 0.9253117442131042 0.003229677677154541 
vt 0.9244665503501892 0.003286004066467285 
vt 0.5547083616256714 0.13370871543884277 
vt 0.5538632273674011 0.1336524486541748 
vt 0.925391435623169 0.0019919872283935547 
vt 0.9245462417602539 0.002048313617706299 
vt 0.9307475686073303 0.0191383957862854 
vt 0.9305061101913452 0.017064273357391357 
vt 0.929660975933075 0.017131805419921875 
vt 0.9299023747444153 0.019206106662750244 
vt 0.9302647709846497 0.014990031719207764 
vt 0.9294195771217346 0.015057623386383057 
vt 0.9300234317779541 0.01291579008102417 
vt 0.9291782379150391 0.012983500957489014 
vt 0.9297820925712585 0.010841608047485352 
vt 0.9289368987083435 0.01090914011001587 
vt 0.5545467138290405 0.13607752323150635 
vt 0.5537015199661255 0.13602125644683838 
vt 0.9180025458335876 0.006942808628082275 
vt 0.9180822968482971 0.005705058574676514 
vt 0.9172370433807373 0.005761325359344482 
vt 0.9171574115753174 0.006999075412750244 
vt 0.5625364184379578 0.1289709210395813 
vt 0.5626981258392334 0.12660205364227295 
vt 0.5618529319763184 0.12654578685760498 
vt 0.5616912245750427 0.12891459465026855 
vt 0.918161928653717 0.004467427730560303 
vt 0.917316734790802 0.0045236945152282715 
vt 0.5623747706413269 0.13133978843688965 
vt 0.5615295767784119 0.13128352165222168 
vt 0.9182416200637817 0.003229677677154541 
vt 0.9173964262008667 0.003286004066467285 
vt 0.5622130632400513 0.13370871543884277 
vt 0.5613678693771362 0.1336524486541748 
vt 0.9183213114738464 0.0019919872283935547 
vt 0.9174761772155762 0.002048313617706299 
vt 0.9401284456253052 0.0191383957862854 
vt 0.9398870468139648 0.017064273357391357 
vt 0.9390418529510498 0.017131805419921875 
vt 0.9392831921577454 0.019206106662750244 
vt 0.9396456480026245 0.014990031719207764 
vt 0.9388005137443542 0.015057623386383057 
vt 0.939404308795929 0.01291579008102417 
vt 0.9385591745376587 0.012983500957489014 
vt 0.9391629695892334 0.010841608047485352 
vt 0.9383177757263184 0.01090914011001587 
vt 0.5620513558387756 0.13607752323150635 
vt 0.5612062215805054 0.13602125644683838 
vt 0.8388804197311401 0.06875866651535034 
vt 0.8388804197311401 0.07734566926956177 
vt 0.8455660343170166 0.07734566926956177 
vt 0.8455660343170166 0.06875866651535034 
vt 0.9031115770339966 0.21653395891189575 
vt 0.9116984605789185 0.21653395891189575 
vt 0.9095613956451416 0.1808490753173828 
vt 0.9052486419677734 0.1808490753173828 
vt 0.8128310441970825 0.1370067596435547 
vt 0.8156546950340271 0.1370067596435547 
vt 0.8185364007949829 0.1013219952583313 
vt 0.8099493980407715 0.1013219952583313 
vt 0.8905196189880371 0.11478328704833984 
vt 0.8905196189880371 0.150468111038208 
vt 0.8972052335739136 0.150468111038208 
vt 0.8972052335739136 0.11478328704833984 
vt 0.8511852025985718 0.1673877239227295 
vt 0.8511852025985718 0.20307260751724243 
vt 0.8578708171844482 0.20307260751724243 
vt 0.8578708171844482 0.1673877239227295 
vt 0.362331360578537 0.15330874919891357 
vt 0.37091830372810364 0.15330874919891357 
vt 0.37091830372810364 0.1319146752357483 
vt 0.362331360578537 0.1319146752357483 
vt 0.8691255450248718 0.11478328704833984 
vt 0.8691255450248718 0.150468111038208 
vt 0.8297911286354065 0.1673877239227295 
vt 0.8297911286354065 0.20307260751724243 
vt 0.8520137071609497 0.06875866651535034 
vt 0.8520137071609497 0.07734566926956177 
vt 0.8573622703552246 0.07734566926956177 
vt 0.8573622703552246 0.06875866651535034 
vt 0.8637769818305969 0.11478328704833984 
vt 0.8637769818305969 0.150468111038208 
vt 0.8244425654411316 0.1673877239227295 
vt 0.8244425654411316 0.20307260751724243 
vt 0.37734082341194153 0.1436886191368103 
vt 0.3859277665615082 0.1436886191368103 
vt 0.3859277665615082 0.12355482578277588 
vt 0.37734082341194153 0.12355482578277588 
vt 0.8798553347587585 0.09464943408966064 
vt 0.8731697797775269 0.09464943408966064 
vt 0.9031115770339966 0.23666787147521973 
vt 0.9116984605789185 0.23666787147521973 
vt 0.833835244178772 0.22320640087127686 
vt 0.8405209183692932 0.22320640087127686 
vt 0.8185364007949829 0.08121591806411743 
vt 0.8099493980407715 0.08121591806411743 
vt 0.3923502266407013 0.1430681347846985 
vt 0.3976987600326538 0.1430681347846985 
vt 0.4018094539642334 0.12296205759048462 
vt 0.3964609205722809 0.12296205759048462 
vt 0.41782277822494507 0.12296205759048462 
vt 0.40923580527305603 0.12296205759048462 
vt 0.40923580527305603 0.1430681347846985 
vt 0.41782277822494507 0.1430681347846985 
vt 0.4295938014984131 0.12296193838119507 
vt 0.42424526810646057 0.12296193838119507 
vt 0.42835596203804016 0.1430681347846985 
vt 0.4337044954299927 0.1430681347846985 
vt 0.9089695811271667 0.16250908374786377 
vt 0.9058404564857483 0.16250908374786377 
vt 0.8132185339927673 0.22320640087127686 
vt 0.8152672052383423 0.22320640087127686 
vt 0.5556128025054932 0.17426645755767822 
vt 0.5711119771003723 0.17426645755767822 
vt 0.5711119771003723 0.13991987705230713 
vt 0.5556128025054932 0.13991987705230713 
vt 0.4411308169364929 0.11866164207458496 
vt 0.4411308169364929 0.13416075706481934 
vt 0.456169992685318 0.13416075706481934 
vt 0.456169992685318 0.11866164207458496 
vt 0.5342074632644653 0.22320640087127686 
vt 0.5497066378593445 0.22320640087127686 
vt 0.5497066378593445 0.18885987997055054 
vt 0.5342074632644653 0.18885987997055054 
vt 0.1286325454711914 0.23979401588439941 
vt 0.13783037662506104 0.23979401588439941 
vt 0.13783037662506104 0.20506048202514648 
vt 0.1286325454711914 0.20506048202514648 
vt 0.5034149289131165 0.1723499298095703 
vt 0.5184540748596191 0.1723499298095703 
vt 0.5184540748596191 0.13800334930419922 
vt 0.5034149289131165 0.13800334930419922 
vt 0.46277520060539246 0.17234981060028076 
vt 0.47781437635421753 0.17234981060028076 
vt 0.47781437635421753 0.13800323009490967 
vt 0.46277520060539246 0.13800323009490967 
vt 0.5497066378593445 0.17519497871398926 
vt 0.5342074632644653 0.17519497871398926 
vt 0.49902603030204773 0.18601471185684204 
vt 0.5228430032730103 0.18601471185684204 
vt 0.5556128025054932 0.18793129920959473 
vt 0.5711119771003723 0.18793129920959473 
vt 0.45838630199432373 0.1860145926475525 
vt 0.48220327496528625 0.1860145926475525 
vt 0.5342074632644653 0.17519497871398926 
vt 0.5497066378593445 0.17519497871398926 
vt 0.5497066378593445 0.17223089933395386 
vt 0.5342074632644653 0.17223089933395386 
vt 0.5004013180732727 0.18897885084152222 
vt 0.5214676856994629 0.18897885084152222 
vt 0.5711119771003723 0.18793129920959473 
vt 0.5556128025054932 0.18793129920959473 
vt 0.5556128025054932 0.1908954381942749 
vt 0.5711119771003723 0.1908954381942749 
vt 0.4597616195678711 0.18897879123687744 
vt 0.4808279871940613 0.18897879123687744 
vt 0.5342074632644653 0.17223089933395386 
vt 0.5497066378593445 0.17223089933395386 
vt 0.5497066378593445 0.16046357154846191 
vt 0.5342074632644653 0.16046357154846191 
vt 0.4935677647590637 0.20074617862701416 
vt 0.5283012390136719 0.20074617862701416 
vt 0.5711119771003723 0.1908954381942749 
vt 0.5556128025054932 0.1908954381942749 
vt 0.5556128025054932 0.20266276597976685 
vt 0.5711119771003723 0.20266276597976685 
vt 0.4529280364513397 0.20074611902236938 
vt 0.48766154050827026 0.20074611902236938 
vt 0.5342074632644653 0.16046357154846191 
vt 0.5497066378593445 0.16046357154846191 
vt 0.5465559959411621 0.13991987705230713 
vt 0.5373581647872925 0.13991987705230713 
vt 0.4935677647590637 0.22128987312316895 
vt 0.5283012390136719 0.22128987312316895 
vt 0.5711119771003723 0.20266276597976685 
vt 0.5556128025054932 0.20266276597976685 
vt 0.5587635040283203 0.22320640087127686 
vt 0.5679613351821899 0.22320640087127686 
vt 0.4529280364513397 0.22128969430923462 
vt 0.48766154050827026 0.22128969430923462 
vt 0.11256158351898193 0.23979395627975464 
vt 0.11669658869504929 0.23979395627975464 
vt 0.11669658869504929 0.21190369129180908 
vt 0.11256158351898193 0.21190369129180908 
vt 0.12019917368888855 0.23979395627975464 
vt 0.12019917368888855 0.21190369129180908 
vt 0.12272629886865616 0.23979395627975464 
vt 0.12272629886865616 0.21190369129180908 
vt 0.09197106212377548 0.21190369129180908 
vt 0.08780763298273087 0.21190369129180908 
vt 0.08780763298273087 0.23979395627975464 
vt 0.09197106212377548 0.23979395627975464 
vt 0.08344487100839615 0.21190369129180908 
vt 0.08344487100839615 0.23979395627975464 
vt 0.079309843480587 0.21190369129180908 
vt 0.079309843480587 0.23979395627975464 
vt 0.07340362668037415 0.21190369129180908 
vt 0.07080209255218506 0.21190369129180908 
vt 0.07080209255218506 0.23979395627975464 
vt 0.07340362668037415 0.23979395627975464 
vt 0.06724554300308228 0.21190369129180908 
vt 0.06724554300308228 0.23979395627975464 
vt 0.06308212131261826 0.21190369129180908 
vt 0.06308212131261826 0.23979395627975464 
vt 0.05871932953596115 0.21190369129180908 
vt 0.05871932953596115 0.23979395627975464 
vt 0.0545843206346035 0.21190369129180908 
vt 0.0545843206346035 0.23979395627975464 
vt 0.051081739366054535 0.21190369129180908 
vt 0.051081739366054535 0.23979395627975464 
vt 0.04855461046099663 0.21190369129180908 
vt 0.04855461046099663 0.23979395627975464 
vt 0.02998719923198223 0.23979401588439941 
vt 0.034150630235672 0.23979401588439941 
vt 0.034150630235672 0.21190369129180908 
vt 0.02998719923198223 0.21190369129180908 
vt 0.038513388484716415 0.23979401588439941 
vt 0.038513388484716415 0.21190369129180908 
vt 0.04264840856194496 0.23979401588439941 
vt 0.04264840856194496 0.21190369129180908 
vt 0.09787727892398834 0.23979395627975464 
vt 0.10047882050275803 0.23979395627975464 
vt 0.10047882050275803 0.21190369129180908 
vt 0.09787727892398834 0.21190369129180908 
vt 0.10403536260128021 0.23979395627975464 
vt 0.10403536260128021 0.21190369129180908 
vt 0.10819877684116364 0.23979395627975464 
vt 0.10819877684116364 0.21190369129180908 
vt 0.3978038430213928 0.22124993801116943 
vt 0.39935556054115295 0.2211344838142395 
vt 0.39935556054115295 0.14771080017089844 
vt 0.3978038430213928 0.14782625436782837 
vt 0.4005870223045349 0.22095465660095215 
vt 0.4005870223045349 0.14753103256225586 
vt 0.43618419766426086 0.14691048860549927 
vt 0.4346490800380707 0.14713704586029053 
vt 0.44548678398132324 0.22056084871292114 
vt 0.44702184200286865 0.2203342318534851 
vt 0.43294742703437805 0.14738839864730835 
vt 0.44378507137298584 0.22081196308135986 
vt 0.4312457740306854 0.14763951301574707 
vt 0.4420834183692932 0.22106307744979858 
vt 0.4297106862068176 0.14786607027053833 
vt 0.4405483305454254 0.22128969430923462 
vt 0.37666764855384827 0.22128969430923462 
vt 0.3778991103172302 0.22110992670059204 
vt 0.3778991103172302 0.14768630266189575 
vt 0.37666764855384827 0.14786607027053833 
vt 0.37945085763931274 0.2209944725036621 
vt 0.37945085763931274 0.14757078886032104 
vt 0.38117095828056335 0.22095465660095215 
vt 0.38117095828056335 0.14753103256225586 
vt 0.38289105892181396 0.2209944725036621 
vt 0.38289105892181396 0.14757078886032104 
vt 0.3844427764415741 0.22110992670059204 
vt 0.3844427764415741 0.14768630266189575 
vt 0.38567423820495605 0.22128969430923462 
vt 0.38567423820495605 0.14786607027053833 
vt 0.40649330615997314 0.22033417224884033 
vt 0.40802839398384094 0.22056084871292114 
vt 0.41886603832244873 0.14713704586029053 
vt 0.41733095049858093 0.14691048860549927 
vt 0.40973004698753357 0.22081196308135986 
vt 0.42056769132614136 0.14738821983337402 
vt 0.4114316999912262 0.22106307744979858 
vt 0.42226937413215637 0.14763951301574707 
vt 0.4129668176174164 0.22128969430923462 
vt 0.42380446195602417 0.14786607027053833 
vt 0.3915804624557495 0.22095465660095215 
vt 0.39281192421913147 0.2211344838142395 
vt 0.39281192421913147 0.14771080017089844 
vt 0.3915804624557495 0.14753103256225586 
vt 0.3943636119365692 0.22124993801116943 
vt 0.3943636119365692 0.14782625436782837 
vt 0.3960837423801422 0.22128969430923462 
vt 0.3960837423801422 0.14786607027053833 
vt 0.5791400074958801 0.42553579807281494 
vt 0.5671833157539368 0.42553579807281494 
vt 0.5388810038566589 0.4475899338722229 
vt 0.5791400074958801 0.4475899338722229 
vt 0.9506032466888428 0.7540423274040222 
vt 0.9285491704940796 0.7540423274040222 
vt 0.9285491704940796 0.971198558807373 
vt 0.9506032466888428 0.971198558807373 
vt 0.7703825235366821 0.4255358576774597 
vt 0.758425772190094 0.4255358576774597 
vt 0.758425772190094 0.4475899338722229 
vt 0.7986847758293152 0.4475899338722229 
vt 0.9386877417564392 0.4847868084907532 
vt 0.9386877417564392 0.7019429802894592 
vt 0.9607419371604919 0.7019429802894592 
vt 0.9607419371604919 0.4847868084907532 
vt 0.647769570350647 0.47824180126190186 
vt 0.6358128786087036 0.47824180126190186 
vt 0.6358128786087036 0.6953979730606079 
vt 0.647769570350647 0.6953979730606079 
vt 0.4792429804801941 0.4755607843399048 
vt 0.46728625893592834 0.4755607843399048 
vt 0.46728625893592834 0.6927169561386108 
vt 0.4792429804801941 0.6927169561386108 
vt 0.10717122256755829 0.17440861463546753 
vt 0.10717122256755829 0.20121800899505615 
vt 0.12922534346580505 0.20121800899505615 
vt 0.12922534346580505 0.17440861463546753 
vt 0.607510507106781 0.45143234729766846 
vt 0.647769570350647 0.45143234729766846 
vt 0.13531386852264404 0.14500349760055542 
vt 0.13531386852264404 0.17181295156478882 
vt 0.157368004322052 0.17181295156478882 
vt 0.157368004322052 0.14500349760055542 
vt 0.43898385763168335 0.7195264101028442 
vt 0.4792429804801941 0.7195264101028442 
vt 0.76004958152771 0.4579773545265198 
vt 0.76004958152771 0.4847868084907532 
vt 0.9386877417564392 0.4579773545265198 
vt 0.76004958152771 0.7019429802894592 
vt 0.7703825235366821 0.24689757823944092 
vt 0.758425772190094 0.24689757823944092 
vt 0.7499108910560608 0.7540423274040222 
vt 0.7499108910560608 0.9711984992027283 
vt 0.7499108910560608 0.9980079531669617 
vt 0.9285491704940796 0.9980079531669617 
vt 0.5791400074958801 0.24689751863479614 
vt 0.5671833157539368 0.24689751863479614 
vt 0.16345654428005219 0.17181295156478882 
vt 0.18330521881580353 0.17181295156478882 
vt 0.18330521881580353 0.14500349760055542 
vt 0.16345654428005219 0.14500349760055542 
vt 0.7402008771896362 0.7019429802894592 
vt 0.7402008771896362 0.4847868084907532 
vt 0.758425772190094 0.2270488739013672 
vt 0.7986847758293152 0.2270488739013672 
vt 0.7300622463226318 0.971198558807373 
vt 0.7300622463226318 0.7540423274040222 
vt 0.18972302973270416 0.17181295156478882 
vt 0.2095717042684555 0.17181295156478882 
vt 0.2095717042684555 0.14500349760055542 
vt 0.18972302973270416 0.14500349760055542 
vt 0.5388810038566589 0.2270488142967224 
vt 0.5791400074958801 0.2270488142967224 
vt 0.2535130977630615 0.17181289196014404 
vt 0.27336177229881287 0.17181289196014404 
vt 0.27336177229881287 0.14768445491790771 
vt 0.2535130977630615 0.14768445491790771 
vt 0.76004958152771 0.7260714769363403 
vt 0.9386877417564392 0.7260714769363403 
vt 0.3018336892127991 0.1291804313659668 
vt 0.2797795534133911 0.1291804313659668 
vt 0.2797795534133911 0.15330886840820312 
vt 0.3018336892127991 0.15330886840820312 
vt 0.607510507106781 0.7195264101028442 
vt 0.647769570350647 0.7195264101028442 
vt 0.30792224407196045 0.12918031215667725 
vt 0.30792221426963806 0.15330874919891357 
vt 0.3299763798713684 0.15330874919891357 
vt 0.3299763798713684 0.12918031215667725 
vt 0.7499108910560608 0.7299138903617859 
vt 0.9285491704940796 0.7299138903617859 
vt 0.3360649049282074 0.15330874919891357 
vt 0.35591360926628113 0.15330874919891357 
vt 0.35591360926628113 0.12918031215667725 
vt 0.3360649049282074 0.12918031215667725 
vt 0.43898385763168335 0.45143234729766846 
vt 0.4792429804801941 0.45143234729766846 
vt 0.3707614839076996 0.15715110301971436 
vt 0.3439520299434662 0.15715110301971436 
vt 0.3439520299434662 0.2212897539138794 
vt 0.3707614839076996 0.2212897539138794 
vt 0.31599169969558716 0.2212897539138794 
vt 0.3380458354949951 0.2212897539138794 
vt 0.3380458354949951 0.1571512222290039 
vt 0.31599169969558716 0.1571512222290039 
vt 0.5716742873191833 0.45143234729766846 
vt 0.5716742873191833 0.47824180126190186 
vt 0.5030447244644165 0.42553579807281494 
vt 0.5030447244644165 0.4475899338722229 
vt 0.29023683071136475 0.2212897539138794 
vt 0.3100855052471161 0.2212897539138794 
vt 0.3100855052471161 0.1571512222290039 
vt 0.29023683071136475 0.1571512222290039 
vt 0.2843306064605713 0.1892213225364685 
vt 0.2575211524963379 0.1892213225364685 
vt 0.2575211524963379 0.2533600330352783 
vt 0.2843306064605713 0.2533600330352783 
vt 0.5030447244644165 0.2270488142967224 
vt 0.5030447244644165 0.24689751863479614 
vt 0.4031476080417633 0.6927169561386108 
vt 0.4031476080417633 0.7195264101028442 
vt 0.8345209956169128 0.24689757823944092 
vt 0.8345209956169128 0.2270488739013672 
vt 0.25161492824554443 0.1756553053855896 
vt 0.2274864912033081 0.1756553053855896 
vt 0.2274864912033081 0.23979401588439941 
vt 0.25161492824554443 0.23979401588439941 
vt 0.22158023715019226 0.1756553053855896 
vt 0.20173156261444092 0.1756553053855896 
vt 0.20173156261444092 0.23979401588439941 
vt 0.22158023715019226 0.23979401588439941 
vt 0.40314769744873047 0.45143234729766846 
vt 0.40314769744873047 0.4755607843399048 
vt 0.19582536816596985 0.1756553053855896 
vt 0.1737712323665619 0.1756553053855896 
vt 0.1737712323665619 0.23979401588439941 
vt 0.19582536816596985 0.23979401588439941 
vt 0.16786503791809082 0.1756553053855896 
vt 0.1437365710735321 0.1756553053855896 
vt 0.1437365710735321 0.23979401588439941 
vt 0.16786503791809082 0.23979401588439941 
vt 0.8345209956169128 0.4475899338722229 
vt 0.8345209956169128 0.4255358576774597 
vt 0.5716742873191833 0.6953979730606079 
vt 0.5716742873191833 0.7195264101028442 
vt 0.7772337198257446 0.22320640087127686 
vt 0.804043173789978 0.22320640087127686 
vt 0.804043173789978 0.13668137788772583 
vt 0.7772337198257446 0.13668137788772583 
vt 0.6656650900840759 0.4475899338722229 
vt 0.6656650900840759 0.42553579807281494 
vt 0.734294593334198 0.47824180126190186 
vt 0.734294593334198 0.45143234729766846 
vt 0.7713276147842407 0.13668137788772583 
vt 0.7492734789848328 0.13668137788772583 
vt 0.7492734789848328 0.22320640087127686 
vt 0.7713276147842407 0.22320640087127686 
vt 0.6656650900840759 0.24689751863479614 
vt 0.6656650900840759 0.2270488142967224 
vt 0.7165578007698059 0.22320640087127686 
vt 0.7433672547340393 0.22320640087127686 
vt 0.7433672547340393 0.13668137788772583 
vt 0.7165578007698059 0.13668137788772583 
vt 0.7106515765190125 0.13668137788772583 
vt 0.6908028721809387 0.13668137788772583 
vt 0.6908028721809387 0.22320640087127686 
vt 0.7106515765190125 0.22320640087127686 
vt 0.5657680630683899 0.7195264101028442 
vt 0.5657680630683899 0.6927169561386108 
vt 0.6607682108879089 0.22320640087127686 
vt 0.6848966479301453 0.22320640087127686 
vt 0.6848966479301453 0.13668137788772583 
vt 0.6607682108879089 0.13668137788772583 
vt 0.6328078508377075 0.22320640087127686 
vt 0.6548619270324707 0.22320640087127686 
vt 0.6548619270324707 0.13668137788772583 
vt 0.6328078508377075 0.13668137788772583 
vt 0.734294593334198 0.7195264101028442 
vt 0.734294593334198 0.6953979730606079 
vt 0.6719006896018982 0.4255358576774597 
vt 0.6719006896018982 0.4475899338722229 
vt 0.6070529222488403 0.22320640087127686 
vt 0.6269016265869141 0.22320640087127686 
vt 0.6269016265869141 0.13668137788772583 
vt 0.6070529222488403 0.13668137788772583 
vt 0.5770182013511658 0.22320640087127686 
vt 0.6011466383934021 0.22320640087127686 
vt 0.6011466383934021 0.13668137788772583 
vt 0.5770182013511658 0.13668137788772583 
vt 0.6719006896018982 0.2270488739013672 
vt 0.6719006896018982 0.24689757823944092 
vt 0.5657680034637451 0.4755607843399048 
vt 0.5657680034637451 0.45143234729766846 
vt 0.1829639971256256 0.6971272826194763 
vt 0.1829639971256256 0.7195264101028442 
vt 0.3972414433956146 0.7195264101028442 
vt 0.3972414433956146 0.6971272826194763 
vt 0.21619509160518646 0.7480863332748413 
vt 0.001917670015245676 0.7480863332748413 
vt 0.0019176499918103218 0.9705439805984497 
vt 0.21619509160518646 0.9705439805984497 
vt 0.014968070201575756 0.2436363697052002 
vt 0.014968070201575756 0.2660355567932129 
vt 0.22924552857875824 0.2660355567932129 
vt 0.22924552857875824 0.2436363697052002 
vt 0.450822114944458 0.7508327960968018 
vt 0.236544668674469 0.7508327960968018 
vt 0.236544668674469 0.9732904434204102 
vt 0.450822114944458 0.9732904434204102 
vt 0.4804156422615051 0.7508327960968018 
vt 0.4580164849758148 0.7508327960968018 
vt 0.4580164849758148 0.9732904434204102 
vt 0.4804156422615051 0.9732904434204102 
vt 0.5104344487190247 0.7480864524841309 
vt 0.48803526163101196 0.7480864524841309 
vt 0.48803526163101196 0.9705440402030945 
vt 0.5104344487190247 0.9705440402030945 
vt 0.22349423170089722 0.9732904434204102 
vt 0.22349423170089722 0.7508327960968018 
vt 0.0019176499918103218 0.2660355567932129 
vt 0.0019176499918103218 0.2436363697052002 
vt 0.236627459526062 0.47966015338897705 
vt 0.2496778815984726 0.47966015338897705 
vt 0.24967792630195618 0.2572024464607239 
vt 0.236627459526062 0.2572024464607239 
vt 0.16991357505321503 0.7195264101028442 
vt 0.16991357505321503 0.6971272826194763 
vt 0.0696476474404335 0.20806115865707397 
vt 0.08269807696342468 0.20806115865707397 
vt 0.08269807696342468 0.1805972456932068 
vt 0.0696476474404335 0.1805972456932068 
vt 0.0019176499918103218 0.9980079531669617 
vt 0.21619509160518646 0.9980079531669617 
vt 0.4580164849758148 0.7233688235282898 
vt 0.4804156422615051 0.7233688235282898 
vt 0.236544668674469 0.7233688831329346 
vt 0.450822114944458 0.7233688831329346 
vt 0.22349423170089722 0.7233688831329346 
vt 0.48803526163101196 0.9980079531669617 
vt 0.5104344487190247 0.9980079531669617 
vt 0.22349423170089722 0.9980079531669617 
vt 0.236544668674469 0.9980079531669617 
vt 0.450822114944458 0.9980079531669617 
vt 0.4580164849758148 0.9980079531669617 
vt 0.4804156422615051 0.9980079531669617 
vt 0.0019176499918103218 0.7233688235282898 
vt 0.21619509160518646 0.7233688235282898 
vt 0.21598951518535614 0.17181295156478882 
vt 0.2290399819612503 0.17181295156478882 
vt 0.22903992235660553 0.14709538221359253 
vt 0.21598951518535614 0.14709538221359253 
vt 0.48803526163101196 0.7233688831329346 
vt 0.5104344487190247 0.7233688831329346 
vt 0.9421263933181763 0.04441046714782715 
vt 0.955176830291748 0.04441046714782715 
vt 0.955176830291748 0.023048460483551025 
vt 0.9421263933181763 0.023048460483551025 
vt 0.2628939747810364 0.2572024464607239 
vt 0.2628939747810364 0.47966015338897705 
vt 0.2842559218406677 0.47966015338897705 
vt 0.2842559218406677 0.2572024464607239 
vt 0.9306551218032837 0.21530580520629883 
vt 0.9176046848297119 0.21530580520629883 
vt 0.9176046848297119 0.23666787147521973 
vt 0.9306551218032837 0.23666787147521973 
vt 0.7026917338371277 0.7480863332748413 
vt 0.7026917338371277 0.9705440402030945 
vt 0.724053680896759 0.9705440402030945 
vt 0.724053680896759 0.7480863332748413 
vt 0.1829639971256256 0.4835026264190674 
vt 0.16991357505321503 0.4835026264190674 
vt 0.8407565355300903 0.454135000705719 
vt 0.8682205080986023 0.454135000705719 
vt 0.8682205080986023 0.24051028490066528 
vt 0.8407565355300903 0.24051028490066528 
vt 0.8875782489776611 0.24051028490066528 
vt 0.8745278120040894 0.24051028490066528 
vt 0.8745278120040894 0.4541349411010742 
vt 0.8875782489776611 0.4541349411010742 
vt 0.7240591049194336 0.9980079531669617 
vt 0.7240591049194336 0.9705440402030945 
vt 0.898918092250824 0.454135000705719 
vt 0.9119685292243958 0.454135000705719 
vt 0.9119685292243958 0.24051028490066528 
vt 0.898918092250824 0.24051028490066528 
vt 0.9233089089393616 0.454135000705719 
vt 0.9480262994766235 0.454135000705719 
vt 0.9480260014533997 0.24051028490066528 
vt 0.9233084917068481 0.24051028490066528 
vt 0.0019176499918103218 0.47966015338897705 
vt 0.014968070201575756 0.47966015338897705 
vt 0.7240590453147888 0.74808669090271 
vt 0.7240590453147888 0.7233691811561584 
vt 0.09403795748949051 0.18059730529785156 
vt 0.09403795748949051 0.20806127786636353 
vt 0.09940574318170547 0.20806127786636353 
vt 0.09940574318170547 0.18059730529785156 
vt 0.8929460048675537 0.4541349411010742 
vt 0.8929460048675537 0.24051028490066528 
vt 0.08806584775447845 0.20806115865707397 
vt 0.08806584775447845 0.1805972456932068 
vt 0.18833176791667938 0.6971272826194763 
vt 0.18833176791667938 0.4835026264190674 
vt 0.24037985503673553 0.14709538221359253 
vt 0.24037982523441315 0.17181295156478882 
vt 0.24574759602546692 0.17181295156478882 
vt 0.24574759602546692 0.14709538221359253 
vt 0.020335840061306953 0.47966015338897705 
vt 0.020335840061306953 0.2660355567932129 
vt 0.2344077080488205 0.17181295156478882 
vt 0.2344077080488205 0.14709538221359253 
vt 0.9173362851142883 0.454135000705719 
vt 0.9173362851142883 0.24051028490066528 
vt 0.9421263933181763 0.23666787147521973 
vt 0.955176830291748 0.23666787147521973 
vt 0.2910366654396057 0.22513222694396973 
vt 0.2910366654396057 0.4475899338722229 
vt 0.48329398036003113 0.4475899338722229 
vt 0.48329398036003113 0.22513222694396973 
vt 0.9306551218032837 0.023048460483551025 
vt 0.9176046848297119 0.023048460483551025 
vt 0.48991143703460693 0.22513222694396973 
vt 0.48991143703460693 0.4475899338722229 
vt 0.4954765737056732 0.4475899338722229 
vt 0.4954765737056732 0.22513222694396973 
vt 0.9362202286720276 0.23666787147521973 
vt 0.9362202286720276 0.21530580520629883 
vt 0.2552430331707001 0.47966015338897705 
vt 0.2552430331707001 0.2572024464607239 
vt 0.9607419371604919 0.04441046714782715 
vt 0.9607419371604919 0.023048460483551025 
vt 0.9058404564857483 0.09464943408966064 
vt 0.9058404564857483 0.10608774423599243 
vt 0.9058404564857483 0.16250908374786377 
vt 0.9089695811271667 0.16250908374786377 
vt 0.9089695811271667 0.10608774423599243 
vt 0.9089695811271667 0.09464943408966064 
vt 0.9084293246269226 0.09464943408966064 
vt 0.9063806533813477 0.09464943408966064 
vt 0.8691255450248718 0.23666787147521973 
vt 0.8905196189880371 0.2252294421195984 
vt 0.8972052335739136 0.1688082218170166 
vt 0.8637769818305969 0.23666787147521973 
vt 0.8297911286354065 0.08118802309036255 
vt 0.8244425654411316 0.08118802309036255 
vt 0.8578708171844482 0.14904773235321045 
vt 0.8511852025985718 0.09262639284133911 
vt 0.9074050188064575 0.09464943408966064 
vt 0.9074050188064575 0.16250908374786377 
vt 0.9074050188064575 0.09464943408966064 
vt 0.9074050188064575 0.10608774423599243 
vn 0.9946224093437195 0.07961340248584747 -0.06624195724725723
vn 0.9946221113204956 0.07961522042751312 -0.06624366343021393
vn 0.994622528553009 0.07961174100637436 -0.06624262034893036
vn 0.994621753692627 0.07961815595626831 -0.06624650955200195
vn 0.9946221709251404 0.07961423695087433 -0.066243477165699
vn 0.9946227073669434 0.07961014658212662 -0.06624212861061096
vn 0.9946220517158508 0.0796152651309967 -0.06624459475278854
vn 0.9946219325065613 0.07961653918027878 -0.06624448299407959
vn 0.994622528553009 0.07961226999759674 -0.0662422701716423
vn 0.9946224689483643 0.07961160689592361 -0.06624241918325424
vn 0.9946224093437195 0.07961224019527435 -0.06624317914247513
vn 0.9946220517158508 0.07961618900299072 -0.0662432536482811
vn 0.9946222305297852 0.07961486279964447 -0.06624297797679901
vn 0.994622528553009 0.07961216568946838 -0.0662418007850647
vn 0.9946225881576538 0.0796121284365654 -0.06624208390712738
vn -0.994622528553009 -0.07961245626211166 0.06624127179384232
vn -0.9946225881576538 -0.07961183786392212 0.0662418007850647
vn -0.9946222901344299 -0.07961425930261612 0.0662420243024826
vn -0.9946221709251404 -0.07961340248584747 0.06624417006969452
vn -0.994621753692627 -0.07961748540401459 0.0662459209561348
vn -0.9946224689483643 -0.07961026579141617 0.06624487042427063
vn -0.994621992111206 -0.07961533218622208 0.0662456676363945
vn -0.994621753692627 -0.07961469143629074 0.06624981015920639
vn -0.9946222305297852 -0.07961340248584747 0.06624426692724228
vn -0.9946223497390747 -0.07961215078830719 0.06624487042427063
vn -0.9946221113204956 -0.07961219549179077 0.06624767184257507
vn -0.9946221709251404 -0.07960910350084305 0.0662509873509407
vn -0.9946222901344299 -0.07961495965719223 0.0662418007850647
vn -0.9946222901344299 -0.07961455732584 0.06624337285757065
vn -0.9946222901344299 -0.07961325347423553 0.06624391674995422
vn 0.9946222901344299 0.07961437106132507 -0.06624119728803635
vn 0.9946220517158508 0.07961536943912506 -0.06624407321214676
vn 0.9946224093437195 0.07961199432611465 -0.06624287366867065
vn 0.9946216344833374 0.07961814105510712 -0.06624699383974075
vn 0.9946221709251404 0.07961404323577881 -0.06624346226453781
vn 0.9946226477622986 0.07961081713438034 -0.06624160706996918
vn 0.9946221113204956 0.07961607724428177 -0.06624402105808258
vn 0.9946220517158508 0.07961663603782654 -0.06624388694763184
vn 0.9946224689483643 0.07961221039295197 -0.06624184548854828
vn 0.9946222305297852 0.07961315661668777 -0.06624400615692139
vn 0.9946224093437195 0.07961276918649673 -0.06624219566583633
vn 0.9946220517158508 0.07961728423833847 -0.06624232977628708
vn 0.9946221709251404 0.07961466908454895 -0.06624273210763931
vn 0.9946222901344299 0.0796131044626236 -0.06624390929937363
vn 0.9946219325065613 0.07961490750312805 -0.06624666601419449
vn -0.9946225881576538 -0.07961197197437286 0.066240593791008
vn -0.9946224093437195 -0.07961270958185196 0.06624320149421692
vn -0.994622528553009 -0.07961194217205048 0.0662413239479065
vn -0.9946222305297852 -0.07961346954107285 0.06624434888362885
vn -0.994622528553009 -0.07961229979991913 0.0662420392036438
vn -0.9946221709251404 -0.0796140506863594 0.06624529510736465
vn -0.9946224093437195 -0.0796130895614624 0.06624312698841095
vn -0.9946224093437195 -0.07961224019527435 0.06624319404363632
vn -0.9946221709251404 -0.07961489260196686 0.06624342501163483
vn -0.9946224093437195 -0.07961276173591614 0.06624256819486618
vn -0.994622528553009 -0.0796116515994072 0.06624314934015274
vn -0.9946222901344299 -0.07961311936378479 0.06624364852905273
vn -0.9946222305297852 -0.07961506396532059 0.06624189019203186
vn -0.9946222901344299 -0.07961443811655045 0.06624247878789902
vn -0.9946222901344299 -0.07961362600326538 0.06624390929937363
vn 0.9946223497390747 0.07961388677358627 -0.06624194234609604
vn 0.9946221113204956 0.07961554825305939 -0.06624365597963333
vn 0.9946224689483643 0.07961224019527435 -0.06624262034893036
vn 0.9946216940879822 0.07961815595626831 -0.06624672561883926
vn 0.9946221709251404 0.07961440831422806 -0.06624368578195572
vn 0.9946226477622986 0.07961034029722214 -0.06624206900596619
vn 0.9946221113204956 0.07961529493331909 -0.06624455004930496
vn 0.994621992111206 0.0796167328953743 -0.06624464690685272
vn 0.9946224689483643 0.07961215823888779 -0.06624232232570648
vn 0.994622528553009 0.07961118966341019 -0.06624238938093185
vn 0.994622528553009 0.07961162179708481 -0.06624294817447662
vn 0.9946221113204956 0.07961641252040863 -0.06624312698841095
vn 0.9946221709251404 0.07961511611938477 -0.066243015229702
vn 0.994622528553009 0.07961182296276093 -0.06624197214841843
vn 0.9946224093437195 0.07961175590753555 -0.06624256819486618
vn -0.994622528553009 -0.07961250841617584 0.06624135375022888
vn -0.9946222901344299 -0.07961275428533554 0.06624332815408707
vn -0.9946224093437195 -0.07961229979991913 0.06624215841293335
vn -0.9946222901344299 -0.07961321622133255 0.06624409556388855
vn -0.994622528553009 -0.07961248606443405 0.06624265015125275
vn -0.9946221709251404 -0.07961363345384598 0.06624463200569153
vn -0.9946224093437195 -0.07961321622133255 0.06624260544776917
vn -0.9946224689483643 -0.07961245626211166 0.06624270975589752
vn -0.9946222305297852 -0.07961457222700119 0.06624337285757065
vn -0.9946223497390747 -0.07961256057024002 0.06624315679073334
vn -0.994622528553009 -0.07961214333772659 0.06624219566583633
vn -0.9946224689483643 -0.07961254566907883 0.06624270230531693
vn -0.9946222305297852 -0.07961518317461014 0.06624171137809753
vn -0.9946222901344299 -0.07961423695087433 0.06624329835176468
vn -0.9946223497390747 -0.07961276918649673 0.06624384969472885
vn 0.9946224093437195 0.07961340248584747 -0.06624195724725723
vn 0.9946221113204956 0.07961519062519073 -0.0662437230348587
vn 0.9946224093437195 0.07961176335811615 -0.0662427693605423
vn 0.9946218729019165 0.07961809635162354 -0.06624413281679153
vn 0.9946221113204956 0.07961533218622208 -0.06624291092157364
vn 0.9946226477622986 0.07961028069257736 -0.06624189764261246
vn 0.9946223497390747 0.07961329817771912 -0.06624339520931244
vn 0.994621992111206 0.07961653172969818 -0.06624426692724228
vn 0.9946223497390747 0.07961338013410568 -0.06624256074428558
vn 0.994622528553009 0.07961124926805496 -0.0662422776222229
vn 0.9946224689483643 0.07961265742778778 -0.06624308973550797
vn 0.9946221709251404 0.07961422204971313 -0.06624426692724228
vn 0.9946220517158508 0.07961509376764297 -0.06624498963356018
vn 0.9946224093437195 0.07961201667785645 -0.06624196469783783
vn 0.9946224093437195 0.07961175590753555 -0.06624256819486618
vn -0.994622528553009 -0.07961250841617584 0.06624135375022888
vn -0.9946222901344299 -0.07961275428533554 0.06624332815408707
vn -0.9946224093437195 -0.0796126052737236 0.06624215096235275
vn -0.9946221709251404 -0.07961344718933105 0.0662442147731781
vn -0.9946221709251404 -0.0796157494187355 0.06624310463666916
vn -0.9946221709251404 -0.07961363345384598 0.06624463200569153
vn -0.994621992111206 -0.07961668074131012 0.06624333560466766
vn -0.9946220517158508 -0.07961539924144745 0.06624508649110794
vn -0.9946222305297852 -0.0796145647764206 0.06624326854944229
vn -0.9946223497390747 -0.07961288839578629 0.06624327600002289
vn -0.9946222305297852 -0.07961396872997284 0.06624432653188705
vn -0.9946227073669434 -0.07960609346628189 0.0662461668252945
vn -0.9946221709251404 -0.07961679250001907 0.0662415623664856
vn -0.9946222305297852 -0.07961449027061462 0.06624330580234528
vn -0.9946222305297852 -0.07961355149745941 0.06624453514814377
vn 0.9946223497390747 0.07961420714855194 -0.06624185293912888
vn 0.9946220517158508 0.07961582392454147 -0.06624441593885422
vn 0.9946224689483643 0.07961204648017883 -0.06624331325292587
vn 0.9946216344833374 0.07961846888065338 -0.06624770909547806
vn 0.9946221709251404 0.07961466908454895 -0.0662441998720169
vn 0.9946226477622986 0.07961047440767288 -0.06624224781990051
vn 0.9946218729019165 0.07961533963680267 -0.06624726206064224
vn 0.9946219325065613 0.07961554825305939 -0.06624531000852585
vn 0.9946224093437195 0.07961257547140121 -0.06624191254377365
vn 0.9946223497390747 0.0796128362417221 -0.06624346226453781
vn 0.994621992111206 0.07961533218622208 -0.06624649465084076
vn 0.9946220517158508 0.07961512356996536 -0.0662454143166542
vn 0.9946222901344299 0.07961361110210419 -0.06624256074428558
vn 0.9946223497390747 0.07961337268352509 -0.06624287366867065
vn 0.9946219325065613 0.07961516082286835 -0.06624618917703629
vn -0.9946226477622986 -0.07961145788431168 0.06624101847410202
vn -0.9946222901344299 -0.07961270958185196 0.06624312698841095
vn -0.994622528553009 -0.07961191982030869 0.06624102592468262
vn -0.9946222901344299 -0.07961332052946091 0.06624414771795273
vn -0.9946224093437195 -0.07961241900920868 0.06624270230531693
vn -0.9946220517158508 -0.07961505651473999 0.06624526530504227
vn -0.9946223497390747 -0.07961291819810867 0.06624317169189453
vn -0.9946223497390747 -0.07961297780275345 0.06624352931976318
vn -0.9946221709251404 -0.0796148031949997 0.06624354422092438
vn -0.9946222901344299 -0.07961393892765045 0.06624296307563782
vn -0.9946223497390747 -0.07961251586675644 0.0662427619099617
vn -0.9946222901344299 -0.07961305230855942 0.06624352931976318
vn -0.9946223497390747 -0.07961460202932358 0.06624172627925873
vn -0.9946221709251404 -0.07961483299732208 0.06624303758144379
vn -0.9946222305297852 -0.07961413264274597 0.0662434920668602
vn 0.9946224093437195 0.07961388677358627 -0.06624079495668411
vn 0.9946221113204956 0.07961534708738327 -0.0662432536482811
vn 0.9946224093437195 0.07961191236972809 -0.06624235957860947
vn 0.9946216940879822 0.07961815595626831 -0.06624657660722733
vn 0.9946221709251404 0.07961428910493851 -0.06624355167150497
vn 0.9946227073669434 0.07961034029722214 -0.06624193489551544
vn 0.9946221113204956 0.07961557060480118 -0.0662444680929184
vn 0.994621992111206 0.07961656153202057 -0.0662442296743393
vn 0.9946224689483643 0.07961233705282211 -0.06624194979667664
vn 0.9946224093437195 0.0796121284365654 -0.06624366343021393
vn 0.9946223497390747 0.07961291819810867 -0.06624291092157364
vn 0.9946221113204956 0.0796164870262146 -0.06624285131692886
vn 0.9946222305297852 0.07961512356996536 -0.06624247133731842
vn 0.9946222901344299 0.07961291074752808 -0.06624334305524826
vn 0.994621992111206 0.07961437106132507 -0.06624680012464523
vn -0.994622528553009 -0.07961202412843704 0.06624140590429306
vn -0.9946222901344299 -0.07961302995681763 0.0662429928779602
vn -0.994622528553009 -0.07961222529411316 0.06624136120080948
vn -0.9946222901344299 -0.07961326837539673 0.0662442147731781
vn -0.9946222305297852 -0.07961499691009521 0.0662425309419632
vn -0.9946221113204956 -0.0796140804886818 0.06624510884284973
vn -0.9946221113204956 -0.07961510121822357 0.06624426692724228
vn -0.9946218132972717 -0.079615518450737 0.06624801456928253
vn -0.9946221709251404 -0.07961452007293701 0.06624365597963333
vn -0.9946224689483643 -0.07961264252662659 0.06624305993318558
vn -0.9946221113204956 -0.07961230725049973 0.06624742597341537
vn -0.9946221709251404 -0.07960889488458633 0.06625062972307205
vn -0.9946222305297852 -0.07961506396532059 0.06624162197113037
vn -0.9946222901344299 -0.0796143114566803 0.06624303758144379
vn -0.9946222901344299 -0.07961314916610718 0.06624394655227661
vn 0.9946223497390747 0.0796147957444191 -0.06624181568622589
vn 0.9946221113204956 0.07961595803499222 -0.06624357402324677
vn 0.9946224093437195 0.07961296290159225 -0.06624225527048111
vn 0.994621753692627 0.07961779087781906 -0.06624697148799896
vn 0.9946221709251404 0.07961422204971313 -0.06624344736337662
vn 0.9946225881576538 0.0796106830239296 -0.06624167412519455
vn 0.994621992111206 0.07961603254079819 -0.06624436378479004
vn 0.994621992111206 0.07961641997098923 -0.06624417752027512
vn 0.9946224689483643 0.07961202412843704 -0.06624196469783783
vn 0.9946223497390747 0.07961259037256241 -0.06624379009008408
vn 0.9946224093437195 0.07961298525333405 -0.06624247878789902
vn 0.9946220517158508 0.07961711287498474 -0.06624236702919006
vn 0.9946222901344299 0.07961491495370865 -0.06624212861061096
vn 0.9946222901344299 0.07961307466030121 -0.06624332070350647
vn 0.9946219325065613 0.07961490005254745 -0.06624671071767807
vn -0.994622528553009 -0.07961231470108032 0.06624143570661545
vn -0.9946225881576538 -0.07961180061101913 0.06624187529087067
vn -0.9946224093437195 -0.0796123594045639 0.06624209880828857
vn -0.9946224689483643 -0.07961199432611465 0.06624200940132141
vn -0.9946221709251404 -0.07961557060480118 0.0662427619099617
vn -0.9946223497390747 -0.07961265742778778 0.0662432536482811
vn -0.9946222305297852 -0.07961408793926239 0.06624336540699005
vn -0.9946218132972717 -0.07961559295654297 0.06624813377857208
vn -0.9946222305297852 -0.07961329072713852 0.06624415516853333
vn -0.9946221113204956 -0.07961428910493851 0.0662461668252945
vn -0.9946221113204956 -0.07961224019527435 0.0662475973367691
vn -0.9946221709251404 -0.07960901409387589 0.06625089049339294
vn -0.9946224093437195 -0.07961257547140121 0.06624322384595871
vn -0.994621992111206 -0.07961434870958328 0.06624630093574524
vn -0.9946222305297852 -0.07961306720972061 0.06624443829059601
vn 0.9946224093437195 0.07961405813694 -0.0662405863404274
vn 0.9946221113204956 0.07961540669202805 -0.0662432312965393
vn 0.994622528553009 0.07961209118366241 -0.06624250113964081
vn 0.9946216344833374 0.07961815595626831 -0.06624691933393478
vn 0.9946221709251404 0.0796143040060997 -0.06624391674995422
vn 0.9946226477622986 0.07961052656173706 -0.0662422776222229
vn 0.9946221113204956 0.07961548119783401 -0.0662446916103363
vn 0.9946219325065613 0.0796167179942131 -0.06624449044466019
vn 0.9946224689483643 0.0796123594045639 -0.06624213606119156
vn 0.9946224093437195 0.0796121135354042 -0.06624367833137512
vn 0.994622528553009 0.07961176335811615 -0.066243015229702
vn 0.9946221113204956 0.07961646467447281 -0.06624290347099304
vn 0.9946222305297852 0.07961533218622208 -0.06624247133731842
vn 0.9946223497390747 0.07961291074752808 -0.06624335795640945
vn 0.9946218729019165 0.07961435616016388 -0.06624681502580643
vn -0.994622528553009 -0.07961259037256241 0.06624196469783783
vn -0.9946222901344299 -0.0796131119132042 0.06624345481395721
vn -0.9946224689483643 -0.0796128362417221 0.0662422701716423
vn -0.9946221709251404 -0.07961374521255493 0.06624434888362885
vn -0.9946224093437195 -0.07961267977952957 0.06624311953783035
vn -0.9946221113204956 -0.07961378991603851 0.06624481827020645
vn -0.9946223497390747 -0.07961330562829971 0.06624306738376617
vn -0.9946224689483643 -0.0796118974685669 0.06624259799718857
vn -0.9946221709251404 -0.07961469143629074 0.06624364852905273
vn -0.9946223497390747 -0.07961246371269226 0.06624316424131393
vn -0.9946224689483643 -0.07961206883192062 0.0662420243024826
vn -0.9946224689483643 -0.07961218059062958 0.06624215096235275
vn -0.9946222305297852 -0.07961545139551163 0.06624208390712738
vn -0.9946222901344299 -0.07961419224739075 0.06624326854944229
vn -0.9946223497390747 -0.07961275428533554 0.06624392420053482
vn 0.9946224093437195 0.07961416989564896 -0.06624075025320053
vn 0.9946221113204956 0.07961547374725342 -0.06624334305524826
vn 0.9946224093437195 0.07961209863424301 -0.06624241918325424
vn 0.994621753692627 0.07961814850568771 -0.06624703854322433
vn 0.9946221709251404 0.07961416989564896 -0.06624367833137512
vn 0.9946225881576538 0.07961065322160721 -0.06624219566583633
vn 0.9946221113204956 0.07961549609899521 -0.06624466180801392
vn 0.994621992111206 0.07961656153202057 -0.06624438613653183
vn 0.9946224093437195 0.07961232215166092 -0.06624237447977066
vn 0.9946224689483643 0.07961173355579376 -0.06624267250299454
vn 0.994622528553009 0.07961159199476242 -0.06624291092157364
vn 0.9946221113204956 0.07961653172969818 -0.06624281406402588
vn 0.9946221709251404 0.0796150416135788 -0.0662427544593811
vn 0.9946224689483643 0.07961221039295197 -0.06624238938093185
vn 0.9946225881576538 0.0796116515994072 -0.06624201685190201
vn -0.994622528553009 -0.07961247116327286 0.06624160706996918
vn -0.994622528553009 -0.07961171865463257 0.0662422627210617
vn -0.9946224689483643 -0.0796121135354042 0.06624259054660797
vn -0.9946224689483643 -0.07961177080869675 0.06624368578195572
vn -0.9946224689483643 -0.07961238920688629 0.06624282151460648
vn -0.9946224689483643 -0.07961000502109528 0.06624492257833481
vn -0.9946224093437195 -0.07961329072713852 0.06624263525009155
vn -0.9946224093437195 -0.07961246371269226 0.06624270975589752
vn -0.9946222305297852 -0.07961328327655792 0.06624416261911392
vn -0.9946223497390747 -0.07961159944534302 0.06624460965394974
vn -0.9946224689483643 -0.07961215078830719 0.06624220311641693
vn -0.9946224093437195 -0.07961252331733704 0.06624272465705872
vn -0.9946222305297852 -0.0796152874827385 0.06624165922403336
vn -0.9946222901344299 -0.07961419969797134 0.06624319404363632
vn -0.9946223497390747 -0.07961271703243256 0.06624384969472885
vn 0.0 0.0 -1.0
vn 0.0 0.0 -1.0
vn 0.0 0.0 -1.0
vn 0.0 0.0 -1.0
vn 0.0 0.0 -1.0
vn 0.0 0.0 -1.0
vn 0.0 0.0 -1.0
vn 0.0 0.0 -1.0
vn 0.0 0.0 -1.0
vn 0.0 0.0 -1.0
vn 0.0 0.0 -1.0
vn 0.0 0.0 -1.0
vn 0.0 0.0 -1.0
vn 0.0 0.0 -1.0
vn 0.0 0.0 -1.0
vn 0.0 0.0 -1.0
vn 0.0 0.0 -1.0
vn 0.0 0.0 -1.0
vn 0.0 0.0 -1.0
vn 0.0 0.0 -1.0
vn 0.0 0.0 -1.0
vn 0.0 0.0 1.0
vn 0.0 0.0 1.0
vn 0.0 0.0 1.0
vn 0.0 0.0 1.0
vn 0.0 0.0 1.0
vn 0.0 0.0 1.0
vn 0.0 0.0 1.0
vn 0.0 0.0 1.0
vn 0.0 0.0 1.0
vn 0.0 0.0 1.0
vn 0.0 0.0 1.0
vn 0.0 0.0 1.0
vn 0.0 0.0 1.0
vn 0.0 0.0 1.0
vn 0.0 0.0 1.0
vn 0.0 0.0 1.0
vn 0.0 0.0 1.0
vn 0.0 0.0 1.0
vn 0.0 0.0 1.0
vn 0.0 0.0 1.0
vn 0.0 0.0 1.0
vn -0.14602069556713104 -0.9892815947532654 7.862980169193179e-07
vn -0.1460229605436325 -0.9892812967300415 -2.279294676554855e-06
vn -0.14602242410182953 -0.9892812371253967 -2.0071079520622703e-10
vn -0.14602167904376984 -0.9892813563346863 1.5592220279359026e-06
vn -0.1460236757993698 -0.9892809987068176 -4.365637664704991e-07
vn -0.14602234959602356 -0.9892812371253967 -6.250517881056794e-10
vn -0.1460236757993698 -0.9892811179161072 4.346296407220507e-07
vn -0.14602282643318176 -0.9892812967300415 -7.275614848367695e-07
vn -0.14602124691009521 -0.9892815351486206 -1.4943958603907959e-06
vn -0.14602228999137878 -0.9892812967300415 7.493512157452642e-07
vn -0.1460227519273758 -0.9892812967300415 -4.3059006360479657e-10
vn -0.14602228999137878 -0.9892812371253967 -7.485621154046385e-07
vn -0.14602123200893402 -0.989281415939331 1.498147639722447e-06
vn -0.14602284133434296 -0.9892812967300415 7.287794687727001e-07
vn -0.1460236757993698 -0.9892811179161072 -4.36564022265884e-07
vn -0.14602236449718475 -0.9892813563346863 -6.250531758844602e-10
vn -0.1460236757993698 -0.9892811179161072 4.3462981125230726e-07
vn -0.14602167904376984 -0.989281415939331 -1.5601682434862596e-06
vn -0.14602068066596985 -0.9892815947532654 -7.873267691138608e-07
vn -0.1460229456424713 -0.9892812371253967 2.2774829631089233e-06
vn -0.14602290093898773 -0.989281177520752 -4.305905076940064e-10
vn 0.14602215588092804 0.9892812967300415 1.3064081940683536e-06
vn 0.14602017402648926 0.9892816543579102 -2.462703605488059e-06
vn 0.14602220058441162 0.9892813563346863 -3.6376633261170355e-07
vn 0.14601784944534302 0.989281952381134 -5.0897401706606615e-06
vn 0.14602571725845337 0.9892808794975281 -2.8914475933561334e-06
vn 0.14602841436862946 0.9892804026603699 -3.958644245738441e-10
vn 0.14601586759090424 0.9892822504043579 2.125427954524639e-06
vn 0.14602044224739075 0.9892815947532654 -3.850039320241194e-06
vn 0.14602655172348022 0.9892807006835938 -5.141739165992476e-06
vn 0.14602243900299072 0.9892812967300415 -7.016328709141817e-07
vn 0.1460232138633728 0.9892812371253967 -4.722615631891358e-10
vn 0.14602243900299072 0.9892812371253967 7.021978944976581e-07
vn 0.1460265815258026 0.9892807006835938 5.14128441864159e-06
vn 0.14602044224739075 0.9892815947532654 3.848885626211995e-06
vn 0.14601588249206543 0.9892822504043579 -2.1257067146507325e-06
vn 0.14602185785770416 0.9892813563346863 -6.250510109495622e-10
vn 0.1460244506597519 0.9892809391021729 -1.0098697202920448e-06
vn 0.14602375030517578 0.989281177520752 7.575889071631536e-07
vn 0.1460205316543579 0.9892815947532654 2.728067784119048e-06
vn 0.14602194726467133 0.9892813563346863 -6.103026635173592e-07
vn 0.1460227519273758 0.9892812967300415 -4.722600643880526e-10
vn -0.09796583652496338 0.5161442756652832 -0.8508805632591248
vn -0.0979815423488617 0.5161496996879578 -0.8508755564689636
vn -0.09797293692827225 0.5161467790603638 -0.8508782982826233
vn -0.09794473648071289 0.516139566898346 -0.8508859276771545
vn 0.07801870256662369 -0.9966150522232056 -0.02591324970126152
vn 0.07799787819385529 -0.996616542339325 -0.02591964416205883
vn 0.07801347225904465 -0.9966154098510742 -0.025915196165442467
vn 0.078028105199337 -0.9966144561767578 -0.025910116732120514
vn -0.09797005355358124 0.5161476135253906 -0.8508780598640442
vn -0.09797607362270355 0.5161491632461548 -0.8508764505386353
vn 0.07802755385637283 -0.9966145753860474 -0.025903204455971718
vn 0.07801756262779236 -0.9966155290603638 -0.025899456813931465
vn -0.09798020124435425 0.5161435604095459 -0.850879430770874
vn -0.09796939790248871 0.5161442160606384 -0.8508802652359009
vn 0.07800813764333725 -0.9966161847114563 -0.025902271270751953
vn 0.07800887525081635 -0.996616005897522 -0.025908784940838814
vn -0.09800297021865845 0.5161455869674683 -0.8508754968643188
vn -0.09798579663038254 0.5161417126655579 -0.8508798480033875
vn 0.019955307245254517 0.4804757535457611 0.8767809271812439
vn 0.01994503103196621 0.4804637134075165 0.8767877817153931
vn 0.019950171932578087 0.4804697334766388 0.8767843842506409
vn 0.01997201517224312 0.4804826080799103 0.8767768144607544
vn 0.019952213391661644 0.48046875 0.8767848610877991
vn 0.01995069719851017 0.4804651141166687 0.8767869472503662
vn 0.019950557500123978 0.4804655611515045 0.8767865896224976
vn 0.019948476925492287 0.4804675281047821 0.8767856359481812
vn 0.019961846992373466 0.48046743869781494 0.876785397529602
vn 0.019953614100813866 0.48046407103538513 0.8767873644828796
vn 0.07801372557878494 -0.9966154098510742 -0.025914130732417107
vn 0.07802968472242355 -0.9966143369674683 -0.025909578427672386
vn -0.09797452390193939 0.5161454677581787 -0.850878894329071
vn -0.09797903150320053 0.5161475539207458 -0.8508771061897278
vn -0.09797384589910507 0.5161458253860474 -0.8508787155151367
vn -0.0979766696691513 0.5161459445953369 -0.8508783578872681
vn 0.07803625613451004 -0.996613621711731 -0.02591448277235031
vn 0.07799626141786575 -0.9966164231300354 -0.025929268449544907
vn 0.07802608609199524 -0.9966142773628235 -0.02592075988650322
vn 0.07804636657238007 -0.9966130256652832 -0.025908222422003746
vn -0.09799158573150635 0.5161475539207458 -0.8508756160736084
vn -0.09798555076122284 0.5161479115486145 -0.8508760929107666
vn 0.07803681492805481 -0.9966139197349548 -0.02590434066951275
vn 0.07802789658308029 -0.9966145753860474 -0.02590366266667843
vn -0.09798980504274368 0.5161461234092712 -0.8508767485618591
vn -0.09799105674028397 0.5161460638046265 -0.8508766293525696
vn 0.07802849262952805 -0.996614396572113 -0.02590707316994667
vn 0.07803920656442642 -0.9966135025024414 -0.02591082639992237
vn -0.09798818826675415 0.5161461234092712 -0.8508769273757935
vn -0.09798941761255264 0.5161463618278503 -0.8508765697479248
vn 0.019969072192907333 0.48047688603401184 0.8767800331115723
vn 0.01995404064655304 0.4804658889770508 0.876786470413208
vn 0.01996377483010292 0.48047226667404175 0.8767826557159424
vn 0.019985798746347427 0.4804837107658386 0.876775860786438
vn 0.019947530701756477 0.4804668724536896 0.8767860531806946
vn 0.019955124706029892 0.48046690225601196 0.8767857551574707
vn 0.019930191338062286 0.48046183586120605 0.8767890930175781
vn 0.019938848912715912 0.480465829372406 0.8767867684364319
vn 0.01992962695658207 0.48046112060546875 0.8767895102500916
vn 0.019930092617869377 0.4804612994194031 0.876789391040802
vn 0.07804389297962189 -0.9966130256652832 -0.025916295126080513
vn 0.07805940508842468 -0.9966118931770325 -0.02591187320649624
vn -0.09796851128339767 0.5161441564559937 -0.8508803844451904
vn -0.0979795977473259 0.5161485075950623 -0.85087651014328
vn -0.09797549992799759 0.5161466002464294 -0.8508780002593994
vn -0.0979476049542427 0.5161394476890564 -0.8508855700492859
vn 0.0780186727643013 -0.9966150522232056 -0.02591334469616413
vn 0.07799778878688812 -0.996616542339325 -0.02591967023909092
vn 0.07801342755556107 -0.9966154098510742 -0.02591520920395851
vn 0.07802830636501312 -0.9966144561767578 -0.02591022290289402
vn -0.09795863181352615 0.5161470174789429 -0.8508797883987427
vn -0.09796977043151855 0.5161483287811279 -0.8508777618408203
vn 0.07802772521972656 -0.9966145157814026 -0.025906916707754135
vn 0.07802817970514297 -0.9966145753860474 -0.025903694331645966
vn -0.09796682745218277 0.5161440968513489 -0.8508805632591248
vn -0.09795726090669632 0.516144871711731 -0.8508811593055725
vn 0.07802897691726685 -0.996614396572113 -0.02590717002749443
vn 0.0780399888753891 -0.9966135025024414 -0.02591082639992237
vn -0.09798859059810638 0.5161460638046265 -0.8508768677711487
vn -0.09797218441963196 0.5161424279212952 -0.8508809804916382
vn 0.0199678186327219 0.48047927021980286 0.876778781414032
vn 0.01997249200940132 0.48046979308128357 0.8767838478088379
vn 0.01997174322605133 0.48047521710395813 0.8767809271812439
vn 0.01995793916285038 0.48047518730163574 0.876781165599823
vn 0.019955387338995934 0.4804671108722687 0.8767856955528259
vn 0.019966116175055504 0.4804665148258209 0.8767857551574707
vn 0.01994304172694683 0.4804621934890747 0.8767886757850647
vn 0.01995139941573143 0.4804680645465851 0.8767853379249573
vn 0.019933495670557022 0.48045584559440613 0.8767923712730408
vn 0.01994086056947708 0.4804588556289673 0.8767905235290527
vn 0.07804473489522934 -0.9966129660606384 -0.025916272774338722
vn 0.07806037366390228 -0.9966118335723877 -0.025911809876561165
vn -0.0979686975479126 0.5161440372467041 -0.8508803248405457
vn -0.09799062460660934 0.5161502957344055 -0.850874125957489
vn -0.09797576814889908 0.5161462426185608 -0.8508781790733337
vn -0.0979476049542427 0.5161393284797668 -0.8508856892585754
vn 0.0780186727643013 -0.9966150522232056 -0.02591334469616413
vn 0.07799778878688812 -0.996616542339325 -0.02591967023909092
vn 0.07801342755556107 -0.9966154098510742 -0.02591520920395851
vn 0.07802817970514297 -0.9966144561767578 -0.025910254567861557
vn -0.09798523783683777 0.5161460638046265 -0.8508772253990173
vn -0.09799131751060486 0.5161492228507996 -0.8508746027946472
vn 0.07802748680114746 -0.9966145157814026 -0.025906942784786224
vn 0.07802794128656387 -0.9966145753860474 -0.025903675705194473
vn -0.09797731786966324 0.5161430239677429 -0.8508800268173218
vn -0.09797842055559158 0.5161430239677429 -0.8508799076080322
vn 0.07802911102771759 -0.9966145157814026 -0.025903480127453804
vn 0.07803010195493698 -0.996614396572113 -0.02590647153556347
vn -0.09798860549926758 0.5161458253860474 -0.8508769869804382
vn -0.09798013418912888 0.5161439776420593 -0.8508791923522949
vn 0.019949370995163918 0.4804743230342865 0.8767818808555603
vn 0.019941607490181923 0.4804658889770508 0.8767866492271423
vn 0.01994689181447029 0.4804706871509552 0.8767838478088379
vn 0.0199576523154974 0.4804776906967163 0.8767798542976379
vn 0.0199473537504673 0.4804677367210388 0.8767854571342468
vn 0.01994173228740692 0.4804644286632538 0.8767874836921692
vn 0.019957520067691803 0.48046550154685974 0.8767865300178528
vn 0.019953448325395584 0.48046761751174927 0.8767854571342468
vn 0.019953684881329536 0.4804602265357971 0.8767895102500916
vn 0.01995687372982502 0.4804614782333374 0.8767886757850647
vn 0.07802988588809967 -0.9966142773628235 -0.025909796357154846
vn 0.07802993059158325 -0.9966142177581787 -0.0259097833186388
vn -0.09795408695936203 0.5161430835723877 -0.8508826494216919
vn -0.09795717895030975 0.516152024269104 -0.8508768677711487
vn -0.09795491397380829 0.5161474347114563 -0.850879967212677
vn -0.09795205295085907 0.5161426067352295 -0.8508831858634949
vn 0.07801855355501175 -0.9966151714324951 -0.025910114869475365
vn 0.07799766957759857 -0.996616542339325 -0.025919519364833832
vn 0.07801314443349838 -0.9966154098510742 -0.025915104895830154
vn 0.07802961021661758 -0.9966144561767578 -0.025903506204485893
vn -0.09796886146068573 0.516146719455719 -0.8508787155151367
vn -0.09795782715082169 0.5161502957344055 -0.8508778810501099
vn 0.07803034037351608 -0.9966145157814026 -0.025899894535541534
vn 0.07803069800138474 -0.9966145157814026 -0.025899836793541908
vn -0.09798930585384369 0.5161458849906921 -0.8508769273757935
vn -0.09797912836074829 0.516143262386322 -0.8508796691894531
vn 0.07803010195493698 -0.9966143369674683 -0.025906803086400032
vn 0.07802918553352356 -0.9966142177581787 -0.02591380476951599
vn -0.09798859059810638 0.5161460638046265 -0.8508768677711487
vn -0.09798911958932877 0.516146183013916 -0.8508767485618591
vn 0.01995578035712242 0.48047250509262085 0.8767827153205872
vn 0.019962605088949203 0.48046910762786865 0.8767843842506409
vn 0.019955337047576904 0.4804692268371582 0.8767845630645752
vn 0.019958147779107094 0.48047345876693726 0.8767821788787842
vn 0.019974084571003914 0.4804717004299164 0.8767827153205872
vn 0.019971398636698723 0.4804701507091522 0.8767836689949036
vn 0.019959615543484688 0.4804639518260956 0.8767873048782349
vn 0.01996840536594391 0.4804687201976776 0.8767844438552856
vn 0.019953414797782898 0.4804602265357971 0.8767895102500916
vn 0.019958162680268288 0.4804621636867523 0.8767883777618408
vn 0.07802856713533401 -0.9966140985488892 -0.025920730084180832
vn 0.0780281201004982 -0.9966140985488892 -0.02592085674405098
vn -0.09798768907785416 0.5161435008049011 -0.8508785367012024
vn -0.09798724949359894 0.5161488056182861 -0.8508754372596741
vn -0.09798844903707504 0.5161463618278503 -0.8508767485618591
vn -0.0979856476187706 0.5161430239677429 -0.8508790731430054
vn 0.07802753150463104 -0.9966142773628235 -0.025917354971170425
vn 0.078025683760643 -0.9966143369674683 -0.025921542197465897
vn 0.07802686840295792 -0.9966142177581787 -0.025921203196048737
vn 0.07802768796682358 -0.9966143369674683 -0.025913650169968605
vn -0.09797853976488113 0.5161467790603638 -0.8508776426315308
vn -0.09798462688922882 0.5161495208740234 -0.8508752584457397
vn 0.07802727073431015 -0.9966146349906921 -0.025906970724463463
vn 0.07802779972553253 -0.9966145753860474 -0.025903675705194473
vn -0.0979745015501976 0.516145646572113 -0.8508787155151367
vn -0.09797512739896774 0.5161452293395996 -0.8508789539337158
vn 0.07802899926900864 -0.9966145157814026 -0.02590339444577694
vn 0.07802963256835938 -0.996614396572113 -0.025906413793563843
vn -0.09798000752925873 0.5161474347114563 -0.850877046585083
vn -0.09797590225934982 0.5161464810371399 -0.850878119468689
vn 0.019947245717048645 0.4804743826389313 0.8767818212509155
vn 0.019943347200751305 0.48046526312828064 0.8767869472503662
vn 0.019947083666920662 0.48047059774398804 0.8767840266227722
vn 0.019948992878198624 0.48047512769699097 0.8767814636230469
vn 0.019944535568356514 0.48046642541885376 0.8767863512039185
vn 0.019940538331866264 0.48046255111694336 0.8767884969711304
vn 0.019958874210715294 0.48047032952308655 0.8767837882041931
vn 0.01995174027979374 0.4804694950580597 0.8767844438552856
vn 0.019958479329943657 0.48046815395355225 0.8767850399017334
vn 0.019958943128585815 0.4804683327674866 0.8767849206924438
vn 0.07802923023700714 -0.9966143369674683 -0.025909721851348877
vn 0.07802869379520416 -0.996614396572113 -0.025909876450896263
vn -0.09798775613307953 0.5161461234092712 -0.8508769869804382
vn -0.09799053519964218 0.5161468386650085 -0.8508761525154114
vn -0.09798842668533325 0.5161463618278503 -0.8508767485618591
vn -0.09798574447631836 0.5161457061767578 -0.8508774638175964
vn 0.07804669439792633 -0.9966128468513489 -0.02591513656079769
vn 0.07802567631006241 -0.9966143369674683 -0.02592155896127224
vn 0.07804141938686371 -0.9966132044792175 -0.025917069986462593
vn 0.07804646342992783 -0.9966128468513489 -0.02591477520763874
vn -0.09799100458621979 0.5161459445953369 -0.8508766889572144
vn -0.09799125045537949 0.5161465406417847 -0.8508762717247009
vn 0.07803617417812347 -0.9966137409210205 -0.02591090463101864
vn 0.07802705466747284 -0.9966145157814026 -0.025907130911946297
vn -0.09798809885978699 0.5161462426185608 -0.8508768081665039
vn -0.09799004346132278 0.5161459445953369 -0.8508768081665039
vn 0.07802847772836685 -0.9966145753860474 -0.025903550907969475
vn 0.07802928984165192 -0.996614396572113 -0.025906510651111603
vn -0.0979861244559288 0.5161465406417847 -0.8508768081665039
vn -0.09798763692378998 0.5161469578742981 -0.85087651014328
vn 0.019946373999118805 0.48047393560409546 0.8767821192741394
vn 0.019944628700613976 0.4804633557796478 0.8767879605293274
vn 0.019944019615650177 0.4804680347442627 0.876785397529602
vn 0.019955063238739967 0.4804774522781372 0.8767799735069275
vn 0.019953198730945587 0.48046875 0.8767848610877991
vn 0.019950659945607185 0.48046430945396423 0.8767873048782349
vn 0.01995021663606167 0.48046600818634033 0.8767864108085632
vn 0.01995016448199749 0.4804684817790985 0.8767850995063782
vn 0.019955936819314957 0.4804658889770508 0.8767863512039185
vn 0.01995185948908329 0.48046422004699707 0.8767873644828796
vn 0.07802899926900864 -0.996614396572113 -0.025909792631864548
vn 0.07802876830101013 -0.996614396572113 -0.02590985596179962
vn -0.09798511862754822 0.5161462426185608 -0.8508771061897278
vn -0.09798824787139893 0.5161504149436951 -0.8508743047714233
vn -0.09798558801412582 0.5161480903625488 -0.8508760333061218
vn -0.0979839339852333 0.5161460041999817 -0.8508774638175964
vn 0.07800929993391037 -0.9966158270835876 -0.02591240219771862
vn 0.07802818715572357 -0.9966143369674683 -0.02591068111360073
vn 0.0780138298869133 -0.9966154098510742 -0.02591477707028389
vn 0.07800886780023575 -0.996616005897522 -0.025908861309289932
vn -0.09798020124435425 0.5161454677581787 -0.8508782386779785
vn -0.0979899987578392 0.5161500573158264 -0.8508743047714233
vn 0.07801798731088638 -0.9966154098510742 -0.025902846828103065
vn 0.07802805304527283 -0.9966146945953369 -0.02590022422373295
vn -0.09796670079231262 0.5161411166191101 -0.850882351398468
vn -0.09796865284442902 0.5161409974098206 -0.8508822917938232
vn 0.07802876830101013 -0.996614396572113 -0.02590712532401085
vn 0.07803978025913239 -0.9966134428977966 -0.025910835713148117
vn -0.09798575192689896 0.5161460041999817 -0.8508772850036621
vn -0.09797150641679764 0.5161427855491638 -0.8508808016777039
vn 0.01995719224214554 0.48047393560409546 0.8767818808555603
vn 0.019966971129179 0.4804668426513672 0.8767855763435364
vn 0.01995847187936306 0.48046889901161194 0.87678462266922
vn 0.019955197349190712 0.480473130941391 0.8767823576927185
vn 0.019968971610069275 0.48047298192977905 0.8767821788787842
vn 0.01997353695333004 0.4804694354534149 0.8767840266227722
vn 0.019936321303248405 0.4804636538028717 0.8767879605293274
vn 0.019957931712269783 0.48047322034835815 0.8767823576927185
vn 0.019914066419005394 0.48045384883880615 0.8767939209938049
vn 0.01993081532418728 0.4804607033729553 0.8767897486686707
vn 0.07804445177316666 -0.9966130256652832 -0.025916362181305885
vn 0.07805988192558289 -0.9966118931770325 -0.025911960750818253
vn -0.09798642992973328 0.5161466598510742 -0.8508767485618591
vn -0.0979786366224289 0.5161471366882324 -0.8508774638175964
vn -0.0979873538017273 0.5161479711532593 -0.8508758544921875
vn -0.09798375517129898 0.5161460638046265 -0.8508774638175964
vn 0.07802742719650269 -0.9966143369674683 -0.025913570076227188
vn 0.07802753150463104 -0.9966141581535339 -0.025920502841472626
vn 0.07802708446979523 -0.9966142177581787 -0.025920625776052475
vn 0.0780271589756012 -0.9966145753860474 -0.025906682014465332
vn -0.09795765578746796 0.5161466002464294 -0.8508801460266113
vn -0.09796816855669022 0.5161473751068115 -0.8508784770965576
vn 0.0780271664261818 -0.9966147541999817 -0.025900112465023994
vn 0.07802776992321014 -0.9966146945953369 -0.025900334119796753
vn -0.09796780347824097 0.5161440968513489 -0.8508803844451904
vn -0.09795752912759781 0.516144871711731 -0.8508811593055725
vn 0.07802834361791611 -0.9966145157814026 -0.025907281786203384
vn 0.07803958654403687 -0.9966135025024414 -0.025910798460245132
vn -0.09798858314752579 0.516145646572113 -0.8508771657943726
vn -0.09797289967536926 0.5161421298980713 -0.850881040096283
vn 0.019946152344346046 0.4804708957672119 0.8767838478088379
vn 0.019951462745666504 0.480465292930603 0.8767867088317871
vn 0.01994267851114273 0.4804655909538269 0.8767868280410767
vn 0.019957885146141052 0.48047563433647156 0.8767808675765991
vn 0.01997571811079979 0.4804747998714447 0.8767809867858887
vn 0.019967881962656975 0.48046985268592834 0.8767839074134827
vn 0.01995076984167099 0.4804643988609314 0.8767873048782349
vn 0.019967496395111084 0.4804721772670746 0.8767826557159424
vn 0.019933490082621574 0.48045629262924194 0.8767920732498169
vn 0.01994653418660164 0.4804617166519165 0.8767889142036438
vn 0.07804443687200546 -0.9966129660606384 -0.025916142389178276
vn 0.07806038856506348 -0.9966118335723877 -0.025911590084433556
vn 0.0 0.0 1.0
vn 0.0 0.0 1.0
vn 0.0 0.0 1.0
vn 0.0 0.0 1.0
vn 0.0 0.9734200239181519 0.2290273755788803
vn -1.6595981477962596e-08 0.9095708727836609 0.415548712015152
vn 0.0 1.0 0.0
vn 0.0 1.0 0.0
vn 0.0 -1.0 0.0
vn 0.0 -1.0 0.0
vn 0.0 -0.9981521368026733 0.06076379492878914
vn 1.9022514674560398e-09 -0.9941841959953308 0.1076928898692131
vn 0.9987913966178894 -2.134911136764117e-09 -0.04914981871843338
vn 0.999463677406311 0.008370256051421165 -0.031659625470638275
vn 0.9985321164131165 -5.372896794142434e-09 -0.054162368178367615
vn 0.9992679357528687 0.0 -0.038258250802755356
vn -0.9997995495796204 0.0013056315947324038 -0.019976148381829262
vn -0.9984554052352905 3.3916867092642633e-09 -0.055559318512678146
vn -0.9992679357528687 4.320740654151223e-09 -0.038258250802755356
vn -0.9989171624183655 0.03874243423342705 -0.025757502764463425
vn 0.0 0.0 1.0
vn 0.0 0.0 1.0
vn 0.0 0.0 1.0
vn 0.0 0.0 1.0
vn 0.9982115626335144 -1.875380961635642e-09 -0.05978081002831459
vn 0.9996616840362549 -0.016624271869659424 -0.02000456117093563
vn -0.9991694688796997 -0.030597224831581116 -0.02691180631518364
vn -0.9977310299873352 -0.02314814366400242 -0.0632215291261673
vn 0.0 0.0 1.0
vn 0.0 0.0 1.0
vn 0.0 0.0 1.0
vn 0.0 0.0 1.0
vn 0.9951409697532654 -0.06926422566175461 -0.06997839361429214
vn 0.9923065304756165 -0.12242819368839264 -0.018412165343761444
vn -0.9936745762825012 -0.10699791461229324 -0.034093085676431656
vn -0.9967554211616516 1.5964461752560055e-08 -0.08049024641513824
vn -2.6070882341855395e-08 -0.7575373649597168 -0.6527917981147766
vn 0.0 -0.7575373649597168 -0.6527917981147766
vn -2.6070882341855395e-08 -0.7575373649597168 -0.6527917981147766
vn -5.214176468371079e-08 -0.7575373649597168 -0.6527917981147766
vn 1.0 0.0 0.0
vn 1.0 0.0 0.0
vn -2.6070882341855395e-08 0.7575373649597168 0.6527917981147766
vn -5.214176468371079e-08 0.7575373649597168 0.6527917981147766
vn -1.0 0.0 0.0
vn -1.0 0.0 0.0
vn 3.5381486629404435e-09 -0.9797332882881165 0.20030654966831207
vn 7.076297325880887e-09 -0.9797332882881165 0.20030654966831207
vn 1.0 0.0 0.0
vn 1.0 0.0 0.0
vn 1.0 0.0 0.0
vn 1.0 0.0 0.0
vn 3.5381486629404435e-09 0.9797332882881165 -0.20030654966831207
vn 0.0 0.9797332882881165 -0.20030654966831207
vn 3.5381486629404435e-09 0.9797332882881165 -0.20030654966831207
vn 7.076297325880887e-09 0.9797332882881165 -0.20030654966831207
vn -1.0 0.0 0.0
vn -1.0 0.0 0.0
vn -1.0 0.0 0.0
vn -1.0 0.0 0.0
vn 0.0 1.0 0.0
vn 0.0 1.0 0.0
vn 0.0 -1.0 0.0
vn 0.0 -1.0 0.0
vn 0.0 0.0532151535153389 0.9985830783843994
vn 1.6225718546536427e-09 0.14090119302272797 0.990023672580719
vn 0.0 0.0 1.0
vn 0.0 0.0 1.0
vn 0.0 1.0 0.0
vn 0.0 1.0 0.0
vn 0.0 1.0 0.0
vn 0.0 1.0 0.0
vn 0.0 0.0 -1.0
vn 0.0 0.0 -1.0
vn 0.0 0.053215011954307556 -0.9985830783843994
vn 2.1647030834515135e-09 0.14090082049369812 -0.990023672580719
vn 0.0 -1.0 0.0
vn 0.0 -1.0 0.0
vn 0.0 -1.0 0.0
vn 0.0 -1.0 0.0
vn 1.0 0.0 0.0
vn 1.0 0.0 0.0
vn 1.0 0.0 0.0
vn 1.0 0.0 0.0
vn -1.0 0.0 0.0
vn -1.0 0.0 0.0
vn -1.0 0.0 0.0
vn -1.0 0.0 0.0
vn 4.698053057694551e-09 0.30579689145088196 -0.9520967602729797
vn 9.396106115389102e-09 0.30579689145088196 -0.9520967602729797
vn 1.0 0.0 0.0
vn 1.0 0.0 0.0
vn 3.5214646754155865e-09 0.30579760670661926 0.9520964622497559
vn 7.042929350831173e-09 0.30579760670661926 0.9520964622497559
vn -1.0 0.0 0.0
vn -1.0 0.0 0.0
vn 4.299955183584281e-11 -0.4208832085132599 -0.9071148633956909
vn 0.0 -0.4208832085132599 -0.9071148633956909
vn 4.299955183584281e-11 -0.4208832085132599 -0.9071148633956909
vn 8.599910367168562e-11 -0.4208832085132599 -0.9071148633956909
vn 1.0 0.0 0.0
vn 1.0 0.0 0.0
vn 1.3113201635661653e-09 -0.4208860695362091 0.9071134328842163
vn 0.0 -0.4208860695362091 0.9071134328842163
vn 1.3113201635661653e-09 -0.4208860695362091 0.9071134328842163
vn 2.6226403271323306e-09 -0.4208860695362091 0.9071134328842163
vn -1.0 0.0 0.0
vn -1.0 0.0 0.0
vn -8.081480373789418e-09 0.5021861791610718 -0.8647595047950745
vn 0.0 0.5021861791610718 -0.8647595047950745
vn -8.081480373789418e-09 0.5021861791610718 -0.8647595047950745
vn -1.6162960747578836e-08 0.5021861791610718 -0.8647595047950745
vn 0.9968257546424866 -0.07961496710777283 0.0
vn 0.9929682016372681 -0.11838133633136749 -7.88448417665677e-10
vn 8.081480373789418e-09 0.5021861791610718 0.8647595047950745
vn 0.0 0.5021861791610718 0.8647595047950745
vn 8.081480373789418e-09 0.5021861791610718 0.8647595047950745
vn 1.6162960747578836e-08 0.5021861791610718 0.8647595047950745
vn -0.9968256950378418 -0.07961510866880417 0.0
vn -0.9929682016372681 -0.1183815523982048 3.5923741759091854e-10
vn 0.0 0.0 -1.0
vn 0.0 0.0 -1.0
vn 0.0 0.0 -1.0
vn 0.0 0.0 -1.0
vn 0.9884431958198547 -0.15159161388874054 -1.0096369296164198e-09
vn 0.9884431958198547 -0.15159161388874054 -2.0192738592328396e-09
vn 0.0 0.0 1.0
vn 0.0 0.0 1.0
vn 0.0 0.0 1.0
vn 0.0 0.0 1.0
vn -0.9884431958198547 -0.15159189701080322 4.600165803836376e-10
vn -0.9884431958198547 -0.15159189701080322 9.200331607672751e-10
vn 0.9758192300796509 0.2185792624950409 -1.0239780551257738e-10
vn 0.8605144023895264 0.5094261169433594 -5.967044636179253e-10
vn 0.9093708992004395 0.41598615050315857 -1.1418444662014693e-10
vn 0.9934102296829224 0.11461292207241058 1.1786779885447629e-11
vn 0.6609761714935303 0.7504068613052368 1.1050100071074986e-11
vn 0.7363174557685852 0.6766362190246582 -4.82520190470126e-10
vn 0.5792298913002014 0.8151642084121704 1.4645223922471473e-09
vn 0.5792298913002014 0.8151642084121704 7.322611961235737e-10
vn 0.2989828586578369 0.9542584419250488 7.694218595588609e-10
vn 0.09366130828857422 0.9956040978431702 5.046223439109099e-10
vn 0.1979750245809555 0.980207085609436 5.186194251827203e-10
vn 0.2989828586578369 0.9542584419250488 0.0
vn -0.21857905387878418 0.9758192300796509 -1.0313438471298841e-11
vn -0.11461566388607025 0.9934099316596985 -1.3996808920224701e-11
vn -0.319015234708786 0.9477495551109314 1.0929271376802774e-11
vn -0.319015234708786 0.9477495551109314 5.464635688401387e-12
vn -0.5962740182876587 0.8027809858322144 5.470083830338979e-10
vn -0.750407338142395 0.6609756946563721 -1.2486621459029124e-10
vn -0.6766371726989746 0.7363166809082031 3.687048721889852e-10
vn -0.5962740182876587 0.8027809858322144 0.0
vn -0.9179324507713318 0.3967367112636566 -8.324415462501733e-11
vn -0.871055006980896 0.49118557572364807 -4.935717390353034e-10
vn -0.9956039190292358 0.09366314858198166 4.0885481111807565e-10
vn -0.9802069067955017 0.19797566533088684 4.103276884936946e-10
vn -0.9758188724517822 -0.2185804694890976 -1.1565812196856484e-10
vn -0.9934099316596985 -0.1146150752902031 -1.4733521477502953e-12
vn -0.8605144023895264 -0.5094261169433594 -5.967044636179253e-10
vn -0.9093708992004395 -0.4159861207008362 -1.1418444662014693e-10
vn -0.6609770655632019 -0.7504060864448547 -7.418310965512376e-10
vn -0.7363178730010986 -0.6766357421875 -4.825204680258821e-10
vn -0.5792312026023865 -0.8151633739471436 -7.694224146703732e-10
vn -0.5792312026023865 -0.8151633739471436 -3.847112073351866e-10
vn -0.2989821135997772 -0.9542586803436279 -6.087597648196663e-10
vn -0.09366121888160706 -0.9956041574478149 -4.243243534318708e-10
vn -0.19797465205192566 -0.980207085609436 -4.1032741093793845e-10
vn -0.2989821135997772 -0.9542586803436279 0.0
vn 0.2185794562101364 -0.9758191704750061 -7.13470227342583e-10
vn 0.11461576819419861 -0.9934099316596985 -1.3996821063289033e-11
vn 0.3190160393714905 -0.9477493166923523 -2.07547401487318e-09
vn 0.3190160393714905 -0.9477493166923523 -1.03773700743659e-09
vn 0.5962740182876587 -0.8027809858322144 5.470083830338979e-10
vn 0.750407338142395 -0.6609756946563721 -1.2486621459029124e-10
vn 0.6766371130943298 -0.7363166809082031 3.687048721889852e-10
vn 0.5962740182876587 -0.8027809858322144 0.0
vn 0.9179319143295288 -0.3967379927635193 -4.3242898151163445e-10
vn 0.8710545301437378 -0.4911862909793854 -4.935724606802694e-10
vn 0.9956038594245911 -0.0936647579073906 7.293072395997413e-11
vn 0.9802066683769226 -0.19797688722610474 6.114408285240458e-11
vn 0.9234373569488525 -0.13630355894565582 -0.3587265908718109
vn 0.7685753107070923 -0.1134452149271965 -0.6296206116676331
vn 0.829889714717865 -0.12249550968408585 -0.5443140864372253
vn 0.9556716680526733 -0.1410614401102066 -0.25844401121139526
vn 0.6995260119438171 -0.10325322300195694 -0.7071082592010498
vn 0.6995260119438171 -0.10325321555137634 -0.7071083188056946
vn 0.44912204146385193 -0.06629244983196259 -0.891007661819458
vn 0.25567737221717834 -0.03773912042379379 -0.9660252928733826
vn 0.35488203167915344 -0.052382197231054306 -0.9334424734115601
vn 0.44912171363830566 -0.0662924125790596 -0.8910078406333923
vn -0.05215767025947571 0.007698697037994862 -0.998609185218811
vn 0.05215751752257347 -0.007698684465140104 -0.998609185218811
vn -0.35488343238830566 0.05238233506679535 -0.9334419369697571
vn -0.25567829608917236 0.03773921728134155 -0.9660251140594482
vn -0.44912242889404297 0.06629243493080139 -0.8910074830055237
vn -0.44912293553352356 0.06629249453544617 -0.8910072445869446
vn -0.6995260119438171 0.10325315594673157 -0.7071083188056946
vn -0.8298882842063904 0.12249524146318436 -0.5443164110183716
vn -0.7685743570327759 0.11344502866268158 -0.6296219229698181
vn -0.6995278596878052 0.10325337201356888 -0.7071064710617065
vn -0.9556716680526733 0.14106139540672302 -0.2584439814090729
vn -0.9234374761581421 0.13630346953868866 -0.3587263524532318
vn -0.9879055023193359 0.1458192765712738 0.052720002830028534
vn -0.9879054427146912 0.145819291472435 -0.05272192880511284
vn -0.9234362840652466 0.13630327582359314 0.35872939229011536
vn -0.955670952796936 0.14106126129627228 0.25844696164131165
vn -0.7685757875442505 0.11344524472951889 0.6296200156211853
vn -0.8298891186714172 0.12249536067247391 0.5443150997161865
vn -0.699525773525238 0.1032530665397644 0.7071085572242737
vn -0.6995275616645813 0.10325339436531067 0.7071067094802856
vn -0.4491255283355713 0.06629287451505661 0.8910058736801147
vn -0.25567495822906494 0.037738729268312454 0.9660260081291199
vn -0.3548834025859833 0.05238233134150505 0.9334419369697571
vn -0.4491260051727295 0.06629295647144318 0.8910056948661804
vn 0.05215534195303917 -0.007698362693190575 0.9986093044281006
vn -0.05215534195303917 0.0076983533799648285 0.9986093044281006
vn 0.35488274693489075 -0.052382294088602066 0.933442234992981
vn 0.2556740641593933 -0.0377386249601841 0.9660261273384094
vn 0.4491250514984131 -0.066292904317379 0.8910061717033386
vn 0.449124276638031 -0.06629277020692825 0.8910065293312073
vn 0.6995300054550171 -0.10325372964143753 0.7071042656898499
vn 0.8298879861831665 -0.12249510735273361 0.544316828250885
vn 0.7685758471488953 -0.11344515532255173 0.6296200156211853
vn 0.6995323300361633 -0.10325416177511215 0.7071018218994141
vn 0.9556713700294495 -0.14106138050556183 0.25844505429267883
vn 0.9234365224838257 -0.1363033503293991 0.35872870683670044
vn 0.9879055023193359 -0.14581924676895142 -0.05271981284022331
vn 0.9879054427146912 -0.14581923186779022 0.05272226780653
vn 0.0 0.0 1.0
vn 0.0 0.0 1.0
vn 0.0 0.0 1.0
vn 0.0 0.0 1.0
vn 0.0 1.0 0.0
vn 0.0 1.0 0.0
vn 0.0 1.0 0.0
vn 0.0 1.0 0.0
vn 0.0 0.0 -1.0
vn 0.0 0.0 -1.0
vn 0.0 0.0 -1.0
vn 0.0 0.0 -1.0
vn 0.0 -1.0 0.0
vn 0.0 -1.0 0.0
vn 0.0 -1.0 0.0
vn 0.0 -1.0 0.0
vn 1.0 0.0 0.0
vn 1.0 0.0 0.0
vn 1.0 0.0 0.0
vn 1.0 0.0 0.0
vn -1.0 0.0 0.0
vn -1.0 0.0 0.0
vn -1.0 0.0 0.0
vn -1.0 0.0 0.0
vn 0.0 1.0 0.0
vn 0.0 1.0 0.0
vn 0.0 1.0 0.0
vn 0.0 1.0 0.0
vn 1.0 0.0 0.0
vn 1.0 0.0 0.0
vn 0.0 -1.0 0.0
vn 0.0 -1.0 0.0
vn 0.0 -1.0 0.0
vn 0.0 -1.0 0.0
vn -1.0 0.0 0.0
vn -1.0 0.0 0.0
vn 0.0 -1.0 0.0
vn 0.0 -1.0 0.0
vn 0.0 -1.0 0.0
vn 0.0 -1.0 0.0
vn 0.0 0.0 -1.0
vn 0.0 0.0 -1.0
vn 0.0 1.0 0.0
vn 0.0 1.0 0.0
vn 0.0 1.0 0.0
vn 0.0 1.0 0.0
vn 0.0 0.0 1.0
vn 0.0 0.0 1.0
vn 0.0 -1.0 0.0
vn 0.0 -1.0 0.0
vn 0.0 -1.0 0.0
vn 0.0 -1.0 0.0
vn 0.0 -1.0 0.0
vn 0.0 -1.0 0.0
vn 0.0 0.0 -1.0
vn 0.0 0.0 -1.0
vn 0.0 1.0 0.0
vn 0.0 1.0 0.0
vn 0.0 1.0 0.0
vn 0.0 1.0 0.0
vn 0.0 1.0 0.0
vn 0.0 1.0 0.0
vn 0.0 0.0 1.0
vn 0.0 0.0 1.0
vn 0.0 -1.0 0.0
vn 0.0 -1.0 0.0
vn 0.0 -1.0 0.0
vn 0.0 -1.0 0.0
vn 0.0 -1.0 0.0
vn 0.0 -1.0 0.0
vn 0.0 -1.0 0.0
vn 0.0 -1.0 0.0
vn 0.0 -1.0 0.0
vn 0.0 -1.0 0.0
vn 1.0 0.0 0.0
vn 1.0 0.0 0.0
vn 0.0 1.0 0.0
vn 0.0 1.0 0.0
vn 0.0 1.0 0.0
vn 0.0 1.0 0.0
vn 0.0 1.0 0.0
vn 0.0 1.0 0.0
vn 0.0 1.0 0.0
vn 0.0 1.0 0.0
vn 0.0 1.0 0.0
vn 0.0 1.0 0.0
vn -1.0 0.0 0.0
vn -1.0 0.0 0.0
vn -1.0 0.0 0.0
vn -1.0 0.0 0.0
vn -1.0 0.0 0.0
vn -1.0 0.0 0.0
vn 1.0458139740876504e-06 0.0 -1.0
vn 1.0458139740876504e-06 0.0 -1.0
vn 1.0458139740876504e-06 0.0 -1.0
vn 1.0458139740876504e-06 0.0 -1.0
vn 1.0 0.0 0.0
vn 1.0 0.0 0.0
vn 0.0 0.0 1.0
vn 0.0 0.0 1.0
vn -1.1620174973359099e-06 0.0 -1.0
vn -1.1620174973359099e-06 0.0 -1.0
vn -1.1620174973359099e-06 0.0 -1.0
vn -1.1620174973359099e-06 0.0 -1.0
vn 1.0 0.0 0.0
vn 1.0 0.0 0.0
vn 1.0 0.0 0.0
vn 1.0 0.0 0.0
vn 0.0 0.0 1.0
vn 0.0 0.0 1.0
vn -1.0 0.0 0.0
vn -1.0 0.0 0.0
vn 0.0 0.0 -1.0
vn 0.0 0.0 -1.0
vn 1.0 0.0 0.0
vn 1.0 0.0 0.0
vn 1.0 0.0 0.0
vn 1.0 0.0 0.0
vn 0.0 0.0 1.0
vn 0.0 0.0 1.0
vn 0.0 0.0 1.0
vn 0.0 0.0 1.0
vn -1.0 0.0 0.0
vn -1.0 0.0 0.0
vn 0.0 0.0 1.0
vn 0.0 0.0 1.0
vn 0.0 0.0 1.0
vn 0.0 0.0 1.0
vn -1.0 0.0 0.0
vn -1.0 0.0 0.0
vn -1.0 0.0 0.0
vn -1.0 0.0 0.0
vn 0.0 0.0 -1.0
vn 0.0 0.0 -1.0
vn 1.0 0.0 0.0
vn 1.0 0.0 0.0
vn -1.0 0.0 0.0
vn -1.0 0.0 0.0
vn -1.0 0.0 0.0
vn -1.0 0.0 0.0
vn 0.0 0.0 1.0
vn 0.0 0.0 1.0
vn 1.0 0.0 0.0
vn 1.0 0.0 0.0
vn 0.0 0.0 -1.0
vn 0.0 0.0 -1.0
vn 0.0 0.0 -1.0
vn 0.0 0.0 -1.0
vn 0.0 0.0 1.0
vn 0.0 0.0 1.0
vn 1.0 0.0 0.0
vn 1.0 0.0 0.0
vn 1.0 0.0 0.0
vn 1.0 0.0 0.0
vn -1.1620174973359099e-06 0.0 -1.0
vn -1.1620174973359099e-06 0.0 -1.0
vn -1.1620174973359099e-06 0.0 -1.0
vn -1.1620174973359099e-06 0.0 -1.0
vn -1.0 0.0 0.0
vn -1.0 0.0 0.0
vn -1.0 0.0 -4.779527671416872e-07
vn -1.0 0.0 -4.779527671416872e-07
vn -1.0 0.0 -4.779527671416872e-07
vn -1.0 0.0 -4.779527671416872e-07
vn -5.229067028267309e-07 0.0 1.0
vn -5.229067028267309e-07 0.0 1.0
vn -5.229067028267309e-07 0.0 1.0
vn -5.229067028267309e-07 0.0 1.0
vn 1.0 0.0 0.0
vn 1.0 0.0 0.0
vn 0.0 0.0 -1.0
vn 0.0 0.0 -1.0
vn 5.810087486679549e-07 0.0 1.0
vn 5.810087486679549e-07 0.0 1.0
vn 5.810087486679549e-07 0.0 1.0
vn 5.810087486679549e-07 0.0 1.0
vn 1.0 0.0 0.0
vn 1.0 0.0 0.0
vn 1.0 0.0 0.0
vn 1.0 0.0 0.0
vn 0.0 0.0 -1.0
vn 0.0 0.0 -1.0
vn -1.0 0.0 0.0
vn -1.0 0.0 0.0
vn -1.7449316658257885e-07 0.0 1.0
vn 0.0 0.0 1.0
vn 5.381928502856681e-08 0.0 1.0
vn 5.381928502856681e-08 0.0 1.0
vn 0.0 1.0 0.0
vn 0.0 1.0 0.0
vn 0.0 1.0 0.0
vn 0.0 1.0 0.0
vn 0.0 0.0 -1.0
vn -3.8014891856619215e-07 9.832655223362963e-07 -1.0
vn 5.381928502856681e-08 0.0 -1.0
vn 5.381928502856681e-08 0.0 -1.0
vn 6.054670365074344e-08 -1.0 1.0382289872268302e-07
vn 8.908170967374118e-15 -1.0 1.044460162802352e-07
vn 5.540637815215632e-08 -1.0 -6.500814109244857e-09
vn 1.0842972095821864e-14 -1.0 -9.543316537019564e-08
vn 1.0 0.0 0.0
vn 1.0 0.0 0.0
vn 1.0 0.0 0.0
vn 1.0 0.0 0.0
vn -1.0 0.0 0.0
vn -1.0 0.0 0.0
vn -1.0 0.0 0.0
vn -1.0 0.0 0.0
vn -9.418046147402492e-07 -1.0 9.764675775857795e-14
vn -1.7913962437887676e-06 -1.0 1.8708668392264372e-07
vn -8.836693723424105e-07 1.3387661965680309e-06 -1.0
vn -8.836693723424105e-07 0.0 -1.0
vn 0.0 1.0 0.0
vn 0.0 1.0 0.0
vn 0.0 1.0 0.0
vn 0.0 1.0 0.0
vn -8.836693723424105e-07 0.0 1.0
vn -8.836693154989916e-07 0.0 1.0
vn 0.0 1.0 0.0
vn 0.0 1.0 0.0
vn 0.0 1.0 0.0
vn 0.0 1.0 0.0
vn 0.0 1.0 0.0
vn 0.0 1.0 0.0
vn 1.0 0.0 0.0
vn 1.0 0.0 0.0
vn 0.0 -1.0 4.723939355244511e-07
vn 0.0 -1.0 0.0
vn 0.0 -1.0 0.0
vn -1.0 0.0 0.0
vn -1.0 0.0 0.0
vn -9.791803869466098e-13 -1.0 -1.0497643643248011e-06
vn 3.04599654689635e-14 -1.0 -1.0497643643248011e-06
vn 6.277508217021263e-14 -1.0 -1.0497644780116389e-06
vn 1.0 0.0 0.0
vn 1.0 0.0 0.0
vn 0.0 1.0 0.0
vn 0.0 1.0 0.0
vn 0.0 1.0 0.0
vn 0.0 1.0 0.0
vn 0.0 1.0 0.0
vn 0.0 1.0 0.0
vn -1.0 0.0 0.0
vn -1.0 0.0 0.0
vn 0.0 9.815472878926812e-08 1.0
vn 0.0 1.1115804454675526e-07 1.0
vn 0.0 0.0 1.0
vn 0.0 0.0 1.0
vn 1.0 0.0 5.184024587379099e-08
vn 1.0 0.0 5.184024587379099e-08
vn 1.0 0.0 5.184024587379099e-08
vn 1.0 0.0 5.184024587379099e-08
vn -8.200841534744541e-07 -9.109208320978723e-08 -1.0
vn -8.836677238832635e-07 -1.1365285246256462e-07 -1.0
vn -8.836677807266824e-07 0.0 -1.0
vn -6.19495381215529e-07 0.0 -1.0
vn -1.0 0.0 0.0
vn -1.0 0.0 0.0
vn -1.0 0.0 0.0
vn -1.0 0.0 0.0
vn -6.26134067260864e-07 0.0 1.0
vn -8.836693154989916e-07 0.0 1.0
vn 1.0 0.0 0.0
vn 1.0 0.0 0.0
vn 1.0 0.0 0.0
vn 1.0 0.0 0.0
vn 0.0 0.0 -1.0
vn 0.0 0.0 -1.0
vn 0.0 0.0 -1.0
vn 0.0 0.0 -1.0
vn -1.0 0.0 0.0
vn -1.0 0.0 0.0
vn 8.836678944135201e-07 -1.6195123180295923e-06 1.0
vn 6.261342377911205e-07 -1.6195125454032677e-06 1.0
vn 6.261342946345394e-07 -1.61951243171643e-06 1.0
vn 8.836680649437767e-07 -1.6195123180295923e-06 1.0
vn 1.0 0.0 0.0
vn 1.0 0.0 0.0
vn 1.0 0.0 0.0
vn 1.0 0.0 0.0
vn -8.836692018121539e-07 1.61951243171643e-06 -1.0
vn -6.261338398871885e-07 1.61951243171643e-06 -1.0
vn -1.0 0.0 0.0
vn -1.0 0.0 0.0
vn 0.0 -1.0 0.0
vn 0.0 -1.0 0.0
vn 0.0 -1.0 0.0
vn 0.0 -1.0 0.0
vn 0.0 0.0 -1.0
vn 0.0 0.0 -1.0
vn 0.0 1.0 0.0
vn 0.0 1.0 0.0
vn 0.0 0.0 1.0
vn 0.0 0.0 1.0
vn 0.0 -1.0 0.0
vn 0.0 -1.0 0.0
vn 0.0 -1.0 0.0
vn 0.0 -1.0 0.0
vn 2.319601758934975e-13 1.6195123180295923e-06 -1.0
vn 0.0 1.6195123180295923e-06 -1.0
vn 0.0 1.0 0.0
vn 0.0 1.0 0.0
vn 2.3196117878050704e-13 -1.61951243171643e-06 1.0
vn 0.0 -1.61951243171643e-06 1.0
vn 0.0 1.1996691284821281e-07 1.0
vn 0.0 1.1996691284821281e-07 1.0
vn 1.0 1.8657340619286297e-14 1.0368048464215462e-07
vn 1.0 2.4876458111868817e-14 1.0368049885300934e-07
vn 1.0 1.8657340619286297e-14 1.0368048464215462e-07
vn 1.0 1.2438227361868514e-14 1.0368048464215462e-07
vn -8.836677807266824e-07 -1.1996691284821281e-07 -1.0
vn -8.836677807266824e-07 -1.1996691284821281e-07 -1.0
vn 0.0 -1.0 0.0
vn 0.0 -1.0 0.0
vn 0.0 -1.0 0.0
vn 0.0 -1.0 0.0
vn 0.0 0.0 -1.0
vn 0.0 0.0 -1.0
vn 0.0 1.0 0.0
vn 0.0 1.0 0.0
vn 0.0 0.0 1.0
vn 0.0 0.0 1.0
vn 0.0 0.0 1.0
vn 0.0 0.0 1.0
vn 0.0 0.0 1.0
vn 0.0 0.0 1.0
vn 0.0 0.0 1.0
vn 0.0 0.0 1.0
vn 0.0 0.0 1.0
vn 0.0 0.0 1.0
vn 0.9992734789848328 -0.03755912929773331 -0.006466255988925695
vn 0.9999206066131592 0.010183923877775669 -0.007424707058817148
vn 0.9984835386276245 0.053567368537187576 -0.01269487850368023
vn 0.9949284791946411 -0.10048549622297287 -0.0044725933112204075
vn -0.9999215006828308 -0.010190682485699654 -0.00729580782353878
vn -0.9928491711616516 -0.11924244463443756 -0.005640109069645405
vn -0.9643889665603638 0.2626507878303528 -0.0311224814504385
vn -0.9997938275337219 0.01807265169918537 -0.009258684702217579
vn 0.0 0.0 1.0
vn 0.0 0.0 1.0
vn 0.0 0.0 1.0
vn 0.0 0.0 1.0
s 1 
g pMesh1
usemtl defaultMat
f  1/1/1 2/2/2 3/3/3
f  2/2/2 4/4/4 5/5/5
f  2/2/2 5/5/5 3/3/3
f  3/3/3 5/5/5 6/6/6
f  4/4/4 7/7/7 8/8/8
f  4/4/4 8/8/8 5/5/5
f  5/5/5 8/8/8 9/9/9
f  5/5/5 9/9/9 6/6/6
f  6/6/6 9/9/9 10/10/10
f  7/7/7 11/11/11 12/12/12
f  7/7/7 12/12/12 8/8/8
f  8/8/8 12/12/12 13/13/13
f  8/8/8 13/13/13 9/9/9
f  9/9/9 13/13/13 14/14/14
f  9/9/9 14/14/14 10/10/10
f  10/10/10 14/14/14 15/15/15
f  16/16/16 17/17/17 18/18/18
f  18/18/18 19/19/19 20/20/20
f  18/18/18 17/17/17 19/19/19
f  17/17/17 21/21/21 19/19/19
f  20/20/20 22/22/22 23/23/23
f  20/20/20 19/19/19 22/22/22
f  19/19/19 24/24/24 22/22/22
f  19/19/19 21/21/21 24/24/24
f  21/21/21 25/25/25 24/24/24
f  23/23/23 26/26/26 27/27/27
f  23/23/23 22/22/22 26/26/26
f  22/22/22 28/28/28 26/26/26
f  22/22/22 24/24/24 28/28/28
f  24/24/24 29/29/29 28/28/28
f  24/24/24 25/25/25 29/29/29
f  25/25/25 30/30/30 29/29/29
f  31/31/31 32/32/32 33/33/33
f  32/32/32 34/34/34 35/35/35
f  32/32/32 35/35/35 33/33/33
f  33/33/33 35/35/35 36/36/36
f  34/34/34 37/37/37 38/38/38
f  34/34/34 38/38/38 35/35/35
f  35/35/35 38/38/38 39/39/39
f  35/35/35 39/39/39 36/36/36
f  36/36/36 39/39/39 40/40/40
f  37/37/37 41/41/41 42/42/42
f  37/37/37 42/42/42 38/38/38
f  38/38/38 42/42/42 43/43/43
f  38/38/38 43/43/43 39/39/39
f  39/39/39 43/43/43 44/44/44
f  39/39/39 44/44/44 40/40/40
f  40/40/40 44/44/44 45/45/45
f  46/46/46 47/47/47 48/48/48
f  48/48/48 49/49/49 50/50/50
f  48/48/48 47/47/47 49/49/49
f  47/47/47 51/51/51 49/49/49
f  50/50/50 52/52/52 53/53/53
f  50/50/50 49/49/49 52/52/52
f  49/49/49 54/54/54 52/52/52
f  49/49/49 51/51/51 54/54/54
f  51/51/51 55/55/55 54/54/54
f  53/53/53 56/56/56 57/57/57
f  53/53/53 52/52/52 56/56/56
f  52/52/52 58/58/58 56/56/56
f  52/52/52 54/54/54 58/58/58
f  54/54/54 59/59/59 58/58/58
f  54/54/54 55/55/55 59/59/59
f  55/55/55 60/60/60 59/59/59
f  61/61/61 62/62/62 63/63/63
f  62/62/62 64/64/64 65/65/65
f  62/62/62 65/65/65 63/63/63
f  63/63/63 65/65/65 66/66/66
f  64/64/64 67/67/67 68/68/68
f  64/64/64 68/68/68 65/65/65
f  65/65/65 68/68/68 69/69/69
f  65/65/65 69/69/69 66/66/66
f  66/66/66 69/69/69 70/70/70
f  67/67/67 71/71/71 72/72/72
f  67/67/67 72/72/72 68/68/68
f  68/68/68 72/72/72 73/73/73
f  68/68/68 73/73/73 69/69/69
f  69/69/69 73/73/73 74/74/74
f  69/69/69 74/74/74 70/70/70
f  70/70/70 74/74/74 75/75/75
f  76/76/76 77/77/77 78/78/78
f  78/78/78 79/79/79 80/80/80
f  78/78/78 77/77/77 79/79/79
f  77/77/77 81/81/81 79/79/79
f  80/80/80 82/82/82 83/83/83
f  80/80/80 79/79/79 82/82/82
f  79/79/79 84/84/84 82/82/82
f  79/79/79 81/81/81 84/84/84
f  81/81/81 85/85/85 84/84/84
f  83/83/83 86/86/86 87/87/87
f  83/83/83 82/82/82 86/86/86
f  82/82/82 88/88/88 86/86/86
f  82/82/82 84/84/84 88/88/88
f  84/84/84 89/89/89 88/88/88
f  84/84/84 85/85/85 89/89/89
f  85/85/85 90/90/90 89/89/89
f  91/91/91 92/92/92 93/93/93
f  92/92/92 94/94/94 95/95/95
f  92/92/92 95/95/95 93/93/93
f  93/93/93 95/95/95 96/96/96
f  94/94/94 97/97/97 98/98/98
f  94/94/94 98/98/98 95/95/95
f  95/95/95 98/98/98 99/99/99
f  95/95/95 99/99/99 96/96/96
f  96/96/96 99/99/99 100/100/100
f  97/97/97 101/101/101 102/102/102
f  97/97/97 102/102/102 98/98/98
f  98/98/98 102/102/102 103/103/103
f  98/98/98 103/103/103 99/99/99
f  99/99/99 103/103/103 104/104/104
f  99/99/99 104/104/104 100/100/100
f  100/100/100 104/104/104 105/105/105
f  106/106/106 107/107/107 108/108/108
f  108/108/108 109/109/109 110/110/110
f  108/108/108 107/107/107 109/109/109
f  107/107/107 111/111/111 109/109/109
f  110/110/110 112/112/112 113/113/113
f  110/110/110 109/109/109 112/112/112
f  109/109/109 114/114/114 112/112/112
f  109/109/109 111/111/111 114/114/114
f  111/111/111 115/115/115 114/114/114
f  113/113/113 116/116/116 117/117/117
f  113/113/113 112/112/112 116/116/116
f  112/112/112 118/118/118 116/116/116
f  112/112/112 114/114/114 118/118/118
f  114/114/114 119/119/119 118/118/118
f  114/114/114 115/115/115 119/119/119
f  115/115/115 120/120/120 119/119/119
f  121/121/121 122/122/122 123/123/123
f  122/122/122 124/124/124 125/125/125
f  122/122/122 125/125/125 123/123/123
f  123/123/123 125/125/125 126/126/126
f  124/124/124 127/127/127 128/128/128
f  124/124/124 128/128/128 125/125/125
f  125/125/125 128/128/128 129/129/129
f  125/125/125 129/129/129 126/126/126
f  126/126/126 129/129/129 130/130/130
f  127/127/127 131/131/131 132/132/132
f  127/127/127 132/132/132 128/128/128
f  128/128/128 132/132/132 133/133/133
f  128/128/128 133/133/133 129/129/129
f  129/129/129 133/133/133 134/134/134
f  129/129/129 134/134/134 130/130/130
f  130/130/130 134/134/134 135/135/135
f  136/136/136 137/137/137 138/138/138
f  138/138/138 139/139/139 140/140/140
f  138/138/138 137/137/137 139/139/139
f  137/137/137 141/141/141 139/139/139
f  140/140/140 142/142/142 143/143/143
f  140/140/140 139/139/139 142/142/142
f  139/139/139 144/144/144 142/142/142
f  139/139/139 141/141/141 144/144/144
f  141/141/141 145/145/145 144/144/144
f  143/143/143 146/146/146 147/147/147
f  143/143/143 142/142/142 146/146/146
f  142/142/142 148/148/148 146/146/146
f  142/142/142 144/144/144 148/148/148
f  144/144/144 149/149/149 148/148/148
f  144/144/144 145/145/145 149/149/149
f  145/145/145 150/150/150 149/149/149
f  151/151/151 152/152/152 153/153/153
f  152/152/152 154/154/154 155/155/155
f  152/152/152 155/155/155 153/153/153
f  153/153/153 155/155/155 156/156/156
f  154/154/154 157/157/157 158/158/158
f  154/154/154 158/158/158 155/155/155
f  155/155/155 158/158/158 159/159/159
f  155/155/155 159/159/159 156/156/156
f  156/156/156 159/159/159 160/160/160
f  157/157/157 161/161/161 162/162/162
f  157/157/157 162/162/162 158/158/158
f  158/158/158 162/162/162 163/163/163
f  158/158/158 163/163/163 159/159/159
f  159/159/159 163/163/163 164/164/164
f  159/159/159 164/164/164 160/160/160
f  160/160/160 164/164/164 165/165/165
f  166/166/166 167/167/167 168/168/168
f  168/168/168 169/169/169 170/170/170
f  168/168/168 167/167/167 169/169/169
f  167/167/167 171/171/171 169/169/169
f  170/170/170 172/172/172 173/173/173
f  170/170/170 169/169/169 172/172/172
f  169/169/169 174/174/174 172/172/172
f  169/169/169 171/171/171 174/174/174
f  171/171/171 175/175/175 174/174/174
f  173/173/173 176/176/176 177/177/177
f  173/173/173 172/172/172 176/176/176
f  172/172/172 178/178/178 176/176/176
f  172/172/172 174/174/174 178/178/178
f  174/174/174 179/179/179 178/178/178
f  174/174/174 175/175/175 179/179/179
f  175/175/175 180/180/180 179/179/179
f  181/181/181 182/182/182 183/183/183
f  182/182/182 184/184/184 185/185/185
f  182/182/182 185/185/185 183/183/183
f  183/183/183 185/185/185 186/186/186
f  184/184/184 187/187/187 188/188/188
f  184/184/184 188/188/188 185/185/185
f  185/185/185 188/188/188 189/189/189
f  185/185/185 189/189/189 186/186/186
f  186/186/186 189/189/189 190/190/190
f  187/187/187 191/191/191 192/192/192
f  187/187/187 192/192/192 188/188/188
f  188/188/188 192/192/192 193/193/193
f  188/188/188 193/193/193 189/189/189
f  189/189/189 193/193/193 194/194/194
f  189/189/189 194/194/194 190/190/190
f  190/190/190 194/194/194 195/195/195
f  196/196/196 197/197/197 198/198/198
f  198/198/198 199/199/199 200/200/200
f  198/198/198 197/197/197 199/199/199
f  197/197/197 201/201/201 199/199/199
f  200/200/200 202/202/202 203/203/203
f  200/200/200 199/199/199 202/202/202
f  199/199/199 204/204/204 202/202/202
f  199/199/199 201/201/201 204/204/204
f  201/201/201 205/205/205 204/204/204
f  203/203/203 206/206/206 207/207/207
f  203/203/203 202/202/202 206/206/206
f  202/202/202 208/208/208 206/206/206
f  202/202/202 204/204/204 208/208/208
f  204/204/204 209/209/209 208/208/208
f  204/204/204 205/205/205 209/209/209
f  205/205/205 210/210/210 209/209/209
f  211/211/211 212/212/212 213/213/213
f  212/212/212 214/214/214 215/215/215
f  212/212/212 215/215/215 213/213/213
f  213/213/213 215/215/215 216/216/216
f  214/214/214 217/217/217 218/218/218
f  214/214/214 218/218/218 215/215/215
f  215/215/215 218/218/218 219/219/219
f  215/215/215 219/219/219 216/216/216
f  216/216/216 219/219/219 220/220/220
f  217/217/217 221/221/221 222/222/222
f  217/217/217 222/222/222 218/218/218
f  218/218/218 222/222/222 223/223/223
f  218/218/218 223/223/223 219/219/219
f  219/219/219 223/223/223 224/224/224
f  219/219/219 224/224/224 220/220/220
f  220/220/220 224/224/224 225/225/225
f  226/226/226 227/227/227 228/228/228
f  228/228/228 229/229/229 230/230/230
f  228/228/228 227/227/227 229/229/229
f  227/227/227 231/231/231 229/229/229
f  230/230/230 232/232/232 233/233/233
f  230/230/230 229/229/229 232/232/232
f  229/229/229 234/234/234 232/232/232
f  229/229/229 231/231/231 234/234/234
f  231/231/231 235/235/235 234/234/234
f  233/233/233 236/236/236 237/237/237
f  233/233/233 232/232/232 236/236/236
f  232/232/232 238/238/238 236/236/236
f  232/232/232 234/234/234 238/238/238
f  234/234/234 239/239/239 238/238/238
f  234/234/234 235/235/235 239/239/239
f  235/235/235 240/240/240 239/239/239
f  241/241/241 242/242/242 243/243/243
f  242/242/242 244/244/244 245/245/245
f  242/242/242 245/245/245 243/243/243
f  243/243/243 245/245/245 246/246/246
f  244/244/244 247/247/247 248/248/248
f  244/244/244 248/248/248 245/245/245
f  245/245/245 248/248/248 249/249/249
f  245/245/245 249/249/249 246/246/246
f  246/246/246 249/249/249 250/250/250
f  247/247/247 251/251/251 252/252/252
f  247/247/247 252/252/252 248/248/248
f  248/248/248 252/252/252 253/253/253
f  248/248/248 253/253/253 249/249/249
f  249/249/249 253/253/253 254/254/254
f  249/249/249 254/254/254 250/250/250
f  250/250/250 254/254/254 255/255/255
f  256/256/256 257/257/257 258/258/258
f  258/258/258 259/259/259 260/260/260
f  258/258/258 257/257/257 259/259/259
f  257/257/257 261/261/261 259/259/259
f  260/260/260 262/262/262 263/263/263
f  260/260/260 259/259/259 262/262/262
f  259/259/259 264/264/264 262/262/262
f  259/259/259 261/261/261 264/264/264
f  261/261/261 265/265/265 264/264/264
f  263/263/263 266/266/266 267/267/267
f  263/263/263 262/262/262 266/266/266
f  262/262/262 268/268/268 266/266/266
f  262/262/262 264/264/264 268/268/268
f  264/264/264 269/269/269 268/268/268
f  264/264/264 265/265/265 269/269/269
f  265/265/265 270/270/270 269/269/269
f  271/271/271 272/272/272 273/273/273
f  274/274/274 271/271/271 273/273/273
f  275/275/275 274/274/274 273/273/273
f  276/276/276 275/275/275 273/273/273
f  277/277/277 276/276/276 273/273/273
f  278/278/278 277/277/277 273/273/273
f  279/279/279 278/278/278 273/273/273
f  280/280/280 279/279/279 273/273/273
f  281/281/281 280/280/280 273/273/273
f  282/282/282 281/281/281 273/273/273
f  283/283/283 282/282/282 273/273/273
f  284/284/284 283/283/283 273/273/273
f  285/285/285 284/284/284 273/273/273
f  286/286/286 285/285/285 273/273/273
f  287/287/287 286/286/286 273/273/273
f  288/288/288 287/287/287 273/273/273
f  289/289/289 288/288/288 273/273/273
f  290/290/290 289/289/289 273/273/273
f  291/291/291 290/290/290 273/273/273
f  272/272/272 291/291/291 273/273/273
f  292/292/292 293/293/293 294/294/294
f  293/293/293 295/295/295 294/294/294
f  295/295/295 296/296/296 294/294/294
f  296/296/296 297/297/297 294/294/294
f  297/297/297 298/298/298 294/294/294
f  298/298/298 299/299/299 294/294/294
f  299/299/299 300/300/300 294/294/294
f  300/300/300 301/301/301 294/294/294
f  301/301/301 302/302/302 294/294/294
f  302/302/302 303/303/303 294/294/294
f  303/303/303 304/304/304 294/294/294
f  304/304/304 305/305/305 294/294/294
f  305/305/305 306/306/306 294/294/294
f  306/306/306 307/307/307 294/294/294
f  307/307/307 308/308/308 294/294/294
f  308/308/308 309/309/309 294/294/294
f  309/309/309 310/310/310 294/294/294
f  310/310/310 311/311/311 294/294/294
f  311/311/311 312/312/312 294/294/294
f  312/312/312 292/292/292 294/294/294
f  313/313/313 314/314/314 315/315/315
f  316/316/316 313/313/313 315/315/315
f  317/317/317 316/316/316 315/315/315
f  318/318/318 317/317/317 315/315/315
f  319/319/319 318/318/318 315/315/315
f  320/320/320 319/319/319 315/315/315
f  321/321/321 320/320/320 315/315/315
f  322/322/322 321/321/321 315/315/315
f  323/323/323 322/322/322 315/315/315
f  324/324/324 323/323/323 315/315/315
f  325/325/325 324/324/324 315/315/315
f  326/326/326 325/325/325 315/315/315
f  327/327/327 326/326/326 315/315/315
f  328/328/328 327/327/327 315/315/315
f  329/329/329 328/328/328 315/315/315
f  330/330/330 329/329/329 315/315/315
f  331/331/331 330/330/330 315/315/315
f  332/332/332 331/331/331 315/315/315
f  333/333/333 332/332/332 315/315/315
f  314/314/314 333/333/333 315/315/315
f  334/334/334 335/335/335 336/336/336
f  335/335/335 337/337/337 336/336/336
f  337/337/337 338/338/338 336/336/336
f  338/338/338 339/339/339 336/336/336
f  339/339/339 340/340/340 336/336/336
f  340/340/340 341/341/341 336/336/336
f  341/341/341 342/342/342 336/336/336
f  342/342/342 343/343/343 336/336/336
f  343/343/343 344/344/344 336/336/336
f  344/344/344 345/345/345 336/336/336
f  345/345/345 346/346/346 336/336/336
f  346/346/346 347/347/347 336/336/336
f  347/347/347 348/348/348 336/336/336
f  348/348/348 349/349/349 336/336/336
f  349/349/349 350/350/350 336/336/336
f  350/350/350 351/351/351 336/336/336
f  351/351/351 352/352/352 336/336/336
f  352/352/352 353/353/353 336/336/336
f  353/353/353 354/354/354 336/336/336
f  354/354/354 334/334/334 336/336/336
f  355/355/355 356/356/356 357/357/357
f  355/355/355 357/357/357 358/358/358
f  359/359/359 360/360/360 361/361/361
f  359/359/359 361/361/361 362/362/362
f  356/356/356 363/363/363 364/364/364
f  356/356/356 364/364/364 357/357/357
f  365/365/365 359/359/359 362/362/362
f  365/365/365 362/362/362 366/366/366
f  363/363/363 367/367/367 368/368/368
f  363/363/363 368/368/368 364/364/364
f  369/369/369 365/365/365 366/366/366
f  369/369/369 366/366/366 370/370/370
f  367/367/367 371/371/371 372/372/372
f  367/367/367 372/372/372 368/368/368
f  373/373/373 374/374/374 375/375/375
f  373/373/373 375/375/375 376/376/376
f  374/374/374 377/377/377 378/378/378
f  374/374/374 378/378/378 375/375/375
f  377/377/377 379/379/379 380/380/380
f  377/377/377 380/380/380 378/378/378
f  379/379/379 381/381/381 382/382/382
f  379/379/379 382/382/382 380/380/380
f  383/383/383 369/369/369 370/370/370
f  383/383/383 370/370/370 384/384/384
f  385/385/385 386/386/386 387/387/387
f  385/385/385 387/387/387 388/388/388
f  389/389/389 390/390/390 391/391/391
f  389/389/389 391/391/391 392/392/392
f  386/386/386 393/393/393 394/394/394
f  386/386/386 394/394/394 387/387/387
f  395/395/395 389/389/389 392/392/392
f  395/395/395 392/392/392 396/396/396
f  393/393/393 397/397/397 398/398/398
f  393/393/393 398/398/398 394/394/394
f  399/399/399 395/395/395 396/396/396
f  399/399/399 396/396/396 400/400/400
f  397/397/397 401/401/401 402/402/402
f  397/397/397 402/402/402 398/398/398
f  403/403/403 404/404/404 405/405/405
f  403/403/403 405/405/405 406/406/406
f  404/404/404 407/407/407 408/408/408
f  404/404/404 408/408/408 405/405/405
f  407/407/407 409/409/409 410/410/410
f  407/407/407 410/410/410 408/408/408
f  409/409/409 411/411/411 412/412/412
f  409/409/409 412/412/412 410/410/410
f  413/413/413 399/399/399 400/400/400
f  413/413/413 400/400/400 414/414/414
f  415/415/415 416/416/416 417/417/417
f  415/415/415 417/417/417 418/418/418
f  419/419/419 420/420/420 421/421/421
f  419/419/419 421/421/421 422/422/422
f  416/416/416 423/423/423 424/424/424
f  416/416/416 424/424/424 417/417/417
f  425/425/425 419/419/419 422/422/422
f  425/425/425 422/422/422 426/426/426
f  423/423/423 427/427/427 428/428/428
f  423/423/423 428/428/428 424/424/424
f  429/429/429 425/425/425 426/426/426
f  429/429/429 426/426/426 430/430/430
f  427/427/427 431/431/431 432/432/432
f  427/427/427 432/432/432 428/428/428
f  433/433/433 434/434/434 435/435/435
f  433/433/433 435/435/435 436/436/436
f  434/434/434 437/437/437 438/438/438
f  434/434/434 438/438/438 435/435/435
f  437/437/437 439/439/439 440/440/440
f  437/437/437 440/440/440 438/438/438
f  439/439/439 441/441/441 442/442/442
f  439/439/439 442/442/442 440/440/440
f  443/443/443 429/429/429 430/430/430
f  443/443/443 430/430/430 444/444/444
f  445/445/445 446/446/446 447/447/447
f  445/445/445 447/447/447 448/448/448
f  449/449/449 450/450/450 451/451/451
f  449/449/449 451/451/451 452/452/452
f  446/446/446 453/453/453 454/454/454
f  446/446/446 454/454/454 447/447/447
f  455/455/455 449/449/449 452/452/452
f  455/455/455 452/452/452 456/456/456
f  453/453/453 457/457/457 458/458/458
f  453/453/453 458/458/458 454/454/454
f  459/459/459 455/455/455 456/456/456
f  459/459/459 456/456/456 460/460/460
f  457/457/457 461/461/461 462/462/462
f  457/457/457 462/462/462 458/458/458
f  463/463/463 464/464/464 465/465/465
f  463/463/463 465/465/465 466/466/466
f  464/464/464 467/467/467 468/468/468
f  464/464/464 468/468/468 465/465/465
f  467/467/467 469/469/469 470/470/470
f  467/467/467 470/470/470 468/468/468
f  469/469/469 471/471/471 472/472/472
f  469/469/469 472/472/472 470/470/470
f  473/473/473 459/459/459 460/460/460
f  473/473/473 460/460/460 474/474/474
f  475/475/475 476/476/476 477/477/477
f  475/475/475 477/477/477 478/478/478
f  479/479/479 480/480/480 481/481/481
f  479/479/479 481/481/481 482/482/482
f  476/476/476 483/483/483 484/484/484
f  476/476/476 484/484/484 477/477/477
f  485/485/485 479/479/479 482/482/482
f  485/485/485 482/482/482 486/486/486
f  483/483/483 487/487/487 488/488/488
f  483/483/483 488/488/488 484/484/484
f  489/489/489 485/485/485 486/486/486
f  489/489/489 486/486/486 490/490/490
f  487/487/487 491/491/491 492/492/492
f  487/487/487 492/492/492 488/488/488
f  493/493/493 494/494/494 495/495/495
f  493/493/493 495/495/495 496/496/496
f  494/494/494 497/497/497 498/498/498
f  494/494/494 498/498/498 495/495/495
f  497/497/497 499/499/499 500/500/500
f  497/497/497 500/500/500 498/498/498
f  499/499/499 501/501/501 502/502/502
f  499/499/499 502/502/502 500/500/500
f  503/503/503 489/489/489 490/490/490
f  503/503/503 490/490/490 504/504/504
f  505/505/505 506/506/506 507/507/507
f  505/505/505 507/507/507 508/508/508
f  509/509/509 510/510/510 511/511/511
f  509/509/509 511/511/511 512/512/512
f  506/506/506 513/513/513 514/514/514
f  506/506/506 514/514/514 507/507/507
f  515/515/515 509/509/509 512/512/512
f  515/515/515 512/512/512 516/516/516
f  513/513/513 517/517/517 518/518/518
f  513/513/513 518/518/518 514/514/514
f  519/519/519 515/515/515 516/516/516
f  519/519/519 516/516/516 520/520/520
f  517/517/517 521/521/521 522/522/522
f  517/517/517 522/522/522 518/518/518
f  523/523/523 524/524/524 525/525/525
f  523/523/523 525/525/525 526/526/526
f  524/524/524 527/527/527 528/528/528
f  524/524/524 528/528/528 525/525/525
f  527/527/527 529/529/529 530/530/530
f  527/527/527 530/530/530 528/528/528
f  529/529/529 531/531/531 532/532/532
f  529/529/529 532/532/532 530/530/530
f  533/533/533 519/519/519 520/520/520
f  533/533/533 520/520/520 534/534/534
f  535/535/535 536/536/536 537/537/537
f  535/535/535 537/537/537 538/538/538
f  539/539/539 540/540/540 541/541/541
f  539/539/539 541/541/541 542/542/542
f  536/536/536 543/543/543 544/544/544
f  536/536/536 544/544/544 537/537/537
f  545/545/545 539/539/539 542/542/542
f  545/545/545 542/542/542 546/546/546
f  543/543/543 547/547/547 548/548/548
f  543/543/543 548/548/548 544/544/544
f  549/549/549 545/545/545 546/546/546
f  549/549/549 546/546/546 550/550/550
f  547/547/547 551/551/551 552/552/552
f  547/547/547 552/552/552 548/548/548
f  553/553/553 554/554/554 555/555/555
f  553/553/553 555/555/555 556/556/556
f  554/554/554 557/557/557 558/558/558
f  554/554/554 558/558/558 555/555/555
f  557/557/557 559/559/559 560/560/560
f  557/557/557 560/560/560 558/558/558
f  559/559/559 561/561/561 562/562/562
f  559/559/559 562/562/562 560/560/560
f  563/563/563 549/549/549 550/550/550
f  563/563/563 550/550/550 564/564/564
f  565/565/565 566/566/566 567/567/567
f  565/565/565 567/567/567 568/568/568
f  569/569/569 570/570/570 571/571/571
f  569/569/569 571/571/571 572/572/572
f  566/566/566 573/573/573 574/574/574
f  566/566/566 574/574/574 567/567/567
f  575/575/575 569/569/569 572/572/572
f  575/575/575 572/572/572 576/576/576
f  573/573/573 577/577/577 578/578/578
f  573/573/573 578/578/578 574/574/574
f  579/579/579 575/575/575 576/576/576
f  579/579/579 576/576/576 580/580/580
f  577/577/577 581/581/581 582/582/582
f  577/577/577 582/582/582 578/578/578
f  583/583/583 584/584/584 585/585/585
f  583/583/583 585/585/585 586/586/586
f  584/584/584 587/587/587 588/588/588
f  584/584/584 588/588/588 585/585/585
f  587/587/587 589/589/589 590/590/590
f  587/587/587 590/590/590 588/588/588
f  589/589/589 591/591/591 592/592/592
f  589/589/589 592/592/592 590/590/590
f  593/593/593 579/579/579 580/580/580
f  593/593/593 580/580/580 594/594/594
f  595/595/595 596/596/596 597/597/597
f  595/595/595 597/597/597 598/598/598
f  599/599/599 600/600/600 601/601/601
f  599/599/599 601/601/601 602/602/602
f  596/596/596 603/603/603 604/604/604
f  596/596/596 604/604/604 597/597/597
f  605/605/605 599/599/599 602/602/602
f  605/605/605 602/602/602 606/606/606
f  603/603/603 607/607/607 608/608/608
f  603/603/603 608/608/608 604/604/604
f  609/609/609 605/605/605 606/606/606
f  609/609/609 606/606/606 610/610/610
f  607/607/607 611/611/611 612/612/612
f  607/607/607 612/612/612 608/608/608
f  613/613/613 614/614/614 615/615/615
f  613/613/613 615/615/615 616/616/616
f  614/614/614 617/617/617 618/618/618
f  614/614/614 618/618/618 615/615/615
f  617/617/617 619/619/619 620/620/620
f  617/617/617 620/620/620 618/618/618
f  619/619/619 621/621/621 622/622/622
f  619/619/619 622/622/622 620/620/620
f  623/623/623 609/609/609 610/610/610
f  623/623/623 610/610/610 624/624/624
f  625/625/625 626/626/626 627/627/627
f  625/625/625 627/627/627 628/628/628
f  629/629/629 630/630/630 631/631/631
f  629/629/629 631/631/631 632/632/632
f  633/633/633 634/634/634 635/635/635
f  633/633/633 635/635/635 636/636/636
f  637/637/637 638/638/638 639/639/639
f  637/637/637 639/639/639 640/640/640
f  641/641/641 642/642/642 643/643/643
f  641/641/641 643/643/643 644/644/644
f  645/645/645 646/646/646 647/647/647
f  645/645/645 647/647/647 648/648/648
f  649/649/649 650/650/650 638/638/638
f  649/649/649 638/638/638 637/637/637
f  651/651/651 652/652/652 642/642/642
f  651/651/651 642/642/642 641/641/641
f  653/653/653 654/654/654 655/655/655
f  653/653/653 655/655/655 656/656/656
f  657/657/657 658/658/658 650/650/650
f  657/657/657 650/650/650 649/649/649
f  659/659/659 660/660/660 652/652/652
f  659/659/659 652/652/652 651/651/651
f  661/661/661 662/662/662 663/663/663
f  661/661/661 663/663/663 664/664/664
f  637/637/637 640/640/640 665/665/665
f  637/637/637 665/665/665 666/666/666
f  630/630/630 629/629/629 667/667/667
f  630/630/630 667/667/667 668/668/668
f  643/643/643 642/642/642 669/669/669
f  643/643/643 669/669/669 670/670/670
f  636/636/636 635/635/635 671/671/671
f  636/636/636 671/671/671 672/672/672
f  673/673/673 674/674/674 675/675/675
f  673/673/673 675/675/675 676/676/676
f  677/677/677 678/678/678 679/679/679
f  677/677/677 679/679/679 680/680/680
f  681/681/681 682/682/682 683/683/683
f  681/681/681 683/683/683 684/684/684
f  632/632/632 631/631/631 685/685/685
f  632/632/632 685/685/685 686/686/686
f  634/634/634 633/633/633 687/687/687
f  634/634/634 687/687/687 688/688/688
f  689/689/689 690/690/690 691/691/691
f  689/689/689 691/691/691 692/692/692
f  693/693/693 694/694/694 695/695/695
f  693/693/693 695/695/695 696/696/696
f  697/697/697 698/698/698 699/699/699
f  697/697/697 699/699/699 700/700/700
f  701/701/701 702/702/702 703/703/703
f  701/701/701 703/703/703 704/704/704
f  705/705/705 706/706/706 707/707/707
f  705/705/705 707/707/707 708/708/708
f  709/709/709 710/710/710 711/711/711
f  709/709/709 711/711/711 712/712/712
f  700/700/700 699/699/699 713/713/713
f  700/700/700 713/713/713 714/714/714
f  706/706/706 705/705/705 715/715/715
f  706/706/706 715/715/715 716/716/716
f  690/690/690 689/689/689 717/717/717
f  690/690/690 717/717/717 718/718/718
f  710/710/710 709/709/709 719/719/719
f  710/710/710 719/719/719 720/720/720
f  721/721/721 722/722/722 723/723/723
f  721/721/721 723/723/723 724/724/724
f  716/716/716 715/715/715 725/725/725
f  716/716/716 725/725/725 726/726/726
f  727/727/727 728/728/728 729/729/729
f  727/727/727 729/729/729 730/730/730
f  720/720/720 719/719/719 731/731/731
f  720/720/720 731/731/731 732/732/732
f  733/733/733 734/734/734 735/735/735
f  733/733/733 735/735/735 736/736/736
f  726/726/726 725/725/725 737/737/737
f  726/726/726 737/737/737 738/738/738
f  739/739/739 740/740/740 741/741/741
f  739/739/739 741/741/741 742/742/742
f  732/732/732 731/731/731 743/743/743
f  732/732/732 743/743/743 744/744/744
f  745/745/745 746/746/746 747/747/747
f  745/745/745 747/747/747 748/748/748
f  738/738/738 737/737/737 749/749/749
f  738/738/738 749/749/749 750/750/750
f  751/751/751 752/752/752 753/753/753
f  751/751/751 753/753/753 754/754/754
f  744/744/744 743/743/743 755/755/755
f  744/744/744 755/755/755 756/756/756
f  757/757/757 758/758/758 759/759/759
f  757/757/757 759/759/759 760/760/760
f  758/758/758 761/761/761 762/762/762
f  758/758/758 762/762/762 759/759/759
f  761/761/761 763/763/763 764/764/764
f  761/761/761 764/764/764 762/762/762
f  765/765/765 766/766/766 767/767/767
f  765/765/765 767/767/767 768/768/768
f  766/766/766 769/769/769 770/770/770
f  766/766/766 770/770/770 767/767/767
f  769/769/769 771/771/771 772/772/772
f  769/769/769 772/772/772 770/770/770
f  773/773/773 774/774/774 775/775/775
f  773/773/773 775/775/775 776/776/776
f  774/774/774 777/777/777 778/778/778
f  774/774/774 778/778/778 775/775/775
f  777/777/777 779/779/779 780/780/780
f  777/777/777 780/780/780 778/778/778
f  779/779/779 781/781/781 782/782/782
f  779/779/779 782/782/782 780/780/780
f  781/781/781 783/783/783 784/784/784
f  781/781/781 784/784/784 782/782/782
f  783/783/783 785/785/785 786/786/786
f  783/783/783 786/786/786 784/784/784
f  785/785/785 787/787/787 788/788/788
f  785/785/785 788/788/788 786/786/786
f  789/789/789 790/790/790 791/791/791
f  789/789/789 791/791/791 792/792/792
f  790/790/790 793/793/793 794/794/794
f  790/790/790 794/794/794 791/791/791
f  793/793/793 795/795/795 796/796/796
f  793/793/793 796/796/796 794/794/794
f  797/797/797 798/798/798 799/799/799
f  797/797/797 799/799/799 800/800/800
f  798/798/798 801/801/801 802/802/802
f  798/798/798 802/802/802 799/799/799
f  801/801/801 803/803/803 804/804/804
f  801/801/801 804/804/804 802/802/802
f  803/803/803 757/757/757 760/760/760
f  803/803/803 760/760/760 804/804/804
f  805/805/805 806/806/806 807/807/807
f  805/805/805 807/807/807 808/808/808
f  806/806/806 809/809/809 810/810/810
f  806/806/806 810/810/810 807/807/807
f  811/811/811 812/812/812 813/813/813
f  811/811/811 813/813/813 814/814/814
f  812/812/812 815/815/815 816/816/816
f  812/812/812 816/816/816 813/813/813
f  815/815/815 817/817/817 818/818/818
f  815/815/815 818/818/818 816/816/816
f  817/817/817 819/819/819 820/820/820
f  817/817/817 820/820/820 818/818/818
f  821/821/821 822/822/822 823/823/823
f  821/821/821 823/823/823 824/824/824
f  822/822/822 825/825/825 826/826/826
f  822/822/822 826/826/826 823/823/823
f  825/825/825 827/827/827 828/828/828
f  825/825/825 828/828/828 826/826/826
f  827/827/827 829/829/829 830/830/830
f  827/827/827 830/830/830 828/828/828
f  829/829/829 831/831/831 832/832/832
f  829/829/829 832/832/832 830/830/830
f  831/831/831 833/833/833 834/834/834
f  831/831/831 834/834/834 832/832/832
f  835/835/835 836/836/836 837/837/837
f  835/835/835 837/837/837 838/838/838
f  836/836/836 839/839/839 840/840/840
f  836/836/836 840/840/840 837/837/837
f  839/839/839 841/841/841 842/842/842
f  839/839/839 842/842/842 840/840/840
f  841/841/841 843/843/843 844/844/844
f  841/841/841 844/844/844 842/842/842
f  845/845/845 846/846/846 847/847/847
f  845/845/845 847/847/847 848/848/848
f  846/846/846 849/849/849 850/850/850
f  846/846/846 850/850/850 847/847/847
f  849/849/849 851/851/851 852/852/852
f  849/849/849 852/852/852 850/850/850
f  851/851/851 805/805/805 808/808/808
f  851/851/851 808/808/808 852/852/852
f  853/853/853 854/854/854 855/855/855
f  853/853/853 855/855/855 856/856/856
f  857/857/857 858/858/858 859/859/859
f  857/857/857 859/859/859 860/860/860
f  861/861/861 862/862/862 863/863/863
f  861/861/861 863/863/863 864/864/864
f  865/865/865 866/866/866 867/867/867
f  865/865/865 867/867/867 868/868/868
f  869/869/869 870/870/870 871/871/871
f  869/869/869 871/871/871 872/872/872
f  873/873/873 874/874/874 875/875/875
f  873/873/873 875/875/875 876/876/876
f  877/877/877 878/878/878 879/879/879
f  877/877/877 879/879/879 880/880/880
f  881/881/881 870/870/870 869/869/869
f  881/881/881 869/869/869 882/882/882
f  883/883/883 884/884/884 885/885/885
f  883/883/883 885/885/885 886/886/886
f  876/876/876 875/875/875 887/887/887
f  876/876/876 887/887/887 888/888/888
f  889/889/889 890/890/890 865/865/865
f  889/889/889 865/865/865 891/891/891
f  890/890/890 892/892/892 866/866/866
f  890/890/890 866/866/866 865/865/865
f  893/893/893 894/894/894 862/862/862
f  893/893/893 862/862/862 861/861/861
f  858/858/858 895/895/895 896/896/896
f  858/858/858 896/896/896 859/859/859
f  896/896/896 897/897/897 898/898/898
f  896/896/896 898/898/898 859/859/859
f  899/899/899 900/900/900 854/854/854
f  899/899/899 854/854/854 853/853/853
f  901/901/901 902/902/902 903/903/903
f  901/901/901 903/903/903 904/904/904
f  905/905/905 892/892/892 890/890/890
f  905/905/905 890/890/890 906/906/906
f  907/907/907 894/894/894 893/893/893
f  907/907/907 893/893/893 908/908/908
f  909/909/909 896/896/896 895/895/895
f  909/909/909 895/895/895 910/910/910
f  911/911/911 912/912/912 913/913/913
f  911/911/911 913/913/913 914/914/914
f  915/915/915 900/900/900 899/899/899
f  915/915/915 899/899/899 916/916/916
f  917/917/917 918/918/918 919/919/919
f  917/917/917 919/919/919 920/920/920
f  866/866/866 892/892/892 921/921/921
f  866/866/866 921/921/921 922/922/922
f  923/923/923 924/924/924 925/925/925
f  923/923/923 925/925/925 926/926/926
f  872/872/872 871/871/871 927/927/927
f  872/872/872 927/927/927 928/928/928
f  929/929/929 930/930/930 931/931/931
f  929/929/929 931/931/931 932/932/932
f  933/933/933 895/895/895 858/858/858
f  933/933/933 858/858/858 934/934/934
f  935/935/935 936/936/936 937/937/937
f  935/935/935 937/937/937 938/938/938
f  939/939/939 874/874/874 873/873/873
f  939/939/939 873/873/873 940/940/940
f  941/941/941 942/942/942 943/943/943
f  941/941/941 943/943/943 944/944/944
f  945/945/945 946/946/946 947/947/947
f  945/945/945 947/947/947 948/948/948
f  870/870/870 881/881/881 949/949/949
f  870/870/870 949/949/949 950/950/950
f  855/855/855 854/854/854 951/951/951
f  855/855/855 951/951/951 952/952/952
f  953/953/953 954/954/954 955/955/955
f  953/953/953 955/955/955 956/956/956
f  957/957/957 958/958/958 959/959/959
f  957/957/957 959/959/959 960/960/960
f  900/900/900 915/915/915 961/961/961
f  900/900/900 961/961/961 962/962/962
f  887/887/887 875/875/875 963/963/963
f  887/887/887 963/963/963 964/964/964
f  908/908/908 893/893/893 965/965/965
f  908/908/908 965/965/965 966/966/966
f  967/967/967 968/968/968 969/969/969
f  967/967/967 969/969/969 970/970/970
f  971/971/971 972/972/972 973/973/973
f  971/971/971 973/973/973 974/974/974
f  874/874/874 939/939/939 975/975/975
f  874/874/874 975/975/975 976/976/976
f  977/977/977 978/978/978 979/979/979
f  977/977/977 979/979/979 980/980/980
f  981/981/981 982/982/982 983/983/983
f  981/981/981 983/983/983 984/984/984
f  861/861/861 864/864/864 985/985/985
f  861/861/861 985/985/985 986/986/986
f  927/927/927 871/871/871 987/987/987
f  927/927/927 987/987/987 988/988/988
f  989/989/989 990/990/990 991/991/991
f  989/989/989 991/991/991 992/992/992
f  853/853/853 856/856/856 993/993/993
f  853/853/853 993/993/993 994/994/994
f  882/882/882 869/869/869 995/995/995
f  882/882/882 995/995/995 996/996/996
f  997/997/997 998/998/998 999/999/999
f  997/997/997 999/999/999 1000/1000/1000
f  916/916/916 899/899/899 1001/1001/1001
f  916/916/916 1001/1001/1001 1002/1002/1002
f  1003/1003/1003 1004/1004/1004 1005/1005/1005
f  1003/1003/1003 1005/1005/1005 1006/1006/1006
f  1007/1007/1007 1008/1008/1008 1009/1009/1009
f  1007/1007/1007 1009/1009/1009 1010/1010/1010
f  876/876/876 888/888/888 1011/1011/1011
f  876/876/876 1011/1011/1011 1012/1012/1012
f  1013/1013/1013 1014/1014/1014 1015/1015/1015
f  1013/1013/1013 1015/1015/1015 1016/1016/1016
f  1017/1017/1017 1018/1018/1018 1019/1019/1019
f  1017/1017/1017 1019/1019/1019 1020/1020/1020
f  872/872/872 928/928/928 1021/1021/1021
f  872/872/872 1021/1021/1021 1022/1022/1022
f  863/863/863 862/862/862 1023/1023/1023
f  863/863/863 1023/1023/1023 1024/1024/1024
f  1025/1025/1025 1026/1026/1026 1027/1027/1027
f  1025/1025/1025 1027/1027/1027 1028/1028/1028
f  1029/1029/1029 1030/1030/1030 1031/1031/1031
f  1029/1029/1029 1031/1031/1031 1032/1032/1032
f  894/894/894 907/907/907 1033/1033/1033
f  894/894/894 1033/1033/1033 1034/1034/1034
f  940/940/940 873/873/873 1035/1035/1035
f  940/940/940 1035/1035/1035 1036/1036/1036
f  1037/1037/1037 1038/1038/1038 1039/1039/1039
f  1037/1037/1037 1039/1039/1039 1040/1040/1040
f  1041/1041/1041 1042/1042/1042 1043/1043/1043
f  1041/1041/1041 1043/1043/1043 1044/1044/1044
f  1045/1045/1045 1046/1046/1046 1047/1047/1047
f  1045/1045/1045 1047/1047/1047 1048/1048/1048
f  1049/1049/1049 1050/1050/1050 1051/1051/1051
f  1049/1049/1049 1051/1051/1051 1052/1052/1052
f  1053/1053/1053 1054/1054/1054 1055/1055/1055
f  1053/1053/1053 1055/1055/1055 1056/1056/1056
f  1057/1057/1057 1058/1058/1058 1059/1059/1059
f  1057/1057/1057 1059/1059/1059 1060/1060/1060
f  1061/1061/1061 1051/1051/1051 1050/1050/1050
f  1061/1061/1061 1050/1050/1050 1062/1062/1062
f  1063/1063/1063 1046/1046/1046 1045/1045/1045
f  1063/1063/1063 1045/1045/1045 1064/1064/1064
f  1065/1065/1065 1066/1066/1066 1067/1067/1067
f  1065/1065/1065 1067/1067/1067 1068/1068/1068
f  1069/1069/1069 1038/1038/1038 1037/1037/1037
f  1069/1069/1069 1037/1037/1037 1070/1070/1070
f  1071/1071/1071 1072/1072/1072 1073/1073/1073
f  1071/1071/1071 1073/1073/1073 1074/1074/1074
f  1044/1044/1044 1043/1043/1043 1075/1075/1075
f  1044/1044/1044 1075/1075/1075 1076/1076/1076
f  1077/1077/1077 1054/1054/1054 1053/1053/1053
f  1077/1077/1077 1053/1053/1053 1078/1078/1078
f  1079/1079/1079 1050/1050/1050 1049/1049/1049
f  1079/1079/1079 1049/1049/1049 1080/1080/1080
f  1062/1062/1062 1050/1050/1050 1079/1079/1079
f  1062/1062/1062 1079/1079/1079 1081/1081/1081
f  1060/1060/1060 1059/1059/1059 1082/1082/1082
f  1060/1060/1060 1082/1082/1082 1083/1083/1083
f  1084/1084/1084 1085/1085/1085 1051/1051/1051
f  1084/1084/1084 1051/1051/1051 1061/1061/1061
f  1052/1052/1052 1051/1051/1051 1085/1085/1085
f  1052/1052/1052 1085/1085/1085 1086/1086/1086
f  1056/1056/1056 1055/1055/1055 1087/1087/1087
f  1056/1056/1056 1087/1087/1087 1088/1088/1088
f  1089/1089/1089 1042/1042/1042 1041/1041/1041
f  1089/1089/1089 1041/1041/1041 1090/1090/1090
f  1091/1091/1091 1092/1092/1092 1093/1093/1093
f  1091/1091/1091 1093/1093/1093 1094/1094/1094
f  1095/1095/1095 1058/1058/1058 1057/1057/1057
f  1095/1095/1095 1057/1057/1057 1096/1096/1096
f  1097/1097/1097 1098/1098/1098 1099/1099/1099
f  1097/1097/1097 1099/1099/1099 1100/1100/1100
f  1101/1101/1101 1102/1102/1102 1103/1103/1103
f  1101/1101/1101 1103/1103/1103 1104/1104/1104
f  1105/1105/1105 1106/1106/1106 1107/1107/1107
f  1105/1105/1105 1107/1107/1107 1108/1108/1108
f  1109/1109/1109 1110/1110/1110 1111/1111/1111
f  1109/1109/1109 1111/1111/1111 1112/1112/1112
f  1070/1070/1070 1037/1037/1037 1113/1113/1113
f  1070/1070/1070 1113/1113/1113 1114/1114/1114
f  1115/1115/1115 1116/1116/1116 1117/1117/1117
f  1115/1115/1115 1117/1117/1117 1118/1118/1118
f  1119/1119/1119 1120/1120/1120 1121/1121/1121
f  1119/1119/1119 1121/1121/1121 1122/1122/1122
f  1060/1060/1060 1083/1083/1083 1123/1123/1123
f  1060/1060/1060 1123/1123/1123 1124/1124/1124
f  1125/1125/1125 1126/1126/1126 1127/1127/1127
f  1125/1125/1125 1127/1127/1127 1128/1128/1128
f  1129/1129/1129 1130/1130/1130 1131/1131/1131
f  1129/1129/1129 1131/1131/1131 1132/1132/1132
f  1046/1046/1046 1063/1063/1063 1133/1133/1133
f  1046/1046/1046 1133/1133/1133 1134/1134/1134
f  1096/1096/1096 1057/1057/1057 1135/1135/1135
f  1096/1096/1096 1135/1135/1135 1136/1136/1136
f  1137/1137/1137 1138/1138/1138 1139/1139/1139
f  1137/1137/1137 1139/1139/1139 1140/1140/1140
f  1119/1119/1119 1122/1122/1122 1141/1141/1141
f  1119/1119/1119 1141/1141/1141 1142/1142/1142
f  1073/1073/1073 1072/1072/1072 1143/1143/1143
f  1073/1073/1073 1143/1143/1143 1144/1144/1144
f  1113/1113/1113 1037/1037/1037 1145/1145/1145
f  1113/1113/1113 1145/1145/1145 1146/1146/1146
f  1147/1147/1147 1148/1148/1148 1149/1149/1149
f  1147/1147/1147 1149/1149/1149 1150/1150/1150
f  1046/1046/1046 1134/1134/1134 1151/1151/1151
f  1046/1046/1046 1151/1151/1151 1152/1152/1152
f  1093/1093/1093 1092/1092/1092 1153/1153/1153
f  1093/1093/1093 1153/1153/1153 1154/1154/1154
f  1127/1127/1127 1126/1126/1126 1155/1155/1155
f  1127/1127/1127 1155/1155/1155 1156/1156/1156
f  1157/1157/1157 1158/1158/1158 1098/1098/1098
f  1157/1157/1157 1098/1098/1098 1097/1097/1097
f  1159/1159/1159 1160/1160/1160 1161/1161/1161
f  1159/1159/1159 1161/1161/1161 1162/1162/1162
f  1163/1163/1163 1164/1164/1164 1106/1106/1106
f  1163/1163/1163 1106/1106/1106 1105/1105/1105
f  1057/1057/1057 1060/1060/1060 1110/1110/1110
f  1057/1057/1057 1110/1110/1110 1109/1109/1109
f  1165/1165/1165 1166/1166/1166 1167/1167/1167
f  1165/1165/1165 1167/1167/1167 1168/1168/1168
f  1105/1105/1105 1108/1108/1108 1169/1169/1169
f  1105/1105/1105 1169/1169/1169 1170/1170/1170
f  1067/1067/1067 1066/1066/1066 1171/1171/1171
f  1067/1067/1067 1171/1171/1171 1172/1172/1172
f  1099/1099/1099 1098/1098/1098 1173/1173/1173
f  1099/1099/1099 1173/1173/1173 1174/1174/1174
f  1183/1183/1183 658/658/658 1186/1186/1186
f  658/658/658 1183/1183/1183 650/650/650
f  650/650/650 1183/1183/1183 1184/1184/1184
f  650/650/650 1184/1184/1184 638/638/638
f  638/638/638 1184/1184/1184 1185/1185/1185
f  638/638/638 1185/1185/1185 639/639/639
f  651/651/651 1188/1188/1188 659/659/659
f  1188/1188/1188 651/651/651 1187/1187/1187
f  1187/1187/1187 651/651/651 641/641/641
f  1187/1187/1187 641/641/641 1190/1190/1190
f  1190/1190/1190 641/641/641 644/644/644
f  1190/1190/1190 644/644/644 1189/1189/1189
