mtllib mesh.mtl
g default
v 0.6531022191047668 0.4879501163959503 0.06587305665016174 
v 0.6689348816871643 0.4879501163959503 0.05004076287150383 
v 0.6689344644546509 0.48794981837272644 0.02765018492937088 
v 0.6531018018722534 0.48794981837272644 0.011817811988294125 
v 0.6307116746902466 0.48794981837272644 0.011818119324743748 
v 0.6148792505264282 0.48794981837272644 0.027650492265820503 
v 0.6307119727134705 0.4879501163959503 0.06587336957454681 
v 0.6148792505264282 0.4879501163959503 0.0500410720705986 
v -0.5958369374275208 -0.7537586092948914 0.027645966038107872 
v -0.6116693615913391 -0.7537583112716675 0.011813669465482235 
v -0.5958369374275208 -0.7537586092948914 0.05003654584288597 
v -0.6116693615913391 -0.7537586092948914 0.06586891412734985 
v -0.6340598464012146 -0.7537586092948914 0.06586891412734985 
v -0.6498922109603882 -0.7537586092948914 0.05003654584288597 
v -0.6498922109603882 -0.7537586092948914 0.027645966038107872 
v -0.6340598464012146 -0.7537583112716675 0.011813669465482235 
v 0.6531018018722534 -0.7537586092948914 0.0658801943063736 
v 0.668934166431427 -0.7537586092948914 0.05004751682281494 
v 0.6689338684082031 -0.7537586092948914 0.027657244354486465 
v 0.6531015038490295 -0.7537586092948914 0.011824870482087135 
v 0.630711019039154 -0.7537586092948914 0.011825254186987877 
v 0.6148786544799805 -0.7537586092948914 0.02765754982829094 
v 0.6307113170623779 -0.7537586092948914 0.0658801943063736 
v 0.6148786544799805 -0.7537586092948914 0.050047822296619415 
v -0.5958375930786133 0.4879501163959503 0.027653099969029427 
v -0.6116699576377869 0.4879501163959503 0.011820727959275246 
v -0.5958375930786133 0.48794981837272644 0.050043296068906784 
v -0.6116699576377869 0.48794981837272644 0.06587597727775574 
v -0.6340605616569519 0.48794981837272644 0.06587597727775574 
v -0.6498928070068359 0.48794981837272644 0.050043296068906784 
v -0.6498928070068359 0.4879501163959503 0.027653099969029427 
v -0.6340605616569519 0.4879501163959503 0.011820727959275246 
v -0.569931149482727 0.5333613157272339 0.02765340730547905 
v -0.5807743668556213 0.5448976159095764 0.011821034364402294 
v -0.569931149482727 0.5333609580993652 0.05004391074180603 
v -0.5807743668556213 0.5448973178863525 0.06587628275156021 
v -0.59610915184021 0.561212420463562 0.06587628275156021 
v -0.6069523692131042 0.5727487802505493 0.05004391074180603 
v -0.6069523692131042 0.5727490782737732 0.02765340730547905 
v -0.5961088538169861 0.5612127184867859 0.011821034364402294 
v -0.5135219097137451 0.5485993027687073 0.027653714641928673 
v -0.5135219097137451 0.5644291043281555 0.011821341700851917 
v -0.5135219097137451 0.5485993027687073 0.05004429444670677 
v -0.5135219097137451 0.5644291043281555 0.06587658822536469 
v -0.5135219097137451 0.5868157744407654 0.06587658822536469 
v -0.5135219097137451 0.6026455163955688 0.05004429444670677 
v -0.5135219097137451 0.6026455163955688 0.027653714641928673 
v -0.5135219097137451 0.5868157744407654 0.011821341700851917 
v 0.588972806930542 0.5333613157272339 0.05004076287150383 
v 0.5998163223266602 0.5448976159095764 0.06587305665016174 
v 0.588972806930542 0.5333609580993652 0.02765018492937088 
v 0.5998160243034363 0.5448973178863525 0.011817811988294125 
v 0.6151508688926697 0.561212420463562 0.011817811988294125 
v 0.6259944438934326 0.5727487802505493 0.02765018492937088 
v 0.6259944438934326 0.5727490782737732 0.05004037916660309 
v 0.6151508688926697 0.5612127184867859 0.06587305665016174 
v 0.5325636267662048 0.5485993027687073 0.05004037916660309 
v 0.5325636267662048 0.5644291043281555 0.06587305665016174 
v 0.5325636267662048 0.5485993027687073 0.02765018492937088 
v 0.5325632691383362 0.5644291043281555 0.011817811988294125 
v 0.5325632691383362 0.5868157744407654 0.011817811988294125 
v 0.5325636267662048 0.6026455163955688 0.02765018492937088 
v 0.5325636267662048 0.6026455163955688 0.05004037916660309 
v 0.5325636267662048 0.5868157744407654 0.06587305665016174 
v 0.5325636267662048 -0.4601919949054718 0.9797139167785645 
v 0.5325636267662048 -0.44826847314834595 0.9916353225708008 
v 0.5325636267662048 -0.431406706571579 0.9916353225708008 
v 0.5325636267662048 -0.4194832444190979 0.9797139167785645 
v 0.5325636267662048 -0.4194832444190979 0.9628543853759766 
v 0.5325636267662048 -0.431406706571579 0.9509331583976746 
v 0.5325636267662048 -0.4601919949054718 0.9628543853759766 
v 0.5325636267662048 -0.44826847314834595 0.9509331583976746 
v 0.6132577657699585 -0.4601919949054718 0.9548604488372803 
v 0.6214239597320557 -0.44826847314834595 0.9635486006736755 
v 0.6214239597320557 -0.4314063787460327 0.9635486006736755 
v 0.6132577657699585 -0.4194832444190979 0.9548604488372803 
v 0.6017091274261475 -0.4194832444190979 0.9425732493400574 
v 0.5935432314872742 -0.431406706571579 0.9338850378990173 
v 0.6017091274261475 -0.46019232273101807 0.9425736665725708 
v 0.5935432314872742 -0.4482688307762146 0.9338850378990173 
v -0.5135216116905212 -0.41948676109313965 0.9797139167785645 
v -0.5135216116905212 -0.4314102530479431 0.9916353225708008 
v -0.5135216116905212 -0.44827234745025635 0.9916353225708008 
v -0.5135216116905212 -0.4601958692073822 0.9797139167785645 
v -0.5135216116905212 -0.4601958692073822 0.9628540873527527 
v -0.5135216116905212 -0.44827234745025635 0.9509331583976746 
v -0.5135216116905212 -0.41948676109313965 0.9628543853759766 
v -0.5135216116905212 -0.4314102530479431 0.9509331583976746 
v -0.5942157506942749 -0.4194864332675934 0.9548604488372803 
v -0.6023820042610168 -0.43140992522239685 0.9635486006736755 
v -0.6023820042610168 -0.44827204942703247 0.9635486006736755 
v -0.5942157506942749 -0.4601952135562897 0.9548604488372803 
v -0.5826674699783325 -0.4601952135562897 0.9425732493400574 
v -0.5745012164115906 -0.44827204942703247 0.9338850378990173 
v -0.5826671719551086 -0.4194864332675934 0.9425736665725708 
v -0.5745012164115906 -0.43140992522239685 0.9338850378990173 
v -0.631295919418335 -0.4194861054420471 0.8836119771003723 
v -0.6432194709777832 -0.4314095973968506 0.8836116790771484 
v -0.6432194709777832 -0.44827139377593994 0.8836116790771484 
v -0.631295919418335 -0.4601948857307434 0.8836116790771484 
v -0.6144341826438904 -0.4601948857307434 0.8836116790771484 
v -0.6025106310844421 -0.44827139377593994 0.8836116790771484 
v -0.6144341826438904 -0.4194861054420471 0.8836119771003723 
v -0.6025106310844421 -0.4314095973968506 0.8836116790771484 
v 0.621552050113678 -0.4482749402523041 0.03794214874505997 
v 0.6334755420684814 -0.46019813418388367 0.03794214874505997 
v 0.621552050113678 -0.43141284584999084 0.03794184327125549 
v 0.6334752440452576 -0.419489324092865 0.03794184327125549 
v 0.6503373384475708 -0.419489324092865 0.03794184327125549 
v 0.6622608304023743 -0.4314125180244446 0.03794184327125549 
v 0.6622608304023743 -0.4482745826244354 0.03794214874505997 
v 0.6503376364707947 -0.46019813418388367 0.03794214874505997 
v -0.6312956213951111 -0.41947805881500244 0.03794214874505997 
v -0.6432188749313354 -0.43140125274658203 0.03794214874505997 
v -0.6432188749313354 -0.44826334714889526 0.03794184327125549 
v -0.6312956213951111 -0.46018683910369873 0.03794184327125549 
v -0.6144335865974426 -0.46018683910369873 0.03794184327125549 
v -0.6025100350379944 -0.44826334714889526 0.03794184327125549 
v -0.6144335865974426 -0.41947805881500244 0.03794214874505997 
v -0.6025100350379944 -0.43140125274658203 0.03794214874505997 
v 0.6215523481369019 -0.4482688307762146 0.8836119771003723 
v 0.6334758996963501 -0.46019232273101807 0.8836119771003723 
v 0.6215523481369019 -0.43140703439712524 0.8836116790771484 
v 0.6334755420684814 -0.4194835424423218 0.8836116790771484 
v 0.6503379940986633 -0.4194832444190979 0.8836116790771484 
v 0.6622614860534668 -0.431406706571579 0.8836116790771484 
v 0.6622614860534668 -0.4482688307762146 0.8836119771003723 
v 0.6503382921218872 -0.46019232273101807 0.8836119771003723 
v -0.6709708571434021 0.6507662534713745 -0.053114134818315506 
v 0.6709708571434021 0.6507662534713745 -0.053114134818315506 
v -0.6709708571434021 0.5958434343338013 -0.053114134818315506 
v 0.6709708571434021 0.5958434343338013 -0.053114134818315506 
v -0.6709708571434021 0.6507652997970581 1.0 
v 0.6709708571434021 0.6507652997970581 1.0 
v -0.6709708571434021 0.5958424806594849 0.9999997019767761 
v 0.6709708571434021 0.5958424806594849 0.9999997019767761 
v 0.6531022191047668 0.4879501163959503 0.9745356440544128 
v 0.6689348816871643 0.4879501163959503 0.9587032794952393 
v 0.6689344644546509 0.48794981837272644 0.9363130331039429 
v 0.6531018018722534 0.48794981837272644 0.9204807877540588 
v 0.6307116746902466 0.48794981837272644 0.9204807877540588 
v 0.6148792505264282 0.48794981837272644 0.9363134503364563 
v 0.6307119727134705 0.4879501163959503 0.9745359420776367 
v 0.6148792505264282 0.4879501163959503 0.9587035775184631 
v -0.5958369374275208 -0.7537586092948914 0.9363085627555847 
v -0.6116693615913391 -0.7537583112716675 0.9204761981964111 
v -0.5958369374275208 -0.7537586092948914 0.9586991667747498 
v -0.6116693615913391 -0.7537586092948914 0.9745315313339233 
v -0.6340598464012146 -0.7537586092948914 0.9745315313339233 
v -0.6498922109603882 -0.7537586092948914 0.9586991667747498 
v -0.6498922109603882 -0.7537586092948914 0.9363085627555847 
v -0.6340598464012146 -0.7537583112716675 0.9204761981964111 
v 0.6531018018722534 -0.7537583112716675 0.9745427370071411 
v 0.668934166431427 -0.7537586092948914 0.9587103128433228 
v 0.6689338684082031 -0.7537586092948914 0.9363197684288025 
v 0.6531015038490295 -0.7537586092948914 0.9204878211021423 
v 0.630711019039154 -0.7537586092948914 0.9204878211021423 
v 0.6148786544799805 -0.7537586092948914 0.9363202452659607 
v 0.6307113170623779 -0.7537583112716675 0.974543035030365 
v 0.6148786544799805 -0.7537586092948914 0.9587106704711914 
v -0.5958375930786133 0.4879501163959503 0.9363155961036682 
v -0.6116699576377869 0.4879501163959503 0.9204832315444946 
v -0.5958375930786133 0.48794981837272644 0.9587059020996094 
v -0.6116699576377869 0.48794981837272644 0.9745385646820068 
v -0.6340605616569519 0.48794981837272644 0.9745385646820068 
v -0.6498928070068359 0.48794981837272644 0.9587059020996094 
v -0.6498928070068359 0.4879501163959503 0.9363155961036682 
v -0.6340605616569519 0.4879501163959503 0.9204832315444946 
v -0.569931149482727 0.5333613157272339 0.9363159537315369 
v -0.5807743668556213 0.5448976159095764 0.9204835295677185 
v -0.569931149482727 0.5333609580993652 0.9587064981460571 
v -0.5807743668556213 0.5448973178863525 0.9745388627052307 
v -0.59610915184021 0.561212420463562 0.9745388627052307 
v -0.6069523692131042 0.5727487802505493 0.9587064981460571 
v -0.6069523692131042 0.5727490782737732 0.9363159537315369 
v -0.5961088538169861 0.5612127184867859 0.9204835295677185 
v -0.5135219097137451 0.5485993027687073 0.9363166689872742 
v -0.5135219097137451 0.5644291043281555 0.9204840064048767 
v -0.5135219097137451 0.5485993027687073 0.958706796169281 
v -0.5135219097137451 0.5644291043281555 0.9745391607284546 
v -0.5135219097137451 0.5868157744407654 0.9745391607284546 
v -0.5135219097137451 0.6026455163955688 0.958706796169281 
v -0.5135219097137451 0.6026455163955688 0.9363166689872742 
v -0.5135219097137451 0.5868157744407654 0.9204840064048767 
v 0.588972806930542 0.5333613157272339 0.9587032794952393 
v 0.5998163223266602 0.5448976159095764 0.9745356440544128 
v 0.588972806930542 0.5333609580993652 0.9363130331039429 
v 0.5998160243034363 0.5448973178863525 0.9204807877540588 
v 0.6151508688926697 0.561212420463562 0.9204803109169006 
v 0.6259944438934326 0.5727487802505493 0.9363126754760742 
v 0.6259944438934326 0.5727490782737732 0.9587029814720154 
v 0.6151508688926697 0.5612127184867859 0.9745356440544128 
v 0.5325636267662048 0.5485993027687073 0.9587032794952393 
v 0.5325636267662048 0.5644291043281555 0.9745356440544128 
v 0.5325636267662048 0.5485993027687073 0.9363126754760742 
v 0.5325632691383362 0.5644291043281555 0.9204803109169006 
v 0.5325632691383362 0.5868157744407654 0.9204803109169006 
v 0.5325636267662048 0.6026455163955688 0.9363126754760742 
v 0.5325636267662048 0.6026455163955688 0.9587032794952393 
v 0.5325636267662048 0.5868157744407654 0.9745356440544128 
v 0.6484159231185913 0.44995471835136414 0.8836119771003723 
v 0.6576201915740967 0.45915937423706055 0.8836119771003723 
v 0.6576201915740967 0.4721769690513611 0.8836116790771484 
v 0.6484155654907227 0.4813813269138336 0.8836116790771484 
v 0.635398268699646 0.4813813269138336 0.8836116790771484 
v 0.6261935830116272 0.4721766710281372 0.8836116790771484 
v 0.635398268699646 0.44995471835136414 0.8836119771003723 
v 0.6261935830116272 0.45915937423706055 0.8836119771003723 
v -0.6071513295173645 0.47218212485313416 0.03794214874505997 
v -0.6163558959960938 0.48138678073883057 0.03794214874505997 
v -0.6071513295173645 0.4591648280620575 0.03794184327125549 
v -0.6163558959960938 0.4499601721763611 0.03794184327125549 
v -0.6293731927871704 0.4499601721763611 0.03794184327125549 
v -0.6385778784751892 0.4591648280620575 0.03794184327125549 
v -0.6385778784751892 0.47218212485313416 0.03794214874505997 
v -0.6293731927871704 0.48138678073883057 0.03794214874505997 
v 0.6484152674674988 0.44994887709617615 0.03794214874505997 
v 0.6576198935508728 0.45915356278419495 0.03794214874505997 
v 0.6576198935508728 0.4721708297729492 0.03794184327125549 
v 0.6484148502349854 0.48137548565864563 0.03794184327125549 
v 0.6353976130485535 0.48137548565864563 0.03794184327125549 
v 0.6261929869651794 0.4721708297729492 0.03794184327125549 
v 0.6353979706764221 0.44994857907295227 0.03794214874505997 
v 0.6261929869651794 0.4591532349586487 0.03794214874505997 
v -0.6071516275405884 0.4721740484237671 0.8836116790771484 
v -0.6163563132286072 0.4813787043094635 0.8836119771003723 
v -0.6071516275405884 0.4591567814350128 0.8836116790771484 
v -0.6163563132286072 0.4499521255493164 0.8836116790771484 
v -0.6293735504150391 0.4499521255493164 0.8836116790771484 
v -0.6385785341262817 0.4591567814350128 0.8836116790771484 
v -0.6385785341262817 0.4721740484237671 0.8836116790771484 
v -0.6293735504150391 0.4813787043094635 0.8836119771003723 
v -0.5776799321174622 0.4721737504005432 0.9372673034667969 
v -0.5839839577674866 0.4813784062862396 0.9439743161201477 
v -0.5776799321174622 0.45915645360946655 0.9372668266296387 
v -0.5839839577674866 0.44995179772377014 0.9439740180969238 
v -0.5928992629051208 0.44995179772377014 0.9534593224525452 
v -0.5992035865783691 0.45915645360946655 0.9601665139198303 
v -0.5992032289505005 0.4721737504005432 0.9601665139198303 
v -0.5928992629051208 0.4813784062862396 0.9534593224525452 
v -0.5135216116905212 0.47217312455177307 0.9555734992027283 
v -0.5135216116905212 0.48137810826301575 0.9647765755653381 
v -0.5135216116905212 0.4591558575630188 0.9555734992027283 
v -0.5135216116905212 0.4499512016773224 0.9647765755653381 
v -0.5135216116905212 0.4499512016773224 0.9777919054031372 
v -0.5135216116905212 0.4591558575630188 0.9869950413703918 
v -0.5135216116905212 0.47217312455177307 0.9869950413703918 
v -0.5135216116905212 0.48137810826301575 0.9777919054031372 
v 0.5967215895652771 0.4591597020626068 0.9372673034667969 
v 0.6030259728431702 0.44995471835136414 0.9439743161201477 
v 0.5967215895652771 0.4721769690513611 0.9372673034667969 
v 0.6030259728431702 0.4813816249370575 0.9439740180969238 
v 0.6119412779808044 0.4813816249370575 0.953459620475769 
v 0.6182452440261841 0.4721769690513611 0.9601665139198303 
v 0.6182452440261841 0.4591597020626068 0.9601668119430542 
v 0.6119412779808044 0.449955016374588 0.953459620475769 
v 0.5325636267662048 0.4591597020626068 0.9555734992027283 
v 0.5325636267662048 0.449955016374588 0.9647765755653381 
v 0.5325636267662048 0.4721769690513611 0.9555734992027283 
v 0.5325636267662048 0.4813816249370575 0.9647765755653381 
v 0.5325636267662048 0.4813816249370575 0.9777919054031372 
v 0.5325636267662048 0.4721769690513611 0.9869950413703918 
v 0.5325636267662048 0.4591597020626068 0.9869950413703918 
v 0.5325636267662048 0.449955016374588 0.9777919054031372 
v 0.6482936143875122 0.4721766710281372 0.9753498435020447 
v 0.6482932567596436 0.4721708297729492 0.02646145224571228 
v -0.6151605248451233 0.4721766710281372 0.9753498435020447 
v -0.6151605248451233 0.4721766710281372 0.02646145224571228 
v 0.6029477119445801 0.571876049041748 0.9704427123069763 
v -0.5698142647743225 0.571876049041748 0.9704427123069763 
v 0.6482936143875122 0.4721766710281372 0.9753498435020447 
v 0.6482932567596436 0.4721708297729492 0.02646145224571228 
v -0.6151605248451233 0.4721766710281372 0.9753498435020447 
v -0.6151605248451233 0.4721766710281372 0.02646145224571228 
v 0.6029477119445801 0.571876049041748 0.9704427123069763 
v -0.5698142647743225 0.571876049041748 0.9704427123069763 
v -0.3953005373477936 -0.05395213142037392 -0.22428923845291138 
v -0.3953005373477936 -0.053954049944877625 -0.867811381816864 
v 0.39884647727012634 -0.053954049944877625 -0.867811381816864 
v 0.39884647727012634 -0.05395213142037392 -0.22428923845291138 
v -0.3953005373477936 -0.030583003535866737 -0.2178378701210022 
v -0.3953005373477936 -0.030581045895814896 -0.867811381816864 
v 0.39884647727012634 -0.030581045895814896 -0.867811381816864 
v 0.39884647727012634 -0.030583003535866737 -0.2178378701210022 
v -0.3953005373477936 -0.09410355240106583 -0.16449284553527832 
v 0.39884647727012634 -0.09410355240106583 -0.16449284553527832 
v -0.3953005373477936 -0.07726945728063583 -0.14704760909080505 
v 0.39884647727012634 -0.07726945728063583 -0.14704760909080505 
v 0.3362198770046234 -0.49883773922920227 -0.9296801686286926 
v 0.3520522117614746 -0.49883773922920227 -0.9455128312110901 
v 0.3362198770046234 -0.49883773922920227 -0.9072896242141724 
v 0.35205256938934326 -0.49883773922920227 -0.8914575576782227 
v 0.3744431138038635 -0.49883773922920227 -0.8914575576782227 
v 0.39027512073516846 -0.49883773922920227 -0.907289981842041 
v 0.39027512073516846 -0.49883773922920227 -0.9296805262565613 
v 0.3744427561759949 -0.49883773922920227 -0.9455128312110901 
v -0.34735459089279175 0.7082778811454773 -0.9999999403953552 
v -0.33152222633361816 0.7082778811454773 -0.984248697757721 
v -0.33152222633361816 0.7082778811454773 -0.961972713470459 
v -0.3473542630672455 0.7082778811454773 -0.9462214112281799 
v -0.36974483728408813 0.7082778811454773 -0.9462214112281799 
v -0.38557717204093933 0.7082778811454773 -0.9619724154472351 
v -0.369745135307312 0.7082778811454773 -0.9999999403953552 
v -0.38557717204093933 0.7082778811454773 -0.9842483401298523 
v 0.3362198770046234 -0.04293704405426979 -0.9293975830078125 
v 0.3520522117614746 -0.046470366418361664 -0.9448310136795044 
v 0.3362202048301697 -0.0379398837685585 -0.9075721502304077 
v 0.35205256938934326 -0.03440656512975693 -0.892139196395874 
v 0.3744431138038635 -0.03440656512975693 -0.892139196395874 
v 0.39027512073516846 -0.0379398837685585 -0.9075724482536316 
v 0.39027512073516846 -0.04293704405426979 -0.9293979406356812 
v 0.3744427561759949 -0.046470366418361664 -0.9448310136795044 
v -0.34735360741615295 0.30030712485313416 -0.9990525841712952 
v -0.33152127265930176 0.3019060790538788 -0.9833012819290161 
v -0.33152127265930176 0.3041679859161377 -0.9610253572463989 
v -0.34735360741615295 0.3057670295238495 -0.945273756980896 
v -0.3697441816329956 0.3057670295238495 -0.945273756980896 
v -0.3855765163898468 0.3041679859161377 -0.961025059223175 
v -0.3697441816329956 0.30030712485313416 -0.9990525841712952 
v -0.3855765163898468 0.3019060790538788 -0.9833009839057922 
v 0.3362198770046234 0.3019060790538788 -0.9833009839057922 
v 0.35205188393592834 0.30030712485313416 -0.9990525841712952 
v 0.3362198770046234 0.3041679859161377 -0.961025059223175 
v 0.3520522117614746 0.3057670295238495 -0.945273756980896 
v 0.3744427561759949 0.3057670295238495 -0.945273756980896 
v 0.3902748227119446 0.3041679859161377 -0.9610253572463989 
v 0.3902748227119446 0.3019060790538788 -0.9833012819290161 
v 0.374442458152771 0.30030712485313416 -0.9990525841712952 
v -0.34735360741615295 -0.046470366418361664 -0.9448310136795044 
v -0.3315209746360779 -0.04293704405426979 -0.9293979406356812 
v -0.3315209746360779 -0.0379398837685585 -0.9075724482536316 
v -0.3473533093929291 -0.03440656512975693 -0.892139196395874 
v -0.36974382400512695 -0.03440656512975693 -0.892139196395874 
v -0.3855762183666229 -0.0379398837685585 -0.9075721502304077 
v -0.3697441816329956 -0.046470366418361664 -0.9448310136795044 
v -0.3855762183666229 -0.04293704405426979 -0.9293975830078125 
v 0.3362188935279846 0.7082778811454773 -0.9842483401298523 
v 0.3520512580871582 0.7082778811454773 -0.9999999403953552 
v 0.3362188935279846 0.7082778811454773 -0.9619724154472351 
v 0.3520515561103821 0.7082778811454773 -0.9462214112281799 
v 0.37444213032722473 0.7082778811454773 -0.9462214112281799 
v 0.39027413725852966 0.7082778811454773 -0.961972713470459 
v 0.39027413725852966 0.7082778811454773 -0.984248697757721 
v 0.37444180250167847 0.7082778811454773 -0.9999999403953552 
v -0.34735360741615295 -0.49883773922920227 -0.9455128312110901 
v -0.33152127265930176 -0.49883773922920227 -0.9296805262565613 
v -0.3315209746360779 -0.49883773922920227 -0.907289981842041 
v -0.3473533093929291 -0.49883773922920227 -0.8914575576782227 
v -0.36974382400512695 -0.49883773922920227 -0.8914575576782227 
v -0.3855762183666229 -0.49883773922920227 -0.9072896242141724 
v -0.3697441816329956 -0.49883773922920227 -0.9455128312110901 
v -0.3855765163898468 -0.49883773922920227 -0.9296801686286926 
v -0.3953005373477936 0.30559518933296204 -0.9452167749404907 
v 0.39884647727012634 0.30559518933296204 -0.9452167749404907 
v -0.3953005373477936 0.30559518933296204 -0.9218438267707825 
v 0.39884647727012634 0.30559518933296204 -0.9218438267707825 
v -0.3953005373477936 0.7537586092948914 -0.9452167749404907 
v 0.39884647727012634 0.7537586092948914 -0.9452167749404907 
v -0.3953005373477936 0.7537586092948914 -0.9218438267707825 
v 0.39884647727012634 0.7537586092948914 -0.9218438267707825 
v 0.39026808738708496 -0.1655663549900055 -0.876541018486023 
v 0.374435693025589 -0.16556668281555176 -0.8923734426498413 
v 0.352045476436615 -0.16556668281555176 -0.8923734426498413 
v 0.3362131416797638 -0.16556668281555176 -0.8765407204627991 
v 0.3362131416797638 -0.16556668281555176 -0.8541505336761475 
v 0.35204577445983887 -0.16556668281555176 -0.83831787109375 
v 0.39026838541030884 -0.1655663549900055 -0.8541505336761475 
v 0.37443602085113525 -0.16556668281555176 -0.8383181691169739 
v 0.3520422577857971 -0.7535864114761353 -0.2175627499818802 
v 0.3362099230289459 -0.7535864114761353 -0.20173007249832153 
v 0.3744324743747711 -0.7535864114761353 -0.2175627499818802 
v 0.3902648389339447 -0.7535864114761353 -0.201730415225029 
v 0.3902648389339447 -0.7535864114761353 -0.17933982610702515 
v 0.3744324743747711 -0.7535864114761353 -0.16350749135017395 
v 0.3520422577857971 -0.7535864114761353 -0.16350749135017395 
v 0.3362099230289459 -0.7535864114761353 -0.17933982610702515 
v 0.39027512073516846 -0.7535864114761353 -0.8765407204627991 
v 0.3744427561759949 -0.7535864114761353 -0.892372727394104 
v 0.3520522117614746 -0.7535864114761353 -0.892372727394104 
v 0.3362198770046234 -0.7535864114761353 -0.8765400648117065 
v 0.3362202048301697 -0.7535864114761353 -0.8541498780250549 
v 0.35205256938934326 -0.7535864114761353 -0.8383174538612366 
v 0.3902754485607147 -0.7535864114761353 -0.8541501760482788 
v 0.3744431138038635 -0.7535864114761353 -0.8383174538612366 
v 0.3520493507385254 -0.16556668281555176 -0.21756243705749512 
v 0.3362169563770294 -0.1655663549900055 -0.20172975957393646 
v 0.374439537525177 -0.16556668281555176 -0.21756243705749512 
v 0.3902719020843506 -0.16556668281555176 -0.20172975957393646 
v 0.3902719020843506 -0.16556668281555176 -0.1793391853570938 
v 0.374439537525177 -0.16556668281555176 -0.16350685060024261 
v 0.3520493507385254 -0.16556668281555176 -0.16350685060024261 
v 0.3362169563770294 -0.1655663549900055 -0.1793391853570938 
v 0.3520493507385254 -0.12015549838542938 -0.24346861243247986 
v 0.3362172842025757 -0.10861879587173462 -0.23262536525726318 
v 0.37443989515304565 -0.12015549838542938 -0.24346861243247986 
v 0.39027222990989685 -0.10861912369728088 -0.23262536525726318 
v 0.39027222990989685 -0.09230407327413559 -0.2172904908657074 
v 0.37443989515304565 -0.08076769858598709 -0.2064472883939743 
v 0.35204964876174927 -0.08076737076044083 -0.2064472883939743 
v 0.3362172842025757 -0.09230374544858932 -0.21729084849357605 
v 0.35204994678497314 -0.1049174964427948 -0.2998781204223633 
v 0.3362172842025757 -0.08908740431070328 -0.2998781204223633 
v 0.3744405210018158 -0.1049174964427948 -0.2998781204223633 
v 0.390272855758667 -0.08908740431070328 -0.2998781204223633 
v 0.390272855758667 -0.06670069694519043 -0.2998781204223633 
v 0.3744405210018158 -0.05087093636393547 -0.2998781204223633 
v 0.35204994678497314 -0.05087093636393547 -0.2998781204223633 
v 0.3362172842025757 -0.06670069694519043 -0.2998781204223633 
v 0.374435693025589 -0.12015549838542938 -0.8124116659164429 
v 0.39026808738708496 -0.10861879587173462 -0.8232548832893372 
v 0.352045476436615 -0.12015549838542938 -0.8124116659164429 
v 0.3362131416797638 -0.10861912369728088 -0.8232548832893372 
v 0.33621278405189514 -0.09230407327413559 -0.8385894298553467 
v 0.35204511880874634 -0.08076769858598709 -0.8494330048561096 
v 0.3744353950023651 -0.08076737076044083 -0.8494330048561096 
v 0.39026808738708496 -0.09230374544858932 -0.8385897874832153 
v 0.374435693025589 -0.1049174964427948 -0.7560024857521057 
v 0.39026808738708496 -0.08908740431070328 -0.7560024857521057 
v 0.352045476436615 -0.1049174964427948 -0.7560021281242371 
v 0.3362131416797638 -0.08908740431070328 -0.7560021281242371 
v 0.3362131416797638 -0.06670069694519043 -0.7560021281242371 
v 0.352045476436615 -0.05087093636393547 -0.7560021281242371 
v 0.374435693025589 -0.05087093636393547 -0.7560024857521057 
v 0.39026808738708496 -0.06670069694519043 -0.7560024857521057 
v -0.3315228819847107 -0.1655663549900055 -0.876541018486023 
v -0.34735554456710815 -0.16556668281555176 -0.8923734426498413 
v -0.36974579095840454 -0.16556668281555176 -0.8923734426498413 
v -0.38557812571525574 -0.16556668281555176 -0.8765407204627991 
v -0.38557782769203186 -0.16556668281555176 -0.8541505336761475 
v -0.369745135307312 -0.16556668281555176 -0.83831787109375 
v -0.3315225839614868 -0.1655663549900055 -0.8541505336761475 
v -0.347354918718338 -0.16556668281555176 -0.8383181691169739 
v -0.36974868178367615 -0.7535864114761353 -0.2175627499818802 
v -0.3855813443660736 -0.7535864114761353 -0.20173007249832153 
v -0.34735843539237976 -0.7535864114761353 -0.2175627499818802 
v -0.33152610063552856 -0.7535864114761353 -0.201730415225029 
v -0.33152610063552856 -0.7535864114761353 -0.17933982610702515 
v -0.34735843539237976 -0.7535864114761353 -0.16350749135017395 
v -0.36974868178367615 -0.7535864114761353 -0.16350749135017395 
v -0.3855813443660736 -0.7535864114761353 -0.17933982610702515 
v -0.3315161168575287 -0.7535864114761353 -0.8765407204627991 
v -0.3473484516143799 -0.7535864114761353 -0.892372727394104 
v -0.36973869800567627 -0.7535864114761353 -0.892372727394104 
v -0.38557106256484985 -0.7535864114761353 -0.8765400648117065 
v -0.38557106256484985 -0.7535864114761353 -0.8541498780250549 
v -0.3697383999824524 -0.7535864114761353 -0.8383174538612366 
v -0.33151546120643616 -0.7535864114761353 -0.8541501760482788 
v -0.34734779596328735 -0.7535864114761353 -0.8383174538612366 
v -0.36974191665649414 -0.16556668281555176 -0.21756243705749512 
v -0.3855742812156677 -0.1655663549900055 -0.20172975957393646 
v -0.3473513722419739 -0.16556668281555176 -0.21756243705749512 
v -0.3315190076828003 -0.16556668281555176 -0.20172975957393646 
v -0.3315190076828003 -0.16556668281555176 -0.1793391853570938 
v -0.3473513722419739 -0.16556668281555176 -0.16350685060024261 
v -0.36974191665649414 -0.16556668281555176 -0.16350685060024261 
v -0.3855742812156677 -0.1655663549900055 -0.1793391853570938 
v -0.36974161863327026 -0.12015549838542938 -0.24346861243247986 
v -0.38557395339012146 -0.10861879587173462 -0.23262536525726318 
v -0.3473510444164276 -0.12015549838542938 -0.24346861243247986 
v -0.3315187096595764 -0.10861912369728088 -0.23262536525726318 
v -0.3315187096595764 -0.09230407327413559 -0.2172904908657074 
v -0.3473510444164276 -0.08076769858598709 -0.2064472883939743 
v -0.36974161863327026 -0.08076737076044083 -0.2064472883939743 
v -0.38557395339012146 -0.09230374544858932 -0.21729084849357605 
v -0.36974096298217773 -0.1049174964427948 -0.2998781204223633 
v -0.3855736255645752 -0.08908740431070328 -0.2998781204223633 
v -0.34735071659088135 -0.1049174964427948 -0.2998781204223633 
v -0.33151835203170776 -0.08908740431070328 -0.2998781204223633 
v -0.33151835203170776 -0.06670069694519043 -0.2998781204223633 
v -0.34735071659088135 -0.05087093636393547 -0.2998781204223633 
v -0.36974096298217773 -0.05087093636393547 -0.2998781204223633 
v -0.3855736255645752 -0.06670069694519043 -0.2998781204223633 
v -0.3473552167415619 -0.12015549838542938 -0.8124116659164429 
v -0.3315228819847107 -0.10861879587173462 -0.8232548832893372 
v -0.3697454333305359 -0.12015549838542938 -0.8124116659164429 
v -0.38557782769203186 -0.10861912369728088 -0.8232548832893372 
v -0.38557812571525574 -0.09230407327413559 -0.8385894298553467 
v -0.36974579095840454 -0.08076769858598709 -0.8494330048561096 
v -0.34735554456710815 -0.08076737076044083 -0.8494330048561096 
v -0.3315228819847107 -0.09230374544858932 -0.8385897874832153 
v -0.3473552167415619 -0.1049174964427948 -0.7560024857521057 
v -0.3315228819847107 -0.08908740431070328 -0.7560024857521057 
v -0.36974579095840454 -0.1049174964427948 -0.7560021281242371 
v -0.38557812571525574 -0.08908740431070328 -0.7560021281242371 
v -0.38557812571525574 -0.06670069694519043 -0.7560021281242371 
v -0.36974579095840454 -0.05087093636393547 -0.7560021281242371 
v -0.3473552167415619 -0.05087093636393547 -0.7560024857521057 
v -0.3315228819847107 -0.06670069694519043 -0.7560024857521057 
v 0.39884647727012634 -0.04760309308767319 -0.17757898569107056 
v -0.3953005373477936 -0.04760309308767319 -0.17757898569107056 
v -0.3953005373477936 -0.0677047073841095 -0.1895272582769394 
v 0.39884647727012634 -0.0677047073841095 -0.1895272582769394 
vt 0.06399200111627579 0.6758450269699097 
vt 0.058421000838279724 0.6758450269699097 
vt 0.058421000838279724 0.6463040113449097 
vt 0.06399200111627579 0.6463040113449097 
vt 0.6346089839935303 0.47786200046539307 
vt 0.6346089839935303 0.4900439977645874 
vt 0.6259940266609192 0.49865901470184326 
vt 0.6138120293617249 0.49865901470184326 
vt 0.605197012424469 0.4900439977645874 
vt 0.605197012424469 0.47786200046539307 
vt 0.6138120293617249 0.4692469835281372 
vt 0.6259940266609192 0.4692469835281372 
vt 0.6378589868545532 0.4900599718093872 
vt 0.6378589868545532 0.47787702083587646 
vt 0.6464729905128479 0.469262957572937 
vt 0.6586560010910034 0.469262957572937 
vt 0.6672700047492981 0.47787702083587646 
vt 0.6672700047492981 0.4900599718093872 
vt 0.6586560010910034 0.49867403507232666 
vt 0.6464729905128479 0.49867403507232666 
vt 0.058421000838279724 0.32147300243377686 
vt 0.06399200111627579 0.32147300243377686 
vt 0.06399200111627579 0.3426929712295532 
vt 0.058421000838279724 0.3426929712295532 
vt 0.04754500091075897 0.014293015003204346 
vt 0.05301399901509285 0.014293015003204346 
vt 0.05301399901509285 0.32147300243377686 
vt 0.04754500091075897 0.32147300243377686 
vt 0.025363000109791756 0.014293015003204346 
vt 0.030623000115156174 0.014293015003204346 
vt 0.030623000115156174 0.32147300243377686 
vt 0.025363000109791756 0.32147300243377686 
vt 0.058421000838279724 0.9855179786682129 
vt 0.05301399901509285 0.9855179786682129 
vt 0.05301399901509285 0.6758450269699097 
vt 0.036035001277923584 0.9855179786682129 
vt 0.030623000115156174 0.9855179786682129 
vt 0.030623000115156174 0.6758450269699097 
vt 0.036035001277923584 0.6758450269699097 
vt 0.04185200110077858 0.9855179786682129 
vt 0.04185200110077858 0.6758450269699097 
vt 0.058421000838279724 0.014293015003204346 
vt 0.036035001277923584 0.014293015003204346 
vt 0.036035001277923584 0.32147300243377686 
vt 0.06399200111627579 0.9855179786682129 
vt 0.04754500091075897 0.9855179786682129 
vt 0.04754500091075897 0.6758450269699097 
vt 0.025363000109791756 0.9855179786682129 
vt 0.019850999116897583 0.9855179786682129 
vt 0.019850999116897583 0.6758450269699097 
vt 0.025363000109791756 0.6758450269699097 
vt 0.06399200111627579 0.014293015003204346 
vt 0.04185200110077858 0.014293015003204346 
vt 0.04185200110077858 0.32147300243377686 
vt 0.019850999116897583 0.014293015003204346 
vt 0.019850999116897583 0.32147300243377686 
vt 0.019850999116897583 0.3426929712295532 
vt 0.025363000109791756 0.3426929712295532 
vt 0.025363000109791756 0.3673579692840576 
vt 0.019850999116897583 0.3673579692840576 
vt 0.036035001277923584 0.3426929712295532 
vt 0.030623000115156174 0.3426929712295532 
vt 0.05301399901509285 0.3426929712295532 
vt 0.04754500091075897 0.3426929712295532 
vt 0.04185200110077858 0.3426929712295532 
vt 0.04185200110077858 0.3673579692840576 
vt 0.036035001277923584 0.3673579692840576 
vt 0.06399200111627579 0.3673579692840576 
vt 0.058421000838279724 0.3673579692840576 
vt 0.030623000115156174 0.3673579692840576 
vt 0.05301399901509285 0.3673579692840576 
vt 0.04754500091075897 0.3673579692840576 
vt 0.05301399901509285 0.6463040113449097 
vt 0.05301399901509285 0.6192259788513184 
vt 0.058421000838279724 0.6192259788513184 
vt 0.04185200110077858 0.6463040113449097 
vt 0.04754500091075897 0.6463040113449097 
vt 0.019850999116897583 0.6463040113449097 
vt 0.025363000109791756 0.6463040113449097 
vt 0.030623000115156174 0.6463040113449097 
vt 0.036035001277923584 0.6463040113449097 
vt 0.036035001277923584 0.6192259788513184 
vt 0.04185200110077858 0.6192259788513184 
vt 0.06399200111627579 0.6192259788513184 
vt 0.04754500091075897 0.6192259788513184 
vt 0.019850999116897583 0.6192259788513184 
vt 0.025363000109791756 0.6192259788513184 
vt 0.030623000115156174 0.6192259788513184 
vt 0.22089199721813202 0.6463099718093872 
vt 0.21532100439071655 0.6463099718093872 
vt 0.21532100439071655 0.6192330121994019 
vt 0.22089199721813202 0.6192330121994019 
vt 0.1929350048303604 0.6758520007133484 
vt 0.18752199411392212 0.6758520007133484 
vt 0.18752199411392212 0.6463099718093872 
vt 0.1929350048303604 0.6463099718093872 
vt 0.18226300179958344 0.34269899129867554 
vt 0.18752199411392212 0.34269899129867554 
vt 0.18752199411392212 0.36736398935317993 
vt 0.18226300179958344 0.36736398935317993 
vt 0.2099130004644394 0.34269899129867554 
vt 0.21532100439071655 0.34269899129867554 
vt 0.21532100439071655 0.36736398935317993 
vt 0.2099130004644394 0.36736398935317993 
vt 0.2044440060853958 0.6758520007133484 
vt 0.1987520009279251 0.6758520007133484 
vt 0.1987520009279251 0.6463099718093872 
vt 0.2044440060853958 0.6463099718093872 
vt 0.2099130004644394 0.6758520007133484 
vt 0.2099130004644394 0.6463099718093872 
vt 0.2044440060853958 0.6192330121994019 
vt 0.2044440060853958 0.36736398935317993 
vt 0.2099130004644394 0.6192330121994019 
vt 0.18226300179958344 0.6758520007133484 
vt 0.1767510026693344 0.6758520007133484 
vt 0.1767510026693344 0.6463099718093872 
vt 0.18226300179958344 0.6463099718093872 
vt 0.2044440060853958 0.34269899129867554 
vt 0.1987520009279251 0.6192330121994019 
vt 0.1929350048303604 0.6192330121994019 
vt 0.1929350048303604 0.36736398935317993 
vt 0.1987520009279251 0.36736398935317993 
vt 0.1767510026693344 0.6192330121994019 
vt 0.18226300179958344 0.6192330121994019 
vt 0.21532100439071655 0.6758520007133484 
vt 0.1987520009279251 0.34269899129867554 
vt 0.18752199411392212 0.6192330121994019 
vt 0.2099130004644394 0.32148003578186035 
vt 0.21532100439071655 0.32148003578186035 
vt 0.2044440060853958 0.32148003578186035 
vt 0.1929350048303604 0.34269899129867554 
vt 0.22089199721813202 0.34269899129867554 
vt 0.22089199721813202 0.36736398935317993 
vt 0.1929350048303604 0.32148003578186035 
vt 0.1987520009279251 0.32148003578186035 
vt 0.1767510026693344 0.32148003578186035 
vt 0.18226300179958344 0.32148003578186035 
vt 0.1767510026693344 0.34269899129867554 
vt 0.2099130004644394 0.9855250120162964 
vt 0.2044440060853958 0.9855250120162964 
vt 0.18752199411392212 0.32148003578186035 
vt 0.1987520009279251 0.014298975467681885 
vt 0.2044440060853958 0.014298975467681885 
vt 0.1767510026693344 0.36736398935317993 
vt 0.1767510026693344 0.014298975467681885 
vt 0.18226300179958344 0.014298975467681885 
vt 0.18752199411392212 0.9855250120162964 
vt 0.18226300179958344 0.9855250120162964 
vt 0.21532100439071655 0.9855250120162964 
vt 0.6261510252952576 0.6193659901618958 
vt 0.6261510252952576 0.6285409927368164 
vt 0.6196630001068115 0.6350280046463013 
vt 0.610489010810852 0.6350290179252625 
vt 0.604000985622406 0.6285409927368164 
vt 0.604000985622406 0.6193659901618958 
vt 0.610489010810852 0.6128789782524109 
vt 0.6196630001068115 0.6128789782524109 
vt 0.1929350048303604 0.9855250120162964 
vt 0.22089199721813202 0.6758520007133484 
vt 0.2099130004644394 0.014298975467681885 
vt 0.18752199411392212 0.014298975467681885 
vt 0.22089199721813202 0.32148003578186035 
vt 0.6043949723243713 0.6572520136833191 
vt 0.6043949723243713 0.6480770111083984 
vt 0.6108819842338562 0.6415889859199524 
vt 0.6200569868087769 0.6415889859199524 
vt 0.6265439987182617 0.6480770111083984 
vt 0.6265439987182617 0.6572520136833191 
vt 0.6200569868087769 0.663739025592804 
vt 0.6108819842338562 0.663739025592804 
vt 0.22089199721813202 0.9855250120162964 
vt 0.1929350048303604 0.014298975467681885 
vt 0.1987520009279251 0.9855250120162964 
vt 0.21532100439071655 0.014298975467681885 
vt 0.22089199721813202 0.014298975467681885 
vt 0.1767510026693344 0.9855250120162964 
vt 0.6151620149612427 0.9823539853096008 
vt 0.6080340147018433 0.9823539853096008 
vt 0.6080330014228821 0.8082020282745361 
vt 0.6151610016822815 0.8082020282745361 
vt 0.619966983795166 0.8449879884719849 
vt 0.619970977306366 0.6712629795074463 
vt 0.6270809769630432 0.6712629795074463 
vt 0.6270769834518433 0.8449879884719849 
vt 0.6080330014228821 0.6715289950370789 
vt 0.6151610016822815 0.6715289950370789 
vt 0.6714670062065125 0.26079702377319336 
vt 0.991424024105072 0.26079702377319336 
vt 0.991424024105072 0.5118889808654785 
vt 0.6714670062065125 0.5118889808654785 
vt 0.6270809769630432 0.9813330173492432 
vt 0.619970977306366 0.9813330173492432 
vt 0.991424024105072 0.26068300008773804 
vt 0.6714670062065125 0.26068300008773804 
vt 0.6714670062065125 0.009590983390808105 
vt 0.991424024105072 0.009590983390808105 
vt 0.2735989987850189 0.6758450269699097 
vt 0.26802799105644226 0.6758450269699097 
vt 0.26802799105644226 0.6463040113449097 
vt 0.2735989987850189 0.6463040113449097 
vt 0.6590650081634521 0.43620800971984863 
vt 0.6676790118217468 0.4448230266571045 
vt 0.6676790118217468 0.45700502395629883 
vt 0.6590650081634521 0.4656200408935547 
vt 0.6468819975852966 0.4656200408935547 
vt 0.638267993927002 0.45700597763061523 
vt 0.638267993927002 0.4448230266571045 
vt 0.6468819975852966 0.43620800971984863 
vt 0.6441280245780945 0.5301399827003479 
vt 0.6355130076408386 0.5215259790420532 
vt 0.6355130076408386 0.5093430280685425 
vt 0.6441280245780945 0.5007290244102478 
vt 0.6563100218772888 0.5007290244102478 
vt 0.6649249792098999 0.5093430280685425 
vt 0.6649249792098999 0.5215259790420532 
vt 0.6563100218772888 0.5301399827003479 
vt 0.26802799105644226 0.32147300243377686 
vt 0.2735989987850189 0.32147300243377686 
vt 0.2735989987850189 0.3426929712295532 
vt 0.26802799105644226 0.3426929712295532 
vt 0.2571519911289215 0.014293015003204346 
vt 0.2626209855079651 0.014293015003204346 
vt 0.2626209855079651 0.32147300243377686 
vt 0.2571519911289215 0.32147300243377686 
vt 0.23497000336647034 0.014293015003204346 
vt 0.240229994058609 0.014293015003204346 
vt 0.240229994058609 0.32147300243377686 
vt 0.23497000336647034 0.32147300243377686 
vt 0.26802799105644226 0.9855179786682129 
vt 0.2626209855079651 0.9855179786682129 
vt 0.2626209855079651 0.6758450269699097 
vt 0.24564200639724731 0.9855179786682129 
vt 0.240229994058609 0.9855179786682129 
vt 0.240229994058609 0.6758450269699097 
vt 0.24564200639724731 0.6758450269699097 
vt 0.251459002494812 0.9855179786682129 
vt 0.251459002494812 0.6758450269699097 
vt 0.26802799105644226 0.014293015003204346 
vt 0.24564200639724731 0.014293015003204346 
vt 0.24564200639724731 0.32147300243377686 
vt 0.2735989987850189 0.9855179786682129 
vt 0.2571519911289215 0.9855179786682129 
vt 0.2571519911289215 0.6758450269699097 
vt 0.23497000336647034 0.9855179786682129 
vt 0.2294580042362213 0.9855179786682129 
vt 0.2294580042362213 0.6758450269699097 
vt 0.23497000336647034 0.6758450269699097 
vt 0.2735989987850189 0.014293015003204346 
vt 0.251459002494812 0.014293015003204346 
vt 0.251459002494812 0.32147300243377686 
vt 0.2294580042362213 0.014293015003204346 
vt 0.2294580042362213 0.32147300243377686 
vt 0.2294580042362213 0.3426929712295532 
vt 0.23497000336647034 0.3426929712295532 
vt 0.23497000336647034 0.3673579692840576 
vt 0.2294580042362213 0.3673579692840576 
vt 0.24564200639724731 0.3426929712295532 
vt 0.240229994058609 0.3426929712295532 
vt 0.2626209855079651 0.3426929712295532 
vt 0.2571519911289215 0.3426929712295532 
vt 0.251459002494812 0.3426929712295532 
vt 0.251459002494812 0.3673579692840576 
vt 0.24564200639724731 0.3673579692840576 
vt 0.2735989987850189 0.3673579692840576 
vt 0.26802799105644226 0.3673579692840576 
vt 0.240229994058609 0.3673579692840576 
vt 0.2626209855079651 0.3673579692840576 
vt 0.2571519911289215 0.3673579692840576 
vt 0.2626209855079651 0.6463040113449097 
vt 0.2626209855079651 0.6192259788513184 
vt 0.26802799105644226 0.6192259788513184 
vt 0.251459002494812 0.6463040113449097 
vt 0.2571519911289215 0.6463040113449097 
vt 0.2294580042362213 0.6463040113449097 
vt 0.23497000336647034 0.6463040113449097 
vt 0.240229994058609 0.6463040113449097 
vt 0.24564200639724731 0.6463040113449097 
vt 0.24564200639724731 0.6192259788513184 
vt 0.251459002494812 0.6192259788513184 
vt 0.2735989987850189 0.6192259788513184 
vt 0.2571519911289215 0.6192259788513184 
vt 0.2294580042362213 0.6192259788513184 
vt 0.23497000336647034 0.6192259788513184 
vt 0.240229994058609 0.6192259788513184 
vt 0.16856099665164948 0.6758520007133484 
vt 0.162990003824234 0.6758520007133484 
vt 0.162990003824234 0.6463099718093872 
vt 0.16856099665164948 0.6463099718093872 
vt 0.6242489814758301 0.5822219848632812 
vt 0.6192399859428406 0.5872300267219543 
vt 0.6121580004692078 0.5872300267219543 
vt 0.6071490049362183 0.5822219848632812 
vt 0.6071490049362183 0.5751389861106873 
vt 0.6121569871902466 0.5701310038566589 
vt 0.6192399859428406 0.5701310038566589 
vt 0.6242480278015137 0.5751389861106873 
vt 0.6113709807395935 0.6092510223388672 
vt 0.606361985206604 0.6042429804801941 
vt 0.606361985206604 0.5971599817276001 
vt 0.6113709807395935 0.5921519994735718 
vt 0.6184530258178711 0.5921519994735718 
vt 0.6234620213508606 0.5971599817276001 
vt 0.6234620213508606 0.6042429804801941 
vt 0.6184530258178711 0.6092510223388672 
vt 0.162990003824234 0.32148003578186035 
vt 0.16856099665164948 0.32148003578186035 
vt 0.16856099665164948 0.34269899129867554 
vt 0.162990003824234 0.34269899129867554 
vt 0.15211400389671326 0.014298975467681885 
vt 0.15758299827575684 0.014298975467681885 
vt 0.15758299827575684 0.32148003578186035 
vt 0.15211400389671326 0.32148003578186035 
vt 0.1299320012331009 0.014298975467681885 
vt 0.13519200682640076 0.014298975467681885 
vt 0.13519200682640076 0.32148003578186035 
vt 0.1299320012331009 0.32148003578186035 
vt 0.162990003824234 0.9855250120162964 
vt 0.15758299827575684 0.9855250120162964 
vt 0.15758299827575684 0.6758520007133484 
vt 0.14060500264167786 0.9855250120162964 
vt 0.13519200682640076 0.9855250120162964 
vt 0.13519200682640076 0.6758520007133484 
vt 0.14060500264167786 0.6758520007133484 
vt 0.14642199873924255 0.9855250120162964 
vt 0.14642199873924255 0.6758520007133484 
vt 0.162990003824234 0.014298975467681885 
vt 0.14060500264167786 0.014298975467681885 
vt 0.14060500264167786 0.32148003578186035 
vt 0.16856099665164948 0.9855250120162964 
vt 0.15211400389671326 0.9855250120162964 
vt 0.15211400389671326 0.6758520007133484 
vt 0.1299320012331009 0.9855250120162964 
vt 0.12442000210285187 0.9855250120162964 
vt 0.12442000210285187 0.6758520007133484 
vt 0.1299320012331009 0.6758520007133484 
vt 0.16856099665164948 0.014298975467681885 
vt 0.14642199873924255 0.014298975467681885 
vt 0.14642199873924255 0.32148003578186035 
vt 0.12442000210285187 0.014298975467681885 
vt 0.12442000210285187 0.32148003578186035 
vt 0.12442000210285187 0.34269899129867554 
vt 0.1299320012331009 0.34269899129867554 
vt 0.1299320012331009 0.36736398935317993 
vt 0.12442000210285187 0.36736398935317993 
vt 0.14060500264167786 0.34269899129867554 
vt 0.13519200682640076 0.34269899129867554 
vt 0.15758299827575684 0.34269899129867554 
vt 0.15211400389671326 0.34269899129867554 
vt 0.14642199873924255 0.34269899129867554 
vt 0.14642199873924255 0.36736398935317993 
vt 0.14060500264167786 0.36736398935317993 
vt 0.16856099665164948 0.36736398935317993 
vt 0.162990003824234 0.36736398935317993 
vt 0.13519200682640076 0.36736398935317993 
vt 0.15758299827575684 0.36736398935317993 
vt 0.15211400389671326 0.36736398935317993 
vt 0.15758299827575684 0.6463099718093872 
vt 0.15758299827575684 0.6192330121994019 
vt 0.162990003824234 0.6192330121994019 
vt 0.14642199873924255 0.6463099718093872 
vt 0.15211400389671326 0.6463099718093872 
vt 0.12442000210285187 0.6463099718093872 
vt 0.1299320012331009 0.6463099718093872 
vt 0.13519200682640076 0.6463099718093872 
vt 0.14060500264167786 0.6463099718093872 
vt 0.14060500264167786 0.6192330121994019 
vt 0.14642199873924255 0.6192330121994019 
vt 0.16856099665164948 0.6192330121994019 
vt 0.15211400389671326 0.6192330121994019 
vt 0.12442000210285187 0.6192330121994019 
vt 0.1299320012331009 0.6192330121994019 
vt 0.13519200682640076 0.6192330121994019 
vt 0.5981680154800415 0.010016024112701416 
vt 0.5981680154800415 0.39262300729751587 
vt 0.33892199397087097 0.39262300729751587 
vt 0.33892199397087097 0.010016977787017822 
vt 0.6499649882316589 0.023572027683258057 
vt 0.6499649882316589 0.3790680170059204 
vt 0.5981699824333191 0.3926219940185547 
vt 0.33892399072647095 0.3926219940185547 
vt 0.33892399072647095 0.010015010833740234 
vt 0.5981709957122803 0.010015010833740234 
vt 0.6499670147895813 0.023575007915496826 
vt 0.6499670147895813 0.3790619969367981 
vt 0.6320840120315552 0.9781140089035034 
vt 0.631168007850647 0.7941780090332031 
vt 0.6378059983253479 0.7941409945487976 
vt 0.6389430165290833 0.9775210022926331 
vt 0.6299350261688232 0.5686039924621582 
vt 0.6365739703178406 0.5685679912567139 
vt 0.6484839916229248 0.5686159729957581 
vt 0.6501150131225586 0.7446320056915283 
vt 0.6429340243339539 0.7459700107574463 
vt 0.6421549916267395 0.5717009902000427 
vt 0.6985719799995422 0.9535089731216431 
vt 0.6985719799995422 0.7271940112113953 
vt 0.9778590202331543 0.7271940112113953 
vt 0.9778590202331543 0.9535080194473267 
vt 0.6983950138092041 0.9511160254478455 
vt 0.6983940005302429 0.7225319743156433 
vt 0.9776809811592102 0.7225319743156433 
vt 0.9776819944381714 0.9511150121688843 
vt 0.6983950138092041 0.966027021408081 
vt 0.9776819944381714 0.9660260081291199 
vt 0.9776819944381714 0.9809370040893555 
vt 0.6983950138092041 0.9809380173683167 
vt 0.6431530117988586 0.7674660086631775 
vt 0.6500160098075867 0.7699679732322693 
vt 0.6490179896354675 0.9947810173034668 
vt 0.6421549916267395 0.9922789931297302 
vt 0.6324710249900818 0.9875500202178955 
vt 0.6393420100212097 0.9871860146522522 
vt 0.6397420167922974 0.9968519806861877 
vt 0.6328579783439636 0.9969859719276428 
vt 0.6430439949035645 0.7567179799079895 
vt 0.650065004825592 0.7573000192642212 
vt 0.6985719799995422 0.9661740064620972 
vt 0.9778590202331543 0.966172993183136 
vt 0.9778590202331543 0.9788389801979065 
vt 0.6985719799995422 0.9788389801979065 
vt 0.6060159802436829 0.45739901065826416 
vt 0.6060159802436829 0.44521600008010864 
vt 0.6146299839019775 0.43660199642181396 
vt 0.6268129944801331 0.43660199642181396 
vt 0.6354269981384277 0.44521600008010864 
vt 0.6354269981384277 0.45739901065826416 
vt 0.6268129944801331 0.46601301431655884 
vt 0.6146299839019775 0.46601301431655884 
vt 0.38599100708961487 0.7879440188407898 
vt 0.38599100708961487 0.98129802942276 
vt 0.3723199963569641 0.98129802942276 
vt 0.3723199963569641 0.7879440188407898 
vt 0.4739769995212555 0.6230549812316895 
vt 0.4739769995212555 0.7879440188407898 
vt 0.46206000447273254 0.7879440188407898 
vt 0.46206000447273254 0.6230549812316895 
vt 0.5600029826164246 0.6235799789428711 
vt 0.5600029826164246 0.7886369824409485 
vt 0.5433729887008667 0.7886369824409485 
vt 0.5433729887008667 0.6235799789428711 
vt 0.4739769995212555 0.9813230037689209 
vt 0.46206000447273254 0.9813169836997986 
vt 0.44753798842430115 0.9813209772109985 
vt 0.44753798842430115 0.7879440188407898 
vt 0.49852800369262695 0.4040279984474182 
vt 0.49852800369262695 0.6235799789428711 
vt 0.48652899265289307 0.6235799789428711 
vt 0.48652899265289307 0.4040279984474182 
vt 0.5600029826164246 0.4040279984474182 
vt 0.5433729887008667 0.4040279984474182 
vt 0.526278018951416 0.6235799789428711 
vt 0.526278018951416 0.4040279984474182 
vt 0.4171200096607208 0.7879440188407898 
vt 0.4171200096607208 0.9813230037689209 
vt 0.40004101395606995 0.9813129901885986 
vt 0.40004101395606995 0.7879440188407898 
vt 0.38599100708961487 0.6230549812316895 
vt 0.3723199963569641 0.6230549812316895 
vt 0.6002879738807678 0.4040279984474182 
vt 0.6002879738807678 0.6235799789428711 
vt 0.588358998298645 0.6235799789428711 
vt 0.588358998298645 0.4040279984474182 
vt 0.573822021484375 0.6235799789428711 
vt 0.573822021484375 0.4040279984474182 
vt 0.5122129917144775 0.6235799789428711 
vt 0.5122129917144775 0.4040279984474182 
vt 0.4337320029735565 0.9813159704208374 
vt 0.4337320029735565 0.7879440188407898 
vt 0.6323649883270264 0.5560320019721985 
vt 0.6323649883270264 0.5439119935035706 
vt 0.640978991985321 0.5353419780731201 
vt 0.6531620025634766 0.5353419780731201 
vt 0.6617760062217712 0.5439119935035706 
vt 0.6617760062217712 0.5560330152511597 
vt 0.6531620025634766 0.5646029710769653 
vt 0.640978991985321 0.5646029710769653 
vt 0.4171200096607208 0.9812899827957153 
vt 0.49852800369262695 0.7886369824409485 
vt 0.49852800369262695 0.9821860194206238 
vt 0.48652899265289307 0.9822099804878235 
vt 0.48652899265289307 0.7886369824409485 
vt 0.46206000447273254 0.4037240147590637 
vt 0.44753798842430115 0.6230549812316895 
vt 0.44753798842430115 0.4037240147590637 
vt 0.6002879738807678 0.7886369824409485 
vt 0.588358998298645 0.7886369824409485 
vt 0.526278018951416 0.7886369824409485 
vt 0.4171200096607208 0.6230549812316895 
vt 0.40004101395606995 0.6230549812316895 
vt 0.38599100708961487 0.4037240147590637 
vt 0.3723199963569641 0.4037240147590637 
vt 0.36033299565315247 0.9813230037689209 
vt 0.36033299565315247 0.7879440188407898 
vt 0.573822021484375 0.7886369824409485 
vt 0.5122129917144775 0.7886369824409485 
vt 0.4337320029735565 0.6230549812316895 
vt 0.36033299565315247 0.6230549812316895 
vt 0.6012930274009705 0.5560320019721985 
vt 0.6012930274009705 0.5439119935035706 
vt 0.6099079847335815 0.5353419780731201 
vt 0.6220909953117371 0.5353419780731201 
vt 0.6307049989700317 0.5439119935035706 
vt 0.6307049989700317 0.5560320019721985 
vt 0.6220909953117371 0.5646020174026489 
vt 0.6099079847335815 0.5646020174026489 
vt 0.6646170020103455 0.5372970104217529 
vt 0.6646170020103455 0.5251139998435974 
vt 0.6732320189476013 0.5164999961853027 
vt 0.6854140162467957 0.5164999961853027 
vt 0.6940289735794067 0.5251139998435974 
vt 0.6940289735794067 0.5372970104217529 
vt 0.6854140162467957 0.5459110140800476 
vt 0.6732320189476013 0.5459110140800476 
vt 0.5600029826164246 0.9822030067443848 
vt 0.5433729887008667 0.9821770191192627 
vt 0.4171200096607208 0.4037240147590637 
vt 0.40004101395606995 0.4037240147590637 
vt 0.4739769995212555 0.4037240147590637 
vt 0.6002879738807678 0.9822099804878235 
vt 0.588358998298645 0.9822049736976624 
vt 0.5433729887008667 0.9822099804878235 
vt 0.526278018951416 0.9822009801864624 
vt 0.4337320029735565 0.4037240147590637 
vt 0.36033299565315247 0.4037240147590637 
vt 0.573822021484375 0.9822090268135071 
vt 0.5122129917144775 0.9821850061416626 
vt 0.6741229891777039 0.9631959795951843 
vt 0.666998028755188 0.9631959795951843 
vt 0.6669970154762268 0.7211160063743591 
vt 0.6741219758987427 0.7211160063743591 
vt 0.6554949879646301 0.8300309777259827 
vt 0.6554970145225525 0.5897790193557739 
vt 0.6625679731369019 0.5897790193557739 
vt 0.6625660061836243 0.8300309777259827 
vt 0.6669970154762268 0.5844990015029907 
vt 0.6741219758987427 0.5844990015029907 
vt 0.9861950278282166 0.5334470272064209 
vt 0.9861950278282166 0.6968219876289368 
vt 0.6966950297355652 0.6968219876289368 
vt 0.6966950297355652 0.5334470272064209 
vt 0.6625679731369019 0.9656100273132324 
vt 0.6554970145225525 0.9656100273132324 
vt 0.6974740028381348 0.5359200239181519 
vt 0.9845510125160217 0.5359200239181519 
vt 0.9845510125160217 0.6979269981384277 
vt 0.6974740028381348 0.6979269981384277 
vt 0.32572999596595764 0.6758450269699097 
vt 0.320158988237381 0.6758450269699097 
vt 0.320158988237381 0.6463040113449097 
vt 0.32572999596595764 0.6463040113449097 
vt 0.6936349868774414 0.5593029856681824 
vt 0.6936349868774414 0.5714849829673767 
vt 0.6850209832191467 0.5800999999046326 
vt 0.6728379726409912 0.5800999999046326 
vt 0.6642240285873413 0.5714849829673767 
vt 0.6642240285873413 0.5593029856681824 
vt 0.6728379726409912 0.5506880283355713 
vt 0.6850209832191467 0.5506880283355713 
vt 0.6064090132713318 0.42278504371643066 
vt 0.6064090132713318 0.41060298681259155 
vt 0.6150230169296265 0.40198802947998047 
vt 0.627206027507782 0.40198802947998047 
vt 0.6358209848403931 0.41060197353363037 
vt 0.6358209848403931 0.42278504371643066 
vt 0.627206027507782 0.43140000104904175 
vt 0.6150239706039429 0.43140000104904175 
vt 0.320158988237381 0.32147300243377686 
vt 0.32572999596595764 0.32147300243377686 
vt 0.32572999596595764 0.3426929712295532 
vt 0.320158988237381 0.3426929712295532 
vt 0.30928298830986023 0.014293015003204346 
vt 0.3147520124912262 0.014293015003204346 
vt 0.3147520124912262 0.32147300243377686 
vt 0.30928298830986023 0.32147300243377686 
vt 0.28710100054740906 0.014293015003204346 
vt 0.29236099123954773 0.014293015003204346 
vt 0.29236099123954773 0.32147300243377686 
vt 0.28710100054740906 0.32147300243377686 
vt 0.320158988237381 0.9855179786682129 
vt 0.3147520124912262 0.9855179786682129 
vt 0.3147520124912262 0.6758450269699097 
vt 0.29777398705482483 0.9855179786682129 
vt 0.29236099123954773 0.9855179786682129 
vt 0.29236099123954773 0.6758450269699097 
vt 0.29777398705482483 0.6758450269699097 
vt 0.3035910129547119 0.9855179786682129 
vt 0.3035910129547119 0.6758450269699097 
vt 0.320158988237381 0.014293015003204346 
vt 0.29777398705482483 0.014293015003204346 
vt 0.29777398705482483 0.32147300243377686 
vt 0.32572999596595764 0.9855179786682129 
vt 0.30928298830986023 0.9855179786682129 
vt 0.30928298830986023 0.6758450269699097 
vt 0.28710100054740906 0.9855179786682129 
vt 0.28158900141716003 0.9855179786682129 
vt 0.28158900141716003 0.6758450269699097 
vt 0.28710100054740906 0.6758450269699097 
vt 0.32572999596595764 0.014293015003204346 
vt 0.3035910129547119 0.014293015003204346 
vt 0.3035910129547119 0.32147300243377686 
vt 0.28158900141716003 0.014293015003204346 
vt 0.28158900141716003 0.32147300243377686 
vt 0.28158900141716003 0.3426929712295532 
vt 0.28710100054740906 0.3426929712295532 
vt 0.28710100054740906 0.3673579692840576 
vt 0.28158900141716003 0.3673579692840576 
vt 0.29777398705482483 0.3426929712295532 
vt 0.29236099123954773 0.3426929712295532 
vt 0.3147520124912262 0.3426929712295532 
vt 0.30928298830986023 0.3426929712295532 
vt 0.3035910129547119 0.3426929712295532 
vt 0.3035910129547119 0.3673579692840576 
vt 0.29777398705482483 0.3673579692840576 
vt 0.32572999596595764 0.3673579692840576 
vt 0.320158988237381 0.3673579692840576 
vt 0.29236099123954773 0.3673579692840576 
vt 0.3147520124912262 0.3673579692840576 
vt 0.30928298830986023 0.3673579692840576 
vt 0.3147520124912262 0.6463040113449097 
vt 0.3147520124912262 0.6192259788513184 
vt 0.320158988237381 0.6192259788513184 
vt 0.3035910129547119 0.6463040113449097 
vt 0.30928298830986023 0.6463040113449097 
vt 0.28158900141716003 0.6463040113449097 
vt 0.28710100054740906 0.6463040113449097 
vt 0.29236099123954773 0.6463040113449097 
vt 0.29777398705482483 0.6463040113449097 
vt 0.29777398705482483 0.6192259788513184 
vt 0.3035910129547119 0.6192259788513184 
vt 0.32572999596595764 0.6192259788513184 
vt 0.30928298830986023 0.6192259788513184 
vt 0.28158900141716003 0.6192259788513184 
vt 0.28710100054740906 0.6192259788513184 
vt 0.29236099123954773 0.6192259788513184 
vt 0.11629299819469452 0.6758450269699097 
vt 0.11072199791669846 0.6758450269699097 
vt 0.11072199791669846 0.6463040113449097 
vt 0.11629299819469452 0.6463040113449097 
vt 0.6354269981384277 0.5093430280685425 
vt 0.6354269981384277 0.5215250253677368 
vt 0.6268129944801331 0.5301399827003479 
vt 0.6146299839019775 0.5301399827003479 
vt 0.6060159802436829 0.5215250253677368 
vt 0.6060159802436829 0.5093430280685425 
vt 0.6146299839019775 0.5007280111312866 
vt 0.6268129944801331 0.5007280111312866 
vt 0.635906994342804 0.42278504371643066 
vt 0.635906994342804 0.41060298681259155 
vt 0.6445209980010986 0.40198802947998047 
vt 0.6567040085792542 0.40198802947998047 
vt 0.6653180122375488 0.41060298681259155 
vt 0.6653180122375488 0.42278504371643066 
vt 0.6567040085792542 0.43140000104904175 
vt 0.6445209980010986 0.43140000104904175 
vt 0.11072199791669846 0.32147300243377686 
vt 0.11629299819469452 0.32147300243377686 
vt 0.11629299819469452 0.3426929712295532 
vt 0.11072199791669846 0.3426929712295532 
vt 0.0998459979891777 0.014293015003204346 
vt 0.10531400144100189 0.014293015003204346 
vt 0.10531400144100189 0.32147300243377686 
vt 0.0998459979891777 0.32147300243377686 
vt 0.07766400277614594 0.014293015003204346 
vt 0.08292300254106522 0.014293015003204346 
vt 0.08292300254106522 0.32147300243377686 
vt 0.07766400277614594 0.32147300243377686 
vt 0.11072199791669846 0.9855179786682129 
vt 0.10531400144100189 0.9855179786682129 
vt 0.10531400144100189 0.6758450269699097 
vt 0.08833599835634232 0.9855179786682129 
vt 0.08292300254106522 0.9855179786682129 
vt 0.08292300254106522 0.6758450269699097 
vt 0.08833599835634232 0.6758450269699097 
vt 0.09415300190448761 0.9855179786682129 
vt 0.09415300190448761 0.6758450269699097 
vt 0.11072199791669846 0.014293015003204346 
vt 0.08833599835634232 0.014293015003204346 
vt 0.08833599835634232 0.32147300243377686 
vt 0.11629299819469452 0.9855179786682129 
vt 0.0998459979891777 0.9855179786682129 
vt 0.0998459979891777 0.6758450269699097 
vt 0.07766400277614594 0.9855179786682129 
vt 0.07215200364589691 0.9855179786682129 
vt 0.07215200364589691 0.6758450269699097 
vt 0.07766400277614594 0.6758450269699097 
vt 0.11629299819469452 0.014293015003204346 
vt 0.09415300190448761 0.014293015003204346 
vt 0.09415300190448761 0.32147300243377686 
vt 0.07215200364589691 0.014293015003204346 
vt 0.07215200364589691 0.32147300243377686 
vt 0.07215200364589691 0.3426929712295532 
vt 0.07766400277614594 0.3426929712295532 
vt 0.07766400277614594 0.3673579692840576 
vt 0.07215200364589691 0.3673579692840576 
vt 0.08833599835634232 0.3426929712295532 
vt 0.08292300254106522 0.3426929712295532 
vt 0.10531400144100189 0.3426929712295532 
vt 0.0998459979891777 0.3426929712295532 
vt 0.09415300190448761 0.3426929712295532 
vt 0.09415300190448761 0.3673579692840576 
vt 0.08833599835634232 0.3673579692840576 
vt 0.11629299819469452 0.3673579692840576 
vt 0.11072199791669846 0.3673579692840576 
vt 0.08292300254106522 0.3673579692840576 
vt 0.10531400144100189 0.3673579692840576 
vt 0.0998459979891777 0.3673579692840576 
vt 0.10531400144100189 0.6463040113449097 
vt 0.10531400144100189 0.6192259788513184 
vt 0.11072199791669846 0.6192259788513184 
vt 0.09415300190448761 0.6463040113449097 
vt 0.0998459979891777 0.6463040113449097 
vt 0.07215200364589691 0.6463040113449097 
vt 0.07766400277614594 0.6463040113449097 
vt 0.08292300254106522 0.6463040113449097 
vt 0.08833599835634232 0.6463040113449097 
vt 0.08833599835634232 0.6192259788513184 
vt 0.09415300190448761 0.6192259788513184 
vt 0.11629299819469452 0.6192259788513184 
vt 0.0998459979891777 0.6192259788513184 
vt 0.07215200364589691 0.6192259788513184 
vt 0.07766400277614594 0.6192259788513184 
vt 0.08292300254106522 0.6192259788513184 
vn 0.2685610353946686 0.01552512589842081 0.9631375670433044
vn 0.8710750937461853 0.031377170234918594 0.4901466369628906
vn 0.9628326296806335 0.027096765115857124 -0.2687360346317291
vn 0.49369609355926514 0.007323389407247305 -0.86960369348526
vn -0.2624667286872864 -0.01109723187983036 -0.9648772478103638
vn -0.8674905896186829 -0.019497757777571678 -0.4970712959766388
vn -0.4926616847515106 -0.005986733827739954 0.8702003359794617
vn -0.9642658233642578 -0.018309826031327248 0.2643030881881714
vn 0.8611903786659241 -0.06211252138018608 -0.5044732093811035
vn 0.25271931290626526 -0.004551413003355265 -0.9675289392471313
vn 0.9675279855728149 -0.00455797603353858 0.2527226209640503
vn 0.5053906440734863 -0.015561750158667564 0.8627503514289856
vn -0.25263407826423645 -0.026557089760899544 0.9671973586082458
vn -0.8624417185783386 -0.031106140464544296 0.5051995515823364
vn -0.9671971797943115 -0.026550596579909325 -0.25263577699661255
vn -0.5053874254226685 -0.015552393160760403 -0.862752377986908
vn 0.5053882002830505 -0.015552538447082043 0.8627519607543945
vn 0.9672004580497742 -0.02655072882771492 0.25262314081192017
vn 0.8624342679977417 -0.031106047332286835 -0.5052123069763184
vn 0.2526257038116455 -0.02655709907412529 -0.9671996235847473
vn -0.5053907036781311 -0.01556157786399126 -0.862750232219696
vn -0.9675282835960388 -0.004558006767183542 -0.2527216970920563
vn -0.25271618366241455 -0.004551525693386793 0.9675297141075134
vn -0.8611850142478943 -0.062112484127283096 0.5044822096824646
vn 0.9642673134803772 -0.018309658393263817 -0.2642976641654968
vn 0.4926671087741852 -0.005986636038869619 -0.8701972961425781
vn 0.8674905300140381 -0.01949768327176571 0.49707135558128357
vn 0.26245951652526855 -0.01109718531370163 0.9648791551589966
vn -0.49370306730270386 0.007323560304939747 0.8695996999740601
vn -0.9628375172615051 0.027096986770629883 0.26871833205223083
vn -0.8710725903511047 0.03137760981917381 -0.49015089869499207
vn -0.268557608127594 0.015525068156421185 -0.9631385803222656
vn 0.5533316135406494 -0.7274851202964783 -0.40569648146629333
vn 0.2472487986087799 -0.2516331672668457 -0.9357076287269592
vn 0.5432322025299072 -0.7472754716873169 0.3827245831489563
vn 0.18601998686790466 -0.3134777843952179 0.9311972260475159
vn -0.3023836016654968 0.2691439688205719 0.9143990874290466
vn -0.6164369583129883 0.6895670294761658 0.3801352083683014
vn -0.5746309757232666 0.7311155796051025 -0.36778971552848816
vn -0.21333801746368408 0.35451847314834595 -0.9103864431381226
vn 0.013371088542044163 -0.9674617648124695 -0.2526637017726898
vn 0.007925013080239296 -0.505216121673584 -0.8629565238952637
vn 0.012874768115580082 -0.8628590703010559 0.5052804350852966
vn 0.004422720056027174 -0.25194022059440613 0.9677326083183289
vn -0.018090644851326942 0.398406058549881 0.9170306921005249
vn -0.01961600035429001 0.927005410194397 0.3745344281196594
vn -0.021766474470496178 0.8635956645011902 -0.503714919090271
vn -0.005772151984274387 0.2543329894542694 -0.9670995473861694
vn -0.5533310174942017 -0.7274851202964783 0.40569713711738586
vn -0.24724404513835907 -0.2516319453716278 0.9357092380523682
vn -0.5432331562042236 -0.7472737431526184 -0.38272684812545776
vn -0.18602526187896729 -0.3134791851043701 -0.9311956763267517
vn 0.30237650871276855 0.2691427171230316 -0.9144017696380615
vn 0.6164341568946838 0.6895653009414673 -0.38014283776283264
vn 0.5746303796768188 0.7311137914657593 0.3677940368652344
vn 0.2133455127477646 0.3545238673686981 0.9103826880455017
vn -0.013370956294238567 -0.9674620032310486 0.2526625394821167
vn -0.007924817502498627 -0.5052187442779541 0.8629549741744995
vn -0.012874861247837543 -0.8628567457199097 -0.5052845478057861
vn -0.0044229780323803425 -0.25194135308265686 -0.9677324295043945
vn 0.012395523488521576 0.5066928267478943 -0.8620374798774719
vn 0.02537573128938675 0.9672368168830872 -0.2526044547557831
vn 0.031691618263721466 0.9183749556541443 0.3944401144981384
vn 0.00444516958668828 0.3773173987865448 0.9260733127593994
vn 0.004317159298807383 -0.9261422753334045 0.3771495819091797
vn 0.030175235122442245 -0.3942132592201233 0.9185234308242798
vn 0.023936374112963676 0.2526156008243561 0.96727055311203
vn 0.01185309886932373 0.8621490597724915 0.5065160989761353
vn -0.004590168595314026 0.9676540493965149 -0.2522394061088562
vn -0.01399850845336914 0.5050836801528931 -0.8629568815231323
vn -0.008486773818731308 -0.8628365397453308 -0.5054118633270264
vn -0.014897210523486137 -0.25265607237815857 -0.9674414396286011
vn 0.21055378019809723 -0.9126506447792053 0.35033679008483887
vn 0.572191596031189 -0.3689902722835541 0.7324226498603821
vn 0.6115989685058594 0.38223618268966675 0.6927064061164856
vn 0.2967704236507416 0.916749894618988 0.267389178276062
vn -0.19007715582847595 0.9283022880554199 -0.3195708990097046
vn -0.5492159128189087 0.3799576163291931 -0.744307816028595
vn -0.2554545998573303 -0.9327834248542786 -0.2542794644832611
vn -0.5654746890068054 -0.4010719358921051 -0.7206799983978271
vn -0.00560616422444582 0.9671773910522461 0.2540401518344879
vn -0.020694004371762276 0.5039070844650269 0.8635099530220032
vn -0.01848558522760868 -0.3749144971370697 0.9268749952316284
vn -0.017317935824394226 -0.9173409938812256 0.3977254331111908
vn 0.004589988384395838 -0.9676536321640015 -0.25224077701568604
vn 0.01399843767285347 -0.5050753355026245 -0.8629617094993591
vn 0.008487059734761715 0.8628388047218323 -0.5054078698158264
vn 0.014897380955517292 0.25265610218048096 -0.9674414396286011
vn -0.21054919064044952 0.9126524925231934 0.3503347933292389
vn -0.5721907615661621 0.36899152398109436 0.7324227094650269
vn -0.611599862575531 -0.3822357952594757 0.6927058696746826
vn -0.29677534103393555 -0.9167491793632507 0.2673860788345337
vn 0.19006864726543427 -0.9283033013343811 -0.3195730149745941
vn 0.5492105484008789 -0.3799654543399811 -0.7443077564239502
vn 0.2554599940776825 0.9327809810638428 -0.2542828619480133
vn 0.5654752254486084 0.401071161031723 -0.7206799983978271
vn -0.2742916941642761 0.9614073038101196 0.02144826203584671
vn -0.8736788034439087 0.48461878299713135 0.042778968811035156
vn -0.9607905149459839 -0.2747657597064972 0.03722059354186058
vn -0.4883875846862793 -0.8725664019584656 0.010266205295920372
vn 0.26781919598579407 -0.963323175907135 -0.016773860901594162
vn 0.8700530529022217 -0.49202609062194824 -0.030297767370939255
vn 0.4872400164604187 0.8732234239578247 -0.008834874257445335
vn 0.9624055624008179 0.27017125487327576 -0.02798224240541458
vn -0.860816478729248 -0.5042635798454285 -0.0686526894569397
vn -0.25271689891815186 -0.9675272107124329 -0.005032251589000225
vn -0.967526376247406 0.2527197301387787 -0.0050404611974954605
vn -0.5053831338882446 0.8627234697341919 -0.017208002507686615
vn 0.2526048421859741 0.967123806476593 -0.029364679008722305
vn 0.8623424768447876 0.5051559805870056 -0.034393373876810074
vn 0.967121958732605 -0.2526126503944397 -0.029356813058257103
vn 0.5053836703300476 -0.8627232909202576 -0.017196830362081528
vn -0.5053747296333313 0.8627287149429321 -0.01719401776790619
vn -0.9671208262443542 0.2526171803474426 -0.029356177896261215
vn -0.8623461127281189 -0.5051498413085938 -0.03439449891448021
vn -0.2526218891143799 -0.9671193361282349 -0.02936752326786518
vn 0.5053765773773193 -0.8627272844314575 -0.01721002161502838
vn 0.9675244688987732 -0.25272703170776367 -0.0050409333780407906
vn 0.25272026658058167 0.9675263166427612 -0.0050296722911298275
vn 0.8608160018920898 0.5042645931243896 -0.06865106523036957
vn -0.9624055624008179 -0.2701711356639862 -0.027983080595731735
vn -0.4872342050075531 -0.8732266426086426 -0.008836920373141766
vn -0.870059609413147 0.4920145273208618 -0.030296575278043747
vn -0.26782330870628357 0.9633220434188843 -0.01677163690328598
vn 0.4883697032928467 0.8725764751434326 0.010267880745232105
vn 0.9607912302017212 0.2747632563114166 0.03722141310572624
vn 0.8736857771873474 -0.48460620641708374 0.04277752339839935
vn 0.27428969740867615 -0.9614078998565674 0.021445805206894875
vn -0.08147288858890533 0.9953229427337646 -0.051907945424318314
vn 0.020431900396943092 0.9984344244003296 -0.052070215344429016
vn -0.020431896671652794 -0.99843430519104 -0.05207204073667526
vn 0.08147291094064713 -0.9953228235244751 -0.05190976336598396
vn -0.02045270800590515 0.9994511008262634 0.02606298215687275
vn 0.08114561438560486 0.9913241267204285 0.1034015566110611
vn -0.08114555478096008 -0.9913243055343628 0.10339969396591187
vn 0.020452700555324554 -0.9994511008262634 0.026061169803142548
vn 0.2685660421848297 0.015525166876614094 0.9631361365318298
vn 0.8710731267929077 0.031377337872982025 0.49014991521835327
vn 0.9628324508666992 0.027096543461084366 -0.26873689889907837
vn 0.4936930239200592 0.007323217578232288 -0.8696053624153137
vn -0.2624609172344208 -0.011097017675638199 -0.9648788571357727
vn -0.8674903512001038 -0.019497564062476158 -0.49707168340682983
vn -0.492662638425827 -0.005986578296869993 0.8701997995376587
vn -0.9642655849456787 -0.018309734761714935 0.2643040716648102
vn 0.861190676689148 -0.062112562358379364 -0.5044726133346558
vn 0.25272029638290405 -0.004551450721919537 -0.9675286412239075
vn 0.9675281643867493 -0.00455796904861927 0.2527221143245697
vn 0.5053904056549072 -0.015561744570732117 0.8627504110336304
vn -0.25263404846191406 -0.02655707485973835 0.9671973586082458
vn -0.8624417781829834 -0.03110615350306034 0.5051995515823364
vn -0.9671972393989563 -0.026550596579909325 -0.2526349723339081
vn -0.505388081073761 -0.015552482567727566 -0.8627519607543945
vn 0.5053894519805908 -0.015552360564470291 0.8627511262893677
vn 0.9672001004219055 -0.02655080519616604 0.2526245713233948
vn 0.862433135509491 -0.03110605664551258 -0.505214273929596
vn 0.25262966752052307 -0.02655695378780365 -0.9671984910964966
vn -0.5053911805152893 -0.015561663545668125 -0.8627500534057617
vn -0.9675281047821045 -0.0045579965226352215 -0.2527223825454712
vn -0.2527118921279907 -0.00455147260800004 0.9675309062004089
vn -0.8611857891082764 -0.062112193554639816 0.5044808983802795
vn 0.9642674922943115 -0.018309684470295906 -0.26429712772369385
vn 0.4926677942276001 -0.005986666772514582 -0.8701968789100647
vn 0.8674908876419067 -0.019497685134410858 0.49707069993019104
vn 0.26245924830436707 -0.01109714899212122 0.9648792743682861
vn -0.49370279908180237 0.007323574740439653 0.8695998787879944
vn -0.9628376960754395 0.02709699235856533 0.268717885017395
vn -0.8710732460021973 0.03137759491801262 -0.49014973640441895
vn -0.26855751872062683 0.015525073744356632 -0.9631385803222656
vn 0.5533326268196106 -0.7274853587150574 -0.40569454431533813
vn 0.24725019931793213 -0.25163301825523376 -0.9357072710990906
vn 0.5432332158088684 -0.7472741007804871 0.3827258050441742
vn 0.18602025508880615 -0.31347814202308655 0.9311971068382263
vn -0.30238333344459534 0.2691439092159271 0.9143992066383362
vn -0.6164371371269226 0.6895673274993896 0.38013455271720886
vn -0.5746313333511353 0.7311148047447205 -0.36779046058654785
vn -0.2133380025625229 0.35452187061309814 -0.9103851318359375
vn 0.013371000997722149 -0.9674620032310486 -0.2526628077030182
vn 0.00792505219578743 -0.5052193999290466 -0.8629545569419861
vn 0.012874730862677097 -0.8628563284873962 0.5052851438522339
vn 0.004422732163220644 -0.2519413232803345 0.9677324295043945
vn -0.01809065230190754 0.398407518863678 0.9170301556587219
vn -0.019616011530160904 0.9270049333572388 0.3745357096195221
vn -0.021766500547528267 0.8635950088500977 -0.5037161111831665
vn -0.005772261414676905 0.254337340593338 -0.9670982956886292
vn -0.5533291101455688 -0.7274844646453857 0.4057009816169739
vn -0.2472449392080307 -0.25163301825523376 0.9357087016105652
vn -0.5432323217391968 -0.7472739219665527 -0.38272738456726074
vn -0.18602420389652252 -0.3134835362434387 -0.9311944246292114
vn 0.3023739457130432 0.26913511753082275 -0.9144048690795898
vn 0.6164336800575256 0.6895655393600464 -0.3801432251930237
vn 0.5746304988861084 0.7311146855354309 0.36779218912124634
vn 0.21334505081176758 0.3545210361480713 0.9103838205337524
vn -0.013370978645980358 -0.9674617648124695 0.25266391038894653
vn -0.00792479608207941 -0.5052158832550049 0.8629566431045532
vn -0.012874777428805828 -0.8628595471382141 -0.5052798390388489
vn -0.0044230325147509575 -0.2519417107105255 -0.9677321910858154
vn 0.012395299971103668 0.5066959857940674 -0.8620357513427734
vn 0.025375839322805405 0.9672368168830872 -0.2526044547557831
vn 0.031691573560237885 0.9183753728866577 0.3944392800331116
vn 0.004445008002221584 0.37731480598449707 0.9260743856430054
vn 0.2735702693462372 -0.9616245031356812 0.020921830087900162
vn 0.8732963800430298 -0.4854274094104767 0.041395366191864014
vn 0.96097731590271 0.2742493748664856 0.03619270399212837
vn 0.4882412850856781 0.8726502060890198 0.010105171240866184
vn -0.26856714487075806 0.963105320930481 -0.017313364893198013
vn -0.8704921007156372 0.49115654826164246 -0.03176085278391838
vn -0.48736247420310974 -0.8731533288955688 -0.00900021381676197
vn -0.9622241854667664 -0.2707027792930603 -0.029060756787657738
vn 0.8616413474082947 0.5047376751899719 -0.053047433495521545
vn 0.2527245283126831 0.9675304293632507 -0.003880794160068035
vn 0.9675312638282776 -0.2527213990688324 -0.003892175853252411
vn 0.5054062008857727 -0.8627792000770569 -0.013288646005094051
vn -0.2526606321334839 -0.9672892093658447 -0.022677088156342506
vn -0.8625472784042358 -0.5052788257598877 -0.026559583842754364
vn -0.9672891497612 0.25266173481941223 -0.022666074335575104
vn -0.5054012537002563 0.86278235912323 -0.013272647745907307
vn 0.5054172277450562 -0.8627729415893555 -0.01327522937208414
vn 0.9672901034355164 -0.25265800952911377 -0.022666310891509056
vn 0.8625450730323792 0.5052828192710876 -0.026558879762887955
vn 0.25265824794769287 0.9672898650169373 -0.022674888372421265
vn -0.5054062604904175 0.8627792596817017 -0.01328643411397934
vn -0.9675314426422119 0.2527207136154175 -0.0038912540767341852
vn -0.2527112662792206 -0.9675339460372925 -0.00388318276964128
vn -0.8616384267807007 -0.5047425627708435 -0.0530485063791275
vn 0.9622238278388977 0.27070456743240356 -0.029060205444693565
vn 0.487372487783432 0.8731478452682495 -0.008998744189739227
vn 0.8704925775527954 -0.49115556478500366 -0.03176210820674896
vn 0.26856714487075806 -0.9631052613258362 -0.017315762117505074
vn -0.4882480502128601 -0.8726463913917542 0.010103438049554825
vn -0.9609745144844055 -0.27425920963287354 0.03619157150387764
vn -0.8732845783233643 0.48544856905937195 0.04139623045921326
vn -0.27356114983558655 0.9616270661354065 0.020924005657434464
vn 0.5728603601455688 0.3981928825378418 -0.7164310812950134
vn 0.26089978218078613 0.9307953715324402 -0.25602981448173523
vn 0.5528610944747925 -0.3782442808151245 -0.7424795627593994
vn 0.19275619089603424 -0.9263483881950378 -0.32361048460006714
vn -0.2927093505859375 -0.9184248447418213 0.2661150097846985
vn -0.6079208850860596 -0.38381141424179077 0.6950690150260925
vn -0.5703358054161072 0.36990025639533997 0.7334104776382446
vn -0.20852723717689514 0.9142746329307556 0.34730151295661926
vn 0.01595078781247139 0.2526516318321228 -0.9674258828163147
vn 0.008876089937984943 0.8627585172653198 -0.5055381655693054
vn 0.014775442890822887 -0.5049498081207275 -0.8630222678184509
vn 0.004706133157014847 -0.967600405216217 -0.2524428367614746
vn -0.01677812822163105 -0.9175578951835632 0.3972480297088623
vn -0.017695633694529533 -0.37517768144607544 0.9267839789390564
vn -0.019944367930293083 0.504038393497467 0.8634510040283203
vn -0.005490866955369711 0.9672303199768066 0.25384119153022766
vn -0.5728615522384644 -0.3981889486312866 -0.7164323925971985
vn -0.2608954906463623 -0.9307966828346252 -0.2560294568538666
vn -0.5528614521026611 0.37825003266334534 -0.7424763441085815
vn -0.19275809824466705 0.9263492226600647 -0.32360681891441345
vn 0.2927054762840271 0.9184250235557556 0.26611849665641785
vn 0.6079211831092834 0.38381239771842957 0.6950682401657104
vn 0.5703409314155579 -0.36988365650177 0.733414888381958
vn 0.2085302770137787 -0.914275050163269 0.3472983241081238
vn -0.015950476750731468 -0.2526529133319855 -0.967425525188446
vn -0.008875853382050991 -0.8627619743347168 -0.505532443523407
vn -0.014775256626307964 0.5049460530281067 -0.8630245327949524
vn -0.004706337582319975 0.967600405216217 -0.2524425685405731
vn 0.01147463358938694 0.8622255325317383 0.506394624710083
vn 0.022928737103939056 0.2526209056377411 0.9672936201095581
vn 0.029112132266163826 -0.3940480053424835 0.9186287522315979
vn 0.004227915778756142 -0.926190972328186 0.3770310580730438
vn -2.314405719516799e-06 -0.9986156225204468 0.05260118842124939
vn -4.623243967216695e-06 -1.0 6.155894425319275e-06
vn 1.9096077150115853e-11 -0.9796971678733826 0.20048311352729797
vn -2.311621756234672e-06 -1.0 3.0779467579122866e-06
vn 9.513513588021993e-11 0.04915976524353027 0.9987909197807312
vn 1.9762728953320874e-10 0.04915976524353027 0.9987909197807312
vn 2.314405719516799e-06 0.9986156225204468 -0.05260118842124939
vn 4.623243967216695e-06 1.0 -6.155894425319275e-06
vn 1.9096077150115853e-11 0.9796971678733826 -0.20048311352729797
vn 2.311621756234672e-06 1.0 -3.0779467579122866e-06
vn 9.513513588021993e-11 -0.04915976524353027 -0.9987909197807312
vn 1.9762728953320874e-10 -0.04915976524353027 -0.9987909197807312
vn -0.014791037887334824 -0.9996851682662964 -0.020266328006982803
vn -0.05901133269071579 -0.9975996613502502 -0.03623028099536896
vn 0.014704507775604725 -0.9992331266403198 -0.036289606243371964
vn 0.05955629423260689 -0.9980198740959167 -0.020232567563652992
vn -0.05852317065000534 0.9979826211929321 0.02461157739162445
vn -0.014704699628055096 0.9992461800575256 -0.03592982143163681
vn 0.05842837691307068 0.9976468682289124 -0.035872310400009155
vn 0.01480739563703537 0.9995864033699036 0.02465112879872322
vn -0.0534277968108654 -0.9741827249526978 -0.2193477302789688
vn 0.012751631438732147 -0.9754968285560608 -0.21964363753795624
vn -0.013442916795611382 0.2708723843097687 0.9625213742256165
vn 0.04817211627960205 0.270582377910614 0.9614908695220947
vn -0.8493251204490662 -0.16795052587985992 -0.5004392266273499
vn -0.25271230936050415 -0.011050140485167503 -0.967478334903717
vn -0.9666268229484558 -0.012273871339857578 0.25589439272880554
vn -0.4997083842754364 -0.04075183719396591 0.8652344942092896
vn 0.2521156668663025 -0.06942512840032578 0.9652035236358643
vn 0.8578929305076599 -0.08325137197971344 0.5070393681526184
vn 0.964671790599823 -0.07235688716173172 -0.25332337617874146
vn 0.5008049011230469 -0.04161772131919861 -0.8645590543746948
vn 0.2512573003768921 0.04483648017048836 -0.966881275177002
vn 0.8588295578956604 0.07950635254383087 -0.5060539245605469
vn 0.9629294872283936 0.0955485999584198 0.252264142036438
vn 0.5021278858184814 0.08325202763080597 0.8607768416404724
vn -0.2511923015117645 0.04998350515961647 0.9666457772254944
vn -0.8618191480636597 0.01519084069877863 0.5069881081581116
vn -0.5032308101654053 0.01182504091411829 -0.8640711307525635
vn -0.9501256346702576 0.1865275353193283 -0.24993747472763062
vn -0.9299749135971069 -0.034397054463624954 -0.3660100996494293
vn -0.3969571590423584 -0.06547355651855469 -0.9154989123344421
vn -0.9149395823478699 0.01731211692094803 0.4032193720340729
vn -0.3613312542438507 0.05832209810614586 0.930611789226532
vn 0.39871248602867126 0.06512384116649628 0.9147607088088989
vn 0.9300957322120667 0.03418988361954689 0.36572256684303284
vn 0.9155290722846985 -0.016978023573756218 -0.4018933176994324
vn 0.3635713756084442 -0.058133743703365326 -0.9297507405281067
vn 0.3916357755661011 -0.07112985849380493 -0.9173668622970581
vn 0.9274401068687439 -0.03696630150079727 -0.3721403479576111
vn 0.9199358820915222 0.018870238214731216 0.39161446690559387
vn 0.3730100393295288 0.06344590336084366 0.9256556034088135
vn -0.3925204277038574 0.0707593634724617 0.9170173406600952
vn -0.9280781745910645 0.03667955473065376 0.370574414730072
vn -0.3726979196071625 -0.06357540935277939 -0.9257723689079285
vn -0.9193658828735352 -0.018916184082627296 -0.39294862747192383
vn -0.9193676114082336 -0.018915390595793724 -0.3929445147514343
vn -0.37269899249076843 -0.06357545405626297 -0.9257718920707703
vn -0.9280783534049988 0.03667907789349556 0.37057429552078247
vn -0.392519474029541 0.07075908780097961 0.9170177578926086
vn 0.3730125427246094 0.06344560533761978 0.9256545901298523
vn 0.9199375510215759 0.018869725987315178 0.3916105628013611
vn 0.9274405837059021 -0.036966294050216675 -0.372139036655426
vn 0.3916357755661011 -0.07112995535135269 -0.9173668622970581
vn 0.3635697066783905 -0.05813386291265488 -0.9297513365745544
vn 0.9155275821685791 -0.016978511586785316 -0.4018966853618622
vn 0.9300942420959473 0.03419031947851181 0.3657263517379761
vn 0.3987095355987549 0.06512369960546494 0.914762020111084
vn -0.3613313138484955 0.05832211673259735 0.9306117296218872
vn -0.9149423837661743 0.017311489209532738 0.4032130241394043
vn -0.39695873856544495 -0.06547333300113678 -0.9154981970787048
vn -0.9299749135971069 -0.034397490322589874 -0.3660100996494293
vn -0.9501243829727173 0.18652737140655518 -0.24994228780269623
vn -0.5032308101654053 0.011825043708086014 -0.8640711307525635
vn -0.8618168830871582 0.01519060879945755 0.5069920420646667
vn -0.2511911690235138 0.04998357594013214 0.9666460752487183
vn 0.5021299123764038 0.08325234055519104 0.8607755899429321
vn 0.9629296660423279 0.09554839879274368 0.25226372480392456
vn 0.8588295578956604 0.07950619608163834 -0.5060538649559021
vn 0.25125741958618164 0.044836487621068954 -0.9668812155723572
vn 0.5008029937744141 -0.0416177362203598 -0.8645601868629456
vn 0.964670717716217 -0.07235720753669739 -0.2533273696899414
vn 0.8578903675079346 -0.08325152844190598 0.5070436596870422
vn 0.2521146237850189 -0.06942520290613174 0.9652038216590881
vn -0.49971044063568115 -0.04075175151228905 0.865233302116394
vn -0.9666280746459961 -0.012273697182536125 0.2558894455432892
vn -0.25271207094192505 -0.011050145141780376 -0.9674784541130066
vn -0.8493292331695557 -0.16795094311237335 -0.5004321932792664
vn -0.05868184193968773 -0.051992204040288925 -0.9969218969345093
vn 0.014694198034703732 -0.05207633227109909 -0.9985350370407104
vn -0.029260173439979553 -0.1036982387304306 0.9941783547401428
vn 0.029408786445856094 -0.026056230068206787 0.9992278218269348
vn -0.014709164388477802 0.026064686477184296 -0.9995520710945129
vn 0.05844533443450928 0.10356532037258148 -0.992904007434845
vn -0.02937888167798519 0.05205947160720825 0.9982117414474487
vn 0.02937888167798519 0.05205947160720825 0.9982117414474487
vn 0.9583224058151245 0.030804114416241646 -0.2840234935283661
vn 0.47464650869369507 0.061891820281744 -0.8779978156089783
vn -0.28412503004074097 0.05359835550189018 -0.9572879076004028
vn -0.8761274814605713 0.014627883210778236 -0.4818575978279114
vn -0.9619418382644653 -0.02241634763777256 0.27233317494392395
vn -0.4881649315357208 -0.03964339941740036 0.8718504905700684
vn 0.8773630857467651 -0.012009340338408947 0.479676753282547
vn 0.27606138586997986 -0.037113387137651443 0.9604231715202332
vn -0.5011489987373352 -0.13029451668262482 -0.8554958701133728
vn -0.9674941301345825 -0.009610854089260101 -0.25271087884902954
vn 0.25271371006965637 -0.00962518248707056 -0.9674932360649109
vn 0.8623926639556885 -0.03284751623868942 -0.5051729679107666
vn 0.9660197496414185 -0.0560113750398159 0.25232625007629395
vn 0.5043616890907288 -0.06557651609182358 0.8609988689422607
vn -0.2523289620876312 -0.05599799007177353 0.9660198092460632
vn -0.8623905777931213 -0.03282798454165459 0.5051781535148621
vn 0.8623883128166199 -0.032827917486429214 -0.5051818490028381
vn 0.25232255458831787 -0.05599824711680412 -0.9660214781761169
vn -0.504368245601654 -0.06557664275169373 -0.8609949350357056
vn -0.9660206437110901 -0.056011609733104706 -0.2523227035999298
vn -0.8623872995376587 -0.03284718841314316 0.5051823854446411
vn -0.2527090907096863 -0.009624859318137169 0.9674944281578064
vn 0.9674968123435974 -0.009611059911549091 0.252700537443161
vn 0.501143753528595 -0.13029475510120392 0.8554987907409668
vn -0.2760631740093231 -0.037113554775714874 -0.960422694683075
vn -0.8773619532585144 -0.012009534984827042 -0.4796786308288574
vn 0.48816978931427 -0.039643511176109314 -0.8718477487564087
vn 0.9619451761245728 -0.022416410967707634 -0.272321492433548
vn 0.8761257529258728 0.014627736061811447 0.48186054825782776
vn 0.28411996364593506 0.05359869450330734 0.957289457321167
vn -0.4746493697166443 0.06189167499542236 0.8779962658882141
vn -0.9583247900009155 0.030804013833403587 0.2840151786804199
vn -0.40570002794265747 -0.7274848222732544 -0.553329348564148
vn -0.9357105493545532 -0.251629114151001 -0.24724197387695312
vn 0.38273191452026367 -0.7472748756408691 -0.5432279109954834
vn 0.9311975836753845 -0.3134787678718567 -0.1860165148973465
vn 0.9144003987312317 0.2691415846347809 0.3023817241191864
vn 0.3801363408565521 0.6895668506622314 0.6164363622665405
vn -0.36779075860977173 0.731115460395813 0.5746304988861084
vn -0.9103854298591614 0.3545204997062683 0.21333901584148407
vn -0.2525845468044281 -0.9671474695205688 -0.02875223383307457
vn -0.8630465865135193 -0.5048401951789856 -0.016937585547566414
vn 0.50506591796875 -0.8626394271850586 -0.027596699073910713
vn 0.967938244342804 -0.25101321935653687 -0.00937518011778593
vn 0.909562885761261 0.4139742851257324 0.036339402198791504
vn 0.3652665615081787 0.9299741387367249 0.041574809700250626
vn -0.5016376376152039 0.8638916611671448 0.04528553783893585
vn -0.9665823578834534 0.25606709718704224 0.012177504599094391
vn 0.40570181608200073 -0.7274835705757141 0.5533296465873718
vn 0.9357091784477234 -0.2516320049762726 0.24724434316158295
vn -0.38273343443870544 -0.7472715377807617 0.5432313680648804
vn -0.9311947822570801 -0.3134816288948059 0.1860255002975464
vn -0.9144037365913391 0.2691391408443451 -0.3023737072944641
vn -0.3801395297050476 0.6895673871040344 -0.6164339184761047
vn 0.36778655648231506 0.7311145067214966 -0.5746342539787292
vn 0.9103838801383972 0.35452085733413696 -0.21334528923034668
vn 0.25258612632751465 -0.9671471118927002 0.028751472011208534
vn 0.8630481958389282 -0.5048375725746155 0.01693648472428322
vn -0.5050666332244873 -0.8626390099525452 0.027596645057201385
vn -0.9679380655288696 -0.25101375579833984 0.009375528432428837
vn -0.8610315322875977 0.507891833782196 -0.025894304737448692
vn -0.2523375451564789 0.966210663318634 -0.05256092920899391
vn 0.40576156973838806 0.9117867946624756 -0.06326344609260559
vn 0.9285619854927063 0.37105414271354675 -0.009558054618537426
vn 0.9583199620246887 0.03080396167933941 -0.2840316891670227
vn 0.4746447205543518 0.06189166009426117 -0.8779988288879395
vn -0.28412607312202454 0.05359867215156555 -0.957287609577179
vn -0.8761292099952698 0.014627572149038315 -0.48185428977012634
vn -0.9619415402412415 -0.022416552528738976 0.27233412861824036
vn -0.4881628453731537 -0.03964310884475708 0.8718516826629639
vn 0.8773632645606995 -0.012009250931441784 0.47967633605003357
vn 0.27606144547462463 -0.037113308906555176 0.9604231715202332
vn -0.501146674156189 -0.13029474020004272 -0.8554971218109131
vn -0.9674928784370422 -0.009610991925001144 -0.2527157962322235
vn 0.25271227955818176 -0.009625141508877277 -0.9674936532974243
vn 0.8623929023742676 -0.0328475683927536 -0.505172610282898
vn 0.9660199284553528 -0.05601140111684799 0.2523258328437805
vn 0.5043617486953735 -0.06557654589414597 0.860998809337616
vn -0.2523261606693268 -0.05599803104996681 0.9660205841064453
vn -0.8623884320259094 -0.0328286848962307 0.505181610584259
vn 0.8623843789100647 -0.03282800316810608 -0.5051886439323425
vn 0.252323716878891 -0.05599788576364517 -0.9660212397575378
vn -0.5043701529502869 -0.06557678431272507 -0.8609938025474548
vn -0.9660203456878662 -0.05601216107606888 -0.25232356786727905
vn -0.8623870611190796 -0.03284722566604614 0.5051828026771545
vn -0.2527078092098236 -0.009624810889363289 0.967494785785675
vn 0.9674980640411377 -0.009611315093934536 0.25269564986228943
vn 0.5011436343193054 -0.13029466569423676 0.8554989695549011
vn -0.2760615348815918 -0.03711376711726189 -0.9604231119155884
vn -0.8773602843284607 -0.01200958900153637 -0.47968190908432007
vn 0.48816752433776855 -0.039643581956624985 -0.871849000453949
vn 0.9619451761245728 -0.02241641841828823 -0.272321492433548
vn 0.8761259913444519 0.014627750962972641 0.4818602204322815
vn 0.28411826491355896 0.05359875038266182 0.9572898745536804
vn -0.47464489936828613 0.06189164146780968 0.8779985904693604
vn -0.9583249688148499 0.030804002657532692 0.2840147018432617
vn -0.40569716691970825 -0.7274842858314514 -0.5533320307731628
vn -0.9357091188430786 -0.2516302764415741 -0.2472461611032486
vn 0.3827327489852905 -0.7472735047340393 -0.5432291626930237
vn 0.9311975240707397 -0.31347787380218506 -0.1860182136297226
vn 0.914400577545166 0.2691424787044525 0.3023802936077118
vn 0.3801334500312805 0.6895676255226135 0.6164372563362122
vn -0.36779001355171204 0.7311152815818787 0.5746311545372009
vn -0.9103856086730957 0.3545210659503937 0.21333719789981842
vn -0.2525845766067505 -0.9671474695205688 -0.028751948848366737
vn -0.8630464673042297 -0.5048405528068542 -0.01693751849234104
vn 0.5050683617591858 -0.862637996673584 -0.02759665437042713
vn 0.9679381251335144 -0.25101354718208313 -0.009375202469527721
vn 0.9095626473426819 0.41397491097450256 0.03633923456072807
vn 0.36526647210121155 0.9299741387367249 0.04157492518424988
vn -0.5016399025917053 0.8638903498649597 0.04528548941016197
vn -0.9665822386741638 0.2560672163963318 0.01217761728912592
vn 0.4057024121284485 -0.7274832725524902 0.5533295273780823
vn 0.9357094764709473 -0.25163134932518005 0.24724368751049042
vn -0.3827318251132965 -0.7472731471061707 0.5432303547859192
vn -0.9311942458152771 -0.3134829103946686 0.1860264092683792
vn -0.9144031405448914 0.26914024353027344 -0.30237480998039246
vn -0.38013947010040283 0.6895670890808105 -0.6164342761039734
vn 0.36778524518013 0.7311148643493652 -0.5746347308158875
vn 0.9103842377662659 0.3545200526714325 -0.21334493160247803
vn 0.25258609652519226 -0.9671471118927002 0.02875177189707756
vn 0.8630484938621521 -0.5048370957374573 0.01693686656653881
vn -0.5050641298294067 -0.8626405000686646 0.02759677916765213
vn -0.9679380655288696 -0.25101375579833984 0.009375616908073425
vn -0.8610315918922424 0.5078917145729065 -0.02589425817131996
vn -0.2523372769355774 0.9662107825279236 -0.052561160176992416
vn 0.40575918555259705 0.9117879271507263 -0.06326321512460709
vn 0.9285621643066406 0.3710537254810333 -0.009557557292282581
vn 0.028591962531208992 0.7983033657073975 0.6015764474868774
vn -0.02814626321196556 0.8670574426651001 0.49741247296333313
vn -0.03189451992511749 -0.7863797545433044 -0.6169195175170898
vn 0.03137415647506714 -0.8683269619941711 -0.494998961687088
s 1 
g pMesh1
usemtl defaultMat
f  6/1/6 8/2/8 49/3/49
f  6/1/6 49/3/49 51/4/51
f  9/5/9 11/6/11 12/7/12
f  9/5/9 12/7/12 13/8/13
f  9/5/9 13/8/13 14/9/14
f  9/5/9 14/9/14 15/10/15
f  9/5/9 15/10/15 16/11/16
f  9/5/9 16/11/16 10/12/10
f  24/13/24 22/14/22 21/15/21
f  24/13/24 21/15/21 20/16/20
f  24/13/24 20/16/20 19/17/19
f  24/13/24 19/17/19 18/18/18
f  24/13/24 18/18/18 17/19/17
f  24/13/24 17/19/17 23/20/23
f  27/21/27 25/22/25 33/23/33
f  27/21/27 33/23/33 35/24/35
f  13/25/13 12/26/12 28/27/28
f  13/25/13 28/27/28 29/28/29
f  10/29/10 16/30/16 32/31/32
f  10/29/10 32/31/32 26/32/26
f  24/33/24 23/34/23 7/35/7
f  24/33/24 7/35/7 8/2/8
f  19/36/19 20/37/20 4/38/4
f  19/36/19 4/38/4 3/39/3
f  18/40/18 19/36/19 3/39/3
f  18/40/18 3/39/3 2/41/2
f  12/26/12 11/42/11 27/21/27
f  12/26/12 27/21/27 28/27/28
f  16/30/16 15/43/15 31/44/31
f  16/30/16 31/44/31 32/31/32
f  22/45/22 24/33/24 8/2/8
f  22/45/22 8/2/8 6/1/6
f  17/46/17 18/40/18 2/41/2
f  17/46/17 2/41/2 1/47/1
f  21/48/21 22/49/22 6/50/6
f  21/48/21 6/50/6 5/51/5
f  11/42/11 9/52/9 25/22/25
f  11/42/11 25/22/25 27/21/27
f  15/43/15 14/53/14 30/54/30
f  15/43/15 30/54/30 31/44/31
f  14/53/14 13/25/13 29/28/29
f  14/53/14 29/28/29 30/54/30
f  23/34/23 17/46/17 1/47/1
f  23/34/23 1/47/1 7/35/7
f  20/37/20 21/48/21 5/51/5
f  20/37/20 5/51/5 4/38/4
f  9/55/9 10/29/10 26/32/26
f  9/55/9 26/32/26 25/56/25
f  33/57/33 34/58/34 42/59/42
f  33/57/33 42/59/42 41/60/41
f  32/31/32 31/44/31 39/61/39
f  32/31/32 39/61/39 40/62/40
f  28/27/28 27/21/27 35/24/35
f  28/27/28 35/24/35 36/63/36
f  26/32/26 32/31/32 40/62/40
f  26/32/26 40/62/40 34/58/34
f  29/28/29 28/27/28 36/63/36
f  29/28/29 36/63/36 37/64/37
f  30/54/30 29/28/29 37/64/37
f  30/54/30 37/64/37 38/65/38
f  25/56/25 26/32/26 34/58/34
f  25/56/25 34/58/34 33/57/33
f  31/44/31 30/54/30 38/65/38
f  31/44/31 38/65/38 39/61/39
f  39/61/39 38/65/38 46/66/46
f  39/61/39 46/66/46 47/67/47
f  35/24/35 33/23/33 41/68/41
f  35/24/35 41/68/41 43/69/43
f  40/62/40 39/61/39 47/67/47
f  40/62/40 47/67/47 48/70/48
f  36/63/36 35/24/35 43/69/43
f  36/63/36 43/69/43 44/71/44
f  34/58/34 40/62/40 48/70/48
f  34/58/34 48/70/48 42/59/42
f  37/64/37 36/63/36 44/71/44
f  37/64/37 44/71/44 45/72/45
f  38/65/38 37/64/37 45/72/45
f  38/65/38 45/72/45 46/66/46
f  49/3/49 50/73/50 58/74/58
f  49/3/49 58/74/58 57/75/57
f  1/47/1 2/41/2 55/76/55
f  1/47/1 55/76/55 56/77/56
f  5/51/5 6/50/6 51/78/51
f  5/51/5 51/78/51 52/79/52
f  7/35/7 1/47/1 56/77/56
f  7/35/7 56/77/56 50/73/50
f  4/38/4 5/51/5 52/79/52
f  4/38/4 52/79/52 53/80/53
f  3/39/3 4/38/4 53/80/53
f  3/39/3 53/80/53 54/81/54
f  8/2/8 7/35/7 50/73/50
f  8/2/8 50/73/50 49/3/49
f  2/41/2 3/39/3 54/81/54
f  2/41/2 54/81/54 55/76/55
f  55/76/55 54/81/54 62/82/62
f  55/76/55 62/82/62 63/83/63
f  51/4/51 49/3/49 57/75/57
f  51/4/51 57/75/57 59/84/59
f  56/77/56 55/76/55 63/83/63
f  56/77/56 63/83/63 64/85/64
f  52/79/52 51/78/51 59/86/59
f  52/79/52 59/86/59 60/87/60
f  50/73/50 56/77/56 64/85/64
f  50/73/50 64/85/64 58/74/58
f  53/80/53 52/79/52 60/87/60
f  53/80/53 60/87/60 61/88/61
f  54/81/54 53/80/53 61/88/61
f  54/81/54 61/88/61 62/82/62
f  64/85/64 45/72/45 44/71/44
f  64/85/64 44/71/44 58/74/58
f  64/85/64 63/83/63 46/66/46
f  64/85/64 46/66/46 45/72/45
f  43/69/43 57/75/57 58/74/58
f  43/69/43 58/74/58 44/71/44
f  42/59/42 60/87/60 59/86/59
f  42/59/42 59/86/59 41/60/41
f  48/70/48 61/88/61 60/87/60
f  48/70/48 60/87/60 42/59/42
f  61/88/61 48/70/48 47/67/47
f  61/88/61 47/67/47 62/82/62
f  62/82/62 47/67/47 46/66/46
f  62/82/62 46/66/46 63/83/63
f  41/68/41 59/84/59 57/75/57
f  41/68/41 57/75/57 43/69/43
f  78/89/78 80/90/80 72/91/72
f  78/89/78 72/91/72 70/92/70
f  126/93/126 125/94/125 76/95/76
f  126/93/126 76/95/76 75/96/75
f  95/97/95 89/98/89 81/99/81
f  95/97/95 81/99/81 87/100/87
f  93/101/93 94/102/94 86/103/86
f  93/101/93 86/103/86 85/104/85
f  128/105/128 127/106/127 74/107/74
f  128/105/128 74/107/74 73/108/73
f  122/109/122 128/105/128 73/108/73
f  122/109/122 73/108/73 79/110/79
f  127/106/127 126/93/126 75/96/75
f  127/106/127 75/96/75 74/107/74
f  65/111/65 84/112/84 85/104/85
f  65/111/65 85/104/85 71/113/71
f  86/103/86 72/91/72 71/113/71
f  86/103/86 71/113/71 85/104/85
f  124/114/124 123/115/123 78/116/78
f  124/114/124 78/116/78 77/117/77
f  92/118/92 93/101/93 85/104/85
f  92/118/92 85/104/85 84/112/84
f  73/108/73 74/107/74 66/119/66
f  73/108/73 66/119/66 65/111/65
f  67/120/67 82/121/82 83/122/83
f  67/120/67 83/122/83 66/119/66
f  77/117/77 78/116/78 70/123/70
f  77/117/77 70/123/70 69/124/69
f  121/125/121 122/109/122 79/110/79
f  121/125/121 79/110/79 80/90/80
f  91/126/91 92/118/92 84/112/84
f  91/126/91 84/112/84 83/122/83
f  80/90/80 79/110/79 71/113/71
f  80/90/80 71/113/71 72/91/72
f  81/99/81 68/127/68 69/124/69
f  81/99/81 69/124/69 87/100/87
f  76/95/76 77/117/77 69/124/69
f  76/95/76 69/124/69 68/127/68
f  125/94/125 124/114/124 77/117/77
f  125/94/125 77/117/77 76/95/76
f  101/128/101 102/129/102 94/102/94
f  101/128/101 94/102/94 93/101/93
f  100/130/100 101/128/101 93/101/93
f  100/130/100 93/101/93 92/118/92
f  90/131/90 91/126/91 83/122/83
f  90/131/90 83/122/83 82/121/82
f  94/102/94 96/132/96 88/133/88
f  94/102/94 88/133/88 86/103/86
f  98/134/98 99/135/99 91/126/91
f  98/134/98 91/126/91 90/131/90
f  104/136/104 103/137/103 95/97/95
f  104/136/104 95/97/95 96/138/96
f  89/98/89 90/131/90 82/121/82
f  89/98/89 82/121/82 81/99/81
f  99/135/99 100/130/100 92/118/92
f  99/135/99 92/118/92 91/126/91
f  106/139/106 112/140/112 128/105/128
f  106/139/106 128/105/128 122/109/122
f  103/137/103 97/141/97 89/98/89
f  103/137/103 89/98/89 95/97/95
f  115/142/115 116/143/116 100/130/100
f  115/142/115 100/130/100 99/135/99
f  96/138/96 95/97/95 87/100/87
f  96/138/96 87/100/87 88/144/88
f  97/141/97 98/134/98 90/131/90
f  97/141/97 90/131/90 89/98/89
f  120/145/120 119/146/119 103/137/103
f  120/145/120 103/137/103 104/136/104
f  109/147/109 108/148/108 124/114/124
f  109/147/109 124/114/124 125/94/125
f  105/149/105 106/139/106 122/109/122
f  105/149/105 122/109/122 121/125/121
f  88/133/88 70/92/70 72/91/72
f  88/133/88 72/91/72 86/103/86
f  79/110/79 73/108/73 65/111/65
f  79/110/79 65/111/65 71/113/71
f  68/127/68 81/99/81 82/121/82
f  68/127/68 82/121/82 67/120/67
f  75/96/75 76/95/76 68/127/68
f  75/96/75 68/127/68 67/120/67
f  65/111/65 66/119/66 83/122/83
f  65/111/65 83/122/83 84/112/84
f  74/107/74 75/96/75 67/120/67
f  74/107/74 67/120/67 66/119/66
f  87/100/87 69/124/69 70/123/70
f  87/100/87 70/123/70 88/144/88
f  120/150/120 118/151/118 117/152/117
f  120/150/120 117/152/117 116/153/116
f  120/150/120 116/153/116 115/154/115
f  120/150/120 115/154/115 114/155/114
f  120/150/120 114/155/114 113/156/113
f  120/150/120 113/156/113 119/157/119
f  110/158/110 109/147/109 125/94/125
f  110/158/110 125/94/125 126/93/126
f  123/159/123 121/125/121 80/90/80
f  123/159/123 80/90/80 78/89/78
f  116/143/116 117/160/117 101/128/101
f  116/143/116 101/128/101 100/130/100
f  119/146/119 113/161/113 97/141/97
f  119/146/119 97/141/97 103/137/103
f  102/129/102 104/162/104 96/132/96
f  102/129/102 96/132/96 94/102/94
f  105/163/105 107/164/107 108/165/108
f  105/163/105 108/165/108 109/166/109
f  105/163/105 109/166/109 110/167/110
f  105/163/105 110/167/110 111/168/111
f  105/163/105 111/168/111 112/169/112
f  105/163/105 112/169/112 106/170/106
f  107/171/107 105/149/105 121/125/121
f  107/171/107 121/125/121 123/159/123
f  113/161/113 114/172/114 98/134/98
f  113/161/113 98/134/98 97/141/97
f  112/140/112 111/173/111 127/106/127
f  112/140/112 127/106/127 128/105/128
f  118/174/118 120/175/120 104/162/104
f  118/174/118 104/162/104 102/129/102
f  108/148/108 107/176/107 123/115/123
f  108/148/108 123/115/123 124/114/124
f  111/173/111 110/158/110 126/93/126
f  111/173/111 126/93/126 127/106/127
f  117/160/117 118/174/118 102/129/102
f  117/160/117 102/129/102 101/128/101
f  114/172/114 115/142/115 99/135/99
f  114/172/114 99/135/99 98/134/98
f  131/177/131 129/178/129 130/179/130
f  131/177/131 130/179/130 132/180/132
f  135/181/135 136/182/136 134/183/134
f  135/181/135 134/183/134 133/184/133
f  132/180/132 130/179/130 134/185/134
f  132/180/132 134/185/134 136/186/136
f  131/187/131 132/188/132 136/189/136
f  131/187/131 136/189/136 135/190/135
f  129/191/129 131/192/131 135/181/135
f  129/191/129 135/181/135 133/184/133
f  130/193/130 129/194/129 133/195/133
f  130/193/130 133/195/133 134/196/134
f  142/197/142 144/198/144 185/199/185
f  142/197/142 185/199/185 187/200/187
f  145/201/145 147/202/147 148/203/148
f  145/201/145 148/203/148 149/204/149
f  145/201/145 149/204/149 150/205/150
f  145/201/145 150/205/150 151/206/151
f  145/201/145 151/206/151 152/207/152
f  145/201/145 152/207/152 146/208/146
f  160/209/160 158/210/158 157/211/157
f  160/209/160 157/211/157 156/212/156
f  160/209/160 156/212/156 155/213/155
f  160/209/160 155/213/155 154/214/154
f  160/209/160 154/214/154 153/215/153
f  160/209/160 153/215/153 159/216/159
f  163/217/163 161/218/161 169/219/169
f  163/217/163 169/219/169 171/220/171
f  149/221/149 148/222/148 164/223/164
f  149/221/149 164/223/164 165/224/165
f  146/225/146 152/226/152 168/227/168
f  146/225/146 168/227/168 162/228/162
f  160/229/160 159/230/159 143/231/143
f  160/229/160 143/231/143 144/198/144
f  155/232/155 156/233/156 140/234/140
f  155/232/155 140/234/140 139/235/139
f  154/236/154 155/232/155 139/235/139
f  154/236/154 139/235/139 138/237/138
f  148/222/148 147/238/147 163/217/163
f  148/222/148 163/217/163 164/223/164
f  152/226/152 151/239/151 167/240/167
f  152/226/152 167/240/167 168/227/168
f  158/241/158 160/229/160 144/198/144
f  158/241/158 144/198/144 142/197/142
f  153/242/153 154/236/154 138/237/138
f  153/242/153 138/237/138 137/243/137
f  157/244/157 158/245/158 142/246/142
f  157/244/157 142/246/142 141/247/141
f  147/238/147 145/248/145 161/218/161
f  147/238/147 161/218/161 163/217/163
f  151/239/151 150/249/150 166/250/166
f  151/239/151 166/250/166 167/240/167
f  150/249/150 149/221/149 165/224/165
f  150/249/150 165/224/165 166/250/166
f  159/230/159 153/242/153 137/243/137
f  159/230/159 137/243/137 143/231/143
f  156/233/156 157/244/157 141/247/141
f  156/233/156 141/247/141 140/234/140
f  145/251/145 146/225/146 162/228/162
f  145/251/145 162/228/162 161/252/161
f  169/253/169 170/254/170 178/255/178
f  169/253/169 178/255/178 177/256/177
f  168/227/168 167/240/167 175/257/175
f  168/227/168 175/257/175 176/258/176
f  164/223/164 163/217/163 171/220/171
f  164/223/164 171/220/171 172/259/172
f  162/228/162 168/227/168 176/258/176
f  162/228/162 176/258/176 170/254/170
f  165/224/165 164/223/164 172/259/172
f  165/224/165 172/259/172 173/260/173
f  166/250/166 165/224/165 173/260/173
f  166/250/166 173/260/173 174/261/174
f  161/252/161 162/228/162 170/254/170
f  161/252/161 170/254/170 169/253/169
f  167/240/167 166/250/166 174/261/174
f  167/240/167 174/261/174 175/257/175
f  175/257/175 174/261/174 182/262/182
f  175/257/175 182/262/182 183/263/183
f  171/220/171 169/219/169 177/264/177
f  171/220/171 177/264/177 179/265/179
f  176/258/176 175/257/175 183/263/183
f  176/258/176 183/263/183 184/266/184
f  172/259/172 171/220/171 179/265/179
f  172/259/172 179/265/179 180/267/180
f  170/254/170 176/258/176 184/266/184
f  170/254/170 184/266/184 178/255/178
f  173/260/173 172/259/172 180/267/180
f  173/260/173 180/267/180 181/268/181
f  174/261/174 173/260/173 181/268/181
f  174/261/174 181/268/181 182/262/182
f  185/199/185 186/269/186 194/270/194
f  185/199/185 194/270/194 193/271/193
f  137/243/137 138/237/138 191/272/191
f  137/243/137 191/272/191 192/273/192
f  141/247/141 142/246/142 187/274/187
f  141/247/141 187/274/187 188/275/188
f  143/231/143 137/243/137 192/273/192
f  143/231/143 192/273/192 186/269/186
f  140/234/140 141/247/141 188/275/188
f  140/234/140 188/275/188 189/276/189
f  139/235/139 140/234/140 189/276/189
f  139/235/139 189/276/189 190/277/190
f  144/198/144 143/231/143 186/269/186
f  144/198/144 186/269/186 185/199/185
f  138/237/138 139/235/139 190/277/190
f  138/237/138 190/277/190 191/272/191
f  191/272/191 190/277/190 198/278/198
f  191/272/191 198/278/198 199/279/199
f  187/200/187 185/199/185 193/271/193
f  187/200/187 193/271/193 195/280/195
f  192/273/192 191/272/191 199/279/199
f  192/273/192 199/279/199 200/281/200
f  188/275/188 187/274/187 195/282/195
f  188/275/188 195/282/195 196/283/196
f  186/269/186 192/273/192 200/281/200
f  186/269/186 200/281/200 194/270/194
f  189/276/189 188/275/188 196/283/196
f  189/276/189 196/283/196 197/284/197
f  190/277/190 189/276/189 197/284/197
f  190/277/190 197/284/197 198/278/198
f  200/281/200 181/268/181 180/267/180
f  200/281/200 180/267/180 194/270/194
f  200/281/200 199/279/199 182/262/182
f  200/281/200 182/262/182 181/268/181
f  179/265/179 193/271/193 194/270/194
f  179/265/179 194/270/194 180/267/180
f  178/255/178 196/283/196 195/282/195
f  178/255/178 195/282/195 177/256/177
f  184/266/184 197/284/197 196/283/196
f  184/266/184 196/283/196 178/255/178
f  197/284/197 184/266/184 183/263/183
f  197/284/197 183/263/183 198/278/198
f  198/278/198 183/263/183 182/262/182
f  198/278/198 182/262/182 199/279/199
f  177/264/177 195/280/195 193/271/193
f  177/264/177 193/271/193 179/265/179
f  206/285/206 208/286/208 249/287/249
f  206/285/206 249/287/249 251/288/251
f  209/289/209 211/290/211 212/291/212
f  209/289/209 212/291/212 213/292/213
f  209/289/209 213/292/213 214/293/214
f  209/289/209 214/293/214 215/294/215
f  209/289/209 215/294/215 216/295/216
f  209/289/209 216/295/216 210/296/210
f  224/297/224 222/298/222 221/299/221
f  224/297/224 221/299/221 220/300/220
f  224/297/224 220/300/220 219/301/219
f  224/297/224 219/301/219 218/302/218
f  224/297/224 218/302/218 217/303/217
f  224/297/224 217/303/217 223/304/223
f  227/305/227 225/306/225 233/307/233
f  227/305/227 233/307/233 235/308/235
f  213/309/213 212/310/212 228/311/228
f  213/309/213 228/311/228 229/312/229
f  210/313/210 216/314/216 232/315/232
f  210/313/210 232/315/232 226/316/226
f  224/317/224 223/318/223 207/319/207
f  224/317/224 207/319/207 208/286/208
f  219/320/219 220/321/220 204/322/204
f  219/320/219 204/322/204 203/323/203
f  218/324/218 219/320/219 203/323/203
f  218/324/218 203/323/203 202/325/202
f  212/310/212 211/326/211 227/305/227
f  212/310/212 227/305/227 228/311/228
f  216/314/216 215/327/215 231/328/231
f  216/314/216 231/328/231 232/315/232
f  222/329/222 224/317/224 208/286/208
f  222/329/222 208/286/208 206/285/206
f  217/330/217 218/324/218 202/325/202
f  217/330/217 202/325/202 201/331/201
f  221/332/221 222/333/222 206/334/206
f  221/332/221 206/334/206 205/335/205
f  211/326/211 209/336/209 225/306/225
f  211/326/211 225/306/225 227/305/227
f  215/327/215 214/337/214 230/338/230
f  215/327/215 230/338/230 231/328/231
f  214/337/214 213/309/213 229/312/229
f  214/337/214 229/312/229 230/338/230
f  223/318/223 217/330/217 201/331/201
f  223/318/223 201/331/201 207/319/207
f  220/321/220 221/332/221 205/335/205
f  220/321/220 205/335/205 204/322/204
f  209/339/209 210/313/210 226/316/226
f  209/339/209 226/316/226 225/340/225
f  233/341/233 234/342/234 242/343/242
f  233/341/233 242/343/242 241/344/241
f  232/315/232 231/328/231 239/345/239
f  232/315/232 239/345/239 240/346/240
f  228/311/228 227/305/227 235/308/235
f  228/311/228 235/308/235 236/347/236
f  226/316/226 232/315/232 240/346/240
f  226/316/226 240/346/240 234/342/234
f  229/312/229 228/311/228 236/347/236
f  229/312/229 236/347/236 237/348/237
f  230/338/230 229/312/229 237/348/237
f  230/338/230 237/348/237 238/349/238
f  225/340/225 226/316/226 234/342/234
f  225/340/225 234/342/234 233/341/233
f  231/328/231 230/338/230 238/349/238
f  231/328/231 238/349/238 239/345/239
f  239/345/239 238/349/238 246/350/246
f  239/345/239 246/350/246 247/351/247
f  235/308/235 233/307/233 241/352/241
f  235/308/235 241/352/241 243/353/243
f  240/346/240 239/345/239 247/351/247
f  240/346/240 247/351/247 248/354/248
f  236/347/236 235/308/235 243/353/243
f  236/347/236 243/353/243 244/355/244
f  234/342/234 240/346/240 248/354/248
f  234/342/234 248/354/248 242/343/242
f  237/348/237 236/347/236 244/355/244
f  237/348/237 244/355/244 245/356/245
f  238/349/238 237/348/237 245/356/245
f  238/349/238 245/356/245 246/350/246
f  249/287/249 250/357/250 258/358/258
f  249/287/249 258/358/258 257/359/257
f  201/331/201 202/325/202 255/360/255
f  201/331/201 255/360/255 256/361/256
f  205/335/205 206/334/206 251/362/251
f  205/335/205 251/362/251 252/363/252
f  207/319/207 201/331/201 256/361/256
f  207/319/207 256/361/256 250/357/250
f  204/322/204 205/335/205 252/363/252
f  204/322/204 252/363/252 253/364/253
f  203/323/203 204/322/204 253/364/253
f  203/323/203 253/364/253 254/365/254
f  208/286/208 207/319/207 250/357/250
f  208/286/208 250/357/250 249/287/249
f  202/325/202 203/323/203 254/365/254
f  202/325/202 254/365/254 255/360/255
f  255/360/255 254/365/254 262/366/262
f  255/360/255 262/366/262 263/367/263
f  251/288/251 249/287/249 257/359/257
f  251/288/251 257/359/257 259/368/259
f  256/361/256 255/360/255 263/367/263
f  256/361/256 263/367/263 264/369/264
f  252/363/252 251/362/251 259/370/259
f  252/363/252 259/370/259 260/371/260
f  250/357/250 256/361/256 264/369/264
f  250/357/250 264/369/264 258/358/258
f  253/364/253 252/363/252 260/371/260
f  253/364/253 260/371/260 261/372/261
f  254/365/254 253/364/253 261/372/261
f  254/365/254 261/372/261 262/366/262
f  264/369/264 245/356/245 244/355/244
f  264/369/264 244/355/244 258/358/258
f  264/369/264 263/367/263 246/350/246
f  264/369/264 246/350/246 245/356/245
f  243/353/243 257/359/257 258/358/258
f  243/353/243 258/358/258 244/355/244
f  242/343/242 260/371/260 259/370/259
f  242/343/242 259/370/259 241/344/241
f  248/354/248 261/372/261 260/371/260
f  248/354/248 260/371/260 242/343/242
f  261/372/261 248/354/248 247/351/247
f  261/372/261 247/351/247 262/366/262
f  262/366/262 247/351/247 246/350/246
f  262/366/262 246/350/246 263/367/263
f  241/352/241 259/368/259 257/359/257
f  241/352/241 257/359/257 243/353/243
f  265/373/265 267/374/267 268/375/268
f  265/373/265 268/375/268 266/376/266
f  267/374/267 265/373/265 269/377/269
f  267/374/267 269/377/269 270/378/270
f  271/379/271 272/380/272 274/381/274
f  271/379/271 274/381/274 273/382/273
f  273/382/273 276/383/276 275/384/275
f  273/382/273 275/384/275 271/379/271
f  281/385/281 282/386/282 278/387/278
f  281/385/281 278/387/278 277/388/277
f  282/386/282 283/389/283 279/390/279
f  282/386/282 279/390/279 278/387/278
f  283/391/283 284/392/284 280/393/280
f  283/391/283 280/393/280 279/394/279
f  277/395/277 278/396/278 279/397/279
f  277/395/277 279/397/279 280/398/280
f  284/399/284 283/400/283 282/401/282
f  284/399/284 282/401/282 281/402/281
f  489/403/489 490/404/490 287/405/287
f  489/403/489 287/405/287 288/406/288
f  286/407/286 288/408/288 287/409/287
f  286/407/286 287/409/287 285/410/285
f  490/411/490 491/412/491 285/413/285
f  490/411/490 285/413/285 287/414/287
f  492/415/492 489/416/489 288/408/288
f  492/415/492 288/408/288 286/407/286
f  491/417/491 492/418/492 286/419/286
f  491/417/491 286/419/286 285/420/285
f  289/421/289 290/422/290 296/423/296
f  289/421/289 296/423/296 295/424/295
f  289/421/289 295/424/295 294/425/294
f  289/421/289 294/425/294 293/426/293
f  289/421/289 293/426/293 292/427/292
f  289/421/289 292/427/292 291/428/291
f  315/429/315 299/430/299 300/431/300
f  315/429/315 300/431/300 316/432/316
f  333/433/333 317/434/317 318/435/318
f  333/433/333 318/435/318 334/436/334
f  306/437/306 322/438/322 328/439/328
f  306/437/306 328/439/328 312/440/312
f  317/434/317 301/441/301 302/442/302
f  317/434/317 302/442/302 318/435/318
f  318/435/318 302/442/302 304/443/304
f  318/435/318 304/443/304 320/444/320
f  293/445/293 309/446/309 308/447/308
f  293/445/293 308/447/308 292/448/292
f  290/449/290 306/437/306 312/440/312
f  290/449/290 312/440/312 296/450/296
f  296/450/296 312/440/312 311/451/311
f  296/450/296 311/451/311 295/452/295
f  313/453/313 297/454/297 298/455/298
f  313/453/313 298/455/298 314/456/314
f  331/457/331 315/429/315 316/432/316
f  331/457/331 316/432/316 332/458/332
f  292/459/292 308/460/308 307/461/307
f  292/459/292 307/461/307 291/462/291
f  291/462/291 307/461/307 305/463/305
f  291/462/291 305/463/305 289/464/289
f  295/452/295 311/451/311 310/465/310
f  295/452/295 310/465/310 294/466/294
f  320/444/320 304/443/304 303/467/303
f  320/444/320 303/467/303 319/468/319
f  304/469/304 302/470/302 301/471/301
f  304/469/304 301/471/301 300/472/300
f  304/469/304 300/472/300 299/473/299
f  304/469/304 299/473/299 298/474/298
f  304/469/304 298/474/298 297/475/297
f  304/469/304 297/475/297 303/476/303
f  319/468/319 303/467/303 297/477/297
f  319/468/319 297/477/297 313/453/313
f  289/464/289 305/463/305 306/437/306
f  289/464/289 306/437/306 290/449/290
f  294/466/294 310/465/310 309/446/309
f  294/466/294 309/446/309 293/445/293
f  314/456/314 298/455/298 299/430/299
f  314/456/314 299/430/299 315/429/315
f  325/478/325 341/479/341 340/480/340
f  325/478/325 340/480/340 324/481/324
f  350/482/350 334/436/334 336/483/336
f  350/482/350 336/483/336 352/484/352
f  334/436/334 318/435/318 320/444/320
f  334/436/334 320/444/320 336/483/336
f  309/446/309 325/478/325 324/481/324
f  309/446/309 324/481/324 308/447/308
f  308/460/308 324/485/324 323/486/323
f  308/460/308 323/486/323 307/461/307
f  312/440/312 328/439/328 327/487/327
f  312/440/312 327/487/327 311/451/311
f  329/488/329 313/453/313 314/456/314
f  329/488/329 314/456/314 330/489/330
f  347/490/347 331/457/331 332/458/332
f  347/490/347 332/458/332 348/491/348
f  316/432/316 300/431/300 301/492/301
f  316/432/316 301/492/301 317/493/317
f  307/461/307 323/486/323 321/494/321
f  307/461/307 321/494/321 305/463/305
f  311/451/311 327/487/327 326/495/326
f  311/451/311 326/495/326 310/465/310
f  336/483/336 320/444/320 319/468/319
f  336/483/336 319/468/319 335/496/335
f  330/489/330 314/456/314 315/429/315
f  330/489/330 315/429/315 331/457/331
f  332/458/332 316/432/316 317/493/317
f  332/458/332 317/493/317 333/497/333
f  305/463/305 321/494/321 322/438/322
f  305/463/305 322/438/322 306/437/306
f  310/465/310 326/495/326 325/478/325
f  310/465/310 325/478/325 309/446/309
f  337/498/337 339/499/339 340/500/340
f  337/498/337 340/500/340 341/501/341
f  337/498/337 341/501/341 342/502/342
f  337/498/337 342/502/342 343/503/343
f  337/498/337 343/503/343 344/504/344
f  337/498/337 344/504/344 338/505/338
f  352/506/352 351/507/351 345/508/345
f  352/506/352 345/508/345 346/509/346
f  352/506/352 346/509/346 347/510/347
f  352/506/352 347/510/347 348/511/348
f  352/506/352 348/511/348 349/512/349
f  352/506/352 349/512/349 350/513/350
f  322/438/322 338/514/338 344/515/344
f  322/438/322 344/515/344 328/439/328
f  345/516/345 329/488/329 330/489/330
f  345/516/345 330/489/330 346/517/346
f  349/518/349 333/433/333 334/436/334
f  349/518/349 334/436/334 350/482/350
f  335/496/335 319/468/319 313/453/313
f  335/496/335 313/453/313 329/488/329
f  324/485/324 340/519/340 339/520/339
f  324/485/324 339/520/339 323/486/323
f  328/439/328 344/521/344 343/522/343
f  328/439/328 343/522/343 327/487/327
f  352/484/352 336/483/336 335/496/335
f  352/484/352 335/496/335 351/523/351
f  348/491/348 332/458/332 333/497/333
f  348/491/348 333/497/333 349/524/349
f  323/486/323 339/520/339 337/525/337
f  323/486/323 337/525/337 321/494/321
f  327/487/327 343/522/343 342/526/342
f  327/487/327 342/526/342 326/495/326
f  326/495/326 342/526/342 341/479/341
f  326/495/326 341/479/341 325/478/325
f  346/517/346 330/489/330 331/457/331
f  346/517/346 331/457/331 347/490/347
f  351/523/351 335/496/335 329/488/329
f  351/523/351 329/488/329 345/516/345
f  321/494/321 337/525/337 338/514/338
f  321/494/321 338/514/338 322/438/322
f  355/527/355 353/528/353 354/529/354
f  355/527/355 354/529/354 356/530/356
f  359/531/359 360/532/360 358/533/358
f  359/531/359 358/533/358 357/534/357
f  356/530/356 354/529/354 358/535/358
f  356/530/356 358/535/358 360/536/360
f  356/537/356 360/538/360 359/539/359
f  356/537/356 359/539/359 355/540/355
f  353/541/353 355/542/355 359/531/359
f  353/541/353 359/531/359 357/534/357
f  354/543/354 353/544/353 357/545/357
f  354/543/354 357/545/357 358/546/358
f  366/547/366 368/548/368 409/549/409
f  366/547/366 409/549/409 411/550/411
f  369/551/369 371/552/371 372/553/372
f  369/551/369 372/553/372 373/554/373
f  369/551/369 373/554/373 374/555/374
f  369/551/369 374/555/374 375/556/375
f  369/551/369 375/556/375 376/557/376
f  369/551/369 376/557/376 370/558/370
f  384/559/384 382/560/382 381/561/381
f  384/559/384 381/561/381 380/562/380
f  384/559/384 380/562/380 379/563/379
f  384/559/384 379/563/379 378/564/378
f  384/559/384 378/564/378 377/565/377
f  384/559/384 377/565/377 383/566/383
f  387/567/387 385/568/385 393/569/393
f  387/567/387 393/569/393 395/570/395
f  373/571/373 372/572/372 388/573/388
f  373/571/373 388/573/388 389/574/389
f  370/575/370 376/576/376 392/577/392
f  370/575/370 392/577/392 386/578/386
f  384/579/384 383/580/383 367/581/367
f  384/579/384 367/581/367 368/548/368
f  379/582/379 380/583/380 364/584/364
f  379/582/379 364/584/364 363/585/363
f  378/586/378 379/582/379 363/585/363
f  378/586/378 363/585/363 362/587/362
f  372/572/372 371/588/371 387/567/387
f  372/572/372 387/567/387 388/573/388
f  376/576/376 375/589/375 391/590/391
f  376/576/376 391/590/391 392/577/392
f  382/591/382 384/579/384 368/548/368
f  382/591/382 368/548/368 366/547/366
f  377/592/377 378/586/378 362/587/362
f  377/592/377 362/587/362 361/593/361
f  381/594/381 382/595/382 366/596/366
f  381/594/381 366/596/366 365/597/365
f  371/588/371 369/598/369 385/568/385
f  371/588/371 385/568/385 387/567/387
f  375/589/375 374/599/374 390/600/390
f  375/589/375 390/600/390 391/590/391
f  374/599/374 373/571/373 389/574/389
f  374/599/374 389/574/389 390/600/390
f  383/580/383 377/592/377 361/593/361
f  383/580/383 361/593/361 367/581/367
f  380/583/380 381/594/381 365/597/365
f  380/583/380 365/597/365 364/584/364
f  369/601/369 370/575/370 386/578/386
f  369/601/369 386/578/386 385/602/385
f  393/603/393 394/604/394 402/605/402
f  393/603/393 402/605/402 401/606/401
f  392/577/392 391/590/391 399/607/399
f  392/577/392 399/607/399 400/608/400
f  388/573/388 387/567/387 395/570/395
f  388/573/388 395/570/395 396/609/396
f  386/578/386 392/577/392 400/608/400
f  386/578/386 400/608/400 394/604/394
f  389/574/389 388/573/388 396/609/396
f  389/574/389 396/609/396 397/610/397
f  390/600/390 389/574/389 397/610/397
f  390/600/390 397/610/397 398/611/398
f  385/602/385 386/578/386 394/604/394
f  385/602/385 394/604/394 393/603/393
f  391/590/391 390/600/390 398/611/398
f  391/590/391 398/611/398 399/607/399
f  399/607/399 398/611/398 406/612/406
f  399/607/399 406/612/406 407/613/407
f  395/570/395 393/569/393 401/614/401
f  395/570/395 401/614/401 403/615/403
f  400/608/400 399/607/399 407/613/407
f  400/608/400 407/613/407 408/616/408
f  396/609/396 395/570/395 403/615/403
f  396/609/396 403/615/403 404/617/404
f  394/604/394 400/608/400 408/616/408
f  394/604/394 408/616/408 402/605/402
f  397/610/397 396/609/396 404/617/404
f  397/610/397 404/617/404 405/618/405
f  398/611/398 397/610/397 405/618/405
f  398/611/398 405/618/405 406/612/406
f  409/549/409 410/619/410 418/620/418
f  409/549/409 418/620/418 417/621/417
f  361/593/361 362/587/362 415/622/415
f  361/593/361 415/622/415 416/623/416
f  365/597/365 366/596/366 411/624/411
f  365/597/365 411/624/411 412/625/412
f  367/581/367 361/593/361 416/623/416
f  367/581/367 416/623/416 410/619/410
f  364/584/364 365/597/365 412/625/412
f  364/584/364 412/625/412 413/626/413
f  363/585/363 364/584/364 413/626/413
f  363/585/363 413/626/413 414/627/414
f  368/548/368 367/581/367 410/619/410
f  368/548/368 410/619/410 409/549/409
f  362/587/362 363/585/363 414/627/414
f  362/587/362 414/627/414 415/622/415
f  415/622/415 414/627/414 422/628/422
f  415/622/415 422/628/422 423/629/423
f  411/550/411 409/549/409 417/621/417
f  411/550/411 417/621/417 419/630/419
f  416/623/416 415/622/415 423/629/423
f  416/623/416 423/629/423 424/631/424
f  412/625/412 411/624/411 419/632/419
f  412/625/412 419/632/419 420/633/420
f  410/619/410 416/623/416 424/631/424
f  410/619/410 424/631/424 418/620/418
f  413/626/413 412/625/412 420/633/420
f  413/626/413 420/633/420 421/634/421
f  414/627/414 413/626/413 421/634/421
f  414/627/414 421/634/421 422/628/422
f  424/631/424 405/618/405 404/617/404
f  424/631/424 404/617/404 418/620/418
f  424/631/424 423/629/423 406/612/406
f  424/631/424 406/612/406 405/618/405
f  403/615/403 417/621/417 418/620/418
f  403/615/403 418/620/418 404/617/404
f  402/605/402 420/633/420 419/632/419
f  402/605/402 419/632/419 401/606/401
f  408/616/408 421/634/421 420/633/420
f  408/616/408 420/633/420 402/605/402
f  421/634/421 408/616/408 407/613/407
f  421/634/421 407/613/407 422/628/422
f  422/628/422 407/613/407 406/612/406
f  422/628/422 406/612/406 423/629/423
f  401/614/401 419/630/419 417/621/417
f  401/614/401 417/621/417 403/615/403
f  430/635/430 432/636/432 473/637/473
f  430/635/430 473/637/473 475/638/475
f  433/639/433 435/640/435 436/641/436
f  433/639/433 436/641/436 437/642/437
f  433/639/433 437/642/437 438/643/438
f  433/639/433 438/643/438 439/644/439
f  433/639/433 439/644/439 440/645/440
f  433/639/433 440/645/440 434/646/434
f  448/647/448 446/648/446 445/649/445
f  448/647/448 445/649/445 444/650/444
f  448/647/448 444/650/444 443/651/443
f  448/647/448 443/651/443 442/652/442
f  448/647/448 442/652/442 441/653/441
f  448/647/448 441/653/441 447/654/447
f  451/655/451 449/656/449 457/657/457
f  451/655/451 457/657/457 459/658/459
f  437/659/437 436/660/436 452/661/452
f  437/659/437 452/661/452 453/662/453
f  434/663/434 440/664/440 456/665/456
f  434/663/434 456/665/456 450/666/450
f  448/667/448 447/668/447 431/669/431
f  448/667/448 431/669/431 432/636/432
f  443/670/443 444/671/444 428/672/428
f  443/670/443 428/672/428 427/673/427
f  442/674/442 443/670/443 427/673/427
f  442/674/442 427/673/427 426/675/426
f  436/660/436 435/676/435 451/655/451
f  436/660/436 451/655/451 452/661/452
f  440/664/440 439/677/439 455/678/455
f  440/664/440 455/678/455 456/665/456
f  446/679/446 448/667/448 432/636/432
f  446/679/446 432/636/432 430/635/430
f  441/680/441 442/674/442 426/675/426
f  441/680/441 426/675/426 425/681/425
f  445/682/445 446/683/446 430/684/430
f  445/682/445 430/684/430 429/685/429
f  435/676/435 433/686/433 449/656/449
f  435/676/435 449/656/449 451/655/451
f  439/677/439 438/687/438 454/688/454
f  439/677/439 454/688/454 455/678/455
f  438/687/438 437/659/437 453/662/453
f  438/687/438 453/662/453 454/688/454
f  447/668/447 441/680/441 425/681/425
f  447/668/447 425/681/425 431/669/431
f  444/671/444 445/682/445 429/685/429
f  444/671/444 429/685/429 428/672/428
f  433/689/433 434/663/434 450/666/450
f  433/689/433 450/666/450 449/690/449
f  457/691/457 458/692/458 466/693/466
f  457/691/457 466/693/466 465/694/465
f  456/665/456 455/678/455 463/695/463
f  456/665/456 463/695/463 464/696/464
f  452/661/452 451/655/451 459/658/459
f  452/661/452 459/658/459 460/697/460
f  450/666/450 456/665/456 464/696/464
f  450/666/450 464/696/464 458/692/458
f  453/662/453 452/661/452 460/697/460
f  453/662/453 460/697/460 461/698/461
f  454/688/454 453/662/453 461/698/461
f  454/688/454 461/698/461 462/699/462
f  449/690/449 450/666/450 458/692/458
f  449/690/449 458/692/458 457/691/457
f  455/678/455 454/688/454 462/699/462
f  455/678/455 462/699/462 463/695/463
f  463/695/463 462/699/462 470/700/470
f  463/695/463 470/700/470 471/701/471
f  459/658/459 457/657/457 465/702/465
f  459/658/459 465/702/465 467/703/467
f  464/696/464 463/695/463 471/701/471
f  464/696/464 471/701/471 472/704/472
f  460/697/460 459/658/459 467/703/467
f  460/697/460 467/703/467 468/705/468
f  458/692/458 464/696/464 472/704/472
f  458/692/458 472/704/472 466/693/466
f  461/698/461 460/697/460 468/705/468
f  461/698/461 468/705/468 469/706/469
f  462/699/462 461/698/461 469/706/469
f  462/699/462 469/706/469 470/700/470
f  473/637/473 474/707/474 482/708/482
f  473/637/473 482/708/482 481/709/481
f  425/681/425 426/675/426 479/710/479
f  425/681/425 479/710/479 480/711/480
f  429/685/429 430/684/430 475/712/475
f  429/685/429 475/712/475 476/713/476
f  431/669/431 425/681/425 480/711/480
f  431/669/431 480/711/480 474/707/474
f  428/672/428 429/685/429 476/713/476
f  428/672/428 476/713/476 477/714/477
f  427/673/427 428/672/428 477/714/477
f  427/673/427 477/714/477 478/715/478
f  432/636/432 431/669/431 474/707/474
f  432/636/432 474/707/474 473/637/473
f  426/675/426 427/673/427 478/715/478
f  426/675/426 478/715/478 479/710/479
f  479/710/479 478/715/478 486/716/486
f  479/710/479 486/716/486 487/717/487
f  475/638/475 473/637/473 481/709/481
f  475/638/475 481/709/481 483/718/483
f  480/711/480 479/710/479 487/717/487
f  480/711/480 487/717/487 488/719/488
f  476/713/476 475/712/475 483/720/483
f  476/713/476 483/720/483 484/721/484
f  474/707/474 480/711/480 488/719/488
f  474/707/474 488/719/488 482/708/482
f  477/714/477 476/713/476 484/721/484
f  477/714/477 484/721/484 485/722/485
f  478/715/478 477/714/477 485/722/485
f  478/715/478 485/722/485 486/716/486
f  488/719/488 469/706/469 468/705/468
f  488/719/488 468/705/468 482/708/482
f  488/719/488 487/717/487 470/700/470
f  488/719/488 470/700/470 469/706/469
f  467/703/467 481/709/481 482/708/482
f  467/703/467 482/708/482 468/705/468
f  466/693/466 484/721/484 483/720/483
f  466/693/466 483/720/483 465/694/465
f  472/704/472 485/722/485 484/721/484
f  472/704/472 484/721/484 466/693/466
f  485/722/485 472/704/472 471/701/471
f  485/722/485 471/701/471 486/716/486
f  486/716/486 471/701/471 470/700/470
f  486/716/486 470/700/470 487/717/487
f  465/702/465 483/718/483 481/709/481
f  465/702/465 481/709/481 467/703/467
f  284/399/284 281/402/281 490/404/490
f  284/399/284 490/404/490 489/403/489
f  281/385/281 277/388/277 491/412/491
f  281/385/281 491/412/491 490/411/490
f  280/393/280 284/392/284 489/416/489
f  280/393/280 489/416/489 492/415/492
f  277/395/277 280/398/280 492/418/492
f  277/395/277 492/418/492 491/417/491
