# https://github.com/mikedh/trimesh
mtllib material.mtl
usemtl material_0
v 51.66269580 72.96502976 33.42519701
v 51.66269580 72.96502976 33.42519701
v 51.66269580 72.96502976 33.42519701
v 51.66269580 72.96502976 33.42519701
v 51.63386778 72.95003991 33.49479401
v 51.63386778 72.95003991 33.49479401
v 51.63386778 72.95003991 33.49479401
v 51.63386778 72.95003991 33.49479401
v 51.60942880 72.95003991 33.47846401
v 51.60942880 72.95003991 33.47846401
v 51.60942880 72.95003991 33.47846401
v 51.60942880 72.95003991 33.47846401
v 51.59309880 72.95003991 33.45402503
v 51.59309880 72.95003991 33.45402503
v 51.59309880 72.95003991 33.45402503
v 51.59309880 72.95003991 33.45402503
v 51.66269580 72.95003991 33.50052798
v 51.66269580 72.95003991 33.50052798
v 51.60942880 72.90737061 33.55379498
v 51.60942880 72.90737061 33.55379498
v 51.60942880 72.90737061 33.55379498
v 51.60942880 72.90737061 33.55379498
v 51.56427077 72.90737061 33.52362204
v 51.56427077 72.90737061 33.52362204
v 51.56427077 72.90737061 33.52362204
v 51.56427077 72.90737061 33.52362204
v 51.58736483 72.95003991 33.42519701
v 51.58736483 72.95003991 33.42519701
v 51.53409676 72.90737061 33.47846401
v 51.53409676 72.90737061 33.47846401
v 51.53409676 72.90737061 33.47846401
v 51.53409676 72.90737061 33.47846401
v 51.66269580 48.61256508 34.99999985
v 51.66269580 55.65713982 34.92466846
v 51.66269580 55.64214997 34.99999985
v 51.66269580 48.61256508 33.42519701
v 51.66269580 55.69981007 34.86080560
v 51.66269580 55.76367001 34.81813380
v 51.66269580 55.83901028 34.80314951
v 51.66269580 72.76817994 34.80314951
v 51.66269580 55.83901028 33.62204695
v 51.66269580 55.76367001 33.60706306
v 51.66269580 55.69981007 33.56439102
v 51.66269580 55.65713982 33.50052798
v 51.66269580 55.64214997 33.42519701
v 51.66269580 72.96502976 34.99999985
v 51.66269580 78.11348061 33.42519701
v 51.66269580 78.11348061 34.99999985
v 51.66269580 72.95003991 34.92466846
v 51.66269580 72.90737061 34.86080560
v 51.66269580 72.84351067 34.81813380
v 51.66269580 72.76817994 33.62204695
v 51.66269580 72.84351067 33.60706306
v 51.66269580 72.90737061 33.56439102
v 51.66269580 72.95003991 33.50052798
v 51.66269580 72.96502976 33.42519701
v 51.66269580 72.90737061 33.56439102
v 51.66269580 72.90737061 33.56439102
v 51.59309880 72.84351067 33.59321904
v 51.59309880 72.84351067 33.59321904
v 51.59309880 72.84351067 33.59321904
v 51.59309880 72.84351067 33.59321904
v 51.53409676 72.84351067 33.55379498
v 51.53409676 72.84351067 33.55379498
v 51.53409676 72.84351067 33.55379498
v 51.53409676 72.84351067 33.55379498
v 50.08789281 50.23336606 33.42519701
v 51.66269580 55.64214997 33.42519701
v 51.66269580 48.61256508 33.42519701
v 50.08789281 55.64214997 33.42519701
v 50.16322419 55.65713982 33.42519701
v 51.58736483 55.65713982 33.42519701
v 50.22708702 55.69981007 33.42519701
v 51.52350179 55.69981007 33.42519701
v 50.26975881 55.76367001 33.42519701
v 51.48082975 55.76367001 33.42519701
v 50.28474321 55.83901028 33.42519701
v 51.46584586 55.83901028 33.42519701
v 50.28474321 72.76817994 33.42519701
v 51.46584586 72.76817994 33.42519701
v 50.26975881 72.84351067 33.42519701
v 51.48082975 72.84351067 33.42519701
v 50.22708702 72.90737061 33.42519701
v 51.52350179 72.90737061 33.42519701
v 50.16322419 72.95003991 33.42519701
v 51.58736483 72.95003991 33.42519701
v 50.08789281 72.96502976 33.42519701
v 51.66269580 72.96502976 33.42519701
v 50.08789277 79.73428063 33.42519701
v 51.66269580 78.11348061 33.42519701
v 51.52350179 72.90737061 33.42519701
v 51.52350179 72.90737061 33.42519701
v 51.49467377 72.84351067 33.49479401
v 51.49467377 72.84351067 33.49479401
v 51.49467377 72.84351067 33.49479401
v 51.49467377 72.84351067 33.49479401
v 51.66269580 78.11348061 34.99999985
v 50.08789277 79.73428063 33.42519701
v 50.08789288 79.73428063 34.99999996
v 51.66269580 78.11348061 33.42519701
v 51.66269580 55.64214997 34.99999985
v 50.08789281 50.23336606 34.99999985
v 51.66269580 48.61256508 34.99999985
v 50.08789281 55.64214997 34.99999985
v 51.58736483 55.65713982 34.99999985
v 50.16322419 55.65713982 34.99999985
v 51.52350179 55.69981007 34.99999985
v 50.22708702 55.69981007 34.99999985
v 50.26975881 55.76367001 34.99999985
v 51.48082975 55.76367001 34.99999985
v 51.46584586 55.83901028 34.99999985
v 50.28474321 55.83901028 34.99999985
v 51.46584586 72.76817994 34.99999985
v 50.28474321 72.76817994 34.99999985
v 51.48082975 72.84351067 34.99999985
v 50.26975881 72.84351067 34.99999985
v 51.52350179 72.90737061 34.99999985
v 50.22708702 72.90737061 34.99999985
v 51.58736483 72.95003991 34.99999985
v 50.16322419 72.95003991 34.99999985
v 51.66269580 72.96502976 34.99999985
v 50.08789281 72.96502976 34.99999985
v 51.66269580 78.11348061 34.99999985
v 50.08789288 79.73428063 34.99999996
v 51.66269580 72.96502976 34.99999985
v 51.66269580 72.96502976 34.99999985
v 51.66269580 72.96502976 34.99999985
v 51.66269580 72.96502976 34.99999985
v 51.63386778 72.95003991 34.93040272
v 51.63386778 72.95003991 34.93040272
v 51.63386778 72.95003991 34.93040272
v 51.63386778 72.95003991 34.93040272
v 51.66269580 72.95003991 34.92466846
v 51.66269580 72.95003991 34.92466846
v 51.66269580 72.90737061 34.86080560
v 51.66269580 72.90737061 34.86080560
v 51.60942880 72.90737061 34.87140110
v 51.60942880 72.90737061 34.87140110
v 51.60942880 72.90737061 34.87140110
v 51.60942880 72.90737061 34.87140110
v 51.59309880 72.84351067 34.83197750
v 51.59309880 72.84351067 34.83197750
v 51.59309880 72.84351067 34.83197750
v 51.59309880 72.84351067 34.83197750
v 51.66269580 72.84351067 34.81813380
v 51.66269580 72.84351067 34.81813380
v 51.58736483 72.76817994 34.81813380
v 51.58736483 72.76817994 34.81813380
v 51.58736483 72.76817994 34.81813380
v 51.58736483 72.76817994 34.81813380
v 51.66269580 72.76817994 34.80314951
v 51.66269580 72.76817994 34.80314951
v 51.58736483 55.83901028 34.81813380
v 51.58736483 55.83901028 34.81813380
v 51.58736483 55.83901028 34.81813380
v 51.58736483 55.83901028 34.81813380
v 51.66269580 55.83901028 34.80314951
v 51.66269580 55.83901028 34.80314951
v 51.59309880 55.76367001 34.83197750
v 51.59309880 55.76367001 34.83197750
v 51.59309880 55.76367001 34.83197750
v 51.59309880 55.76367001 34.83197750
v 51.66269580 55.76367001 34.81813380
v 51.66269580 55.76367001 34.81813380
v 51.60942880 55.69981007 34.87140110
v 51.60942880 55.69981007 34.87140110
v 51.60942880 55.69981007 34.87140110
v 51.60942880 55.69981007 34.87140110
v 51.66269580 55.69981007 34.86080560
v 51.66269580 55.69981007 34.86080560
v 51.63386778 55.65713982 34.93040272
v 51.63386778 55.65713982 34.93040272
v 51.63386778 55.65713982 34.93040272
v 51.63386778 55.65713982 34.93040272
v 51.66269580 55.65713982 34.92466846
v 51.66269580 55.65713982 34.92466846
v 51.66269580 55.64214997 34.99999985
v 51.66269580 55.64214997 34.99999985
v 51.66269580 55.64214997 34.99999985
v 51.66269580 55.64214997 34.99999985
v 50.08789281 50.23336606 34.99999985
v 51.66269580 48.61256508 33.42519701
v 51.66269580 48.61256508 34.99999985
v 50.08789281 50.23336606 33.42519701
v 51.66269580 55.64214997 33.42519701
v 51.66269580 55.64214997 33.42519701
v 51.66269580 55.64214997 33.42519701
v 51.66269580 55.64214997 33.42519701
v 51.63386778 55.65713982 33.49479401
v 51.63386778 55.65713982 33.49479401
v 51.63386778 55.65713982 33.49479401
v 51.63386778 55.65713982 33.49479401
v 51.66269580 55.65713982 33.50052798
v 51.66269580 55.65713982 33.50052798
v 51.66269580 55.69981007 33.56439102
v 51.66269580 55.69981007 33.56439102
v 51.60942880 55.69981007 33.55379498
v 51.60942880 55.69981007 33.55379498
v 51.60942880 55.69981007 33.55379498
v 51.60942880 55.69981007 33.55379498
v 51.59309880 55.76367001 33.59321904
v 51.59309880 55.76367001 33.59321904
v 51.59309880 55.76367001 33.59321904
v 51.59309880 55.76367001 33.59321904
v 51.66269580 55.76367001 33.60706306
v 51.66269580 55.76367001 33.60706306
v 51.58736483 55.83901028 33.60706306
v 51.58736483 55.83901028 33.60706306
v 51.58736483 55.83901028 33.60706306
v 51.58736483 55.83901028 33.60706306
v 51.66269580 55.83901028 33.62204695
v 51.66269580 55.83901028 33.62204695
v 51.58736483 72.76817994 33.60706306
v 51.58736483 72.76817994 33.60706306
v 51.58736483 72.76817994 33.60706306
v 51.58736483 72.76817994 33.60706306
v 51.66269580 72.76817994 33.62204695
v 51.66269580 72.76817994 33.62204695
v 51.66269580 72.84351067 33.60706306
v 51.66269580 72.84351067 33.60706306
v 51.52350179 72.76817994 33.56439102
v 51.52350179 72.76817994 33.56439102
v 51.52350179 72.76817994 33.56439102
v 51.52350179 72.76817994 33.56439102
v 50.08789277 79.73428063 33.42519701
v 50.08789281 72.96502976 34.99999985
v 50.08789288 79.73428063 34.99999996
v 50.08789281 72.95003991 34.92466846
v 50.08789281 72.90737061 34.86080560
v 50.08789281 72.84351067 34.81813380
v 50.08789281 72.76817994 34.80314951
v 50.08789281 72.76817994 33.62204695
v 50.08789281 72.84351067 33.60706306
v 50.08789281 72.90737061 33.56439102
v 50.08789281 72.95003991 33.50052798
v 50.08789281 72.96502976 33.42519701
v 50.08789281 55.65713982 34.92466846
v 50.08789281 50.23336606 34.99999985
v 50.08789281 55.64214997 34.99999985
v 50.08789281 50.23336606 33.42519701
v 50.08789281 55.69981007 34.86080560
v 50.08789281 55.76367001 34.81813380
v 50.08789281 55.83901028 34.80314951
v 50.08789281 55.83901028 33.62204695
v 50.08789281 55.76367001 33.60706306
v 50.08789281 55.69981007 33.56439102
v 50.08789281 55.65713982 33.50052798
v 50.08789281 55.64214997 33.42519701
v 51.48082975 72.84351067 33.42519701
v 51.48082975 72.84351067 33.42519701
v 51.46584586 72.76817994 33.42519701
v 51.46584586 72.76817994 33.42519701
v 51.48082975 72.76817994 33.50052798
v 51.48082975 72.76817994 33.50052798
v 51.48082975 72.76817994 33.50052798
v 51.48082975 72.76817994 33.50052798
v 51.48082975 55.83901028 33.50052798
v 51.48082975 55.83901028 33.50052798
v 51.48082975 55.83901028 33.50052798
v 51.48082975 55.83901028 33.50052798
v 51.46584586 55.83901028 33.42519701
v 51.46584586 55.83901028 33.42519701
v 51.49467377 55.76367001 33.49479401
v 51.49467377 55.76367001 33.49479401
v 51.49467377 55.76367001 33.49479401
v 51.49467377 55.76367001 33.49479401
v 51.48082975 55.76367001 33.42519701
v 51.48082975 55.76367001 33.42519701
v 51.53409676 55.69981007 33.47846401
v 51.53409676 55.69981007 33.47846401
v 51.53409676 55.69981007 33.47846401
v 51.53409676 55.69981007 33.47846401
v 51.52350179 55.69981007 33.42519701
v 51.52350179 55.69981007 33.42519701
v 51.58736483 55.65713982 33.42519701
v 51.58736483 55.65713982 33.42519701
v 51.59309880 55.65713982 33.45402503
v 51.59309880 55.65713982 33.45402503
v 51.59309880 55.65713982 33.45402503
v 51.59309880 55.65713982 33.45402503
v 50.16322419 55.65713982 33.42519701
v 50.16322419 55.65713982 33.42519701
v 50.08789281 55.64214997 33.42519701
v 50.08789281 55.64214997 33.42519701
v 50.08789281 55.64214997 33.42519701
v 50.08789281 55.64214997 33.42519701
v 50.15748993 55.65713982 33.45402503
v 50.15748993 55.65713982 33.45402503
v 50.15748993 55.65713982 33.45402503
v 50.15748993 55.65713982 33.45402503
v 50.21649151 55.69981007 33.47846401
v 50.21649151 55.69981007 33.47846401
v 50.21649151 55.69981007 33.47846401
v 50.21649151 55.69981007 33.47846401
v 50.22708702 55.69981007 33.42519701
v 50.22708702 55.69981007 33.42519701
v 50.26975881 55.76367001 33.42519701
v 50.26975881 55.76367001 33.42519701
v 50.25591511 55.76367001 33.49479401
v 50.25591511 55.76367001 33.49479401
v 50.25591511 55.76367001 33.49479401
v 50.25591511 55.76367001 33.49479401
v 50.28474321 55.83901028 33.42519701
v 50.28474321 55.83901028 33.42519701
v 50.26975881 55.83901028 33.50052798
v 50.26975881 55.83901028 33.50052798
v 50.26975881 55.83901028 33.50052798
v 50.26975881 55.83901028 33.50052798
v 50.28474321 72.76817994 33.42519701
v 50.28474321 72.76817994 33.42519701
v 50.26975881 72.76817994 33.50052798
v 50.26975881 72.76817994 33.50052798
v 50.26975881 72.76817994 33.50052798
v 50.26975881 72.76817994 33.50052798
v 50.25591511 72.84351067 33.49479401
v 50.25591511 72.84351067 33.49479401
v 50.25591511 72.84351067 33.49479401
v 50.25591511 72.84351067 33.49479401
v 50.26975881 72.84351067 33.42519701
v 50.26975881 72.84351067 33.42519701
v 50.21649151 72.90737061 33.47846401
v 50.21649151 72.90737061 33.47846401
v 50.21649151 72.90737061 33.47846401
v 50.21649151 72.90737061 33.47846401
v 50.22708702 72.90737061 33.42519701
v 50.22708702 72.90737061 33.42519701
v 50.16322419 72.95003991 33.42519701
v 50.16322419 72.95003991 33.42519701
v 50.15748993 72.95003991 33.45402503
v 50.15748993 72.95003991 33.45402503
v 50.15748993 72.95003991 33.45402503
v 50.15748993 72.95003991 33.45402503
v 50.08789281 72.96502976 33.42519701
v 50.08789281 72.96502976 33.42519701
v 50.08789281 72.96502976 33.42519701
v 50.08789281 72.96502976 33.42519701
v 51.59309880 55.65713982 34.97117178
v 51.59309880 55.65713982 34.97117178
v 51.59309880 55.65713982 34.97117178
v 51.59309880 55.65713982 34.97117178
v 51.58736483 55.65713982 34.99999985
v 51.58736483 55.65713982 34.99999985
v 51.53409676 55.69981007 34.94673252
v 51.53409676 55.69981007 34.94673252
v 51.53409676 55.69981007 34.94673252
v 51.53409676 55.69981007 34.94673252
v 51.52350179 55.69981007 34.99999985
v 51.52350179 55.69981007 34.99999985
v 51.48082975 55.76367001 34.99999985
v 51.48082975 55.76367001 34.99999985
v 51.49467377 55.76367001 34.93040272
v 51.49467377 55.76367001 34.93040272
v 51.49467377 55.76367001 34.93040272
v 51.49467377 55.76367001 34.93040272
v 51.46584586 55.83901028 34.99999985
v 51.46584586 55.83901028 34.99999985
v 51.48082975 55.83901028 34.92466846
v 51.48082975 55.83901028 34.92466846
v 51.48082975 55.83901028 34.92466846
v 51.48082975 55.83901028 34.92466846
v 51.46584586 72.76817994 34.99999985
v 51.46584586 72.76817994 34.99999985
v 51.48082975 72.76817994 34.92466846
v 51.48082975 72.76817994 34.92466846
v 51.48082975 72.76817994 34.92466846
v 51.48082975 72.76817994 34.92466846
v 51.48082975 72.84351067 34.99999985
v 51.48082975 72.84351067 34.99999985
v 51.49467377 72.84351067 34.93040272
v 51.49467377 72.84351067 34.93040272
v 51.49467377 72.84351067 34.93040272
v 51.49467377 72.84351067 34.93040272
v 51.52350179 72.90737061 34.99999985
v 51.52350179 72.90737061 34.99999985
v 51.53409676 72.90737061 34.94673252
v 51.53409676 72.90737061 34.94673252
v 51.53409676 72.90737061 34.94673252
v 51.53409676 72.90737061 34.94673252
v 51.58736483 72.95003991 34.99999985
v 51.58736483 72.95003991 34.99999985
v 51.59309880 72.95003991 34.97117178
v 51.59309880 72.95003991 34.97117178
v 51.59309880 72.95003991 34.97117178
v 51.59309880 72.95003991 34.97117178
v 50.16322419 72.95003991 34.99999985
v 50.16322419 72.95003991 34.99999985
v 50.08789281 72.96502976 34.99999985
v 50.08789281 72.96502976 34.99999985
v 50.08789281 72.96502976 34.99999985
v 50.08789281 72.96502976 34.99999985
v 50.15748993 72.95003991 34.97117178
v 50.15748993 72.95003991 34.97117178
v 50.15748993 72.95003991 34.97117178
v 50.15748993 72.95003991 34.97117178
v 50.21649151 72.90737061 34.94673252
v 50.21649151 72.90737061 34.94673252
v 50.21649151 72.90737061 34.94673252
v 50.21649151 72.90737061 34.94673252
v 50.22708702 72.90737061 34.99999985
v 50.22708702 72.90737061 34.99999985
v 50.26975881 72.84351067 34.99999985
v 50.26975881 72.84351067 34.99999985
v 50.25591511 72.84351067 34.93040272
v 50.25591511 72.84351067 34.93040272
v 50.25591511 72.84351067 34.93040272
v 50.25591511 72.84351067 34.93040272
v 50.28474321 72.76817994 34.99999985
v 50.28474321 72.76817994 34.99999985
v 50.26975881 72.76817994 34.92466846
v 50.26975881 72.76817994 34.92466846
v 50.26975881 72.76817994 34.92466846
v 50.26975881 72.76817994 34.92466846
v 50.28474321 55.83901028 34.99999985
v 50.28474321 55.83901028 34.99999985
v 50.26975881 55.83901028 34.92466846
v 50.26975881 55.83901028 34.92466846
v 50.26975881 55.83901028 34.92466846
v 50.26975881 55.83901028 34.92466846
v 50.26975881 55.76367001 34.99999985
v 50.26975881 55.76367001 34.99999985
v 50.25591511 55.76367001 34.93040272
v 50.25591511 55.76367001 34.93040272
v 50.25591511 55.76367001 34.93040272
v 50.25591511 55.76367001 34.93040272
v 50.22708702 55.69981007 34.99999985
v 50.22708702 55.69981007 34.99999985
v 50.21649151 55.69981007 34.94673252
v 50.21649151 55.69981007 34.94673252
v 50.21649151 55.69981007 34.94673252
v 50.21649151 55.69981007 34.94673252
v 50.16322419 55.65713982 34.99999985
v 50.16322419 55.65713982 34.99999985
v 50.15748993 55.65713982 34.97117178
v 50.15748993 55.65713982 34.97117178
v 50.15748993 55.65713982 34.97117178
v 50.15748993 55.65713982 34.97117178
v 50.08789281 55.64214997 34.99999985
v 50.08789281 55.64214997 34.99999985
v 50.08789281 55.64214997 34.99999985
v 50.08789281 55.64214997 34.99999985
v 51.60942880 72.95003991 34.94673252
v 51.60942880 72.95003991 34.94673252
v 51.60942880 72.95003991 34.94673252
v 51.60942880 72.95003991 34.94673252
v 51.56427077 72.90737061 34.90157465
v 51.56427077 72.90737061 34.90157465
v 51.56427077 72.90737061 34.90157465
v 51.56427077 72.90737061 34.90157465
v 51.53409676 72.84351067 34.87140110
v 51.53409676 72.84351067 34.87140110
v 51.53409676 72.84351067 34.87140110
v 51.53409676 72.84351067 34.87140110
v 51.52350179 72.76817994 34.86080560
v 51.52350179 72.76817994 34.86080560
v 51.52350179 72.76817994 34.86080560
v 51.52350179 72.76817994 34.86080560
v 51.52350179 55.83901028 34.86080560
v 51.52350179 55.83901028 34.86080560
v 51.52350179 55.83901028 34.86080560
v 51.52350179 55.83901028 34.86080560
v 51.53409676 55.76367001 34.87140110
v 51.53409676 55.76367001 34.87140110
v 51.53409676 55.76367001 34.87140110
v 51.53409676 55.76367001 34.87140110
v 51.56427077 55.69981007 34.90157465
v 51.56427077 55.69981007 34.90157465
v 51.56427077 55.69981007 34.90157465
v 51.56427077 55.69981007 34.90157465
v 51.60942880 55.65713982 34.94673252
v 51.60942880 55.65713982 34.94673252
v 51.60942880 55.65713982 34.94673252
v 51.60942880 55.65713982 34.94673252
v 51.60942880 55.65713982 33.47846401
v 51.60942880 55.65713982 33.47846401
v 51.60942880 55.65713982 33.47846401
v 51.60942880 55.65713982 33.47846401
v 51.56427077 55.69981007 33.52362204
v 51.56427077 55.69981007 33.52362204
v 51.56427077 55.69981007 33.52362204
v 51.56427077 55.69981007 33.52362204
v 51.53409676 55.76367001 33.55379498
v 51.53409676 55.76367001 33.55379498
v 51.53409676 55.76367001 33.55379498
v 51.53409676 55.76367001 33.55379498
v 51.52350179 55.83901028 33.56439102
v 51.52350179 55.83901028 33.56439102
v 51.52350179 55.83901028 33.56439102
v 51.52350179 55.83901028 33.56439102
v 50.11672088 72.95003991 33.49479401
v 50.11672088 72.95003991 33.49479401
v 50.11672088 72.95003991 33.49479401
v 50.11672088 72.95003991 33.49479401
v 50.08789281 72.95003991 33.50052798
v 50.08789281 72.95003991 33.50052798
v 50.08789281 72.90737061 33.56439102
v 50.08789281 72.90737061 33.56439102
v 50.14116014 72.90737061 33.55379498
v 50.14116014 72.90737061 33.55379498
v 50.14116014 72.90737061 33.55379498
v 50.14116014 72.90737061 33.55379498
v 50.15748993 72.84351067 33.59321904
v 50.15748993 72.84351067 33.59321904
v 50.15748993 72.84351067 33.59321904
v 50.15748993 72.84351067 33.59321904
v 50.08789281 72.84351067 33.60706306
v 50.08789281 72.84351067 33.60706306
v 50.16322419 72.76817994 33.60706306
v 50.16322419 72.76817994 33.60706306
v 50.16322419 72.76817994 33.60706306
v 50.16322419 72.76817994 33.60706306
v 50.08789281 72.76817994 33.62204695
v 50.08789281 72.76817994 33.62204695
v 50.16322419 55.83901028 33.60706306
v 50.16322419 55.83901028 33.60706306
v 50.16322419 55.83901028 33.60706306
v 50.16322419 55.83901028 33.60706306
v 50.08789281 55.83901028 33.62204695
v 50.08789281 55.83901028 33.62204695
v 50.15748993 55.76367001 33.59321904
v 50.15748993 55.76367001 33.59321904
v 50.15748993 55.76367001 33.59321904
v 50.15748993 55.76367001 33.59321904
v 50.08789281 55.76367001 33.60706306
v 50.08789281 55.76367001 33.60706306
v 50.14116014 55.69981007 33.55379498
v 50.14116014 55.69981007 33.55379498
v 50.14116014 55.69981007 33.55379498
v 50.14116014 55.69981007 33.55379498
v 50.08789281 55.69981007 33.56439102
v 50.08789281 55.69981007 33.56439102
v 50.08789281 55.65713982 33.50052798
v 50.08789281 55.65713982 33.50052798
v 50.11672088 55.65713982 33.49479401
v 50.11672088 55.65713982 33.49479401
v 50.11672088 55.65713982 33.49479401
v 50.11672088 55.65713982 33.49479401
v 50.11672088 55.65713982 34.93040272
v 50.11672088 55.65713982 34.93040272
v 50.11672088 55.65713982 34.93040272
v 50.11672088 55.65713982 34.93040272
v 50.08789281 55.65713982 34.92466846
v 50.08789281 55.65713982 34.92466846
v 50.08789281 55.69981007 34.86080560
v 50.08789281 55.69981007 34.86080560
v 50.14116014 55.69981007 34.87140110
v 50.14116014 55.69981007 34.87140110
v 50.14116014 55.69981007 34.87140110
v 50.14116014 55.69981007 34.87140110
v 50.15748993 55.76367001 34.83197750
v 50.15748993 55.76367001 34.83197750
v 50.15748993 55.76367001 34.83197750
v 50.15748993 55.76367001 34.83197750
v 50.08789281 55.76367001 34.81813380
v 50.08789281 55.76367001 34.81813380
v 50.16322419 55.83901028 34.81813380
v 50.16322419 55.83901028 34.81813380
v 50.16322419 55.83901028 34.81813380
v 50.16322419 55.83901028 34.81813380
v 50.08789281 55.83901028 34.80314951
v 50.08789281 55.83901028 34.80314951
v 50.16322419 72.76817994 34.81813380
v 50.16322419 72.76817994 34.81813380
v 50.16322419 72.76817994 34.81813380
v 50.16322419 72.76817994 34.81813380
v 50.08789281 72.76817994 34.80314951
v 50.08789281 72.76817994 34.80314951
v 50.15748993 72.84351067 34.83197750
v 50.15748993 72.84351067 34.83197750
v 50.15748993 72.84351067 34.83197750
v 50.15748993 72.84351067 34.83197750
v 50.08789281 72.84351067 34.81813380
v 50.08789281 72.84351067 34.81813380
v 50.14116014 72.90737061 34.87140110
v 50.14116014 72.90737061 34.87140110
v 50.14116014 72.90737061 34.87140110
v 50.14116014 72.90737061 34.87140110
v 50.08789281 72.90737061 34.86080560
v 50.08789281 72.90737061 34.86080560
v 50.08789281 72.95003991 34.92466846
v 50.08789281 72.95003991 34.92466846
v 50.11672088 72.95003991 34.93040272
v 50.11672088 72.95003991 34.93040272
v 50.11672088 72.95003991 34.93040272
v 50.11672088 72.95003991 34.93040272
v 50.14116014 55.65713982 33.47846401
v 50.14116014 55.65713982 33.47846401
v 50.14116014 55.65713982 33.47846401
v 50.14116014 55.65713982 33.47846401
v 50.18631801 55.69981007 33.52362204
v 50.18631801 55.69981007 33.52362204
v 50.18631801 55.69981007 33.52362204
v 50.18631801 55.69981007 33.52362204
v 50.21649151 55.76367001 33.55379498
v 50.21649151 55.76367001 33.55379498
v 50.21649151 55.76367001 33.55379498
v 50.21649151 55.76367001 33.55379498
v 50.22708702 55.83901028 33.56439102
v 50.22708702 55.83901028 33.56439102
v 50.22708702 55.83901028 33.56439102
v 50.22708702 55.83901028 33.56439102
v 50.22708702 72.76817994 33.56439102
v 50.22708702 72.76817994 33.56439102
v 50.22708702 72.76817994 33.56439102
v 50.22708702 72.76817994 33.56439102
v 50.21649151 72.84351067 33.55379498
v 50.21649151 72.84351067 33.55379498
v 50.21649151 72.84351067 33.55379498
v 50.21649151 72.84351067 33.55379498
v 50.18631801 72.90737061 33.52362204
v 50.18631801 72.90737061 33.52362204
v 50.18631801 72.90737061 33.52362204
v 50.18631801 72.90737061 33.52362204
v 50.14116014 72.95003991 33.47846401
v 50.14116014 72.95003991 33.47846401
v 50.14116014 72.95003991 33.47846401
v 50.14116014 72.95003991 33.47846401
v 50.14116014 72.95003991 34.94673252
v 50.14116014 72.95003991 34.94673252
v 50.14116014 72.95003991 34.94673252
v 50.14116014 72.95003991 34.94673252
v 50.18631801 72.90737061 34.90157465
v 50.18631801 72.90737061 34.90157465
v 50.18631801 72.90737061 34.90157465
v 50.18631801 72.90737061 34.90157465
v 50.21649151 72.84351067 34.87140110
v 50.21649151 72.84351067 34.87140110
v 50.21649151 72.84351067 34.87140110
v 50.21649151 72.84351067 34.87140110
v 50.22708702 72.76817994 34.86080560
v 50.22708702 72.76817994 34.86080560
v 50.22708702 72.76817994 34.86080560
v 50.22708702 72.76817994 34.86080560
v 50.22708702 55.83901028 34.86080560
v 50.22708702 55.83901028 34.86080560
v 50.22708702 55.83901028 34.86080560
v 50.22708702 55.83901028 34.86080560
v 50.21649151 55.76367001 34.87140110
v 50.21649151 55.76367001 34.87140110
v 50.21649151 55.76367001 34.87140110
v 50.21649151 55.76367001 34.87140110
v 50.18631801 55.69981007 34.90157465
v 50.18631801 55.69981007 34.90157465
v 50.18631801 55.69981007 34.90157465
v 50.18631801 55.69981007 34.90157465
v 50.14116014 55.65713982 34.94673252
v 50.14116014 55.65713982 34.94673252
v 50.14116014 55.65713982 34.94673252
v 50.14116014 55.65713982 34.94673252
v 46.74471580 78.02665976 33.42519701
v 46.74471580 78.02665976 33.42519701
v 46.74471580 78.02665976 33.42519701
v 46.74471580 78.02665976 33.42519701
v 46.71588778 78.01166991 33.49479401
v 46.71588778 78.01166991 33.49479401
v 46.71588778 78.01166991 33.49479401
v 46.71588778 78.01166991 33.49479401
v 46.69144880 78.01166991 33.47846401
v 46.69144880 78.01166991 33.47846401
v 46.69144880 78.01166991 33.47846401
v 46.69144880 78.01166991 33.47846401
v 46.67511880 78.01166991 33.45402503
v 46.67511880 78.01166991 33.45402503
v 46.67511880 78.01166991 33.45402503
v 46.67511880 78.01166991 33.45402503
v 46.74471580 78.01166991 33.50052798
v 46.74471580 78.01166991 33.50052798
v 46.69144880 77.96900061 33.55379498
v 46.69144880 77.96900061 33.55379498
v 46.69144880 77.96900061 33.55379498
v 46.69144880 77.96900061 33.55379498
v 46.64629077 77.96900061 33.52362204
v 46.64629077 77.96900061 33.52362204
v 46.64629077 77.96900061 33.52362204
v 46.64629077 77.96900061 33.52362204
v 46.66938483 78.01166991 33.42519701
v 46.66938483 78.01166991 33.42519701
v 46.61611676 77.96900061 33.47846401
v 46.61611676 77.96900061 33.47846401
v 46.61611676 77.96900061 33.47846401
v 46.61611676 77.96900061 33.47846401
v 46.74471580 53.67419508 34.99999985
v 46.74471580 60.71876982 34.92466846
v 46.74471580 60.70377997 34.99999985
v 46.74471580 53.67419508 33.42519701
v 46.74471580 60.76144007 34.86080560
v 46.74471580 60.82530001 34.81813380
v 46.74471580 60.90064028 34.80314951
v 46.74471580 77.82980994 34.80314951
v 46.74471580 60.90064028 33.62204695
v 46.74471580 60.82530001 33.60706306
v 46.74471580 60.76144007 33.56439102
v 46.74471580 60.71876982 33.50052798
v 46.74471580 60.70377997 33.42519701
v 46.74471580 78.02665976 34.99999985
v 46.74471580 83.17511061 33.42519701
v 46.74471580 83.17511061 34.99999985
v 46.74471580 78.01166991 34.92466846
v 46.74471580 77.96900061 34.86080560
v 46.74471580 77.90514067 34.81813380
v 46.74471580 77.82980994 33.62204695
v 46.74471580 77.90514067 33.60706306
v 46.74471580 77.96900061 33.56439102
v 46.74471580 78.01166991 33.50052798
v 46.74471580 78.02665976 33.42519701
v 46.74471580 77.96900061 33.56439102
v 46.74471580 77.96900061 33.56439102
v 46.67511880 77.90514067 33.59321904
v 46.67511880 77.90514067 33.59321904
v 46.67511880 77.90514067 33.59321904
v 46.67511880 77.90514067 33.59321904
v 46.61611676 77.90514067 33.55379498
v 46.61611676 77.90514067 33.55379498
v 46.61611676 77.90514067 33.55379498
v 46.61611676 77.90514067 33.55379498
v 45.16991281 55.29499606 33.42519701
v 46.74471580 60.70377997 33.42519701
v 46.74471580 53.67419508 33.42519701
v 45.16991281 60.70377997 33.42519701
v 45.24524419 60.71876982 33.42519701
v 46.66938483 60.71876982 33.42519701
v 45.30910702 60.76144007 33.42519701
v 46.60552179 60.76144007 33.42519701
v 45.35177881 60.82530001 33.42519701
v 46.56284975 60.82530001 33.42519701
v 45.36676321 60.90064028 33.42519701
v 46.54786586 60.90064028 33.42519701
v 45.36676321 77.82980994 33.42519701
v 46.54786586 77.82980994 33.42519701
v 45.35177881 77.90514067 33.42519701
v 46.56284975 77.90514067 33.42519701
v 45.30910702 77.96900061 33.42519701
v 46.60552179 77.96900061 33.42519701
v 45.24524419 78.01166991 33.42519701
v 46.66938483 78.01166991 33.42519701
v 45.16991281 78.02665976 33.42519701
v 46.74471580 78.02665976 33.42519701
v 45.16991277 84.79591063 33.42519701
v 46.74471580 83.17511061 33.42519701
v 46.60552179 77.96900061 33.42519701
v 46.60552179 77.96900061 33.42519701
v 46.57669377 77.90514067 33.49479401
v 46.57669377 77.90514067 33.49479401
v 46.57669377 77.90514067 33.49479401
v 46.57669377 77.90514067 33.49479401
v 46.74471580 83.17511061 34.99999985
v 45.16991277 84.79591063 33.42519701
v 45.16991288 84.79591063 34.99999996
v 46.74471580 83.17511061 33.42519701
v 46.74471580 60.70377997 34.99999985
v 45.16991281 55.29499606 34.99999985
v 46.74471580 53.67419508 34.99999985
v 45.16991281 60.70377997 34.99999985
v 46.66938483 60.71876982 34.99999985
v 45.24524419 60.71876982 34.99999985
v 46.60552179 60.76144007 34.99999985
v 45.30910702 60.76144007 34.99999985
v 45.35177881 60.82530001 34.99999985
v 46.56284975 60.82530001 34.99999985
v 46.54786586 60.90064028 34.99999985
v 45.36676321 60.90064028 34.99999985
v 46.54786586 77.82980994 34.99999985
v 45.36676321 77.82980994 34.99999985
v 46.56284975 77.90514067 34.99999985
v 45.35177881 77.90514067 34.99999985
v 46.60552179 77.96900061 34.99999985
v 45.30910702 77.96900061 34.99999985
v 46.66938483 78.01166991 34.99999985
v 45.24524419 78.01166991 34.99999985
v 46.74471580 78.02665976 34.99999985
v 45.16991281 78.02665976 34.99999985
v 46.74471580 83.17511061 34.99999985
v 45.16991288 84.79591063 34.99999996
v 46.74471580 78.02665976 34.99999985
v 46.74471580 78.02665976 34.99999985
v 46.74471580 78.02665976 34.99999985
v 46.74471580 78.02665976 34.99999985
v 46.71588778 78.01166991 34.93040272
v 46.71588778 78.01166991 34.93040272
v 46.71588778 78.01166991 34.93040272
v 46.71588778 78.01166991 34.93040272
v 46.74471580 78.01166991 34.92466846
v 46.74471580 78.01166991 34.92466846
v 46.74471580 77.96900061 34.86080560
v 46.74471580 77.96900061 34.86080560
v 46.69144880 77.96900061 34.87140110
v 46.69144880 77.96900061 34.87140110
v 46.69144880 77.96900061 34.87140110
v 46.69144880 77.96900061 34.87140110
v 46.67511880 77.90514067 34.83197750
v 46.67511880 77.90514067 34.83197750
v 46.67511880 77.90514067 34.83197750
v 46.67511880 77.90514067 34.83197750
v 46.74471580 77.90514067 34.81813380
v 46.74471580 77.90514067 34.81813380
v 46.66938483 77.82980994 34.81813380
v 46.66938483 77.82980994 34.81813380
v 46.66938483 77.82980994 34.81813380
v 46.66938483 77.82980994 34.81813380
v 46.74471580 77.82980994 34.80314951
v 46.74471580 77.82980994 34.80314951
v 46.66938483 60.90064028 34.81813380
v 46.66938483 60.90064028 34.81813380
v 46.66938483 60.90064028 34.81813380
v 46.66938483 60.90064028 34.81813380
v 46.74471580 60.90064028 34.80314951
v 46.74471580 60.90064028 34.80314951
v 46.67511880 60.82530001 34.83197750
v 46.67511880 60.82530001 34.83197750
v 46.67511880 60.82530001 34.83197750
v 46.67511880 60.82530001 34.83197750
v 46.74471580 60.82530001 34.81813380
v 46.74471580 60.82530001 34.81813380
v 46.69144880 60.76144007 34.87140110
v 46.69144880 60.76144007 34.87140110
v 46.69144880 60.76144007 34.87140110
v 46.69144880 60.76144007 34.87140110
v 46.74471580 60.76144007 34.86080560
v 46.74471580 60.76144007 34.86080560
v 46.71588778 60.71876982 34.93040272
v 46.71588778 60.71876982 34.93040272
v 46.71588778 60.71876982 34.93040272
v 46.71588778 60.71876982 34.93040272
v 46.74471580 60.71876982 34.92466846
v 46.74471580 60.71876982 34.92466846
v 46.74471580 60.70377997 34.99999985
v 46.74471580 60.70377997 34.99999985
v 46.74471580 60.70377997 34.99999985
v 46.74471580 60.70377997 34.99999985
v 45.16991281 55.29499606 34.99999985
v 46.74471580 53.67419508 33.42519701
v 46.74471580 53.67419508 34.99999985
v 45.16991281 55.29499606 33.42519701
v 46.74471580 60.70377997 33.42519701
v 46.74471580 60.70377997 33.42519701
v 46.74471580 60.70377997 33.42519701
v 46.74471580 60.70377997 33.42519701
v 46.71588778 60.71876982 33.49479401
v 46.71588778 60.71876982 33.49479401
v 46.71588778 60.71876982 33.49479401
v 46.71588778 60.71876982 33.49479401
v 46.74471580 60.71876982 33.50052798
v 46.74471580 60.71876982 33.50052798
v 46.74471580 60.76144007 33.56439102
v 46.74471580 60.76144007 33.56439102
v 46.69144880 60.76144007 33.55379498
v 46.69144880 60.76144007 33.55379498
v 46.69144880 60.76144007 33.55379498
v 46.69144880 60.76144007 33.55379498
v 46.67511880 60.82530001 33.59321904
v 46.67511880 60.82530001 33.59321904
v 46.67511880 60.82530001 33.59321904
v 46.67511880 60.82530001 33.59321904
v 46.74471580 60.82530001 33.60706306
v 46.74471580 60.82530001 33.60706306
v 46.66938483 60.90064028 33.60706306
v 46.66938483 60.90064028 33.60706306
v 46.66938483 60.90064028 33.60706306
v 46.66938483 60.90064028 33.60706306
v 46.74471580 60.90064028 33.62204695
v 46.74471580 60.90064028 33.62204695
v 46.66938483 77.82980994 33.60706306
v 46.66938483 77.82980994 33.60706306
v 46.66938483 77.82980994 33.60706306
v 46.66938483 77.82980994 33.60706306
v 46.74471580 77.82980994 33.62204695
v 46.74471580 77.82980994 33.62204695
v 46.74471580 77.90514067 33.60706306
v 46.74471580 77.90514067 33.60706306
v 46.60552179 77.82980994 33.56439102
v 46.60552179 77.82980994 33.56439102
v 46.60552179 77.82980994 33.56439102
v 46.60552179 77.82980994 33.56439102
v 45.16991277 84.79591063 33.42519701
v 45.16991281 78.02665976 34.99999985
v 45.16991288 84.79591063 34.99999996
v 45.16991281 78.01166991 34.92466846
v 45.16991281 77.96900061 34.86080560
v 45.16991281 77.90514067 34.81813380
v 45.16991281 77.82980994 34.80314951
v 45.16991281 77.82980994 33.62204695
v 45.16991281 77.90514067 33.60706306
v 45.16991281 77.96900061 33.56439102
v 45.16991281 78.01166991 33.50052798
v 45.16991281 78.02665976 33.42519701
v 45.16991281 60.71876982 34.92466846
v 45.16991281 55.29499606 34.99999985
v 45.16991281 60.70377997 34.99999985
v 45.16991281 55.29499606 33.42519701
v 45.16991281 60.76144007 34.86080560
v 45.16991281 60.82530001 34.81813380
v 45.16991281 60.90064028 34.80314951
v 45.16991281 60.90064028 33.62204695
v 45.16991281 60.82530001 33.60706306
v 45.16991281 60.76144007 33.56439102
v 45.16991281 60.71876982 33.50052798
v 45.16991281 60.70377997 33.42519701
v 46.56284975 77.90514067 33.42519701
v 46.56284975 77.90514067 33.42519701
v 46.54786586 77.82980994 33.42519701
v 46.54786586 77.82980994 33.42519701
v 46.56284975 77.82980994 33.50052798
v 46.56284975 77.82980994 33.50052798
v 46.56284975 77.82980994 33.50052798
v 46.56284975 77.82980994 33.50052798
v 46.56284975 60.90064028 33.50052798
v 46.56284975 60.90064028 33.50052798
v 46.56284975 60.90064028 33.50052798
v 46.56284975 60.90064028 33.50052798
v 46.54786586 60.90064028 33.42519701
v 46.54786586 60.90064028 33.42519701
v 46.57669377 60.82530001 33.49479401
v 46.57669377 60.82530001 33.49479401
v 46.57669377 60.82530001 33.49479401
v 46.57669377 60.82530001 33.49479401
v 46.56284975 60.82530001 33.42519701
v 46.56284975 60.82530001 33.42519701
v 46.61611676 60.76144007 33.47846401
v 46.61611676 60.76144007 33.47846401
v 46.61611676 60.76144007 33.47846401
v 46.61611676 60.76144007 33.47846401
v 46.60552179 60.76144007 33.42519701
v 46.60552179 60.76144007 33.42519701
v 46.66938483 60.71876982 33.42519701
v 46.66938483 60.71876982 33.42519701
v 46.67511880 60.71876982 33.45402503
v 46.67511880 60.71876982 33.45402503
v 46.67511880 60.71876982 33.45402503
v 46.67511880 60.71876982 33.45402503
v 45.24524419 60.71876982 33.42519701
v 45.24524419 60.71876982 33.42519701
v 45.16991281 60.70377997 33.42519701
v 45.16991281 60.70377997 33.42519701
v 45.16991281 60.70377997 33.42519701
v 45.16991281 60.70377997 33.42519701
v 45.23950993 60.71876982 33.45402503
v 45.23950993 60.71876982 33.45402503
v 45.23950993 60.71876982 33.45402503
v 45.23950993 60.71876982 33.45402503
v 45.29851151 60.76144007 33.47846401
v 45.29851151 60.76144007 33.47846401
v 45.29851151 60.76144007 33.47846401
v 45.29851151 60.76144007 33.47846401
v 45.30910702 60.76144007 33.42519701
v 45.30910702 60.76144007 33.42519701
v 45.35177881 60.82530001 33.42519701
v 45.35177881 60.82530001 33.42519701
v 45.33793511 60.82530001 33.49479401
v 45.33793511 60.82530001 33.49479401
v 45.33793511 60.82530001 33.49479401
v 45.33793511 60.82530001 33.49479401
v 45.36676321 60.90064028 33.42519701
v 45.36676321 60.90064028 33.42519701
v 45.35177881 60.90064028 33.50052798
v 45.35177881 60.90064028 33.50052798
v 45.35177881 60.90064028 33.50052798
v 45.35177881 60.90064028 33.50052798
v 45.36676321 77.82980994 33.42519701
v 45.36676321 77.82980994 33.42519701
v 45.35177881 77.82980994 33.50052798
v 45.35177881 77.82980994 33.50052798
v 45.35177881 77.82980994 33.50052798
v 45.35177881 77.82980994 33.50052798
v 45.33793511 77.90514067 33.49479401
v 45.33793511 77.90514067 33.49479401
v 45.33793511 77.90514067 33.49479401
v 45.33793511 77.90514067 33.49479401
v 45.35177881 77.90514067 33.42519701
v 45.35177881 77.90514067 33.42519701
v 45.29851151 77.96900061 33.47846401
v 45.29851151 77.96900061 33.47846401
v 45.29851151 77.96900061 33.47846401
v 45.29851151 77.96900061 33.47846401
v 45.30910702 77.96900061 33.42519701
v 45.30910702 77.96900061 33.42519701
v 45.24524419 78.01166991 33.42519701
v 45.24524419 78.01166991 33.42519701
v 45.23950993 78.01166991 33.45402503
v 45.23950993 78.01166991 33.45402503
v 45.23950993 78.01166991 33.45402503
v 45.23950993 78.01166991 33.45402503
v 45.16991281 78.02665976 33.42519701
v 45.16991281 78.02665976 33.42519701
v 45.16991281 78.02665976 33.42519701
v 45.16991281 78.02665976 33.42519701
v 46.67511880 60.71876982 34.97117178
v 46.67511880 60.71876982 34.97117178
v 46.67511880 60.71876982 34.97117178
v 46.67511880 60.71876982 34.97117178
v 46.66938483 60.71876982 34.99999985
v 46.66938483 60.71876982 34.99999985
v 46.61611676 60.76144007 34.94673252
v 46.61611676 60.76144007 34.94673252
v 46.61611676 60.76144007 34.94673252
v 46.61611676 60.76144007 34.94673252
v 46.60552179 60.76144007 34.99999985
v 46.60552179 60.76144007 34.99999985
v 46.56284975 60.82530001 34.99999985
v 46.56284975 60.82530001 34.99999985
v 46.57669377 60.82530001 34.93040272
v 46.57669377 60.82530001 34.93040272
v 46.57669377 60.82530001 34.93040272
v 46.57669377 60.82530001 34.93040272
v 46.54786586 60.90064028 34.99999985
v 46.54786586 60.90064028 34.99999985
v 46.56284975 60.90064028 34.92466846
v 46.56284975 60.90064028 34.92466846
v 46.56284975 60.90064028 34.92466846
v 46.56284975 60.90064028 34.92466846
v 46.54786586 77.82980994 34.99999985
v 46.54786586 77.82980994 34.99999985
v 46.56284975 77.82980994 34.92466846
v 46.56284975 77.82980994 34.92466846
v 46.56284975 77.82980994 34.92466846
v 46.56284975 77.82980994 34.92466846
v 46.56284975 77.90514067 34.99999985
v 46.56284975 77.90514067 34.99999985
v 46.57669377 77.90514067 34.93040272
v 46.57669377 77.90514067 34.93040272
v 46.57669377 77.90514067 34.93040272
v 46.57669377 77.90514067 34.93040272
v 46.60552179 77.96900061 34.99999985
v 46.60552179 77.96900061 34.99999985
v 46.61611676 77.96900061 34.94673252
v 46.61611676 77.96900061 34.94673252
v 46.61611676 77.96900061 34.94673252
v 46.61611676 77.96900061 34.94673252
v 46.66938483 78.01166991 34.99999985
v 46.66938483 78.01166991 34.99999985
v 46.67511880 78.01166991 34.97117178
v 46.67511880 78.01166991 34.97117178
v 46.67511880 78.01166991 34.97117178
v 46.67511880 78.01166991 34.97117178
v 45.24524419 78.01166991 34.99999985
v 45.24524419 78.01166991 34.99999985
v 45.16991281 78.02665976 34.99999985
v 45.16991281 78.02665976 34.99999985
v 45.16991281 78.02665976 34.99999985
v 45.16991281 78.02665976 34.99999985
v 45.23950993 78.01166991 34.97117178
v 45.23950993 78.01166991 34.97117178
v 45.23950993 78.01166991 34.97117178
v 45.23950993 78.01166991 34.97117178
v 45.29851151 77.96900061 34.94673252
v 45.29851151 77.96900061 34.94673252
v 45.29851151 77.96900061 34.94673252
v 45.29851151 77.96900061 34.94673252
v 45.30910702 77.96900061 34.99999985
v 45.30910702 77.96900061 34.99999985
v 45.35177881 77.90514067 34.99999985
v 45.35177881 77.90514067 34.99999985
v 45.33793511 77.90514067 34.93040272
v 45.33793511 77.90514067 34.93040272
v 45.33793511 77.90514067 34.93040272
v 45.33793511 77.90514067 34.93040272
v 45.36676321 77.82980994 34.99999985
v 45.36676321 77.82980994 34.99999985
v 45.35177881 77.82980994 34.92466846
v 45.35177881 77.82980994 34.92466846
v 45.35177881 77.82980994 34.92466846
v 45.35177881 77.82980994 34.92466846
v 45.36676321 60.90064028 34.99999985
v 45.36676321 60.90064028 34.99999985
v 45.35177881 60.90064028 34.92466846
v 45.35177881 60.90064028 34.92466846
v 45.35177881 60.90064028 34.92466846
v 45.35177881 60.90064028 34.92466846
v 45.35177881 60.82530001 34.99999985
v 45.35177881 60.82530001 34.99999985
v 45.33793511 60.82530001 34.93040272
v 45.33793511 60.82530001 34.93040272
v 45.33793511 60.82530001 34.93040272
v 45.33793511 60.82530001 34.93040272
v 45.30910702 60.76144007 34.99999985
v 45.30910702 60.76144007 34.99999985
v 45.29851151 60.76144007 34.94673252
v 45.29851151 60.76144007 34.94673252
v 45.29851151 60.76144007 34.94673252
v 45.29851151 60.76144007 34.94673252
v 45.24524419 60.71876982 34.99999985
v 45.24524419 60.71876982 34.99999985
v 45.23950993 60.71876982 34.97117178
v 45.23950993 60.71876982 34.97117178
v 45.23950993 60.71876982 34.97117178
v 45.23950993 60.71876982 34.97117178
v 45.16991281 60.70377997 34.99999985
v 45.16991281 60.70377997 34.99999985
v 45.16991281 60.70377997 34.99999985
v 45.16991281 60.70377997 34.99999985
v 46.69144880 78.01166991 34.94673252
v 46.69144880 78.01166991 34.94673252
v 46.69144880 78.01166991 34.94673252
v 46.69144880 78.01166991 34.94673252
v 46.64629077 77.96900061 34.90157465
v 46.64629077 77.96900061 34.90157465
v 46.64629077 77.96900061 34.90157465
v 46.64629077 77.96900061 34.90157465
v 46.61611676 77.90514067 34.87140110
v 46.61611676 77.90514067 34.87140110
v 46.61611676 77.90514067 34.87140110
v 46.61611676 77.90514067 34.87140110
v 46.60552179 77.82980994 34.86080560
v 46.60552179 77.82980994 34.86080560
v 46.60552179 77.82980994 34.86080560
v 46.60552179 77.82980994 34.86080560
v 46.60552179 60.90064028 34.86080560
v 46.60552179 60.90064028 34.86080560
v 46.60552179 60.90064028 34.86080560
v 46.60552179 60.90064028 34.86080560
v 46.61611676 60.82530001 34.87140110
v 46.61611676 60.82530001 34.87140110
v 46.61611676 60.82530001 34.87140110
v 46.61611676 60.82530001 34.87140110
v 46.64629077 60.76144007 34.90157465
v 46.64629077 60.76144007 34.90157465
v 46.64629077 60.76144007 34.90157465
v 46.64629077 60.76144007 34.90157465
v 46.69144880 60.71876982 34.94673252
v 46.69144880 60.71876982 34.94673252
v 46.69144880 60.71876982 34.94673252
v 46.69144880 60.71876982 34.94673252
v 46.69144880 60.71876982 33.47846401
v 46.69144880 60.71876982 33.47846401
v 46.69144880 60.71876982 33.47846401
v 46.69144880 60.71876982 33.47846401
v 46.64629077 60.76144007 33.52362204
v 46.64629077 60.76144007 33.52362204
v 46.64629077 60.76144007 33.52362204
v 46.64629077 60.76144007 33.52362204
v 46.61611676 60.82530001 33.55379498
v 46.61611676 60.82530001 33.55379498
v 46.61611676 60.82530001 33.55379498
v 46.61611676 60.82530001 33.55379498
v 46.60552179 60.90064028 33.56439102
v 46.60552179 60.90064028 33.56439102
v 46.60552179 60.90064028 33.56439102
v 46.60552179 60.90064028 33.56439102
v 45.19874088 78.01166991 33.49479401
v 45.19874088 78.01166991 33.49479401
v 45.19874088 78.01166991 33.49479401
v 45.19874088 78.01166991 33.49479401
v 45.16991281 78.01166991 33.50052798
v 45.16991281 78.01166991 33.50052798
v 45.16991281 77.96900061 33.56439102
v 45.16991281 77.96900061 33.56439102
v 45.22318014 77.96900061 33.55379498
v 45.22318014 77.96900061 33.55379498
v 45.22318014 77.96900061 33.55379498
v 45.22318014 77.96900061 33.55379498
v 45.23950993 77.90514067 33.59321904
v 45.23950993 77.90514067 33.59321904
v 45.23950993 77.90514067 33.59321904
v 45.23950993 77.90514067 33.59321904
v 45.16991281 77.90514067 33.60706306
v 45.16991281 77.90514067 33.60706306
v 45.24524419 77.82980994 33.60706306
v 45.24524419 77.82980994 33.60706306
v 45.24524419 77.82980994 33.60706306
v 45.24524419 77.82980994 33.60706306
v 45.16991281 77.82980994 33.62204695
v 45.16991281 77.82980994 33.62204695
v 45.24524419 60.90064028 33.60706306
v 45.24524419 60.90064028 33.60706306
v 45.24524419 60.90064028 33.60706306
v 45.24524419 60.90064028 33.60706306
v 45.16991281 60.90064028 33.62204695
v 45.16991281 60.90064028 33.62204695
v 45.23950993 60.82530001 33.59321904
v 45.23950993 60.82530001 33.59321904
v 45.23950993 60.82530001 33.59321904
v 45.23950993 60.82530001 33.59321904
v 45.16991281 60.82530001 33.60706306
v 45.16991281 60.82530001 33.60706306
v 45.22318014 60.76144007 33.55379498
v 45.22318014 60.76144007 33.55379498
v 45.22318014 60.76144007 33.55379498
v 45.22318014 60.76144007 33.55379498
v 45.16991281 60.76144007 33.56439102
v 45.16991281 60.76144007 33.56439102
v 45.16991281 60.71876982 33.50052798
v 45.16991281 60.71876982 33.50052798
v 45.19874088 60.71876982 33.49479401
v 45.19874088 60.71876982 33.49479401
v 45.19874088 60.71876982 33.49479401
v 45.19874088 60.71876982 33.49479401
v 45.19874088 60.71876982 34.93040272
v 45.19874088 60.71876982 34.93040272
v 45.19874088 60.71876982 34.93040272
v 45.19874088 60.71876982 34.93040272
v 45.16991281 60.71876982 34.92466846
v 45.16991281 60.71876982 34.92466846
v 45.16991281 60.76144007 34.86080560
v 45.16991281 60.76144007 34.86080560
v 45.22318014 60.76144007 34.87140110
v 45.22318014 60.76144007 34.87140110
v 45.22318014 60.76144007 34.87140110
v 45.22318014 60.76144007 34.87140110
v 45.23950993 60.82530001 34.83197750
v 45.23950993 60.82530001 34.83197750
v 45.23950993 60.82530001 34.83197750
v 45.23950993 60.82530001 34.83197750
v 45.16991281 60.82530001 34.81813380
v 45.16991281 60.82530001 34.81813380
v 45.24524419 60.90064028 34.81813380
v 45.24524419 60.90064028 34.81813380
v 45.24524419 60.90064028 34.81813380
v 45.24524419 60.90064028 34.81813380
v 45.16991281 60.90064028 34.80314951
v 45.16991281 60.90064028 34.80314951
v 45.24524419 77.82980994 34.81813380
v 45.24524419 77.82980994 34.81813380
v 45.24524419 77.82980994 34.81813380
v 45.24524419 77.82980994 34.81813380
v 45.16991281 77.82980994 34.80314951
v 45.16991281 77.82980994 34.80314951
v 45.23950993 77.90514067 34.83197750
v 45.23950993 77.90514067 34.83197750
v 45.23950993 77.90514067 34.83197750
v 45.23950993 77.90514067 34.83197750
v 45.16991281 77.90514067 34.81813380
v 45.16991281 77.90514067 34.81813380
v 45.22318014 77.96900061 34.87140110
v 45.22318014 77.96900061 34.87140110
v 45.22318014 77.96900061 34.87140110
v 45.22318014 77.96900061 34.87140110
v 45.16991281 77.96900061 34.86080560
v 45.16991281 77.96900061 34.86080560
v 45.16991281 78.01166991 34.92466846
v 45.16991281 78.01166991 34.92466846
v 45.19874088 78.01166991 34.93040272
v 45.19874088 78.01166991 34.93040272
v 45.19874088 78.01166991 34.93040272
v 45.19874088 78.01166991 34.93040272
v 45.22318014 60.71876982 33.47846401
v 45.22318014 60.71876982 33.47846401
v 45.22318014 60.71876982 33.47846401
v 45.22318014 60.71876982 33.47846401
v 45.26833801 60.76144007 33.52362204
v 45.26833801 60.76144007 33.52362204
v 45.26833801 60.76144007 33.52362204
v 45.26833801 60.76144007 33.52362204
v 45.29851151 60.82530001 33.55379498
v 45.29851151 60.82530001 33.55379498
v 45.29851151 60.82530001 33.55379498
v 45.29851151 60.82530001 33.55379498
v 45.30910702 60.90064028 33.56439102
v 45.30910702 60.90064028 33.56439102
v 45.30910702 60.90064028 33.56439102
v 45.30910702 60.90064028 33.56439102
v 45.30910702 77.82980994 33.56439102
v 45.30910702 77.82980994 33.56439102
v 45.30910702 77.82980994 33.56439102
v 45.30910702 77.82980994 33.56439102
v 45.29851151 77.90514067 33.55379498
v 45.29851151 77.90514067 33.55379498
v 45.29851151 77.90514067 33.55379498
v 45.29851151 77.90514067 33.55379498
v 45.26833801 77.96900061 33.52362204
v 45.26833801 77.96900061 33.52362204
v 45.26833801 77.96900061 33.52362204
v 45.26833801 77.96900061 33.52362204
v 45.22318014 78.01166991 33.47846401
v 45.22318014 78.01166991 33.47846401
v 45.22318014 78.01166991 33.47846401
v 45.22318014 78.01166991 33.47846401
v 45.22318014 78.01166991 34.94673252
v 45.22318014 78.01166991 34.94673252
v 45.22318014 78.01166991 34.94673252
v 45.22318014 78.01166991 34.94673252
v 45.26833801 77.96900061 34.90157465
v 45.26833801 77.96900061 34.90157465
v 45.26833801 77.96900061 34.90157465
v 45.26833801 77.96900061 34.90157465
v 45.29851151 77.90514067 34.87140110
v 45.29851151 77.90514067 34.87140110
v 45.29851151 77.90514067 34.87140110
v 45.29851151 77.90514067 34.87140110
v 45.30910702 77.82980994 34.86080560
v 45.30910702 77.82980994 34.86080560
v 45.30910702 77.82980994 34.86080560
v 45.30910702 77.82980994 34.86080560
v 45.30910702 60.90064028 34.86080560
v 45.30910702 60.90064028 34.86080560
v 45.30910702 60.90064028 34.86080560
v 45.30910702 60.90064028 34.86080560
v 45.29851151 60.82530001 34.87140110
v 45.29851151 60.82530001 34.87140110
v 45.29851151 60.82530001 34.87140110
v 45.29851151 60.82530001 34.87140110
v 45.26833801 60.76144007 34.90157465
v 45.26833801 60.76144007 34.90157465
v 45.26833801 60.76144007 34.90157465
v 45.26833801 60.76144007 34.90157465
v 45.22318014 60.71876982 34.94673252
v 45.22318014 60.71876982 34.94673252
v 45.22318014 60.71876982 34.94673252
v 45.22318014 60.71876982 34.94673252
v 41.82673580 83.08828976 33.42519701
v 41.82673580 83.08828976 33.42519701
v 41.82673580 83.08828976 33.42519701
v 41.82673580 83.08828976 33.42519701
v 41.79790778 83.07329991 33.49479401
v 41.79790778 83.07329991 33.49479401
v 41.79790778 83.07329991 33.49479401
v 41.79790778 83.07329991 33.49479401
v 41.77346880 83.07329991 33.47846401
v 41.77346880 83.07329991 33.47846401
v 41.77346880 83.07329991 33.47846401
v 41.77346880 83.07329991 33.47846401
v 41.75713880 83.07329991 33.45402503
v 41.75713880 83.07329991 33.45402503
v 41.75713880 83.07329991 33.45402503
v 41.75713880 83.07329991 33.45402503
v 41.82673580 83.07329991 33.50052798
v 41.82673580 83.07329991 33.50052798
v 41.77346880 83.03063061 33.55379498
v 41.77346880 83.03063061 33.55379498
v 41.77346880 83.03063061 33.55379498
v 41.77346880 83.03063061 33.55379498
v 41.72831077 83.03063061 33.52362204
v 41.72831077 83.03063061 33.52362204
v 41.72831077 83.03063061 33.52362204
v 41.72831077 83.03063061 33.52362204
v 41.75140483 83.07329991 33.42519701
v 41.75140483 83.07329991 33.42519701
v 41.69813676 83.03063061 33.47846401
v 41.69813676 83.03063061 33.47846401
v 41.69813676 83.03063061 33.47846401
v 41.69813676 83.03063061 33.47846401
v 41.82673580 58.73582508 34.99999985
v 41.82673580 65.78039982 34.92466846
v 41.82673580 65.76540997 34.99999985
v 41.82673580 58.73582508 33.42519701
v 41.82673580 65.82307007 34.86080560
v 41.82673580 65.88693001 34.81813380
v 41.82673580 65.96227028 34.80314951
v 41.82673580 82.89143994 34.80314951
v 41.82673580 65.96227028 33.62204695
v 41.82673580 65.88693001 33.60706306
v 41.82673580 65.82307007 33.56439102
v 41.82673580 65.78039982 33.50052798
v 41.82673580 65.76540997 33.42519701
v 41.82673580 83.08828976 34.99999985
v 41.82673580 88.23674061 33.42519701
v 41.82673580 88.23674061 34.99999985
v 41.82673580 83.07329991 34.92466846
v 41.82673580 83.03063061 34.86080560
v 41.82673580 82.96677067 34.81813380
v 41.82673580 82.89143994 33.62204695
v 41.82673580 82.96677067 33.60706306
v 41.82673580 83.03063061 33.56439102
v 41.82673580 83.07329991 33.50052798
v 41.82673580 83.08828976 33.42519701
v 41.82673580 83.03063061 33.56439102
v 41.82673580 83.03063061 33.56439102
v 41.75713880 82.96677067 33.59321904
v 41.75713880 82.96677067 33.59321904
v 41.75713880 82.96677067 33.59321904
v 41.75713880 82.96677067 33.59321904
v 41.69813676 82.96677067 33.55379498
v 41.69813676 82.96677067 33.55379498
v 41.69813676 82.96677067 33.55379498
v 41.69813676 82.96677067 33.55379498
v 40.25193281 60.35662606 33.42519701
v 41.82673580 65.76540997 33.42519701
v 41.82673580 58.73582508 33.42519701
v 40.25193281 65.76540997 33.42519701
v 40.32726419 65.78039982 33.42519701
v 41.75140483 65.78039982 33.42519701
v 40.39112702 65.82307007 33.42519701
v 41.68754179 65.82307007 33.42519701
v 40.43379881 65.88693001 33.42519701
v 41.64486975 65.88693001 33.42519701
v 40.44878321 65.96227028 33.42519701
v 41.62988586 65.96227028 33.42519701
v 40.44878321 82.89143994 33.42519701
v 41.62988586 82.89143994 33.42519701
v 40.43379881 82.96677067 33.42519701
v 41.64486975 82.96677067 33.42519701
v 40.39112702 83.03063061 33.42519701
v 41.68754179 83.03063061 33.42519701
v 40.32726419 83.07329991 33.42519701
v 41.75140483 83.07329991 33.42519701
v 40.25193281 83.08828976 33.42519701
v 41.82673580 83.08828976 33.42519701
v 40.25193277 89.85754063 33.42519701
v 41.82673580 88.23674061 33.42519701
v 41.68754179 83.03063061 33.42519701
v 41.68754179 83.03063061 33.42519701
v 41.65871377 82.96677067 33.49479401
v 41.65871377 82.96677067 33.49479401
v 41.65871377 82.96677067 33.49479401
v 41.65871377 82.96677067 33.49479401
v 41.82673580 88.23674061 34.99999985
v 40.25193277 89.85754063 33.42519701
v 40.25193288 89.85754063 34.99999996
v 41.82673580 88.23674061 33.42519701
v 41.82673580 65.76540997 34.99999985
v 40.25193281 60.35662606 34.99999985
v 41.82673580 58.73582508 34.99999985
v 40.25193281 65.76540997 34.99999985
v 41.75140483 65.78039982 34.99999985
v 40.32726419 65.78039982 34.99999985
v 41.68754179 65.82307007 34.99999985
v 40.39112702 65.82307007 34.99999985
v 40.43379881 65.88693001 34.99999985
v 41.64486975 65.88693001 34.99999985
v 41.62988586 65.96227028 34.99999985
v 40.44878321 65.96227028 34.99999985
v 41.62988586 82.89143994 34.99999985
v 40.44878321 82.89143994 34.99999985
v 41.64486975 82.96677067 34.99999985
v 40.43379881 82.96677067 34.99999985
v 41.68754179 83.03063061 34.99999985
v 40.39112702 83.03063061 34.99999985
v 41.75140483 83.07329991 34.99999985
v 40.32726419 83.07329991 34.99999985
v 41.82673580 83.08828976 34.99999985
v 40.25193281 83.08828976 34.99999985
v 41.82673580 88.23674061 34.99999985
v 40.25193288 89.85754063 34.99999996
v 41.82673580 83.08828976 34.99999985
v 41.82673580 83.08828976 34.99999985
v 41.82673580 83.08828976 34.99999985
v 41.82673580 83.08828976 34.99999985
v 41.79790778 83.07329991 34.93040272
v 41.79790778 83.07329991 34.93040272
v 41.79790778 83.07329991 34.93040272
v 41.79790778 83.07329991 34.93040272
v 41.82673580 83.07329991 34.92466846
v 41.82673580 83.07329991 34.92466846
v 41.82673580 83.03063061 34.86080560
v 41.82673580 83.03063061 34.86080560
v 41.77346880 83.03063061 34.87140110
v 41.77346880 83.03063061 34.87140110
v 41.77346880 83.03063061 34.87140110
v 41.77346880 83.03063061 34.87140110
v 41.75713880 82.96677067 34.83197750
v 41.75713880 82.96677067 34.83197750
v 41.75713880 82.96677067 34.83197750
v 41.75713880 82.96677067 34.83197750
v 41.82673580 82.96677067 34.81813380
v 41.82673580 82.96677067 34.81813380
v 41.75140483 82.89143994 34.81813380
v 41.75140483 82.89143994 34.81813380
v 41.75140483 82.89143994 34.81813380
v 41.75140483 82.89143994 34.81813380
v 41.82673580 82.89143994 34.80314951
v 41.82673580 82.89143994 34.80314951
v 41.75140483 65.96227028 34.81813380
v 41.75140483 65.96227028 34.81813380
v 41.75140483 65.96227028 34.81813380
v 41.75140483 65.96227028 34.81813380
v 41.82673580 65.96227028 34.80314951
v 41.82673580 65.96227028 34.80314951
v 41.75713880 65.88693001 34.83197750
v 41.75713880 65.88693001 34.83197750
v 41.75713880 65.88693001 34.83197750
v 41.75713880 65.88693001 34.83197750
v 41.82673580 65.88693001 34.81813380
v 41.82673580 65.88693001 34.81813380
v 41.77346880 65.82307007 34.87140110
v 41.77346880 65.82307007 34.87140110
v 41.77346880 65.82307007 34.87140110
v 41.77346880 65.82307007 34.87140110
v 41.82673580 65.82307007 34.86080560
v 41.82673580 65.82307007 34.86080560
v 41.79790778 65.78039982 34.93040272
v 41.79790778 65.78039982 34.93040272
v 41.79790778 65.78039982 34.93040272
v 41.79790778 65.78039982 34.93040272
v 41.82673580 65.78039982 34.92466846
v 41.82673580 65.78039982 34.92466846
v 41.82673580 65.76540997 34.99999985
v 41.82673580 65.76540997 34.99999985
v 41.82673580 65.76540997 34.99999985
v 41.82673580 65.76540997 34.99999985
v 40.25193281 60.35662606 34.99999985
v 41.82673580 58.73582508 33.42519701
v 41.82673580 58.73582508 34.99999985
v 40.25193281 60.35662606 33.42519701
v 41.82673580 65.76540997 33.42519701
v 41.82673580 65.76540997 33.42519701
v 41.82673580 65.76540997 33.42519701
v 41.82673580 65.76540997 33.42519701
v 41.79790778 65.78039982 33.49479401
v 41.79790778 65.78039982 33.49479401
v 41.79790778 65.78039982 33.49479401
v 41.79790778 65.78039982 33.49479401
v 41.82673580 65.78039982 33.50052798
v 41.82673580 65.78039982 33.50052798
v 41.82673580 65.82307007 33.56439102
v 41.82673580 65.82307007 33.56439102
v 41.77346880 65.82307007 33.55379498
v 41.77346880 65.82307007 33.55379498
v 41.77346880 65.82307007 33.55379498
v 41.77346880 65.82307007 33.55379498
v 41.75713880 65.88693001 33.59321904
v 41.75713880 65.88693001 33.59321904
v 41.75713880 65.88693001 33.59321904
v 41.75713880 65.88693001 33.59321904
v 41.82673580 65.88693001 33.60706306
v 41.82673580 65.88693001 33.60706306
v 41.75140483 65.96227028 33.60706306
v 41.75140483 65.96227028 33.60706306
v 41.75140483 65.96227028 33.60706306
v 41.75140483 65.96227028 33.60706306
v 41.82673580 65.96227028 33.62204695
v 41.82673580 65.96227028 33.62204695
v 41.75140483 82.89143994 33.60706306
v 41.75140483 82.89143994 33.60706306
v 41.75140483 82.89143994 33.60706306
v 41.75140483 82.89143994 33.60706306
v 41.82673580 82.89143994 33.62204695
v 41.82673580 82.89143994 33.62204695
v 41.82673580 82.96677067 33.60706306
v 41.82673580 82.96677067 33.60706306
v 41.68754179 82.89143994 33.56439102
v 41.68754179 82.89143994 33.56439102
v 41.68754179 82.89143994 33.56439102
v 41.68754179 82.89143994 33.56439102
v 40.25193277 89.85754063 33.42519701
v 40.25193281 83.08828976 34.99999985
v 40.25193288 89.85754063 34.99999996
v 40.25193281 83.07329991 34.92466846
v 40.25193281 83.03063061 34.86080560
v 40.25193281 82.96677067 34.81813380
v 40.25193281 82.89143994 34.80314951
v 40.25193281 82.89143994 33.62204695
v 40.25193281 82.96677067 33.60706306
v 40.25193281 83.03063061 33.56439102
v 40.25193281 83.07329991 33.50052798
v 40.25193281 83.08828976 33.42519701
v 40.25193281 65.78039982 34.92466846
v 40.25193281 60.35662606 34.99999985
v 40.25193281 65.76540997 34.99999985
v 40.25193281 60.35662606 33.42519701
v 40.25193281 65.82307007 34.86080560
v 40.25193281 65.88693001 34.81813380
v 40.25193281 65.96227028 34.80314951
v 40.25193281 65.96227028 33.62204695
v 40.25193281 65.88693001 33.60706306
v 40.25193281 65.82307007 33.56439102
v 40.25193281 65.78039982 33.50052798
v 40.25193281 65.76540997 33.42519701
v 41.64486975 82.96677067 33.42519701
v 41.64486975 82.96677067 33.42519701
v 41.62988586 82.89143994 33.42519701
v 41.62988586 82.89143994 33.42519701
v 41.64486975 82.89143994 33.50052798
v 41.64486975 82.89143994 33.50052798
v 41.64486975 82.89143994 33.50052798
v 41.64486975 82.89143994 33.50052798
v 41.64486975 65.96227028 33.50052798
v 41.64486975 65.96227028 33.50052798
v 41.64486975 65.96227028 33.50052798
v 41.64486975 65.96227028 33.50052798
v 41.62988586 65.96227028 33.42519701
v 41.62988586 65.96227028 33.42519701
v 41.65871377 65.88693001 33.49479401
v 41.65871377 65.88693001 33.49479401
v 41.65871377 65.88693001 33.49479401
v 41.65871377 65.88693001 33.49479401
v 41.64486975 65.88693001 33.42519701
v 41.64486975 65.88693001 33.42519701
v 41.69813676 65.82307007 33.47846401
v 41.69813676 65.82307007 33.47846401
v 41.69813676 65.82307007 33.47846401
v 41.69813676 65.82307007 33.47846401
v 41.68754179 65.82307007 33.42519701
v 41.68754179 65.82307007 33.42519701
v 41.75140483 65.78039982 33.42519701
v 41.75140483 65.78039982 33.42519701
v 41.75713880 65.78039982 33.45402503
v 41.75713880 65.78039982 33.45402503
v 41.75713880 65.78039982 33.45402503
v 41.75713880 65.78039982 33.45402503
v 40.32726419 65.78039982 33.42519701
v 40.32726419 65.78039982 33.42519701
v 40.25193281 65.76540997 33.42519701
v 40.25193281 65.76540997 33.42519701
v 40.25193281 65.76540997 33.42519701
v 40.25193281 65.76540997 33.42519701
v 40.32152993 65.78039982 33.45402503
v 40.32152993 65.78039982 33.45402503
v 40.32152993 65.78039982 33.45402503
v 40.32152993 65.78039982 33.45402503
v 40.38053151 65.82307007 33.47846401
v 40.38053151 65.82307007 33.47846401
v 40.38053151 65.82307007 33.47846401
v 40.38053151 65.82307007 33.47846401
v 40.39112702 65.82307007 33.42519701
v 40.39112702 65.82307007 33.42519701
v 40.43379881 65.88693001 33.42519701
v 40.43379881 65.88693001 33.42519701
v 40.41995511 65.88693001 33.49479401
v 40.41995511 65.88693001 33.49479401
v 40.41995511 65.88693001 33.49479401
v 40.41995511 65.88693001 33.49479401
v 40.44878321 65.96227028 33.42519701
v 40.44878321 65.96227028 33.42519701
v 40.43379881 65.96227028 33.50052798
v 40.43379881 65.96227028 33.50052798
v 40.43379881 65.96227028 33.50052798
v 40.43379881 65.96227028 33.50052798
v 40.44878321 82.89143994 33.42519701
v 40.44878321 82.89143994 33.42519701
v 40.43379881 82.89143994 33.50052798
v 40.43379881 82.89143994 33.50052798
v 40.43379881 82.89143994 33.50052798
v 40.43379881 82.89143994 33.50052798
v 40.41995511 82.96677067 33.49479401
v 40.41995511 82.96677067 33.49479401
v 40.41995511 82.96677067 33.49479401
v 40.41995511 82.96677067 33.49479401
v 40.43379881 82.96677067 33.42519701
v 40.43379881 82.96677067 33.42519701
v 40.38053151 83.03063061 33.47846401
v 40.38053151 83.03063061 33.47846401
v 40.38053151 83.03063061 33.47846401
v 40.38053151 83.03063061 33.47846401
v 40.39112702 83.03063061 33.42519701
v 40.39112702 83.03063061 33.42519701
v 40.32726419 83.07329991 33.42519701
v 40.32726419 83.07329991 33.42519701
v 40.32152993 83.07329991 33.45402503
v 40.32152993 83.07329991 33.45402503
v 40.32152993 83.07329991 33.45402503
v 40.32152993 83.07329991 33.45402503
v 40.25193281 83.08828976 33.42519701
v 40.25193281 83.08828976 33.42519701
v 40.25193281 83.08828976 33.42519701
v 40.25193281 83.08828976 33.42519701
v 41.75713880 65.78039982 34.97117178
v 41.75713880 65.78039982 34.97117178
v 41.75713880 65.78039982 34.97117178
v 41.75713880 65.78039982 34.97117178
v 41.75140483 65.78039982 34.99999985
v 41.75140483 65.78039982 34.99999985
v 41.69813676 65.82307007 34.94673252
v 41.69813676 65.82307007 34.94673252
v 41.69813676 65.82307007 34.94673252
v 41.69813676 65.82307007 34.94673252
v 41.68754179 65.82307007 34.99999985
v 41.68754179 65.82307007 34.99999985
v 41.64486975 65.88693001 34.99999985
v 41.64486975 65.88693001 34.99999985
v 41.65871377 65.88693001 34.93040272
v 41.65871377 65.88693001 34.93040272
v 41.65871377 65.88693001 34.93040272
v 41.65871377 65.88693001 34.93040272
v 41.62988586 65.96227028 34.99999985
v 41.62988586 65.96227028 34.99999985
v 41.64486975 65.96227028 34.92466846
v 41.64486975 65.96227028 34.92466846
v 41.64486975 65.96227028 34.92466846
v 41.64486975 65.96227028 34.92466846
v 41.62988586 82.89143994 34.99999985
v 41.62988586 82.89143994 34.99999985
v 41.64486975 82.89143994 34.92466846
v 41.64486975 82.89143994 34.92466846
v 41.64486975 82.89143994 34.92466846
v 41.64486975 82.89143994 34.92466846
v 41.64486975 82.96677067 34.99999985
v 41.64486975 82.96677067 34.99999985
v 41.65871377 82.96677067 34.93040272
v 41.65871377 82.96677067 34.93040272
v 41.65871377 82.96677067 34.93040272
v 41.65871377 82.96677067 34.93040272
v 41.68754179 83.03063061 34.99999985
v 41.68754179 83.03063061 34.99999985
v 41.69813676 83.03063061 34.94673252
v 41.69813676 83.03063061 34.94673252
v 41.69813676 83.03063061 34.94673252
v 41.69813676 83.03063061 34.94673252
v 41.75140483 83.07329991 34.99999985
v 41.75140483 83.07329991 34.99999985
v 41.75713880 83.07329991 34.97117178
v 41.75713880 83.07329991 34.97117178
v 41.75713880 83.07329991 34.97117178
v 41.75713880 83.07329991 34.97117178
v 40.32726419 83.07329991 34.99999985
v 40.32726419 83.07329991 34.99999985
v 40.25193281 83.08828976 34.99999985
v 40.25193281 83.08828976 34.99999985
v 40.25193281 83.08828976 34.99999985
v 40.25193281 83.08828976 34.99999985
v 40.32152993 83.07329991 34.97117178
v 40.32152993 83.07329991 34.97117178
v 40.32152993 83.07329991 34.97117178
v 40.32152993 83.07329991 34.97117178
v 40.38053151 83.03063061 34.94673252
v 40.38053151 83.03063061 34.94673252
v 40.38053151 83.03063061 34.94673252
v 40.38053151 83.03063061 34.94673252
v 40.39112702 83.03063061 34.99999985
v 40.39112702 83.03063061 34.99999985
v 40.43379881 82.96677067 34.99999985
v 40.43379881 82.96677067 34.99999985
v 40.41995511 82.96677067 34.93040272
v 40.41995511 82.96677067 34.93040272
v 40.41995511 82.96677067 34.93040272
v 40.41995511 82.96677067 34.93040272
v 40.44878321 82.89143994 34.99999985
v 40.44878321 82.89143994 34.99999985
v 40.43379881 82.89143994 34.92466846
v 40.43379881 82.89143994 34.92466846
v 40.43379881 82.89143994 34.92466846
v 40.43379881 82.89143994 34.92466846
v 40.44878321 65.96227028 34.99999985
v 40.44878321 65.96227028 34.99999985
v 40.43379881 65.96227028 34.92466846
v 40.43379881 65.96227028 34.92466846
v 40.43379881 65.96227028 34.92466846
v 40.43379881 65.96227028 34.92466846
v 40.43379881 65.88693001 34.99999985
v 40.43379881 65.88693001 34.99999985
v 40.41995511 65.88693001 34.93040272
v 40.41995511 65.88693001 34.93040272
v 40.41995511 65.88693001 34.93040272
v 40.41995511 65.88693001 34.93040272
v 40.39112702 65.82307007 34.99999985
v 40.39112702 65.82307007 34.99999985
v 40.38053151 65.82307007 34.94673252
v 40.38053151 65.82307007 34.94673252
v 40.38053151 65.82307007 34.94673252
v 40.38053151 65.82307007 34.94673252
v 40.32726419 65.78039982 34.99999985
v 40.32726419 65.78039982 34.99999985
v 40.32152993 65.78039982 34.97117178
v 40.32152993 65.78039982 34.97117178
v 40.32152993 65.78039982 34.97117178
v 40.32152993 65.78039982 34.97117178
v 40.25193281 65.76540997 34.99999985
v 40.25193281 65.76540997 34.99999985
v 40.25193281 65.76540997 34.99999985
v 40.25193281 65.76540997 34.99999985
v 41.77346880 83.07329991 34.94673252
v 41.77346880 83.07329991 34.94673252
v 41.77346880 83.07329991 34.94673252
v 41.77346880 83.07329991 34.94673252
v 41.72831077 83.03063061 34.90157465
v 41.72831077 83.03063061 34.90157465
v 41.72831077 83.03063061 34.90157465
v 41.72831077 83.03063061 34.90157465
v 41.69813676 82.96677067 34.87140110
v 41.69813676 82.96677067 34.87140110
v 41.69813676 82.96677067 34.87140110
v 41.69813676 82.96677067 34.87140110
v 41.68754179 82.89143994 34.86080560
v 41.68754179 82.89143994 34.86080560
v 41.68754179 82.89143994 34.86080560
v 41.68754179 82.89143994 34.86080560
v 41.68754179 65.96227028 34.86080560
v 41.68754179 65.96227028 34.86080560
v 41.68754179 65.96227028 34.86080560
v 41.68754179 65.96227028 34.86080560
v 41.69813676 65.88693001 34.87140110
v 41.69813676 65.88693001 34.87140110
v 41.69813676 65.88693001 34.87140110
v 41.69813676 65.88693001 34.87140110
v 41.72831077 65.82307007 34.90157465
v 41.72831077 65.82307007 34.90157465
v 41.72831077 65.82307007 34.90157465
v 41.72831077 65.82307007 34.90157465
v 41.77346880 65.78039982 34.94673252
v 41.77346880 65.78039982 34.94673252
v 41.77346880 65.78039982 34.94673252
v 41.77346880 65.78039982 34.94673252
v 41.77346880 65.78039982 33.47846401
v 41.77346880 65.78039982 33.47846401
v 41.77346880 65.78039982 33.47846401
v 41.77346880 65.78039982 33.47846401
v 41.72831077 65.82307007 33.52362204
v 41.72831077 65.82307007 33.52362204
v 41.72831077 65.82307007 33.52362204
v 41.72831077 65.82307007 33.52362204
v 41.69813676 65.88693001 33.55379498
v 41.69813676 65.88693001 33.55379498
v 41.69813676 65.88693001 33.55379498
v 41.69813676 65.88693001 33.55379498
v 41.68754179 65.96227028 33.56439102
v 41.68754179 65.96227028 33.56439102
v 41.68754179 65.96227028 33.56439102
v 41.68754179 65.96227028 33.56439102
v 40.28076088 83.07329991 33.49479401
v 40.28076088 83.07329991 33.49479401
v 40.28076088 83.07329991 33.49479401
v 40.28076088 83.07329991 33.49479401
v 40.25193281 83.07329991 33.50052798
v 40.25193281 83.07329991 33.50052798
v 40.25193281 83.03063061 33.56439102
v 40.25193281 83.03063061 33.56439102
v 40.30520014 83.03063061 33.55379498
v 40.30520014 83.03063061 33.55379498
v 40.30520014 83.03063061 33.55379498
v 40.30520014 83.03063061 33.55379498
v 40.32152993 82.96677067 33.59321904
v 40.32152993 82.96677067 33.59321904
v 40.32152993 82.96677067 33.59321904
v 40.32152993 82.96677067 33.59321904
v 40.25193281 82.96677067 33.60706306
v 40.25193281 82.96677067 33.60706306
v 40.32726419 82.89143994 33.60706306
v 40.32726419 82.89143994 33.60706306
v 40.32726419 82.89143994 33.60706306
v 40.32726419 82.89143994 33.60706306
v 40.25193281 82.89143994 33.62204695
v 40.25193281 82.89143994 33.62204695
v 40.32726419 65.96227028 33.60706306
v 40.32726419 65.96227028 33.60706306
v 40.32726419 65.96227028 33.60706306
v 40.32726419 65.96227028 33.60706306
v 40.25193281 65.96227028 33.62204695
v 40.25193281 65.96227028 33.62204695
v 40.32152993 65.88693001 33.59321904
v 40.32152993 65.88693001 33.59321904
v 40.32152993 65.88693001 33.59321904
v 40.32152993 65.88693001 33.59321904
v 40.25193281 65.88693001 33.60706306
v 40.25193281 65.88693001 33.60706306
v 40.30520014 65.82307007 33.55379498
v 40.30520014 65.82307007 33.55379498
v 40.30520014 65.82307007 33.55379498
v 40.30520014 65.82307007 33.55379498
v 40.25193281 65.82307007 33.56439102
v 40.25193281 65.82307007 33.56439102
v 40.25193281 65.78039982 33.50052798
v 40.25193281 65.78039982 33.50052798
v 40.28076088 65.78039982 33.49479401
v 40.28076088 65.78039982 33.49479401
v 40.28076088 65.78039982 33.49479401
v 40.28076088 65.78039982 33.49479401
v 40.28076088 65.78039982 34.93040272
v 40.28076088 65.78039982 34.93040272
v 40.28076088 65.78039982 34.93040272
v 40.28076088 65.78039982 34.93040272
v 40.25193281 65.78039982 34.92466846
v 40.25193281 65.78039982 34.92466846
v 40.25193281 65.82307007 34.86080560
v 40.25193281 65.82307007 34.86080560
v 40.30520014 65.82307007 34.87140110
v 40.30520014 65.82307007 34.87140110
v 40.30520014 65.82307007 34.87140110
v 40.30520014 65.82307007 34.87140110
v 40.32152993 65.88693001 34.83197750
v 40.32152993 65.88693001 34.83197750
v 40.32152993 65.88693001 34.83197750
v 40.32152993 65.88693001 34.83197750
v 40.25193281 65.88693001 34.81813380
v 40.25193281 65.88693001 34.81813380
v 40.32726419 65.96227028 34.81813380
v 40.32726419 65.96227028 34.81813380
v 40.32726419 65.96227028 34.81813380
v 40.32726419 65.96227028 34.81813380
v 40.25193281 65.96227028 34.80314951
v 40.25193281 65.96227028 34.80314951
v 40.32726419 82.89143994 34.81813380
v 40.32726419 82.89143994 34.81813380
v 40.32726419 82.89143994 34.81813380
v 40.32726419 82.89143994 34.81813380
v 40.25193281 82.89143994 34.80314951
v 40.25193281 82.89143994 34.80314951
v 40.32152993 82.96677067 34.83197750
v 40.32152993 82.96677067 34.83197750
v 40.32152993 82.96677067 34.83197750
v 40.32152993 82.96677067 34.83197750
v 40.25193281 82.96677067 34.81813380
v 40.25193281 82.96677067 34.81813380
v 40.30520014 83.03063061 34.87140110
v 40.30520014 83.03063061 34.87140110
v 40.30520014 83.03063061 34.87140110
v 40.30520014 83.03063061 34.87140110
v 40.25193281 83.03063061 34.86080560
v 40.25193281 83.03063061 34.86080560
v 40.25193281 83.07329991 34.92466846
v 40.25193281 83.07329991 34.92466846
v 40.28076088 83.07329991 34.93040272
v 40.28076088 83.07329991 34.93040272
v 40.28076088 83.07329991 34.93040272
v 40.28076088 83.07329991 34.93040272
v 40.30520014 65.78039982 33.47846401
v 40.30520014 65.78039982 33.47846401
v 40.30520014 65.78039982 33.47846401
v 40.30520014 65.78039982 33.47846401
v 40.35035801 65.82307007 33.52362204
v 40.35035801 65.82307007 33.52362204
v 40.35035801 65.82307007 33.52362204
v 40.35035801 65.82307007 33.52362204
v 40.38053151 65.88693001 33.55379498
v 40.38053151 65.88693001 33.55379498
v 40.38053151 65.88693001 33.55379498
v 40.38053151 65.88693001 33.55379498
v 40.39112702 65.96227028 33.56439102
v 40.39112702 65.96227028 33.56439102
v 40.39112702 65.96227028 33.56439102
v 40.39112702 65.96227028 33.56439102
v 40.39112702 82.89143994 33.56439102
v 40.39112702 82.89143994 33.56439102
v 40.39112702 82.89143994 33.56439102
v 40.39112702 82.89143994 33.56439102
v 40.38053151 82.96677067 33.55379498
v 40.38053151 82.96677067 33.55379498
v 40.38053151 82.96677067 33.55379498
v 40.38053151 82.96677067 33.55379498
v 40.35035801 83.03063061 33.52362204
v 40.35035801 83.03063061 33.52362204
v 40.35035801 83.03063061 33.52362204
v 40.35035801 83.03063061 33.52362204
v 40.30520014 83.07329991 33.47846401
v 40.30520014 83.07329991 33.47846401
v 40.30520014 83.07329991 33.47846401
v 40.30520014 83.07329991 33.47846401
v 40.30520014 83.07329991 34.94673252
v 40.30520014 83.07329991 34.94673252
v 40.30520014 83.07329991 34.94673252
v 40.30520014 83.07329991 34.94673252
v 40.35035801 83.03063061 34.90157465
v 40.35035801 83.03063061 34.90157465
v 40.35035801 83.03063061 34.90157465
v 40.35035801 83.03063061 34.90157465
v 40.38053151 82.96677067 34.87140110
v 40.38053151 82.96677067 34.87140110
v 40.38053151 82.96677067 34.87140110
v 40.38053151 82.96677067 34.87140110
v 40.39112702 82.89143994 34.86080560
v 40.39112702 82.89143994 34.86080560
v 40.39112702 82.89143994 34.86080560
v 40.39112702 82.89143994 34.86080560
v 40.39112702 65.96227028 34.86080560
v 40.39112702 65.96227028 34.86080560
v 40.39112702 65.96227028 34.86080560
v 40.39112702 65.96227028 34.86080560
v 40.38053151 65.88693001 34.87140110
v 40.38053151 65.88693001 34.87140110
v 40.38053151 65.88693001 34.87140110
v 40.38053151 65.88693001 34.87140110
v 40.35035801 65.82307007 34.90157465
v 40.35035801 65.82307007 34.90157465
v 40.35035801 65.82307007 34.90157465
v 40.35035801 65.82307007 34.90157465
v 40.30520014 65.78039982 34.94673252
v 40.30520014 65.78039982 34.94673252
v 40.30520014 65.78039982 34.94673252
v 40.30520014 65.78039982 34.94673252
v 36.90875580 88.14991976 33.42519701
v 36.90875580 88.14991976 33.42519701
v 36.90875580 88.14991976 33.42519701
v 36.90875580 88.14991976 33.42519701
v 36.87992778 88.13492991 33.49479401
v 36.87992778 88.13492991 33.49479401
v 36.87992778 88.13492991 33.49479401
v 36.87992778 88.13492991 33.49479401
v 36.85548880 88.13492991 33.47846401
v 36.85548880 88.13492991 33.47846401
v 36.85548880 88.13492991 33.47846401
v 36.85548880 88.13492991 33.47846401
v 36.83915880 88.13492991 33.45402503
v 36.83915880 88.13492991 33.45402503
v 36.83915880 88.13492991 33.45402503
v 36.83915880 88.13492991 33.45402503
v 36.90875580 88.13492991 33.50052798
v 36.90875580 88.13492991 33.50052798
v 36.85548880 88.09226061 33.55379498
v 36.85548880 88.09226061 33.55379498
v 36.85548880 88.09226061 33.55379498
v 36.85548880 88.09226061 33.55379498
v 36.81033077 88.09226061 33.52362204
v 36.81033077 88.09226061 33.52362204
v 36.81033077 88.09226061 33.52362204
v 36.81033077 88.09226061 33.52362204
v 36.83342483 88.13492991 33.42519701
v 36.83342483 88.13492991 33.42519701
v 36.78015676 88.09226061 33.47846401
v 36.78015676 88.09226061 33.47846401
v 36.78015676 88.09226061 33.47846401
v 36.78015676 88.09226061 33.47846401
v 36.90875580 63.79745508 34.99999985
v 36.90875580 70.84202982 34.92466846
v 36.90875580 70.82703997 34.99999985
v 36.90875580 63.79745508 33.42519701
v 36.90875580 70.88470007 34.86080560
v 36.90875580 70.94856001 34.81813380
v 36.90875580 71.02390028 34.80314951
v 36.90875580 87.95306994 34.80314951
v 36.90875580 71.02390028 33.62204695
v 36.90875580 70.94856001 33.60706306
v 36.90875580 70.88470007 33.56439102
v 36.90875580 70.84202982 33.50052798
v 36.90875580 70.82703997 33.42519701
v 36.90875580 88.14991976 34.99999985
v 36.90875580 93.29837061 33.42519701
v 36.90875580 93.29837061 34.99999985
v 36.90875580 88.13492991 34.92466846
v 36.90875580 88.09226061 34.86080560
v 36.90875580 88.02840067 34.81813380
v 36.90875580 87.95306994 33.62204695
v 36.90875580 88.02840067 33.60706306
v 36.90875580 88.09226061 33.56439102
v 36.90875580 88.13492991 33.50052798
v 36.90875580 88.14991976 33.42519701
v 36.90875580 88.09226061 33.56439102
v 36.90875580 88.09226061 33.56439102
v 36.83915880 88.02840067 33.59321904
v 36.83915880 88.02840067 33.59321904
v 36.83915880 88.02840067 33.59321904
v 36.83915880 88.02840067 33.59321904
v 36.78015676 88.02840067 33.55379498
v 36.78015676 88.02840067 33.55379498
v 36.78015676 88.02840067 33.55379498
v 36.78015676 88.02840067 33.55379498
v 35.33395281 65.41825606 33.42519701
v 36.90875580 70.82703997 33.42519701
v 36.90875580 63.79745508 33.42519701
v 35.33395281 70.82703997 33.42519701
v 35.40928419 70.84202982 33.42519701
v 36.83342483 70.84202982 33.42519701
v 35.47314702 70.88470007 33.42519701
v 36.76956179 70.88470007 33.42519701
v 35.51581881 70.94856001 33.42519701
v 36.72688975 70.94856001 33.42519701
v 35.53080321 71.02390028 33.42519701
v 36.71190586 71.02390028 33.42519701
v 35.53080321 87.95306994 33.42519701
v 36.71190586 87.95306994 33.42519701
v 35.51581881 88.02840067 33.42519701
v 36.72688975 88.02840067 33.42519701
v 35.47314702 88.09226061 33.42519701
v 36.76956179 88.09226061 33.42519701
v 35.40928419 88.13492991 33.42519701
v 36.83342483 88.13492991 33.42519701
v 35.33395281 88.14991976 33.42519701
v 36.90875580 88.14991976 33.42519701
v 35.33395277 94.91917063 33.42519701
v 36.90875580 93.29837061 33.42519701
v 36.76956179 88.09226061 33.42519701
v 36.76956179 88.09226061 33.42519701
v 36.74073377 88.02840067 33.49479401
v 36.74073377 88.02840067 33.49479401
v 36.74073377 88.02840067 33.49479401
v 36.74073377 88.02840067 33.49479401
v 36.90875580 93.29837061 34.99999985
v 35.33395277 94.91917063 33.42519701
v 35.33395288 94.91917063 34.99999996
v 36.90875580 93.29837061 33.42519701
v 36.90875580 70.82703997 34.99999985
v 35.33395281 65.41825606 34.99999985
v 36.90875580 63.79745508 34.99999985
v 35.33395281 70.82703997 34.99999985
v 36.83342483 70.84202982 34.99999985
v 35.40928419 70.84202982 34.99999985
v 36.76956179 70.88470007 34.99999985
v 35.47314702 70.88470007 34.99999985
v 35.51581881 70.94856001 34.99999985
v 36.72688975 70.94856001 34.99999985
v 36.71190586 71.02390028 34.99999985
v 35.53080321 71.02390028 34.99999985
v 36.71190586 87.95306994 34.99999985
v 35.53080321 87.95306994 34.99999985
v 36.72688975 88.02840067 34.99999985
v 35.51581881 88.02840067 34.99999985
v 36.76956179 88.09226061 34.99999985
v 35.47314702 88.09226061 34.99999985
v 36.83342483 88.13492991 34.99999985
v 35.40928419 88.13492991 34.99999985
v 36.90875580 88.14991976 34.99999985
v 35.33395281 88.14991976 34.99999985
v 36.90875580 93.29837061 34.99999985
v 35.33395288 94.91917063 34.99999996
v 36.90875580 88.14991976 34.99999985
v 36.90875580 88.14991976 34.99999985
v 36.90875580 88.14991976 34.99999985
v 36.90875580 88.14991976 34.99999985
v 36.87992778 88.13492991 34.93040272
v 36.87992778 88.13492991 34.93040272
v 36.87992778 88.13492991 34.93040272
v 36.87992778 88.13492991 34.93040272
v 36.90875580 88.13492991 34.92466846
v 36.90875580 88.13492991 34.92466846
v 36.90875580 88.09226061 34.86080560
v 36.90875580 88.09226061 34.86080560
v 36.85548880 88.09226061 34.87140110
v 36.85548880 88.09226061 34.87140110
v 36.85548880 88.09226061 34.87140110
v 36.85548880 88.09226061 34.87140110
v 36.83915880 88.02840067 34.83197750
v 36.83915880 88.02840067 34.83197750
v 36.83915880 88.02840067 34.83197750
v 36.83915880 88.02840067 34.83197750
v 36.90875580 88.02840067 34.81813380
v 36.90875580 88.02840067 34.81813380
v 36.83342483 87.95306994 34.81813380
v 36.83342483 87.95306994 34.81813380
v 36.83342483 87.95306994 34.81813380
v 36.83342483 87.95306994 34.81813380
v 36.90875580 87.95306994 34.80314951
v 36.90875580 87.95306994 34.80314951
v 36.83342483 71.02390028 34.81813380
v 36.83342483 71.02390028 34.81813380
v 36.83342483 71.02390028 34.81813380
v 36.83342483 71.02390028 34.81813380
v 36.90875580 71.02390028 34.80314951
v 36.90875580 71.02390028 34.80314951
v 36.83915880 70.94856001 34.83197750
v 36.83915880 70.94856001 34.83197750
v 36.83915880 70.94856001 34.83197750
v 36.83915880 70.94856001 34.83197750
v 36.90875580 70.94856001 34.81813380
v 36.90875580 70.94856001 34.81813380
v 36.85548880 70.88470007 34.87140110
v 36.85548880 70.88470007 34.87140110
v 36.85548880 70.88470007 34.87140110
v 36.85548880 70.88470007 34.87140110
v 36.90875580 70.88470007 34.86080560
v 36.90875580 70.88470007 34.86080560
v 36.87992778 70.84202982 34.93040272
v 36.87992778 70.84202982 34.93040272
v 36.87992778 70.84202982 34.93040272
v 36.87992778 70.84202982 34.93040272
v 36.90875580 70.84202982 34.92466846
v 36.90875580 70.84202982 34.92466846
v 36.90875580 70.82703997 34.99999985
v 36.90875580 70.82703997 34.99999985
v 36.90875580 70.82703997 34.99999985
v 36.90875580 70.82703997 34.99999985
v 35.33395281 65.41825606 34.99999985
v 36.90875580 63.79745508 33.42519701
v 36.90875580 63.79745508 34.99999985
v 35.33395281 65.41825606 33.42519701
v 36.90875580 70.82703997 33.42519701
v 36.90875580 70.82703997 33.42519701
v 36.90875580 70.82703997 33.42519701
v 36.90875580 70.82703997 33.42519701
v 36.87992778 70.84202982 33.49479401
v 36.87992778 70.84202982 33.49479401
v 36.87992778 70.84202982 33.49479401
v 36.87992778 70.84202982 33.49479401
v 36.90875580 70.84202982 33.50052798
v 36.90875580 70.84202982 33.50052798
v 36.90875580 70.88470007 33.56439102
v 36.90875580 70.88470007 33.56439102
v 36.85548880 70.88470007 33.55379498
v 36.85548880 70.88470007 33.55379498
v 36.85548880 70.88470007 33.55379498
v 36.85548880 70.88470007 33.55379498
v 36.83915880 70.94856001 33.59321904
v 36.83915880 70.94856001 33.59321904
v 36.83915880 70.94856001 33.59321904
v 36.83915880 70.94856001 33.59321904
v 36.90875580 70.94856001 33.60706306
v 36.90875580 70.94856001 33.60706306
v 36.83342483 71.02390028 33.60706306
v 36.83342483 71.02390028 33.60706306
v 36.83342483 71.02390028 33.60706306
v 36.83342483 71.02390028 33.60706306
v 36.90875580 71.02390028 33.62204695
v 36.90875580 71.02390028 33.62204695
v 36.83342483 87.95306994 33.60706306
v 36.83342483 87.95306994 33.60706306
v 36.83342483 87.95306994 33.60706306
v 36.83342483 87.95306994 33.60706306
v 36.90875580 87.95306994 33.62204695
v 36.90875580 87.95306994 33.62204695
v 36.90875580 88.02840067 33.60706306
v 36.90875580 88.02840067 33.60706306
v 36.76956179 87.95306994 33.56439102
v 36.76956179 87.95306994 33.56439102
v 36.76956179 87.95306994 33.56439102
v 36.76956179 87.95306994 33.56439102
v 35.33395277 94.91917063 33.42519701
v 35.33395281 88.14991976 34.99999985
v 35.33395288 94.91917063 34.99999996
v 35.33395281 88.13492991 34.92466846
v 35.33395281 88.09226061 34.86080560
v 35.33395281 88.02840067 34.81813380
v 35.33395281 87.95306994 34.80314951
v 35.33395281 87.95306994 33.62204695
v 35.33395281 88.02840067 33.60706306
v 35.33395281 88.09226061 33.56439102
v 35.33395281 88.13492991 33.50052798
v 35.33395281 88.14991976 33.42519701
v 35.33395281 70.84202982 34.92466846
v 35.33395281 65.41825606 34.99999985
v 35.33395281 70.82703997 34.99999985
v 35.33395281 65.41825606 33.42519701
v 35.33395281 70.88470007 34.86080560
v 35.33395281 70.94856001 34.81813380
v 35.33395281 71.02390028 34.80314951
v 35.33395281 71.02390028 33.62204695
v 35.33395281 70.94856001 33.60706306
v 35.33395281 70.88470007 33.56439102
v 35.33395281 70.84202982 33.50052798
v 35.33395281 70.82703997 33.42519701
v 36.72688975 88.02840067 33.42519701
v 36.72688975 88.02840067 33.42519701
v 36.71190586 87.95306994 33.42519701
v 36.71190586 87.95306994 33.42519701
v 36.72688975 87.95306994 33.50052798
v 36.72688975 87.95306994 33.50052798
v 36.72688975 87.95306994 33.50052798
v 36.72688975 87.95306994 33.50052798
v 36.72688975 71.02390028 33.50052798
v 36.72688975 71.02390028 33.50052798
v 36.72688975 71.02390028 33.50052798
v 36.72688975 71.02390028 33.50052798
v 36.71190586 71.02390028 33.42519701
v 36.71190586 71.02390028 33.42519701
v 36.74073377 70.94856001 33.49479401
v 36.74073377 70.94856001 33.49479401
v 36.74073377 70.94856001 33.49479401
v 36.74073377 70.94856001 33.49479401
v 36.72688975 70.94856001 33.42519701
v 36.72688975 70.94856001 33.42519701
v 36.78015676 70.88470007 33.47846401
v 36.78015676 70.88470007 33.47846401
v 36.78015676 70.88470007 33.47846401
v 36.78015676 70.88470007 33.47846401
v 36.76956179 70.88470007 33.42519701
v 36.76956179 70.88470007 33.42519701
v 36.83342483 70.84202982 33.42519701
v 36.83342483 70.84202982 33.42519701
v 36.83915880 70.84202982 33.45402503
v 36.83915880 70.84202982 33.45402503
v 36.83915880 70.84202982 33.45402503
v 36.83915880 70.84202982 33.45402503
v 35.40928419 70.84202982 33.42519701
v 35.40928419 70.84202982 33.42519701
v 35.33395281 70.82703997 33.42519701
v 35.33395281 70.82703997 33.42519701
v 35.33395281 70.82703997 33.42519701
v 35.33395281 70.82703997 33.42519701
v 35.40354993 70.84202982 33.45402503
v 35.40354993 70.84202982 33.45402503
v 35.40354993 70.84202982 33.45402503
v 35.40354993 70.84202982 33.45402503
v 35.46255151 70.88470007 33.47846401
v 35.46255151 70.88470007 33.47846401
v 35.46255151 70.88470007 33.47846401
v 35.46255151 70.88470007 33.47846401
v 35.47314702 70.88470007 33.42519701
v 35.47314702 70.88470007 33.42519701
v 35.51581881 70.94856001 33.42519701
v 35.51581881 70.94856001 33.42519701
v 35.50197511 70.94856001 33.49479401
v 35.50197511 70.94856001 33.49479401
v 35.50197511 70.94856001 33.49479401
v 35.50197511 70.94856001 33.49479401
v 35.53080321 71.02390028 33.42519701
v 35.53080321 71.02390028 33.42519701
v 35.51581881 71.02390028 33.50052798
v 35.51581881 71.02390028 33.50052798
v 35.51581881 71.02390028 33.50052798
v 35.51581881 71.02390028 33.50052798
v 35.53080321 87.95306994 33.42519701
v 35.53080321 87.95306994 33.42519701
v 35.51581881 87.95306994 33.50052798
v 35.51581881 87.95306994 33.50052798
v 35.51581881 87.95306994 33.50052798
v 35.51581881 87.95306994 33.50052798
v 35.50197511 88.02840067 33.49479401
v 35.50197511 88.02840067 33.49479401
v 35.50197511 88.02840067 33.49479401
v 35.50197511 88.02840067 33.49479401
v 35.51581881 88.02840067 33.42519701
v 35.51581881 88.02840067 33.42519701
v 35.46255151 88.09226061 33.47846401
v 35.46255151 88.09226061 33.47846401
v 35.46255151 88.09226061 33.47846401
v 35.46255151 88.09226061 33.47846401
v 35.47314702 88.09226061 33.42519701
v 35.47314702 88.09226061 33.42519701
v 35.40928419 88.13492991 33.42519701
v 35.40928419 88.13492991 33.42519701
v 35.40354993 88.13492991 33.45402503
v 35.40354993 88.13492991 33.45402503
v 35.40354993 88.13492991 33.45402503
v 35.40354993 88.13492991 33.45402503
v 35.33395281 88.14991976 33.42519701
v 35.33395281 88.14991976 33.42519701
v 35.33395281 88.14991976 33.42519701
v 35.33395281 88.14991976 33.42519701
v 36.83915880 70.84202982 34.97117178
v 36.83915880 70.84202982 34.97117178
v 36.83915880 70.84202982 34.97117178
v 36.83915880 70.84202982 34.97117178
v 36.83342483 70.84202982 34.99999985
v 36.83342483 70.84202982 34.99999985
v 36.78015676 70.88470007 34.94673252
v 36.78015676 70.88470007 34.94673252
v 36.78015676 70.88470007 34.94673252
v 36.78015676 70.88470007 34.94673252
v 36.76956179 70.88470007 34.99999985
v 36.76956179 70.88470007 34.99999985
v 36.72688975 70.94856001 34.99999985
v 36.72688975 70.94856001 34.99999985
v 36.74073377 70.94856001 34.93040272
v 36.74073377 70.94856001 34.93040272
v 36.74073377 70.94856001 34.93040272
v 36.74073377 70.94856001 34.93040272
v 36.71190586 71.02390028 34.99999985
v 36.71190586 71.02390028 34.99999985
v 36.72688975 71.02390028 34.92466846
v 36.72688975 71.02390028 34.92466846
v 36.72688975 71.02390028 34.92466846
v 36.72688975 71.02390028 34.92466846
v 36.71190586 87.95306994 34.99999985
v 36.71190586 87.95306994 34.99999985
v 36.72688975 87.95306994 34.92466846
v 36.72688975 87.95306994 34.92466846
v 36.72688975 87.95306994 34.92466846
v 36.72688975 87.95306994 34.92466846
v 36.72688975 88.02840067 34.99999985
v 36.72688975 88.02840067 34.99999985
v 36.74073377 88.02840067 34.93040272
v 36.74073377 88.02840067 34.93040272
v 36.74073377 88.02840067 34.93040272
v 36.74073377 88.02840067 34.93040272
v 36.76956179 88.09226061 34.99999985
v 36.76956179 88.09226061 34.99999985
v 36.78015676 88.09226061 34.94673252
v 36.78015676 88.09226061 34.94673252
v 36.78015676 88.09226061 34.94673252
v 36.78015676 88.09226061 34.94673252
v 36.83342483 88.13492991 34.99999985
v 36.83342483 88.13492991 34.99999985
v 36.83915880 88.13492991 34.97117178
v 36.83915880 88.13492991 34.97117178
v 36.83915880 88.13492991 34.97117178
v 36.83915880 88.13492991 34.97117178
v 35.40928419 88.13492991 34.99999985
v 35.40928419 88.13492991 34.99999985
v 35.33395281 88.14991976 34.99999985
v 35.33395281 88.14991976 34.99999985
v 35.33395281 88.14991976 34.99999985
v 35.33395281 88.14991976 34.99999985
v 35.40354993 88.13492991 34.97117178
v 35.40354993 88.13492991 34.97117178
v 35.40354993 88.13492991 34.97117178
v 35.40354993 88.13492991 34.97117178
v 35.46255151 88.09226061 34.94673252
v 35.46255151 88.09226061 34.94673252
v 35.46255151 88.09226061 34.94673252
v 35.46255151 88.09226061 34.94673252
v 35.47314702 88.09226061 34.99999985
v 35.47314702 88.09226061 34.99999985
v 35.51581881 88.02840067 34.99999985
v 35.51581881 88.02840067 34.99999985
v 35.50197511 88.02840067 34.93040272
v 35.50197511 88.02840067 34.93040272
v 35.50197511 88.02840067 34.93040272
v 35.50197511 88.02840067 34.93040272
v 35.53080321 87.95306994 34.99999985
v 35.53080321 87.95306994 34.99999985
v 35.51581881 87.95306994 34.92466846
v 35.51581881 87.95306994 34.92466846
v 35.51581881 87.95306994 34.92466846
v 35.51581881 87.95306994 34.92466846
v 35.53080321 71.02390028 34.99999985
v 35.53080321 71.02390028 34.99999985
v 35.51581881 71.02390028 34.92466846
v 35.51581881 71.02390028 34.92466846
v 35.51581881 71.02390028 34.92466846
v 35.51581881 71.02390028 34.92466846
v 35.51581881 70.94856001 34.99999985
v 35.51581881 70.94856001 34.99999985
v 35.50197511 70.94856001 34.93040272
v 35.50197511 70.94856001 34.93040272
v 35.50197511 70.94856001 34.93040272
v 35.50197511 70.94856001 34.93040272
v 35.47314702 70.88470007 34.99999985
v 35.47314702 70.88470007 34.99999985
v 35.46255151 70.88470007 34.94673252
v 35.46255151 70.88470007 34.94673252
v 35.46255151 70.88470007 34.94673252
v 35.46255151 70.88470007 34.94673252
v 35.40928419 70.84202982 34.99999985
v 35.40928419 70.84202982 34.99999985
v 35.40354993 70.84202982 34.97117178
v 35.40354993 70.84202982 34.97117178
v 35.40354993 70.84202982 34.97117178
v 35.40354993 70.84202982 34.97117178
v 35.33395281 70.82703997 34.99999985
v 35.33395281 70.82703997 34.99999985
v 35.33395281 70.82703997 34.99999985
v 35.33395281 70.82703997 34.99999985
v 36.85548880 88.13492991 34.94673252
v 36.85548880 88.13492991 34.94673252
v 36.85548880 88.13492991 34.94673252
v 36.85548880 88.13492991 34.94673252
v 36.81033077 88.09226061 34.90157465
v 36.81033077 88.09226061 34.90157465
v 36.81033077 88.09226061 34.90157465
v 36.81033077 88.09226061 34.90157465
v 36.78015676 88.02840067 34.87140110
v 36.78015676 88.02840067 34.87140110
v 36.78015676 88.02840067 34.87140110
v 36.78015676 88.02840067 34.87140110
v 36.76956179 87.95306994 34.86080560
v 36.76956179 87.95306994 34.86080560
v 36.76956179 87.95306994 34.86080560
v 36.76956179 87.95306994 34.86080560
v 36.76956179 71.02390028 34.86080560
v 36.76956179 71.02390028 34.86080560
v 36.76956179 71.02390028 34.86080560
v 36.76956179 71.02390028 34.86080560
v 36.78015676 70.94856001 34.87140110
v 36.78015676 70.94856001 34.87140110
v 36.78015676 70.94856001 34.87140110
v 36.78015676 70.94856001 34.87140110
v 36.81033077 70.88470007 34.90157465
v 36.81033077 70.88470007 34.90157465
v 36.81033077 70.88470007 34.90157465
v 36.81033077 70.88470007 34.90157465
v 36.85548880 70.84202982 34.94673252
v 36.85548880 70.84202982 34.94673252
v 36.85548880 70.84202982 34.94673252
v 36.85548880 70.84202982 34.94673252
v 36.85548880 70.84202982 33.47846401
v 36.85548880 70.84202982 33.47846401
v 36.85548880 70.84202982 33.47846401
v 36.85548880 70.84202982 33.47846401
v 36.81033077 70.88470007 33.52362204
v 36.81033077 70.88470007 33.52362204
v 36.81033077 70.88470007 33.52362204
v 36.81033077 70.88470007 33.52362204
v 36.78015676 70.94856001 33.55379498
v 36.78015676 70.94856001 33.55379498
v 36.78015676 70.94856001 33.55379498
v 36.78015676 70.94856001 33.55379498
v 36.76956179 71.02390028 33.56439102
v 36.76956179 71.02390028 33.56439102
v 36.76956179 71.02390028 33.56439102
v 36.76956179 71.02390028 33.56439102
v 35.36278088 88.13492991 33.49479401
v 35.36278088 88.13492991 33.49479401
v 35.36278088 88.13492991 33.49479401
v 35.36278088 88.13492991 33.49479401
v 35.33395281 88.13492991 33.50052798
v 35.33395281 88.13492991 33.50052798
v 35.33395281 88.09226061 33.56439102
v 35.33395281 88.09226061 33.56439102
v 35.38722014 88.09226061 33.55379498
v 35.38722014 88.09226061 33.55379498
v 35.38722014 88.09226061 33.55379498
v 35.38722014 88.09226061 33.55379498
v 35.40354993 88.02840067 33.59321904
v 35.40354993 88.02840067 33.59321904
v 35.40354993 88.02840067 33.59321904
v 35.40354993 88.02840067 33.59321904
v 35.33395281 88.02840067 33.60706306
v 35.33395281 88.02840067 33.60706306
v 35.40928419 87.95306994 33.60706306
v 35.40928419 87.95306994 33.60706306
v 35.40928419 87.95306994 33.60706306
v 35.40928419 87.95306994 33.60706306
v 35.33395281 87.95306994 33.62204695
v 35.33395281 87.95306994 33.62204695
v 35.40928419 71.02390028 33.60706306
v 35.40928419 71.02390028 33.60706306
v 35.40928419 71.02390028 33.60706306
v 35.40928419 71.02390028 33.60706306
v 35.33395281 71.02390028 33.62204695
v 35.33395281 71.02390028 33.62204695
v 35.40354993 70.94856001 33.59321904
v 35.40354993 70.94856001 33.59321904
v 35.40354993 70.94856001 33.59321904
v 35.40354993 70.94856001 33.59321904
v 35.33395281 70.94856001 33.60706306
v 35.33395281 70.94856001 33.60706306
v 35.38722014 70.88470007 33.55379498
v 35.38722014 70.88470007 33.55379498
v 35.38722014 70.88470007 33.55379498
v 35.38722014 70.88470007 33.55379498
v 35.33395281 70.88470007 33.56439102
v 35.33395281 70.88470007 33.56439102
v 35.33395281 70.84202982 33.50052798
v 35.33395281 70.84202982 33.50052798
v 35.36278088 70.84202982 33.49479401
v 35.36278088 70.84202982 33.49479401
v 35.36278088 70.84202982 33.49479401
v 35.36278088 70.84202982 33.49479401
v 35.36278088 70.84202982 34.93040272
v 35.36278088 70.84202982 34.93040272
v 35.36278088 70.84202982 34.93040272
v 35.36278088 70.84202982 34.93040272
v 35.33395281 70.84202982 34.92466846
v 35.33395281 70.84202982 34.92466846
v 35.33395281 70.88470007 34.86080560
v 35.33395281 70.88470007 34.86080560
v 35.38722014 70.88470007 34.87140110
v 35.38722014 70.88470007 34.87140110
v 35.38722014 70.88470007 34.87140110
v 35.38722014 70.88470007 34.87140110
v 35.40354993 70.94856001 34.83197750
v 35.40354993 70.94856001 34.83197750
v 35.40354993 70.94856001 34.83197750
v 35.40354993 70.94856001 34.83197750
v 35.33395281 70.94856001 34.81813380
v 35.33395281 70.94856001 34.81813380
v 35.40928419 71.02390028 34.81813380
v 35.40928419 71.02390028 34.81813380
v 35.40928419 71.02390028 34.81813380
v 35.40928419 71.02390028 34.81813380
v 35.33395281 71.02390028 34.80314951
v 35.33395281 71.02390028 34.80314951
v 35.40928419 87.95306994 34.81813380
v 35.40928419 87.95306994 34.81813380
v 35.40928419 87.95306994 34.81813380
v 35.40928419 87.95306994 34.81813380
v 35.33395281 87.95306994 34.80314951
v 35.33395281 87.95306994 34.80314951
v 35.40354993 88.02840067 34.83197750
v 35.40354993 88.02840067 34.83197750
v 35.40354993 88.02840067 34.83197750
v 35.40354993 88.02840067 34.83197750
v 35.33395281 88.02840067 34.81813380
v 35.33395281 88.02840067 34.81813380
v 35.38722014 88.09226061 34.87140110
v 35.38722014 88.09226061 34.87140110
v 35.38722014 88.09226061 34.87140110
v 35.38722014 88.09226061 34.87140110
v 35.33395281 88.09226061 34.86080560
v 35.33395281 88.09226061 34.86080560
v 35.33395281 88.13492991 34.92466846
v 35.33395281 88.13492991 34.92466846
v 35.36278088 88.13492991 34.93040272
v 35.36278088 88.13492991 34.93040272
v 35.36278088 88.13492991 34.93040272
v 35.36278088 88.13492991 34.93040272
v 35.38722014 70.84202982 33.47846401
v 35.38722014 70.84202982 33.47846401
v 35.38722014 70.84202982 33.47846401
v 35.38722014 70.84202982 33.47846401
v 35.43237801 70.88470007 33.52362204
v 35.43237801 70.88470007 33.52362204
v 35.43237801 70.88470007 33.52362204
v 35.43237801 70.88470007 33.52362204
v 35.46255151 70.94856001 33.55379498
v 35.46255151 70.94856001 33.55379498
v 35.46255151 70.94856001 33.55379498
v 35.46255151 70.94856001 33.55379498
v 35.47314702 71.02390028 33.56439102
v 35.47314702 71.02390028 33.56439102
v 35.47314702 71.02390028 33.56439102
v 35.47314702 71.02390028 33.56439102
v 35.47314702 87.95306994 33.56439102
v 35.47314702 87.95306994 33.56439102
v 35.47314702 87.95306994 33.56439102
v 35.47314702 87.95306994 33.56439102
v 35.46255151 88.02840067 33.55379498
v 35.46255151 88.02840067 33.55379498
v 35.46255151 88.02840067 33.55379498
v 35.46255151 88.02840067 33.55379498
v 35.43237801 88.09226061 33.52362204
v 35.43237801 88.09226061 33.52362204
v 35.43237801 88.09226061 33.52362204
v 35.43237801 88.09226061 33.52362204
v 35.38722014 88.13492991 33.47846401
v 35.38722014 88.13492991 33.47846401
v 35.38722014 88.13492991 33.47846401
v 35.38722014 88.13492991 33.47846401
v 35.38722014 88.13492991 34.94673252
v 35.38722014 88.13492991 34.94673252
v 35.38722014 88.13492991 34.94673252
v 35.38722014 88.13492991 34.94673252
v 35.43237801 88.09226061 34.90157465
v 35.43237801 88.09226061 34.90157465
v 35.43237801 88.09226061 34.90157465
v 35.43237801 88.09226061 34.90157465
v 35.46255151 88.02840067 34.87140110
v 35.46255151 88.02840067 34.87140110
v 35.46255151 88.02840067 34.87140110
v 35.46255151 88.02840067 34.87140110
v 35.47314702 87.95306994 34.86080560
v 35.47314702 87.95306994 34.86080560
v 35.47314702 87.95306994 34.86080560
v 35.47314702 87.95306994 34.86080560
v 35.47314702 71.02390028 34.86080560
v 35.47314702 71.02390028 34.86080560
v 35.47314702 71.02390028 34.86080560
v 35.47314702 71.02390028 34.86080560
v 35.46255151 70.94856001 34.87140110
v 35.46255151 70.94856001 34.87140110
v 35.46255151 70.94856001 34.87140110
v 35.46255151 70.94856001 34.87140110
v 35.43237801 70.88470007 34.90157465
v 35.43237801 70.88470007 34.90157465
v 35.43237801 70.88470007 34.90157465
v 35.43237801 70.88470007 34.90157465
v 35.38722014 70.84202982 34.94673252
v 35.38722014 70.84202982 34.94673252
v 35.38722014 70.84202982 34.94673252
v 35.38722014 70.84202982 34.94673252
v 31.99077580 93.21154976 33.42519701
v 31.99077580 93.21154976 33.42519701
v 31.99077580 93.21154976 33.42519701
v 31.99077580 93.21154976 33.42519701
v 31.96194778 93.19655991 33.49479401
v 31.96194778 93.19655991 33.49479401
v 31.96194778 93.19655991 33.49479401
v 31.96194778 93.19655991 33.49479401
v 31.93750880 93.19655991 33.47846401
v 31.93750880 93.19655991 33.47846401
v 31.93750880 93.19655991 33.47846401
v 31.93750880 93.19655991 33.47846401
v 31.92117880 93.19655991 33.45402503
v 31.92117880 93.19655991 33.45402503
v 31.92117880 93.19655991 33.45402503
v 31.92117880 93.19655991 33.45402503
v 31.99077580 93.19655991 33.50052798
v 31.99077580 93.19655991 33.50052798
v 31.93750880 93.15389061 33.55379498
v 31.93750880 93.15389061 33.55379498
v 31.93750880 93.15389061 33.55379498
v 31.93750880 93.15389061 33.55379498
v 31.89235077 93.15389061 33.52362204
v 31.89235077 93.15389061 33.52362204
v 31.89235077 93.15389061 33.52362204
v 31.89235077 93.15389061 33.52362204
v 31.91544483 93.19655991 33.42519701
v 31.91544483 93.19655991 33.42519701
v 31.86217676 93.15389061 33.47846401
v 31.86217676 93.15389061 33.47846401
v 31.86217676 93.15389061 33.47846401
v 31.86217676 93.15389061 33.47846401
v 31.99077580 68.85908508 34.99999985
v 31.99077580 75.90365982 34.92466846
v 31.99077580 75.88866997 34.99999985
v 31.99077580 68.85908508 33.42519701
v 31.99077580 75.94633007 34.86080560
v 31.99077580 76.01019001 34.81813380
v 31.99077580 76.08553028 34.80314951
v 31.99077580 93.01469994 34.80314951
v 31.99077580 76.08553028 33.62204695
v 31.99077580 76.01019001 33.60706306
v 31.99077580 75.94633007 33.56439102
v 31.99077580 75.90365982 33.50052798
v 31.99077580 75.88866997 33.42519701
v 31.99077580 93.21154976 34.99999985
v 31.99077580 98.36000061 33.42519701
v 31.99077580 98.36000061 34.99999985
v 31.99077580 93.19655991 34.92466846
v 31.99077580 93.15389061 34.86080560
v 31.99077580 93.09003067 34.81813380
v 31.99077580 93.01469994 33.62204695
v 31.99077580 93.09003067 33.60706306
v 31.99077580 93.15389061 33.56439102
v 31.99077580 93.19655991 33.50052798
v 31.99077580 93.21154976 33.42519701
v 31.99077580 93.15389061 33.56439102
v 31.99077580 93.15389061 33.56439102
v 31.92117880 93.09003067 33.59321904
v 31.92117880 93.09003067 33.59321904
v 31.92117880 93.09003067 33.59321904
v 31.92117880 93.09003067 33.59321904
v 31.86217676 93.09003067 33.55379498
v 31.86217676 93.09003067 33.55379498
v 31.86217676 93.09003067 33.55379498
v 31.86217676 93.09003067 33.55379498
v 30.41597281 70.47988606 33.42519701
v 31.99077580 75.88866997 33.42519701
v 31.99077580 68.85908508 33.42519701
v 30.41597281 75.88866997 33.42519701
v 30.49130419 75.90365982 33.42519701
v 31.91544483 75.90365982 33.42519701
v 30.55516702 75.94633007 33.42519701
v 31.85158179 75.94633007 33.42519701
v 30.59783881 76.01019001 33.42519701
v 31.80890975 76.01019001 33.42519701
v 30.61282321 76.08553028 33.42519701
v 31.79392586 76.08553028 33.42519701
v 30.61282321 93.01469994 33.42519701
v 31.79392586 93.01469994 33.42519701
v 30.59783881 93.09003067 33.42519701
v 31.80890975 93.09003067 33.42519701
v 30.55516702 93.15389061 33.42519701
v 31.85158179 93.15389061 33.42519701
v 30.49130419 93.19655991 33.42519701
v 31.91544483 93.19655991 33.42519701
v 30.41597281 93.21154976 33.42519701
v 31.99077580 93.21154976 33.42519701
v 30.41597277 99.98080063 33.42519701
v 31.99077580 98.36000061 33.42519701
v 31.85158179 93.15389061 33.42519701
v 31.85158179 93.15389061 33.42519701
v 31.82275377 93.09003067 33.49479401
v 31.82275377 93.09003067 33.49479401
v 31.82275377 93.09003067 33.49479401
v 31.82275377 93.09003067 33.49479401
v 31.99077580 98.36000061 34.99999985
v 30.41597277 99.98080063 33.42519701
v 30.41597288 99.98080063 34.99999996
v 31.99077580 98.36000061 33.42519701
v 31.99077580 75.88866997 34.99999985
v 30.41597281 70.47988606 34.99999985
v 31.99077580 68.85908508 34.99999985
v 30.41597281 75.88866997 34.99999985
v 31.91544483 75.90365982 34.99999985
v 30.49130419 75.90365982 34.99999985
v 31.85158179 75.94633007 34.99999985
v 30.55516702 75.94633007 34.99999985
v 30.59783881 76.01019001 34.99999985
v 31.80890975 76.01019001 34.99999985
v 31.79392586 76.08553028 34.99999985
v 30.61282321 76.08553028 34.99999985
v 31.79392586 93.01469994 34.99999985
v 30.61282321 93.01469994 34.99999985
v 31.80890975 93.09003067 34.99999985
v 30.59783881 93.09003067 34.99999985
v 31.85158179 93.15389061 34.99999985
v 30.55516702 93.15389061 34.99999985
v 31.91544483 93.19655991 34.99999985
v 30.49130419 93.19655991 34.99999985
v 31.99077580 93.21154976 34.99999985
v 30.41597281 93.21154976 34.99999985
v 31.99077580 98.36000061 34.99999985
v 30.41597288 99.98080063 34.99999996
v 31.99077580 93.21154976 34.99999985
v 31.99077580 93.21154976 34.99999985
v 31.99077580 93.21154976 34.99999985
v 31.99077580 93.21154976 34.99999985
v 31.96194778 93.19655991 34.93040272
v 31.96194778 93.19655991 34.93040272
v 31.96194778 93.19655991 34.93040272
v 31.96194778 93.19655991 34.93040272
v 31.99077580 93.19655991 34.92466846
v 31.99077580 93.19655991 34.92466846
v 31.99077580 93.15389061 34.86080560
v 31.99077580 93.15389061 34.86080560
v 31.93750880 93.15389061 34.87140110
v 31.93750880 93.15389061 34.87140110
v 31.93750880 93.15389061 34.87140110
v 31.93750880 93.15389061 34.87140110
v 31.92117880 93.09003067 34.83197750
v 31.92117880 93.09003067 34.83197750
v 31.92117880 93.09003067 34.83197750
v 31.92117880 93.09003067 34.83197750
v 31.99077580 93.09003067 34.81813380
v 31.99077580 93.09003067 34.81813380
v 31.91544483 93.01469994 34.81813380
v 31.91544483 93.01469994 34.81813380
v 31.91544483 93.01469994 34.81813380
v 31.91544483 93.01469994 34.81813380
v 31.99077580 93.01469994 34.80314951
v 31.99077580 93.01469994 34.80314951
v 31.91544483 76.08553028 34.81813380
v 31.91544483 76.08553028 34.81813380
v 31.91544483 76.08553028 34.81813380
v 31.91544483 76.08553028 34.81813380
v 31.99077580 76.08553028 34.80314951
v 31.99077580 76.08553028 34.80314951
v 31.92117880 76.01019001 34.83197750
v 31.92117880 76.01019001 34.83197750
v 31.92117880 76.01019001 34.83197750
v 31.92117880 76.01019001 34.83197750
v 31.99077580 76.01019001 34.81813380
v 31.99077580 76.01019001 34.81813380
v 31.93750880 75.94633007 34.87140110
v 31.93750880 75.94633007 34.87140110
v 31.93750880 75.94633007 34.87140110
v 31.93750880 75.94633007 34.87140110
v 31.99077580 75.94633007 34.86080560
v 31.99077580 75.94633007 34.86080560
v 31.96194778 75.90365982 34.93040272
v 31.96194778 75.90365982 34.93040272
v 31.96194778 75.90365982 34.93040272
v 31.96194778 75.90365982 34.93040272
v 31.99077580 75.90365982 34.92466846
v 31.99077580 75.90365982 34.92466846
v 31.99077580 75.88866997 34.99999985
v 31.99077580 75.88866997 34.99999985
v 31.99077580 75.88866997 34.99999985
v 31.99077580 75.88866997 34.99999985
v 30.41597281 70.47988606 34.99999985
v 31.99077580 68.85908508 33.42519701
v 31.99077580 68.85908508 34.99999985
v 30.41597281 70.47988606 33.42519701
v 31.99077580 75.88866997 33.42519701
v 31.99077580 75.88866997 33.42519701
v 31.99077580 75.88866997 33.42519701
v 31.99077580 75.88866997 33.42519701
v 31.96194778 75.90365982 33.49479401
v 31.96194778 75.90365982 33.49479401
v 31.96194778 75.90365982 33.49479401
v 31.96194778 75.90365982 33.49479401
v 31.99077580 75.90365982 33.50052798
v 31.99077580 75.90365982 33.50052798
v 31.99077580 75.94633007 33.56439102
v 31.99077580 75.94633007 33.56439102
v 31.93750880 75.94633007 33.55379498
v 31.93750880 75.94633007 33.55379498
v 31.93750880 75.94633007 33.55379498
v 31.93750880 75.94633007 33.55379498
v 31.92117880 76.01019001 33.59321904
v 31.92117880 76.01019001 33.59321904
v 31.92117880 76.01019001 33.59321904
v 31.92117880 76.01019001 33.59321904
v 31.99077580 76.01019001 33.60706306
v 31.99077580 76.01019001 33.60706306
v 31.91544483 76.08553028 33.60706306
v 31.91544483 76.08553028 33.60706306
v 31.91544483 76.08553028 33.60706306
v 31.91544483 76.08553028 33.60706306
v 31.99077580 76.08553028 33.62204695
v 31.99077580 76.08553028 33.62204695
v 31.91544483 93.01469994 33.60706306
v 31.91544483 93.01469994 33.60706306
v 31.91544483 93.01469994 33.60706306
v 31.91544483 93.01469994 33.60706306
v 31.99077580 93.01469994 33.62204695
v 31.99077580 93.01469994 33.62204695
v 31.99077580 93.09003067 33.60706306
v 31.99077580 93.09003067 33.60706306
v 31.85158179 93.01469994 33.56439102
v 31.85158179 93.01469994 33.56439102
v 31.85158179 93.01469994 33.56439102
v 31.85158179 93.01469994 33.56439102
v 30.41597277 99.98080063 33.42519701
v 30.41597281 93.21154976 34.99999985
v 30.41597288 99.98080063 34.99999996
v 30.41597281 93.19655991 34.92466846
v 30.41597281 93.15389061 34.86080560
v 30.41597281 93.09003067 34.81813380
v 30.41597281 93.01469994 34.80314951
v 30.41597281 93.01469994 33.62204695
v 30.41597281 93.09003067 33.60706306
v 30.41597281 93.15389061 33.56439102
v 30.41597281 93.19655991 33.50052798
v 30.41597281 93.21154976 33.42519701
v 30.41597281 75.90365982 34.92466846
v 30.41597281 70.47988606 34.99999985
v 30.41597281 75.88866997 34.99999985
v 30.41597281 70.47988606 33.42519701
v 30.41597281 75.94633007 34.86080560
v 30.41597281 76.01019001 34.81813380
v 30.41597281 76.08553028 34.80314951
v 30.41597281 76.08553028 33.62204695
v 30.41597281 76.01019001 33.60706306
v 30.41597281 75.94633007 33.56439102
v 30.41597281 75.90365982 33.50052798
v 30.41597281 75.88866997 33.42519701
v 31.80890975 93.09003067 33.42519701
v 31.80890975 93.09003067 33.42519701
v 31.79392586 93.01469994 33.42519701
v 31.79392586 93.01469994 33.42519701
v 31.80890975 93.01469994 33.50052798
v 31.80890975 93.01469994 33.50052798
v 31.80890975 93.01469994 33.50052798
v 31.80890975 93.01469994 33.50052798
v 31.80890975 76.08553028 33.50052798
v 31.80890975 76.08553028 33.50052798
v 31.80890975 76.08553028 33.50052798
v 31.80890975 76.08553028 33.50052798
v 31.79392586 76.08553028 33.42519701
v 31.79392586 76.08553028 33.42519701
v 31.82275377 76.01019001 33.49479401
v 31.82275377 76.01019001 33.49479401
v 31.82275377 76.01019001 33.49479401
v 31.82275377 76.01019001 33.49479401
v 31.80890975 76.01019001 33.42519701
v 31.80890975 76.01019001 33.42519701
v 31.86217676 75.94633007 33.47846401
v 31.86217676 75.94633007 33.47846401
v 31.86217676 75.94633007 33.47846401
v 31.86217676 75.94633007 33.47846401
v 31.85158179 75.94633007 33.42519701
v 31.85158179 75.94633007 33.42519701
v 31.91544483 75.90365982 33.42519701
v 31.91544483 75.90365982 33.42519701
v 31.92117880 75.90365982 33.45402503
v 31.92117880 75.90365982 33.45402503
v 31.92117880 75.90365982 33.45402503
v 31.92117880 75.90365982 33.45402503
v 30.49130419 75.90365982 33.42519701
v 30.49130419 75.90365982 33.42519701
v 30.41597281 75.88866997 33.42519701
v 30.41597281 75.88866997 33.42519701
v 30.41597281 75.88866997 33.42519701
v 30.41597281 75.88866997 33.42519701
v 30.48556993 75.90365982 33.45402503
v 30.48556993 75.90365982 33.45402503
v 30.48556993 75.90365982 33.45402503
v 30.48556993 75.90365982 33.45402503
v 30.54457151 75.94633007 33.47846401
v 30.54457151 75.94633007 33.47846401
v 30.54457151 75.94633007 33.47846401
v 30.54457151 75.94633007 33.47846401
v 30.55516702 75.94633007 33.42519701
v 30.55516702 75.94633007 33.42519701
v 30.59783881 76.01019001 33.42519701
v 30.59783881 76.01019001 33.42519701
v 30.58399511 76.01019001 33.49479401
v 30.58399511 76.01019001 33.49479401
v 30.58399511 76.01019001 33.49479401
v 30.58399511 76.01019001 33.49479401
v 30.61282321 76.08553028 33.42519701
v 30.61282321 76.08553028 33.42519701
v 30.59783881 76.08553028 33.50052798
v 30.59783881 76.08553028 33.50052798
v 30.59783881 76.08553028 33.50052798
v 30.59783881 76.08553028 33.50052798
v 30.61282321 93.01469994 33.42519701
v 30.61282321 93.01469994 33.42519701
v 30.59783881 93.01469994 33.50052798
v 30.59783881 93.01469994 33.50052798
v 30.59783881 93.01469994 33.50052798
v 30.59783881 93.01469994 33.50052798
v 30.58399511 93.09003067 33.49479401
v 30.58399511 93.09003067 33.49479401
v 30.58399511 93.09003067 33.49479401
v 30.58399511 93.09003067 33.49479401
v 30.59783881 93.09003067 33.42519701
v 30.59783881 93.09003067 33.42519701
v 30.54457151 93.15389061 33.47846401
v 30.54457151 93.15389061 33.47846401
v 30.54457151 93.15389061 33.47846401
v 30.54457151 93.15389061 33.47846401
v 30.55516702 93.15389061 33.42519701
v 30.55516702 93.15389061 33.42519701
v 30.49130419 93.19655991 33.42519701
v 30.49130419 93.19655991 33.42519701
v 30.48556993 93.19655991 33.45402503
v 30.48556993 93.19655991 33.45402503
v 30.48556993 93.19655991 33.45402503
v 30.48556993 93.19655991 33.45402503
v 30.41597281 93.21154976 33.42519701
v 30.41597281 93.21154976 33.42519701
v 30.41597281 93.21154976 33.42519701
v 30.41597281 93.21154976 33.42519701
v 31.92117880 75.90365982 34.97117178
v 31.92117880 75.90365982 34.97117178
v 31.92117880 75.90365982 34.97117178
v 31.92117880 75.90365982 34.97117178
v 31.91544483 75.90365982 34.99999985
v 31.91544483 75.90365982 34.99999985
v 31.86217676 75.94633007 34.94673252
v 31.86217676 75.94633007 34.94673252
v 31.86217676 75.94633007 34.94673252
v 31.86217676 75.94633007 34.94673252
v 31.85158179 75.94633007 34.99999985
v 31.85158179 75.94633007 34.99999985
v 31.80890975 76.01019001 34.99999985
v 31.80890975 76.01019001 34.99999985
v 31.82275377 76.01019001 34.93040272
v 31.82275377 76.01019001 34.93040272
v 31.82275377 76.01019001 34.93040272
v 31.82275377 76.01019001 34.93040272
v 31.79392586 76.08553028 34.99999985
v 31.79392586 76.08553028 34.99999985
v 31.80890975 76.08553028 34.92466846
v 31.80890975 76.08553028 34.92466846
v 31.80890975 76.08553028 34.92466846
v 31.80890975 76.08553028 34.92466846
v 31.79392586 93.01469994 34.99999985
v 31.79392586 93.01469994 34.99999985
v 31.80890975 93.01469994 34.92466846
v 31.80890975 93.01469994 34.92466846
v 31.80890975 93.01469994 34.92466846
v 31.80890975 93.01469994 34.92466846
v 31.80890975 93.09003067 34.99999985
v 31.80890975 93.09003067 34.99999985
v 31.82275377 93.09003067 34.93040272
v 31.82275377 93.09003067 34.93040272
v 31.82275377 93.09003067 34.93040272
v 31.82275377 93.09003067 34.93040272
v 31.85158179 93.15389061 34.99999985
v 31.85158179 93.15389061 34.99999985
v 31.86217676 93.15389061 34.94673252
v 31.86217676 93.15389061 34.94673252
v 31.86217676 93.15389061 34.94673252
v 31.86217676 93.15389061 34.94673252
v 31.91544483 93.19655991 34.99999985
v 31.91544483 93.19655991 34.99999985
v 31.92117880 93.19655991 34.97117178
v 31.92117880 93.19655991 34.97117178
v 31.92117880 93.19655991 34.97117178
v 31.92117880 93.19655991 34.97117178
v 30.49130419 93.19655991 34.99999985
v 30.49130419 93.19655991 34.99999985
v 30.41597281 93.21154976 34.99999985
v 30.41597281 93.21154976 34.99999985
v 30.41597281 93.21154976 34.99999985
v 30.41597281 93.21154976 34.99999985
v 30.48556993 93.19655991 34.97117178
v 30.48556993 93.19655991 34.97117178
v 30.48556993 93.19655991 34.97117178
v 30.48556993 93.19655991 34.97117178
v 30.54457151 93.15389061 34.94673252
v 30.54457151 93.15389061 34.94673252
v 30.54457151 93.15389061 34.94673252
v 30.54457151 93.15389061 34.94673252
v 30.55516702 93.15389061 34.99999985
v 30.55516702 93.15389061 34.99999985
v 30.59783881 93.09003067 34.99999985
v 30.59783881 93.09003067 34.99999985
v 30.58399511 93.09003067 34.93040272
v 30.58399511 93.09003067 34.93040272
v 30.58399511 93.09003067 34.93040272
v 30.58399511 93.09003067 34.93040272
v 30.61282321 93.01469994 34.99999985
v 30.61282321 93.01469994 34.99999985
v 30.59783881 93.01469994 34.92466846
v 30.59783881 93.01469994 34.92466846
v 30.59783881 93.01469994 34.92466846
v 30.59783881 93.01469994 34.92466846
v 30.61282321 76.08553028 34.99999985
v 30.61282321 76.08553028 34.99999985
v 30.59783881 76.08553028 34.92466846
v 30.59783881 76.08553028 34.92466846
v 30.59783881 76.08553028 34.92466846
v 30.59783881 76.08553028 34.92466846
v 30.59783881 76.01019001 34.99999985
v 30.59783881 76.01019001 34.99999985
v 30.58399511 76.01019001 34.93040272
v 30.58399511 76.01019001 34.93040272
v 30.58399511 76.01019001 34.93040272
v 30.58399511 76.01019001 34.93040272
v 30.55516702 75.94633007 34.99999985
v 30.55516702 75.94633007 34.99999985
v 30.54457151 75.94633007 34.94673252
v 30.54457151 75.94633007 34.94673252
v 30.54457151 75.94633007 34.94673252
v 30.54457151 75.94633007 34.94673252
v 30.49130419 75.90365982 34.99999985
v 30.49130419 75.90365982 34.99999985
v 30.48556993 75.90365982 34.97117178
v 30.48556993 75.90365982 34.97117178
v 30.48556993 75.90365982 34.97117178
v 30.48556993 75.90365982 34.97117178
v 30.41597281 75.88866997 34.99999985
v 30.41597281 75.88866997 34.99999985
v 30.41597281 75.88866997 34.99999985
v 30.41597281 75.88866997 34.99999985
v 31.93750880 93.19655991 34.94673252
v 31.93750880 93.19655991 34.94673252
v 31.93750880 93.19655991 34.94673252
v 31.93750880 93.19655991 34.94673252
v 31.89235077 93.15389061 34.90157465
v 31.89235077 93.15389061 34.90157465
v 31.89235077 93.15389061 34.90157465
v 31.89235077 93.15389061 34.90157465
v 31.86217676 93.09003067 34.87140110
v 31.86217676 93.09003067 34.87140110
v 31.86217676 93.09003067 34.87140110
v 31.86217676 93.09003067 34.87140110
v 31.85158179 93.01469994 34.86080560
v 31.85158179 93.01469994 34.86080560
v 31.85158179 93.01469994 34.86080560
v 31.85158179 93.01469994 34.86080560
v 31.85158179 76.08553028 34.86080560
v 31.85158179 76.08553028 34.86080560
v 31.85158179 76.08553028 34.86080560
v 31.85158179 76.08553028 34.86080560
v 31.86217676 76.01019001 34.87140110
v 31.86217676 76.01019001 34.87140110
v 31.86217676 76.01019001 34.87140110
v 31.86217676 76.01019001 34.87140110
v 31.89235077 75.94633007 34.90157465
v 31.89235077 75.94633007 34.90157465
v 31.89235077 75.94633007 34.90157465
v 31.89235077 75.94633007 34.90157465
v 31.93750880 75.90365982 34.94673252
v 31.93750880 75.90365982 34.94673252
v 31.93750880 75.90365982 34.94673252
v 31.93750880 75.90365982 34.94673252
v 31.93750880 75.90365982 33.47846401
v 31.93750880 75.90365982 33.47846401
v 31.93750880 75.90365982 33.47846401
v 31.93750880 75.90365982 33.47846401
v 31.89235077 75.94633007 33.52362204
v 31.89235077 75.94633007 33.52362204
v 31.89235077 75.94633007 33.52362204
v 31.89235077 75.94633007 33.52362204
v 31.86217676 76.01019001 33.55379498
v 31.86217676 76.01019001 33.55379498
v 31.86217676 76.01019001 33.55379498
v 31.86217676 76.01019001 33.55379498
v 31.85158179 76.08553028 33.56439102
v 31.85158179 76.08553028 33.56439102
v 31.85158179 76.08553028 33.56439102
v 31.85158179 76.08553028 33.56439102
v 30.44480088 93.19655991 33.49479401
v 30.44480088 93.19655991 33.49479401
v 30.44480088 93.19655991 33.49479401
v 30.44480088 93.19655991 33.49479401
v 30.41597281 93.19655991 33.50052798
v 30.41597281 93.19655991 33.50052798
v 30.41597281 93.15389061 33.56439102
v 30.41597281 93.15389061 33.56439102
v 30.46924014 93.15389061 33.55379498
v 30.46924014 93.15389061 33.55379498
v 30.46924014 93.15389061 33.55379498
v 30.46924014 93.15389061 33.55379498
v 30.48556993 93.09003067 33.59321904
v 30.48556993 93.09003067 33.59321904
v 30.48556993 93.09003067 33.59321904
v 30.48556993 93.09003067 33.59321904
v 30.41597281 93.09003067 33.60706306
v 30.41597281 93.09003067 33.60706306
v 30.49130419 93.01469994 33.60706306
v 30.49130419 93.01469994 33.60706306
v 30.49130419 93.01469994 33.60706306
v 30.49130419 93.01469994 33.60706306
v 30.41597281 93.01469994 33.62204695
v 30.41597281 93.01469994 33.62204695
v 30.49130419 76.08553028 33.60706306
v 30.49130419 76.08553028 33.60706306
v 30.49130419 76.08553028 33.60706306
v 30.49130419 76.08553028 33.60706306
v 30.41597281 76.08553028 33.62204695
v 30.41597281 76.08553028 33.62204695
v 30.48556993 76.01019001 33.59321904
v 30.48556993 76.01019001 33.59321904
v 30.48556993 76.01019001 33.59321904
v 30.48556993 76.01019001 33.59321904
v 30.41597281 76.01019001 33.60706306
v 30.41597281 76.01019001 33.60706306
v 30.46924014 75.94633007 33.55379498
v 30.46924014 75.94633007 33.55379498
v 30.46924014 75.94633007 33.55379498
v 30.46924014 75.94633007 33.55379498
v 30.41597281 75.94633007 33.56439102
v 30.41597281 75.94633007 33.56439102
v 30.41597281 75.90365982 33.50052798
v 30.41597281 75.90365982 33.50052798
v 30.44480088 75.90365982 33.49479401
v 30.44480088 75.90365982 33.49479401
v 30.44480088 75.90365982 33.49479401
v 30.44480088 75.90365982 33.49479401
v 30.44480088 75.90365982 34.93040272
v 30.44480088 75.90365982 34.93040272
v 30.44480088 75.90365982 34.93040272
v 30.44480088 75.90365982 34.93040272
v 30.41597281 75.90365982 34.92466846
v 30.41597281 75.90365982 34.92466846
v 30.41597281 75.94633007 34.86080560
v 30.41597281 75.94633007 34.86080560
v 30.46924014 75.94633007 34.87140110
v 30.46924014 75.94633007 34.87140110
v 30.46924014 75.94633007 34.87140110
v 30.46924014 75.94633007 34.87140110
v 30.48556993 76.01019001 34.83197750
v 30.48556993 76.01019001 34.83197750
v 30.48556993 76.01019001 34.83197750
v 30.48556993 76.01019001 34.83197750
v 30.41597281 76.01019001 34.81813380
v 30.41597281 76.01019001 34.81813380
v 30.49130419 76.08553028 34.81813380
v 30.49130419 76.08553028 34.81813380
v 30.49130419 76.08553028 34.81813380
v 30.49130419 76.08553028 34.81813380
v 30.41597281 76.08553028 34.80314951
v 30.41597281 76.08553028 34.80314951
v 30.49130419 93.01469994 34.81813380
v 30.49130419 93.01469994 34.81813380
v 30.49130419 93.01469994 34.81813380
v 30.49130419 93.01469994 34.81813380
v 30.41597281 93.01469994 34.80314951
v 30.41597281 93.01469994 34.80314951
v 30.48556993 93.09003067 34.83197750
v 30.48556993 93.09003067 34.83197750
v 30.48556993 93.09003067 34.83197750
v 30.48556993 93.09003067 34.83197750
v 30.41597281 93.09003067 34.81813380
v 30.41597281 93.09003067 34.81813380
v 30.46924014 93.15389061 34.87140110
v 30.46924014 93.15389061 34.87140110
v 30.46924014 93.15389061 34.87140110
v 30.46924014 93.15389061 34.87140110
v 30.41597281 93.15389061 34.86080560
v 30.41597281 93.15389061 34.86080560
v 30.41597281 93.19655991 34.92466846
v 30.41597281 93.19655991 34.92466846
v 30.44480088 93.19655991 34.93040272
v 30.44480088 93.19655991 34.93040272
v 30.44480088 93.19655991 34.93040272
v 30.44480088 93.19655991 34.93040272
v 30.46924014 75.90365982 33.47846401
v 30.46924014 75.90365982 33.47846401
v 30.46924014 75.90365982 33.47846401
v 30.46924014 75.90365982 33.47846401
v 30.51439801 75.94633007 33.52362204
v 30.51439801 75.94633007 33.52362204
v 30.51439801 75.94633007 33.52362204
v 30.51439801 75.94633007 33.52362204
v 30.54457151 76.01019001 33.55379498
v 30.54457151 76.01019001 33.55379498
v 30.54457151 76.01019001 33.55379498
v 30.54457151 76.01019001 33.55379498
v 30.55516702 76.08553028 33.56439102
v 30.55516702 76.08553028 33.56439102
v 30.55516702 76.08553028 33.56439102
v 30.55516702 76.08553028 33.56439102
v 30.55516702 93.01469994 33.56439102
v 30.55516702 93.01469994 33.56439102
v 30.55516702 93.01469994 33.56439102
v 30.55516702 93.01469994 33.56439102
v 30.54457151 93.09003067 33.55379498
v 30.54457151 93.09003067 33.55379498
v 30.54457151 93.09003067 33.55379498
v 30.54457151 93.09003067 33.55379498
v 30.51439801 93.15389061 33.52362204
v 30.51439801 93.15389061 33.52362204
v 30.51439801 93.15389061 33.52362204
v 30.51439801 93.15389061 33.52362204
v 30.46924014 93.19655991 33.47846401
v 30.46924014 93.19655991 33.47846401
v 30.46924014 93.19655991 33.47846401
v 30.46924014 93.19655991 33.47846401
v 30.46924014 93.19655991 34.94673252
v 30.46924014 93.19655991 34.94673252
v 30.46924014 93.19655991 34.94673252
v 30.46924014 93.19655991 34.94673252
v 30.51439801 93.15389061 34.90157465
v 30.51439801 93.15389061 34.90157465
v 30.51439801 93.15389061 34.90157465
v 30.51439801 93.15389061 34.90157465
v 30.54457151 93.09003067 34.87140110
v 30.54457151 93.09003067 34.87140110
v 30.54457151 93.09003067 34.87140110
v 30.54457151 93.09003067 34.87140110
v 30.55516702 93.01469994 34.86080560
v 30.55516702 93.01469994 34.86080560
v 30.55516702 93.01469994 34.86080560
v 30.55516702 93.01469994 34.86080560
v 30.55516702 76.08553028 34.86080560
v 30.55516702 76.08553028 34.86080560
v 30.55516702 76.08553028 34.86080560
v 30.55516702 76.08553028 34.86080560
v 30.54457151 76.01019001 34.87140110
v 30.54457151 76.01019001 34.87140110
v 30.54457151 76.01019001 34.87140110
v 30.54457151 76.01019001 34.87140110
v 30.51439801 75.94633007 34.90157465
v 30.51439801 75.94633007 34.90157465
v 30.51439801 75.94633007 34.90157465
v 30.51439801 75.94633007 34.90157465
v 30.46924014 75.90365982 34.94673252
v 30.46924014 75.90365982 34.94673252
v 30.46924014 75.90365982 34.94673252
v 30.46924014 75.90365982 34.94673252
v 27.07279580 98.27316976 33.42519701
v 27.07279580 98.27316976 33.42519701
v 27.07279580 98.27316976 33.42519701
v 27.07279580 98.27316976 33.42519701
v 27.04396778 98.25817991 33.49479401
v 27.04396778 98.25817991 33.49479401
v 27.04396778 98.25817991 33.49479401
v 27.04396778 98.25817991 33.49479401
v 27.01952880 98.25817991 33.47846401
v 27.01952880 98.25817991 33.47846401
v 27.01952880 98.25817991 33.47846401
v 27.01952880 98.25817991 33.47846401
v 27.00319880 98.25817991 33.45402503
v 27.00319880 98.25817991 33.45402503
v 27.00319880 98.25817991 33.45402503
v 27.00319880 98.25817991 33.45402503
v 27.07279580 98.25817991 33.50052798
v 27.07279580 98.25817991 33.50052798
v 27.01952880 98.21551061 33.55379498
v 27.01952880 98.21551061 33.55379498
v 27.01952880 98.21551061 33.55379498
v 27.01952880 98.21551061 33.55379498
v 26.97437077 98.21551061 33.52362204
v 26.97437077 98.21551061 33.52362204
v 26.97437077 98.21551061 33.52362204
v 26.97437077 98.21551061 33.52362204
v 26.99746483 98.25817991 33.42519701
v 26.99746483 98.25817991 33.42519701
v 26.94419676 98.21551061 33.47846401
v 26.94419676 98.21551061 33.47846401
v 26.94419676 98.21551061 33.47846401
v 26.94419676 98.21551061 33.47846401
v 27.07279580 73.92070508 34.99999985
v 27.07279580 80.96527982 34.92466846
v 27.07279580 80.95028997 34.99999985
v 27.07279580 73.92070508 33.42519701
v 27.07279580 81.00795007 34.86080560
v 27.07279580 81.07181001 34.81813380
v 27.07279580 81.14715028 34.80314951
v 27.07279580 98.07631994 34.80314951
v 27.07279580 81.14715028 33.62204695
v 27.07279580 81.07181001 33.60706306
v 27.07279580 81.00795007 33.56439102
v 27.07279580 80.96527982 33.50052798
v 27.07279580 80.95028997 33.42519701
v 27.07279580 98.27316976 34.99999985
v 27.07279580 103.42162061 33.42519701
v 27.07279580 103.42162061 34.99999985
v 27.07279580 98.25817991 34.92466846
v 27.07279580 98.21551061 34.86080560
v 27.07279580 98.15165067 34.81813380
v 27.07279580 98.07631994 33.62204695
v 27.07279580 98.15165067 33.60706306
v 27.07279580 98.21551061 33.56439102
v 27.07279580 98.25817991 33.50052798
v 27.07279580 98.27316976 33.42519701
v 27.07279580 98.21551061 33.56439102
v 27.07279580 98.21551061 33.56439102
v 27.00319880 98.15165067 33.59321904
v 27.00319880 98.15165067 33.59321904
v 27.00319880 98.15165067 33.59321904
v 27.00319880 98.15165067 33.59321904
v 26.94419676 98.15165067 33.55379498
v 26.94419676 98.15165067 33.55379498
v 26.94419676 98.15165067 33.55379498
v 26.94419676 98.15165067 33.55379498
v 25.49799281 75.54150606 33.42519701
v 27.07279580 80.95028997 33.42519701
v 27.07279580 73.92070508 33.42519701
v 25.49799281 80.95028997 33.42519701
v 25.57332419 80.96527982 33.42519701
v 26.99746483 80.96527982 33.42519701
v 25.63718702 81.00795007 33.42519701
v 26.93360179 81.00795007 33.42519701
v 25.67985881 81.07181001 33.42519701
v 26.89092975 81.07181001 33.42519701
v 25.69484321 81.14715028 33.42519701
v 26.87594586 81.14715028 33.42519701
v 25.69484321 98.07631994 33.42519701
v 26.87594586 98.07631994 33.42519701
v 25.67985881 98.15165067 33.42519701
v 26.89092975 98.15165067 33.42519701
v 25.63718702 98.21551061 33.42519701
v 26.93360179 98.21551061 33.42519701
v 25.57332419 98.25817991 33.42519701
v 26.99746483 98.25817991 33.42519701
v 25.49799281 98.27316976 33.42519701
v 27.07279580 98.27316976 33.42519701
v 25.49799277 105.04242063 33.42519701
v 27.07279580 103.42162061 33.42519701
v 26.93360179 98.21551061 33.42519701
v 26.93360179 98.21551061 33.42519701
v 26.90477377 98.15165067 33.49479401
v 26.90477377 98.15165067 33.49479401
v 26.90477377 98.15165067 33.49479401
v 26.90477377 98.15165067 33.49479401
v 27.07279580 103.42162061 34.99999985
v 25.49799277 105.04242063 33.42519701
v 25.49799288 105.04242063 34.99999996
v 27.07279580 103.42162061 33.42519701
v 27.07279580 80.95028997 34.99999985
v 25.49799281 75.54150606 34.99999985
v 27.07279580 73.92070508 34.99999985
v 25.49799281 80.95028997 34.99999985
v 26.99746483 80.96527982 34.99999985
v 25.57332419 80.96527982 34.99999985
v 26.93360179 81.00795007 34.99999985
v 25.63718702 81.00795007 34.99999985
v 25.67985881 81.07181001 34.99999985
v 26.89092975 81.07181001 34.99999985
v 26.87594586 81.14715028 34.99999985
v 25.69484321 81.14715028 34.99999985
v 26.87594586 98.07631994 34.99999985
v 25.69484321 98.07631994 34.99999985
v 26.89092975 98.15165067 34.99999985
v 25.67985881 98.15165067 34.99999985
v 26.93360179 98.21551061 34.99999985
v 25.63718702 98.21551061 34.99999985
v 26.99746483 98.25817991 34.99999985
v 25.57332419 98.25817991 34.99999985
v 27.07279580 98.27316976 34.99999985
v 25.49799281 98.27316976 34.99999985
v 27.07279580 103.42162061 34.99999985
v 25.49799288 105.04242063 34.99999996
v 27.07279580 98.27316976 34.99999985
v 27.07279580 98.27316976 34.99999985
v 27.07279580 98.27316976 34.99999985
v 27.07279580 98.27316976 34.99999985
v 27.04396778 98.25817991 34.93040272
v 27.04396778 98.25817991 34.93040272
v 27.04396778 98.25817991 34.93040272
v 27.04396778 98.25817991 34.93040272
v 27.07279580 98.25817991 34.92466846
v 27.07279580 98.25817991 34.92466846
v 27.07279580 98.21551061 34.86080560
v 27.07279580 98.21551061 34.86080560
v 27.01952880 98.21551061 34.87140110
v 27.01952880 98.21551061 34.87140110
v 27.01952880 98.21551061 34.87140110
v 27.01952880 98.21551061 34.87140110
v 27.00319880 98.15165067 34.83197750
v 27.00319880 98.15165067 34.83197750
v 27.00319880 98.15165067 34.83197750
v 27.00319880 98.15165067 34.83197750
v 27.07279580 98.15165067 34.81813380
v 27.07279580 98.15165067 34.81813380
v 26.99746483 98.07631994 34.81813380
v 26.99746483 98.07631994 34.81813380
v 26.99746483 98.07631994 34.81813380
v 26.99746483 98.07631994 34.81813380
v 27.07279580 98.07631994 34.80314951
v 27.07279580 98.07631994 34.80314951
v 26.99746483 81.14715028 34.81813380
v 26.99746483 81.14715028 34.81813380
v 26.99746483 81.14715028 34.81813380
v 26.99746483 81.14715028 34.81813380
v 27.07279580 81.14715028 34.80314951
v 27.07279580 81.14715028 34.80314951
v 27.00319880 81.07181001 34.83197750
v 27.00319880 81.07181001 34.83197750
v 27.00319880 81.07181001 34.83197750
v 27.00319880 81.07181001 34.83197750
v 27.07279580 81.07181001 34.81813380
v 27.07279580 81.07181001 34.81813380
v 27.01952880 81.00795007 34.87140110
v 27.01952880 81.00795007 34.87140110
v 27.01952880 81.00795007 34.87140110
v 27.01952880 81.00795007 34.87140110
v 27.07279580 81.00795007 34.86080560
v 27.07279580 81.00795007 34.86080560
v 27.04396778 80.96527982 34.93040272
v 27.04396778 80.96527982 34.93040272
v 27.04396778 80.96527982 34.93040272
v 27.04396778 80.96527982 34.93040272
v 27.07279580 80.96527982 34.92466846
v 27.07279580 80.96527982 34.92466846
v 27.07279580 80.95028997 34.99999985
v 27.07279580 80.95028997 34.99999985
v 27.07279580 80.95028997 34.99999985
v 27.07279580 80.95028997 34.99999985
v 25.49799281 75.54150606 34.99999985
v 27.07279580 73.92070508 33.42519701
v 27.07279580 73.92070508 34.99999985
v 25.49799281 75.54150606 33.42519701
v 27.07279580 80.95028997 33.42519701
v 27.07279580 80.95028997 33.42519701
v 27.07279580 80.95028997 33.42519701
v 27.07279580 80.95028997 33.42519701
v 27.04396778 80.96527982 33.49479401
v 27.04396778 80.96527982 33.49479401
v 27.04396778 80.96527982 33.49479401
v 27.04396778 80.96527982 33.49479401
v 27.07279580 80.96527982 33.50052798
v 27.07279580 80.96527982 33.50052798
v 27.07279580 81.00795007 33.56439102
v 27.07279580 81.00795007 33.56439102
v 27.01952880 81.00795007 33.55379498
v 27.01952880 81.00795007 33.55379498
v 27.01952880 81.00795007 33.55379498
v 27.01952880 81.00795007 33.55379498
v 27.00319880 81.07181001 33.59321904
v 27.00319880 81.07181001 33.59321904
v 27.00319880 81.07181001 33.59321904
v 27.00319880 81.07181001 33.59321904
v 27.07279580 81.07181001 33.60706306
v 27.07279580 81.07181001 33.60706306
v 26.99746483 81.14715028 33.60706306
v 26.99746483 81.14715028 33.60706306
v 26.99746483 81.14715028 33.60706306
v 26.99746483 81.14715028 33.60706306
v 27.07279580 81.14715028 33.62204695
v 27.07279580 81.14715028 33.62204695
v 26.99746483 98.07631994 33.60706306
v 26.99746483 98.07631994 33.60706306
v 26.99746483 98.07631994 33.60706306
v 26.99746483 98.07631994 33.60706306
v 27.07279580 98.07631994 33.62204695
v 27.07279580 98.07631994 33.62204695
v 27.07279580 98.15165067 33.60706306
v 27.07279580 98.15165067 33.60706306
v 26.93360179 98.07631994 33.56439102
v 26.93360179 98.07631994 33.56439102
v 26.93360179 98.07631994 33.56439102
v 26.93360179 98.07631994 33.56439102
v 25.49799277 105.04242063 33.42519701
v 25.49799281 98.27316976 34.99999985
v 25.49799288 105.04242063 34.99999996
v 25.49799281 98.25817991 34.92466846
v 25.49799281 98.21551061 34.86080560
v 25.49799281 98.15165067 34.81813380
v 25.49799281 98.07631994 34.80314951
v 25.49799281 98.07631994 33.62204695
v 25.49799281 98.15165067 33.60706306
v 25.49799281 98.21551061 33.56439102
v 25.49799281 98.25817991 33.50052798
v 25.49799281 98.27316976 33.42519701
v 25.49799281 80.96527982 34.92466846
v 25.49799281 75.54150606 34.99999985
v 25.49799281 80.95028997 34.99999985
v 25.49799281 75.54150606 33.42519701
v 25.49799281 81.00795007 34.86080560
v 25.49799281 81.07181001 34.81813380
v 25.49799281 81.14715028 34.80314951
v 25.49799281 81.14715028 33.62204695
v 25.49799281 81.07181001 33.60706306
v 25.49799281 81.00795007 33.56439102
v 25.49799281 80.96527982 33.50052798
v 25.49799281 80.95028997 33.42519701
v 26.89092975 98.15165067 33.42519701
v 26.89092975 98.15165067 33.42519701
v 26.87594586 98.07631994 33.42519701
v 26.87594586 98.07631994 33.42519701
v 26.89092975 98.07631994 33.50052798
v 26.89092975 98.07631994 33.50052798
v 26.89092975 98.07631994 33.50052798
v 26.89092975 98.07631994 33.50052798
v 26.89092975 81.14715028 33.50052798
v 26.89092975 81.14715028 33.50052798
v 26.89092975 81.14715028 33.50052798
v 26.89092975 81.14715028 33.50052798
v 26.87594586 81.14715028 33.42519701
v 26.87594586 81.14715028 33.42519701
v 26.90477377 81.07181001 33.49479401
v 26.90477377 81.07181001 33.49479401
v 26.90477377 81.07181001 33.49479401
v 26.90477377 81.07181001 33.49479401
v 26.89092975 81.07181001 33.42519701
v 26.89092975 81.07181001 33.42519701
v 26.94419676 81.00795007 33.47846401
v 26.94419676 81.00795007 33.47846401
v 26.94419676 81.00795007 33.47846401
v 26.94419676 81.00795007 33.47846401
v 26.93360179 81.00795007 33.42519701
v 26.93360179 81.00795007 33.42519701
v 26.99746483 80.96527982 33.42519701
v 26.99746483 80.96527982 33.42519701
v 27.00319880 80.96527982 33.45402503
v 27.00319880 80.96527982 33.45402503
v 27.00319880 80.96527982 33.45402503
v 27.00319880 80.96527982 33.45402503
v 25.57332419 80.96527982 33.42519701
v 25.57332419 80.96527982 33.42519701
v 25.49799281 80.95028997 33.42519701
v 25.49799281 80.95028997 33.42519701
v 25.49799281 80.95028997 33.42519701
v 25.49799281 80.95028997 33.42519701
v 25.56758993 80.96527982 33.45402503
v 25.56758993 80.96527982 33.45402503
v 25.56758993 80.96527982 33.45402503
v 25.56758993 80.96527982 33.45402503
v 25.62659151 81.00795007 33.47846401
v 25.62659151 81.00795007 33.47846401
v 25.62659151 81.00795007 33.47846401
v 25.62659151 81.00795007 33.47846401
v 25.63718702 81.00795007 33.42519701
v 25.63718702 81.00795007 33.42519701
v 25.67985881 81.07181001 33.42519701
v 25.67985881 81.07181001 33.42519701
v 25.66601511 81.07181001 33.49479401
v 25.66601511 81.07181001 33.49479401
v 25.66601511 81.07181001 33.49479401
v 25.66601511 81.07181001 33.49479401
v 25.69484321 81.14715028 33.42519701
v 25.69484321 81.14715028 33.42519701
v 25.67985881 81.14715028 33.50052798
v 25.67985881 81.14715028 33.50052798
v 25.67985881 81.14715028 33.50052798
v 25.67985881 81.14715028 33.50052798
v 25.69484321 98.07631994 33.42519701
v 25.69484321 98.07631994 33.42519701
v 25.67985881 98.07631994 33.50052798
v 25.67985881 98.07631994 33.50052798
v 25.67985881 98.07631994 33.50052798
v 25.67985881 98.07631994 33.50052798
v 25.66601511 98.15165067 33.49479401
v 25.66601511 98.15165067 33.49479401
v 25.66601511 98.15165067 33.49479401
v 25.66601511 98.15165067 33.49479401
v 25.67985881 98.15165067 33.42519701
v 25.67985881 98.15165067 33.42519701
v 25.62659151 98.21551061 33.47846401
v 25.62659151 98.21551061 33.47846401
v 25.62659151 98.21551061 33.47846401
v 25.62659151 98.21551061 33.47846401
v 25.63718702 98.21551061 33.42519701
v 25.63718702 98.21551061 33.42519701
v 25.57332419 98.25817991 33.42519701
v 25.57332419 98.25817991 33.42519701
v 25.56758993 98.25817991 33.45402503
v 25.56758993 98.25817991 33.45402503
v 25.56758993 98.25817991 33.45402503
v 25.56758993 98.25817991 33.45402503
v 25.49799281 98.27316976 33.42519701
v 25.49799281 98.27316976 33.42519701
v 25.49799281 98.27316976 33.42519701
v 25.49799281 98.27316976 33.42519701
v 27.00319880 80.96527982 34.97117178
v 27.00319880 80.96527982 34.97117178
v 27.00319880 80.96527982 34.97117178
v 27.00319880 80.96527982 34.97117178
v 26.99746483 80.96527982 34.99999985
v 26.99746483 80.96527982 34.99999985
v 26.94419676 81.00795007 34.94673252
v 26.94419676 81.00795007 34.94673252
v 26.94419676 81.00795007 34.94673252
v 26.94419676 81.00795007 34.94673252
v 26.93360179 81.00795007 34.99999985
v 26.93360179 81.00795007 34.99999985
v 26.89092975 81.07181001 34.99999985
v 26.89092975 81.07181001 34.99999985
v 26.90477377 81.07181001 34.93040272
v 26.90477377 81.07181001 34.93040272
v 26.90477377 81.07181001 34.93040272
v 26.90477377 81.07181001 34.93040272
v 26.87594586 81.14715028 34.99999985
v 26.87594586 81.14715028 34.99999985
v 26.89092975 81.14715028 34.92466846
v 26.89092975 81.14715028 34.92466846
v 26.89092975 81.14715028 34.92466846
v 26.89092975 81.14715028 34.92466846
v 26.87594586 98.07631994 34.99999985
v 26.87594586 98.07631994 34.99999985
v 26.89092975 98.07631994 34.92466846
v 26.89092975 98.07631994 34.92466846
v 26.89092975 98.07631994 34.92466846
v 26.89092975 98.07631994 34.92466846
v 26.89092975 98.15165067 34.99999985
v 26.89092975 98.15165067 34.99999985
v 26.90477377 98.15165067 34.93040272
v 26.90477377 98.15165067 34.93040272
v 26.90477377 98.15165067 34.93040272
v 26.90477377 98.15165067 34.93040272
v 26.93360179 98.21551061 34.99999985
v 26.93360179 98.21551061 34.99999985
v 26.94419676 98.21551061 34.94673252
v 26.94419676 98.21551061 34.94673252
v 26.94419676 98.21551061 34.94673252
v 26.94419676 98.21551061 34.94673252
v 26.99746483 98.25817991 34.99999985
v 26.99746483 98.25817991 34.99999985
v 27.00319880 98.25817991 34.97117178
v 27.00319880 98.25817991 34.97117178
v 27.00319880 98.25817991 34.97117178
v 27.00319880 98.25817991 34.97117178
v 25.57332419 98.25817991 34.99999985
v 25.57332419 98.25817991 34.99999985
v 25.49799281 98.27316976 34.99999985
v 25.49799281 98.27316976 34.99999985
v 25.49799281 98.27316976 34.99999985
v 25.49799281 98.27316976 34.99999985
v 25.56758993 98.25817991 34.97117178
v 25.56758993 98.25817991 34.97117178
v 25.56758993 98.25817991 34.97117178
v 25.56758993 98.25817991 34.97117178
v 25.62659151 98.21551061 34.94673252
v 25.62659151 98.21551061 34.94673252
v 25.62659151 98.21551061 34.94673252
v 25.62659151 98.21551061 34.94673252
v 25.63718702 98.21551061 34.99999985
v 25.63718702 98.21551061 34.99999985
v 25.67985881 98.15165067 34.99999985
v 25.67985881 98.15165067 34.99999985
v 25.66601511 98.15165067 34.93040272
v 25.66601511 98.15165067 34.93040272
v 25.66601511 98.15165067 34.93040272
v 25.66601511 98.15165067 34.93040272
v 25.69484321 98.07631994 34.99999985
v 25.69484321 98.07631994 34.99999985
v 25.67985881 98.07631994 34.92466846
v 25.67985881 98.07631994 34.92466846
v 25.67985881 98.07631994 34.92466846
v 25.67985881 98.07631994 34.92466846
v 25.69484321 81.14715028 34.99999985
v 25.69484321 81.14715028 34.99999985
v 25.67985881 81.14715028 34.92466846
v 25.67985881 81.14715028 34.92466846
v 25.67985881 81.14715028 34.92466846
v 25.67985881 81.14715028 34.92466846
v 25.67985881 81.07181001 34.99999985
v 25.67985881 81.07181001 34.99999985
v 25.66601511 81.07181001 34.93040272
v 25.66601511 81.07181001 34.93040272
v 25.66601511 81.07181001 34.93040272
v 25.66601511 81.07181001 34.93040272
v 25.63718702 81.00795007 34.99999985
v 25.63718702 81.00795007 34.99999985
v 25.62659151 81.00795007 34.94673252
v 25.62659151 81.00795007 34.94673252
v 25.62659151 81.00795007 34.94673252
v 25.62659151 81.00795007 34.94673252
v 25.57332419 80.96527982 34.99999985
v 25.57332419 80.96527982 34.99999985
v 25.56758993 80.96527982 34.97117178
v 25.56758993 80.96527982 34.97117178
v 25.56758993 80.96527982 34.97117178
v 25.56758993 80.96527982 34.97117178
v 25.49799281 80.95028997 34.99999985
v 25.49799281 80.95028997 34.99999985
v 25.49799281 80.95028997 34.99999985
v 25.49799281 80.95028997 34.99999985
v 27.01952880 98.25817991 34.94673252
v 27.01952880 98.25817991 34.94673252
v 27.01952880 98.25817991 34.94673252
v 27.01952880 98.25817991 34.94673252
v 26.97437077 98.21551061 34.90157465
v 26.97437077 98.21551061 34.90157465
v 26.97437077 98.21551061 34.90157465
v 26.97437077 98.21551061 34.90157465
v 26.94419676 98.15165067 34.87140110
v 26.94419676 98.15165067 34.87140110
v 26.94419676 98.15165067 34.87140110
v 26.94419676 98.15165067 34.87140110
v 26.93360179 98.07631994 34.86080560
v 26.93360179 98.07631994 34.86080560
v 26.93360179 98.07631994 34.86080560
v 26.93360179 98.07631994 34.86080560
v 26.93360179 81.14715028 34.86080560
v 26.93360179 81.14715028 34.86080560
v 26.93360179 81.14715028 34.86080560
v 26.93360179 81.14715028 34.86080560
v 26.94419676 81.07181001 34.87140110
v 26.94419676 81.07181001 34.87140110
v 26.94419676 81.07181001 34.87140110
v 26.94419676 81.07181001 34.87140110
v 26.97437077 81.00795007 34.90157465
v 26.97437077 81.00795007 34.90157465
v 26.97437077 81.00795007 34.90157465
v 26.97437077 81.00795007 34.90157465
v 27.01952880 80.96527982 34.94673252
v 27.01952880 80.96527982 34.94673252
v 27.01952880 80.96527982 34.94673252
v 27.01952880 80.96527982 34.94673252
v 27.01952880 80.96527982 33.47846401
v 27.01952880 80.96527982 33.47846401
v 27.01952880 80.96527982 33.47846401
v 27.01952880 80.96527982 33.47846401
v 26.97437077 81.00795007 33.52362204
v 26.97437077 81.00795007 33.52362204
v 26.97437077 81.00795007 33.52362204
v 26.97437077 81.00795007 33.52362204
v 26.94419676 81.07181001 33.55379498
v 26.94419676 81.07181001 33.55379498
v 26.94419676 81.07181001 33.55379498
v 26.94419676 81.07181001 33.55379498
v 26.93360179 81.14715028 33.56439102
v 26.93360179 81.14715028 33.56439102
v 26.93360179 81.14715028 33.56439102
v 26.93360179 81.14715028 33.56439102
v 25.52682088 98.25817991 33.49479401
v 25.52682088 98.25817991 33.49479401
v 25.52682088 98.25817991 33.49479401
v 25.52682088 98.25817991 33.49479401
v 25.49799281 98.25817991 33.50052798
v 25.49799281 98.25817991 33.50052798
v 25.49799281 98.21551061 33.56439102
v 25.49799281 98.21551061 33.56439102
v 25.55126014 98.21551061 33.55379498
v 25.55126014 98.21551061 33.55379498
v 25.55126014 98.21551061 33.55379498
v 25.55126014 98.21551061 33.55379498
v 25.56758993 98.15165067 33.59321904
v 25.56758993 98.15165067 33.59321904
v 25.56758993 98.15165067 33.59321904
v 25.56758993 98.15165067 33.59321904
v 25.49799281 98.15165067 33.60706306
v 25.49799281 98.15165067 33.60706306
v 25.57332419 98.07631994 33.60706306
v 25.57332419 98.07631994 33.60706306
v 25.57332419 98.07631994 33.60706306
v 25.57332419 98.07631994 33.60706306
v 25.49799281 98.07631994 33.62204695
v 25.49799281 98.07631994 33.62204695
v 25.57332419 81.14715028 33.60706306
v 25.57332419 81.14715028 33.60706306
v 25.57332419 81.14715028 33.60706306
v 25.57332419 81.14715028 33.60706306
v 25.49799281 81.14715028 33.62204695
v 25.49799281 81.14715028 33.62204695
v 25.56758993 81.07181001 33.59321904
v 25.56758993 81.07181001 33.59321904
v 25.56758993 81.07181001 33.59321904
v 25.56758993 81.07181001 33.59321904
v 25.49799281 81.07181001 33.60706306
v 25.49799281 81.07181001 33.60706306
v 25.55126014 81.00795007 33.55379498
v 25.55126014 81.00795007 33.55379498
v 25.55126014 81.00795007 33.55379498
v 25.55126014 81.00795007 33.55379498
v 25.49799281 81.00795007 33.56439102
v 25.49799281 81.00795007 33.56439102
v 25.49799281 80.96527982 33.50052798
v 25.49799281 80.96527982 33.50052798
v 25.52682088 80.96527982 33.49479401
v 25.52682088 80.96527982 33.49479401
v 25.52682088 80.96527982 33.49479401
v 25.52682088 80.96527982 33.49479401
v 25.52682088 80.96527982 34.93040272
v 25.52682088 80.96527982 34.93040272
v 25.52682088 80.96527982 34.93040272
v 25.52682088 80.96527982 34.93040272
v 25.49799281 80.96527982 34.92466846
v 25.49799281 80.96527982 34.92466846
v 25.49799281 81.00795007 34.86080560
v 25.49799281 81.00795007 34.86080560
v 25.55126014 81.00795007 34.87140110
v 25.55126014 81.00795007 34.87140110
v 25.55126014 81.00795007 34.87140110
v 25.55126014 81.00795007 34.87140110
v 25.56758993 81.07181001 34.83197750
v 25.56758993 81.07181001 34.83197750
v 25.56758993 81.07181001 34.83197750
v 25.56758993 81.07181001 34.83197750
v 25.49799281 81.07181001 34.81813380
v 25.49799281 81.07181001 34.81813380
v 25.57332419 81.14715028 34.81813380
v 25.57332419 81.14715028 34.81813380
v 25.57332419 81.14715028 34.81813380
v 25.57332419 81.14715028 34.81813380
v 25.49799281 81.14715028 34.80314951
v 25.49799281 81.14715028 34.80314951
v 25.57332419 98.07631994 34.81813380
v 25.57332419 98.07631994 34.81813380
v 25.57332419 98.07631994 34.81813380
v 25.57332419 98.07631994 34.81813380
v 25.49799281 98.07631994 34.80314951
v 25.49799281 98.07631994 34.80314951
v 25.56758993 98.15165067 34.83197750
v 25.56758993 98.15165067 34.83197750
v 25.56758993 98.15165067 34.83197750
v 25.56758993 98.15165067 34.83197750
v 25.49799281 98.15165067 34.81813380
v 25.49799281 98.15165067 34.81813380
v 25.55126014 98.21551061 34.87140110
v 25.55126014 98.21551061 34.87140110
v 25.55126014 98.21551061 34.87140110
v 25.55126014 98.21551061 34.87140110
v 25.49799281 98.21551061 34.86080560
v 25.49799281 98.21551061 34.86080560
v 25.49799281 98.25817991 34.92466846
v 25.49799281 98.25817991 34.92466846
v 25.52682088 98.25817991 34.93040272
v 25.52682088 98.25817991 34.93040272
v 25.52682088 98.25817991 34.93040272
v 25.52682088 98.25817991 34.93040272
v 25.55126014 80.96527982 33.47846401
v 25.55126014 80.96527982 33.47846401
v 25.55126014 80.96527982 33.47846401
v 25.55126014 80.96527982 33.47846401
v 25.59641801 81.00795007 33.52362204
v 25.59641801 81.00795007 33.52362204
v 25.59641801 81.00795007 33.52362204
v 25.59641801 81.00795007 33.52362204
v 25.62659151 81.07181001 33.55379498
v 25.62659151 81.07181001 33.55379498
v 25.62659151 81.07181001 33.55379498
v 25.62659151 81.07181001 33.55379498
v 25.63718702 81.14715028 33.56439102
v 25.63718702 81.14715028 33.56439102
v 25.63718702 81.14715028 33.56439102
v 25.63718702 81.14715028 33.56439102
v 25.63718702 98.07631994 33.56439102
v 25.63718702 98.07631994 33.56439102
v 25.63718702 98.07631994 33.56439102
v 25.63718702 98.07631994 33.56439102
v 25.62659151 98.15165067 33.55379498
v 25.62659151 98.15165067 33.55379498
v 25.62659151 98.15165067 33.55379498
v 25.62659151 98.15165067 33.55379498
v 25.59641801 98.21551061 33.52362204
v 25.59641801 98.21551061 33.52362204
v 25.59641801 98.21551061 33.52362204
v 25.59641801 98.21551061 33.52362204
v 25.55126014 98.25817991 33.47846401
v 25.55126014 98.25817991 33.47846401
v 25.55126014 98.25817991 33.47846401
v 25.55126014 98.25817991 33.47846401
v 25.55126014 98.25817991 34.94673252
v 25.55126014 98.25817991 34.94673252
v 25.55126014 98.25817991 34.94673252
v 25.55126014 98.25817991 34.94673252
v 25.59641801 98.21551061 34.90157465
v 25.59641801 98.21551061 34.90157465
v 25.59641801 98.21551061 34.90157465
v 25.59641801 98.21551061 34.90157465
v 25.62659151 98.15165067 34.87140110
v 25.62659151 98.15165067 34.87140110
v 25.62659151 98.15165067 34.87140110
v 25.62659151 98.15165067 34.87140110
v 25.63718702 98.07631994 34.86080560
v 25.63718702 98.07631994 34.86080560
v 25.63718702 98.07631994 34.86080560
v 25.63718702 98.07631994 34.86080560
v 25.63718702 81.14715028 34.86080560
v 25.63718702 81.14715028 34.86080560
v 25.63718702 81.14715028 34.86080560
v 25.63718702 81.14715028 34.86080560
v 25.62659151 81.07181001 34.87140110
v 25.62659151 81.07181001 34.87140110
v 25.62659151 81.07181001 34.87140110
v 25.62659151 81.07181001 34.87140110
v 25.59641801 81.00795007 34.90157465
v 25.59641801 81.00795007 34.90157465
v 25.59641801 81.00795007 34.90157465
v 25.59641801 81.00795007 34.90157465
v 25.55126014 80.96527982 34.94673252
v 25.55126014 80.96527982 34.94673252
v 25.55126014 80.96527982 34.94673252
v 25.55126014 80.96527982 34.94673252
v 22.15481580 103.33479976 33.42519701
v 22.15481580 103.33479976 33.42519701
v 22.15481580 103.33479976 33.42519701
v 22.15481580 103.33479976 33.42519701
v 22.12598778 103.31980991 33.49479401
v 22.12598778 103.31980991 33.49479401
v 22.12598778 103.31980991 33.49479401
v 22.12598778 103.31980991 33.49479401
v 22.10154880 103.31980991 33.47846401
v 22.10154880 103.31980991 33.47846401
v 22.10154880 103.31980991 33.47846401
v 22.10154880 103.31980991 33.47846401
v 22.08521880 103.31980991 33.45402503
v 22.08521880 103.31980991 33.45402503
v 22.08521880 103.31980991 33.45402503
v 22.08521880 103.31980991 33.45402503
v 22.15481580 103.31980991 33.50052798
v 22.15481580 103.31980991 33.50052798
v 22.10154880 103.27714061 33.55379498
v 22.10154880 103.27714061 33.55379498
v 22.10154880 103.27714061 33.55379498
v 22.10154880 103.27714061 33.55379498
v 22.05639077 103.27714061 33.52362204
v 22.05639077 103.27714061 33.52362204
v 22.05639077 103.27714061 33.52362204
v 22.05639077 103.27714061 33.52362204
v 22.07948483 103.31980991 33.42519701
v 22.07948483 103.31980991 33.42519701
v 22.02621676 103.27714061 33.47846401
v 22.02621676 103.27714061 33.47846401
v 22.02621676 103.27714061 33.47846401
v 22.02621676 103.27714061 33.47846401
v 22.15481580 78.98233508 34.99999985
v 22.15481580 86.02690982 34.92466846
v 22.15481580 86.01191997 34.99999985
v 22.15481580 78.98233508 33.42519701
v 22.15481580 86.06958007 34.86080560
v 22.15481580 86.13344001 34.81813380
v 22.15481580 86.20878028 34.80314951
v 22.15481580 103.13794994 34.80314951
v 22.15481580 86.20878028 33.62204695
v 22.15481580 86.13344001 33.60706306
v 22.15481580 86.06958007 33.56439102
v 22.15481580 86.02690982 33.50052798
v 22.15481580 86.01191997 33.42519701
v 22.15481580 103.33479976 34.99999985
v 22.15481580 108.48325061 33.42519701
v 22.15481580 108.48325061 34.99999985
v 22.15481580 103.31980991 34.92466846
v 22.15481580 103.27714061 34.86080560
v 22.15481580 103.21328067 34.81813380
v 22.15481580 103.13794994 33.62204695
v 22.15481580 103.21328067 33.60706306
v 22.15481580 103.27714061 33.56439102
v 22.15481580 103.31980991 33.50052798
v 22.15481580 103.33479976 33.42519701
v 22.15481580 103.27714061 33.56439102
v 22.15481580 103.27714061 33.56439102
v 22.08521880 103.21328067 33.59321904
v 22.08521880 103.21328067 33.59321904
v 22.08521880 103.21328067 33.59321904
v 22.08521880 103.21328067 33.59321904
v 22.02621676 103.21328067 33.55379498
v 22.02621676 103.21328067 33.55379498
v 22.02621676 103.21328067 33.55379498
v 22.02621676 103.21328067 33.55379498
v 20.58001281 80.60313606 33.42519701
v 22.15481580 86.01191997 33.42519701
v 22.15481580 78.98233508 33.42519701
v 20.58001281 86.01191997 33.42519701
v 20.65534419 86.02690982 33.42519701
v 22.07948483 86.02690982 33.42519701
v 20.71920702 86.06958007 33.42519701
v 22.01562179 86.06958007 33.42519701
v 20.76187881 86.13344001 33.42519701
v 21.97294975 86.13344001 33.42519701
v 20.77686321 86.20878028 33.42519701
v 21.95796586 86.20878028 33.42519701
v 20.77686321 103.13794994 33.42519701
v 21.95796586 103.13794994 33.42519701
v 20.76187881 103.21328067 33.42519701
v 21.97294975 103.21328067 33.42519701
v 20.71920702 103.27714061 33.42519701
v 22.01562179 103.27714061 33.42519701
v 20.65534419 103.31980991 33.42519701
v 22.07948483 103.31980991 33.42519701
v 20.58001281 103.33479976 33.42519701
v 22.15481580 103.33479976 33.42519701
v 20.58001277 110.10405063 33.42519701
v 22.15481580 108.48325061 33.42519701
v 22.01562179 103.27714061 33.42519701
v 22.01562179 103.27714061 33.42519701
v 21.98679377 103.21328067 33.49479401
v 21.98679377 103.21328067 33.49479401
v 21.98679377 103.21328067 33.49479401
v 21.98679377 103.21328067 33.49479401
v 22.15481580 108.48325061 34.99999985
v 20.58001277 110.10405063 33.42519701
v 20.58001288 110.10405063 34.99999996
v 22.15481580 108.48325061 33.42519701
v 22.15481580 86.01191997 34.99999985
v 20.58001281 80.60313606 34.99999985
v 22.15481580 78.98233508 34.99999985
v 20.58001281 86.01191997 34.99999985
v 22.07948483 86.02690982 34.99999985
v 20.65534419 86.02690982 34.99999985
v 22.01562179 86.06958007 34.99999985
v 20.71920702 86.06958007 34.99999985
v 20.76187881 86.13344001 34.99999985
v 21.97294975 86.13344001 34.99999985
v 21.95796586 86.20878028 34.99999985
v 20.77686321 86.20878028 34.99999985
v 21.95796586 103.13794994 34.99999985
v 20.77686321 103.13794994 34.99999985
v 21.97294975 103.21328067 34.99999985
v 20.76187881 103.21328067 34.99999985
v 22.01562179 103.27714061 34.99999985
v 20.71920702 103.27714061 34.99999985
v 22.07948483 103.31980991 34.99999985
v 20.65534419 103.31980991 34.99999985
v 22.15481580 103.33479976 34.99999985
v 20.58001281 103.33479976 34.99999985
v 22.15481580 108.48325061 34.99999985
v 20.58001288 110.10405063 34.99999996
v 22.15481580 103.33479976 34.99999985
v 22.15481580 103.33479976 34.99999985
v 22.15481580 103.33479976 34.99999985
v 22.15481580 103.33479976 34.99999985
v 22.12598778 103.31980991 34.93040272
v 22.12598778 103.31980991 34.93040272
v 22.12598778 103.31980991 34.93040272
v 22.12598778 103.31980991 34.93040272
v 22.15481580 103.31980991 34.92466846
v 22.15481580 103.31980991 34.92466846
v 22.15481580 103.27714061 34.86080560
v 22.15481580 103.27714061 34.86080560
v 22.10154880 103.27714061 34.87140110
v 22.10154880 103.27714061 34.87140110
v 22.10154880 103.27714061 34.87140110
v 22.10154880 103.27714061 34.87140110
v 22.08521880 103.21328067 34.83197750
v 22.08521880 103.21328067 34.83197750
v 22.08521880 103.21328067 34.83197750
v 22.08521880 103.21328067 34.83197750
v 22.15481580 103.21328067 34.81813380
v 22.15481580 103.21328067 34.81813380
v 22.07948483 103.13794994 34.81813380
v 22.07948483 103.13794994 34.81813380
v 22.07948483 103.13794994 34.81813380
v 22.07948483 103.13794994 34.81813380
v 22.15481580 103.13794994 34.80314951
v 22.15481580 103.13794994 34.80314951
v 22.07948483 86.20878028 34.81813380
v 22.07948483 86.20878028 34.81813380
v 22.07948483 86.20878028 34.81813380
v 22.07948483 86.20878028 34.81813380
v 22.15481580 86.20878028 34.80314951
v 22.15481580 86.20878028 34.80314951
v 22.08521880 86.13344001 34.83197750
v 22.08521880 86.13344001 34.83197750
v 22.08521880 86.13344001 34.83197750
v 22.08521880 86.13344001 34.83197750
v 22.15481580 86.13344001 34.81813380
v 22.15481580 86.13344001 34.81813380
v 22.10154880 86.06958007 34.87140110
v 22.10154880 86.06958007 34.87140110
v 22.10154880 86.06958007 34.87140110
v 22.10154880 86.06958007 34.87140110
v 22.15481580 86.06958007 34.86080560
v 22.15481580 86.06958007 34.86080560
v 22.12598778 86.02690982 34.93040272
v 22.12598778 86.02690982 34.93040272
v 22.12598778 86.02690982 34.93040272
v 22.12598778 86.02690982 34.93040272
v 22.15481580 86.02690982 34.92466846
v 22.15481580 86.02690982 34.92466846
v 22.15481580 86.01191997 34.99999985
v 22.15481580 86.01191997 34.99999985
v 22.15481580 86.01191997 34.99999985
v 22.15481580 86.01191997 34.99999985
v 20.58001281 80.60313606 34.99999985
v 22.15481580 78.98233508 33.42519701
v 22.15481580 78.98233508 34.99999985
v 20.58001281 80.60313606 33.42519701
v 22.15481580 86.01191997 33.42519701
v 22.15481580 86.01191997 33.42519701
v 22.15481580 86.01191997 33.42519701
v 22.15481580 86.01191997 33.42519701
v 22.12598778 86.02690982 33.49479401
v 22.12598778 86.02690982 33.49479401
v 22.12598778 86.02690982 33.49479401
v 22.12598778 86.02690982 33.49479401
v 22.15481580 86.02690982 33.50052798
v 22.15481580 86.02690982 33.50052798
v 22.15481580 86.06958007 33.56439102
v 22.15481580 86.06958007 33.56439102
v 22.10154880 86.06958007 33.55379498
v 22.10154880 86.06958007 33.55379498
v 22.10154880 86.06958007 33.55379498
v 22.10154880 86.06958007 33.55379498
v 22.08521880 86.13344001 33.59321904
v 22.08521880 86.13344001 33.59321904
v 22.08521880 86.13344001 33.59321904
v 22.08521880 86.13344001 33.59321904
v 22.15481580 86.13344001 33.60706306
v 22.15481580 86.13344001 33.60706306
v 22.07948483 86.20878028 33.60706306
v 22.07948483 86.20878028 33.60706306
v 22.07948483 86.20878028 33.60706306
v 22.07948483 86.20878028 33.60706306
v 22.15481580 86.20878028 33.62204695
v 22.15481580 86.20878028 33.62204695
v 22.07948483 103.13794994 33.60706306
v 22.07948483 103.13794994 33.60706306
v 22.07948483 103.13794994 33.60706306
v 22.07948483 103.13794994 33.60706306
v 22.15481580 103.13794994 33.62204695
v 22.15481580 103.13794994 33.62204695
v 22.15481580 103.21328067 33.60706306
v 22.15481580 103.21328067 33.60706306
v 22.01562179 103.13794994 33.56439102
v 22.01562179 103.13794994 33.56439102
v 22.01562179 103.13794994 33.56439102
v 22.01562179 103.13794994 33.56439102
v 20.58001277 110.10405063 33.42519701
v 20.58001281 103.33479976 34.99999985
v 20.58001288 110.10405063 34.99999996
v 20.58001281 103.31980991 34.92466846
v 20.58001281 103.27714061 34.86080560
v 20.58001281 103.21328067 34.81813380
v 20.58001281 103.13794994 34.80314951
v 20.58001281 103.13794994 33.62204695
v 20.58001281 103.21328067 33.60706306
v 20.58001281 103.27714061 33.56439102
v 20.58001281 103.31980991 33.50052798
v 20.58001281 103.33479976 33.42519701
v 20.58001281 86.02690982 34.92466846
v 20.58001281 80.60313606 34.99999985
v 20.58001281 86.01191997 34.99999985
v 20.58001281 80.60313606 33.42519701
v 20.58001281 86.06958007 34.86080560
v 20.58001281 86.13344001 34.81813380
v 20.58001281 86.20878028 34.80314951
v 20.58001281 86.20878028 33.62204695
v 20.58001281 86.13344001 33.60706306
v 20.58001281 86.06958007 33.56439102
v 20.58001281 86.02690982 33.50052798
v 20.58001281 86.01191997 33.42519701
v 21.97294975 103.21328067 33.42519701
v 21.97294975 103.21328067 33.42519701
v 21.95796586 103.13794994 33.42519701
v 21.95796586 103.13794994 33.42519701
v 21.97294975 103.13794994 33.50052798
v 21.97294975 103.13794994 33.50052798
v 21.97294975 103.13794994 33.50052798
v 21.97294975 103.13794994 33.50052798
v 21.97294975 86.20878028 33.50052798
v 21.97294975 86.20878028 33.50052798
v 21.97294975 86.20878028 33.50052798
v 21.97294975 86.20878028 33.50052798
v 21.95796586 86.20878028 33.42519701
v 21.95796586 86.20878028 33.42519701
v 21.98679377 86.13344001 33.49479401
v 21.98679377 86.13344001 33.49479401
v 21.98679377 86.13344001 33.49479401
v 21.98679377 86.13344001 33.49479401
v 21.97294975 86.13344001 33.42519701
v 21.97294975 86.13344001 33.42519701
v 22.02621676 86.06958007 33.47846401
v 22.02621676 86.06958007 33.47846401
v 22.02621676 86.06958007 33.47846401
v 22.02621676 86.06958007 33.47846401
v 22.01562179 86.06958007 33.42519701
v 22.01562179 86.06958007 33.42519701
v 22.07948483 86.02690982 33.42519701
v 22.07948483 86.02690982 33.42519701
v 22.08521880 86.02690982 33.45402503
v 22.08521880 86.02690982 33.45402503
v 22.08521880 86.02690982 33.45402503
v 22.08521880 86.02690982 33.45402503
v 20.65534419 86.02690982 33.42519701
v 20.65534419 86.02690982 33.42519701
v 20.58001281 86.01191997 33.42519701
v 20.58001281 86.01191997 33.42519701
v 20.58001281 86.01191997 33.42519701
v 20.58001281 86.01191997 33.42519701
v 20.64960993 86.02690982 33.45402503
v 20.64960993 86.02690982 33.45402503
v 20.64960993 86.02690982 33.45402503
v 20.64960993 86.02690982 33.45402503
v 20.70861151 86.06958007 33.47846401
v 20.70861151 86.06958007 33.47846401
v 20.70861151 86.06958007 33.47846401
v 20.70861151 86.06958007 33.47846401
v 20.71920702 86.06958007 33.42519701
v 20.71920702 86.06958007 33.42519701
v 20.76187881 86.13344001 33.42519701
v 20.76187881 86.13344001 33.42519701
v 20.74803511 86.13344001 33.49479401
v 20.74803511 86.13344001 33.49479401
v 20.74803511 86.13344001 33.49479401
v 20.74803511 86.13344001 33.49479401
v 20.77686321 86.20878028 33.42519701
v 20.77686321 86.20878028 33.42519701
v 20.76187881 86.20878028 33.50052798
v 20.76187881 86.20878028 33.50052798
v 20.76187881 86.20878028 33.50052798
v 20.76187881 86.20878028 33.50052798
v 20.77686321 103.13794994 33.42519701
v 20.77686321 103.13794994 33.42519701
v 20.76187881 103.13794994 33.50052798
v 20.76187881 103.13794994 33.50052798
v 20.76187881 103.13794994 33.50052798
v 20.76187881 103.13794994 33.50052798
v 20.74803511 103.21328067 33.49479401
v 20.74803511 103.21328067 33.49479401
v 20.74803511 103.21328067 33.49479401
v 20.74803511 103.21328067 33.49479401
v 20.76187881 103.21328067 33.42519701
v 20.76187881 103.21328067 33.42519701
v 20.70861151 103.27714061 33.47846401
v 20.70861151 103.27714061 33.47846401
v 20.70861151 103.27714061 33.47846401
v 20.70861151 103.27714061 33.47846401
v 20.71920702 103.27714061 33.42519701
v 20.71920702 103.27714061 33.42519701
v 20.65534419 103.31980991 33.42519701
v 20.65534419 103.31980991 33.42519701
v 20.64960993 103.31980991 33.45402503
v 20.64960993 103.31980991 33.45402503
v 20.64960993 103.31980991 33.45402503
v 20.64960993 103.31980991 33.45402503
v 20.58001281 103.33479976 33.42519701
v 20.58001281 103.33479976 33.42519701
v 20.58001281 103.33479976 33.42519701
v 20.58001281 103.33479976 33.42519701
v 22.08521880 86.02690982 34.97117178
v 22.08521880 86.02690982 34.97117178
v 22.08521880 86.02690982 34.97117178
v 22.08521880 86.02690982 34.97117178
v 22.07948483 86.02690982 34.99999985
v 22.07948483 86.02690982 34.99999985
v 22.02621676 86.06958007 34.94673252
v 22.02621676 86.06958007 34.94673252
v 22.02621676 86.06958007 34.94673252
v 22.02621676 86.06958007 34.94673252
v 22.01562179 86.06958007 34.99999985
v 22.01562179 86.06958007 34.99999985
v 21.97294975 86.13344001 34.99999985
v 21.97294975 86.13344001 34.99999985
v 21.98679377 86.13344001 34.93040272
v 21.98679377 86.13344001 34.93040272
v 21.98679377 86.13344001 34.93040272
v 21.98679377 86.13344001 34.93040272
v 21.95796586 86.20878028 34.99999985
v 21.95796586 86.20878028 34.99999985
v 21.97294975 86.20878028 34.92466846
v 21.97294975 86.20878028 34.92466846
v 21.97294975 86.20878028 34.92466846
v 21.97294975 86.20878028 34.92466846
v 21.95796586 103.13794994 34.99999985
v 21.95796586 103.13794994 34.99999985
v 21.97294975 103.13794994 34.92466846
v 21.97294975 103.13794994 34.92466846
v 21.97294975 103.13794994 34.92466846
v 21.97294975 103.13794994 34.92466846
v 21.97294975 103.21328067 34.99999985
v 21.97294975 103.21328067 34.99999985
v 21.98679377 103.21328067 34.93040272
v 21.98679377 103.21328067 34.93040272
v 21.98679377 103.21328067 34.93040272
v 21.98679377 103.21328067 34.93040272
v 22.01562179 103.27714061 34.99999985
v 22.01562179 103.27714061 34.99999985
v 22.02621676 103.27714061 34.94673252
v 22.02621676 103.27714061 34.94673252
v 22.02621676 103.27714061 34.94673252
v 22.02621676 103.27714061 34.94673252
v 22.07948483 103.31980991 34.99999985
v 22.07948483 103.31980991 34.99999985
v 22.08521880 103.31980991 34.97117178
v 22.08521880 103.31980991 34.97117178
v 22.08521880 103.31980991 34.97117178
v 22.08521880 103.31980991 34.97117178
v 20.65534419 103.31980991 34.99999985
v 20.65534419 103.31980991 34.99999985
v 20.58001281 103.33479976 34.99999985
v 20.58001281 103.33479976 34.99999985
v 20.58001281 103.33479976 34.99999985
v 20.58001281 103.33479976 34.99999985
v 20.64960993 103.31980991 34.97117178
v 20.64960993 103.31980991 34.97117178
v 20.64960993 103.31980991 34.97117178
v 20.64960993 103.31980991 34.97117178
v 20.70861151 103.27714061 34.94673252
v 20.70861151 103.27714061 34.94673252
v 20.70861151 103.27714061 34.94673252
v 20.70861151 103.27714061 34.94673252
v 20.71920702 103.27714061 34.99999985
v 20.71920702 103.27714061 34.99999985
v 20.76187881 103.21328067 34.99999985
v 20.76187881 103.21328067 34.99999985
v 20.74803511 103.21328067 34.93040272
v 20.74803511 103.21328067 34.93040272
v 20.74803511 103.21328067 34.93040272
v 20.74803511 103.21328067 34.93040272
v 20.77686321 103.13794994 34.99999985
v 20.77686321 103.13794994 34.99999985
v 20.76187881 103.13794994 34.92466846
v 20.76187881 103.13794994 34.92466846
v 20.76187881 103.13794994 34.92466846
v 20.76187881 103.13794994 34.92466846
v 20.77686321 86.20878028 34.99999985
v 20.77686321 86.20878028 34.99999985
v 20.76187881 86.20878028 34.92466846
v 20.76187881 86.20878028 34.92466846
v 20.76187881 86.20878028 34.92466846
v 20.76187881 86.20878028 34.92466846
v 20.76187881 86.13344001 34.99999985
v 20.76187881 86.13344001 34.99999985
v 20.74803511 86.13344001 34.93040272
v 20.74803511 86.13344001 34.93040272
v 20.74803511 86.13344001 34.93040272
v 20.74803511 86.13344001 34.93040272
v 20.71920702 86.06958007 34.99999985
v 20.71920702 86.06958007 34.99999985
v 20.70861151 86.06958007 34.94673252
v 20.70861151 86.06958007 34.94673252
v 20.70861151 86.06958007 34.94673252
v 20.70861151 86.06958007 34.94673252
v 20.65534419 86.02690982 34.99999985
v 20.65534419 86.02690982 34.99999985
v 20.64960993 86.02690982 34.97117178
v 20.64960993 86.02690982 34.97117178
v 20.64960993 86.02690982 34.97117178
v 20.64960993 86.02690982 34.97117178
v 20.58001281 86.01191997 34.99999985
v 20.58001281 86.01191997 34.99999985
v 20.58001281 86.01191997 34.99999985
v 20.58001281 86.01191997 34.99999985
v 22.10154880 103.31980991 34.94673252
v 22.10154880 103.31980991 34.94673252
v 22.10154880 103.31980991 34.94673252
v 22.10154880 103.31980991 34.94673252
v 22.05639077 103.27714061 34.90157465
v 22.05639077 103.27714061 34.90157465
v 22.05639077 103.27714061 34.90157465
v 22.05639077 103.27714061 34.90157465
v 22.02621676 103.21328067 34.87140110
v 22.02621676 103.21328067 34.87140110
v 22.02621676 103.21328067 34.87140110
v 22.02621676 103.21328067 34.87140110
v 22.01562179 103.13794994 34.86080560
v 22.01562179 103.13794994 34.86080560
v 22.01562179 103.13794994 34.86080560
v 22.01562179 103.13794994 34.86080560
v 22.01562179 86.20878028 34.86080560
v 22.01562179 86.20878028 34.86080560
v 22.01562179 86.20878028 34.86080560
v 22.01562179 86.20878028 34.86080560
v 22.02621676 86.13344001 34.87140110
v 22.02621676 86.13344001 34.87140110
v 22.02621676 86.13344001 34.87140110
v 22.02621676 86.13344001 34.87140110
v 22.05639077 86.06958007 34.90157465
v 22.05639077 86.06958007 34.90157465
v 22.05639077 86.06958007 34.90157465
v 22.05639077 86.06958007 34.90157465
v 22.10154880 86.02690982 34.94673252
v 22.10154880 86.02690982 34.94673252
v 22.10154880 86.02690982 34.94673252
v 22.10154880 86.02690982 34.94673252
v 22.10154880 86.02690982 33.47846401
v 22.10154880 86.02690982 33.47846401
v 22.10154880 86.02690982 33.47846401
v 22.10154880 86.02690982 33.47846401
v 22.05639077 86.06958007 33.52362204
v 22.05639077 86.06958007 33.52362204
v 22.05639077 86.06958007 33.52362204
v 22.05639077 86.06958007 33.52362204
v 22.02621676 86.13344001 33.55379498
v 22.02621676 86.13344001 33.55379498
v 22.02621676 86.13344001 33.55379498
v 22.02621676 86.13344001 33.55379498
v 22.01562179 86.20878028 33.56439102
v 22.01562179 86.20878028 33.56439102
v 22.01562179 86.20878028 33.56439102
v 22.01562179 86.20878028 33.56439102
v 20.60884088 103.31980991 33.49479401
v 20.60884088 103.31980991 33.49479401
v 20.60884088 103.31980991 33.49479401
v 20.60884088 103.31980991 33.49479401
v 20.58001281 103.31980991 33.50052798
v 20.58001281 103.31980991 33.50052798
v 20.58001281 103.27714061 33.56439102
v 20.58001281 103.27714061 33.56439102
v 20.63328014 103.27714061 33.55379498
v 20.63328014 103.27714061 33.55379498
v 20.63328014 103.27714061 33.55379498
v 20.63328014 103.27714061 33.55379498
v 20.64960993 103.21328067 33.59321904
v 20.64960993 103.21328067 33.59321904
v 20.64960993 103.21328067 33.59321904
v 20.64960993 103.21328067 33.59321904
v 20.58001281 103.21328067 33.60706306
v 20.58001281 103.21328067 33.60706306
v 20.65534419 103.13794994 33.60706306
v 20.65534419 103.13794994 33.60706306
v 20.65534419 103.13794994 33.60706306
v 20.65534419 103.13794994 33.60706306
v 20.58001281 103.13794994 33.62204695
v 20.58001281 103.13794994 33.62204695
v 20.65534419 86.20878028 33.60706306
v 20.65534419 86.20878028 33.60706306
v 20.65534419 86.20878028 33.60706306
v 20.65534419 86.20878028 33.60706306
v 20.58001281 86.20878028 33.62204695
v 20.58001281 86.20878028 33.62204695
v 20.64960993 86.13344001 33.59321904
v 20.64960993 86.13344001 33.59321904
v 20.64960993 86.13344001 33.59321904
v 20.64960993 86.13344001 33.59321904
v 20.58001281 86.13344001 33.60706306
v 20.58001281 86.13344001 33.60706306
v 20.63328014 86.06958007 33.55379498
v 20.63328014 86.06958007 33.55379498
v 20.63328014 86.06958007 33.55379498
v 20.63328014 86.06958007 33.55379498
v 20.58001281 86.06958007 33.56439102
v 20.58001281 86.06958007 33.56439102
v 20.58001281 86.02690982 33.50052798
v 20.58001281 86.02690982 33.50052798
v 20.60884088 86.02690982 33.49479401
v 20.60884088 86.02690982 33.49479401
v 20.60884088 86.02690982 33.49479401
v 20.60884088 86.02690982 33.49479401
v 20.60884088 86.02690982 34.93040272
v 20.60884088 86.02690982 34.93040272
v 20.60884088 86.02690982 34.93040272
v 20.60884088 86.02690982 34.93040272
v 20.58001281 86.02690982 34.92466846
v 20.58001281 86.02690982 34.92466846
v 20.58001281 86.06958007 34.86080560
v 20.58001281 86.06958007 34.86080560
v 20.63328014 86.06958007 34.87140110
v 20.63328014 86.06958007 34.87140110
v 20.63328014 86.06958007 34.87140110
v 20.63328014 86.06958007 34.87140110
v 20.64960993 86.13344001 34.83197750
v 20.64960993 86.13344001 34.83197750
v 20.64960993 86.13344001 34.83197750
v 20.64960993 86.13344001 34.83197750
v 20.58001281 86.13344001 34.81813380
v 20.58001281 86.13344001 34.81813380
v 20.65534419 86.20878028 34.81813380
v 20.65534419 86.20878028 34.81813380
v 20.65534419 86.20878028 34.81813380
v 20.65534419 86.20878028 34.81813380
v 20.58001281 86.20878028 34.80314951
v 20.58001281 86.20878028 34.80314951
v 20.65534419 103.13794994 34.81813380
v 20.65534419 103.13794994 34.81813380
v 20.65534419 103.13794994 34.81813380
v 20.65534419 103.13794994 34.81813380
v 20.58001281 103.13794994 34.80314951
v 20.58001281 103.13794994 34.80314951
v 20.64960993 103.21328067 34.83197750
v 20.64960993 103.21328067 34.83197750
v 20.64960993 103.21328067 34.83197750
v 20.64960993 103.21328067 34.83197750
v 20.58001281 103.21328067 34.81813380
v 20.58001281 103.21328067 34.81813380
v 20.63328014 103.27714061 34.87140110
v 20.63328014 103.27714061 34.87140110
v 20.63328014 103.27714061 34.87140110
v 20.63328014 103.27714061 34.87140110
v 20.58001281 103.27714061 34.86080560
v 20.58001281 103.27714061 34.86080560
v 20.58001281 103.31980991 34.92466846
v 20.58001281 103.31980991 34.92466846
v 20.60884088 103.31980991 34.93040272
v 20.60884088 103.31980991 34.93040272
v 20.60884088 103.31980991 34.93040272
v 20.60884088 103.31980991 34.93040272
v 20.63328014 86.02690982 33.47846401
v 20.63328014 86.02690982 33.47846401
v 20.63328014 86.02690982 33.47846401
v 20.63328014 86.02690982 33.47846401
v 20.67843801 86.06958007 33.52362204
v 20.67843801 86.06958007 33.52362204
v 20.67843801 86.06958007 33.52362204
v 20.67843801 86.06958007 33.52362204
v 20.70861151 86.13344001 33.55379498
v 20.70861151 86.13344001 33.55379498
v 20.70861151 86.13344001 33.55379498
v 20.70861151 86.13344001 33.55379498
v 20.71920702 86.20878028 33.56439102
v 20.71920702 86.20878028 33.56439102
v 20.71920702 86.20878028 33.56439102
v 20.71920702 86.20878028 33.56439102
v 20.71920702 103.13794994 33.56439102
v 20.71920702 103.13794994 33.56439102
v 20.71920702 103.13794994 33.56439102
v 20.71920702 103.13794994 33.56439102
v 20.70861151 103.21328067 33.55379498
v 20.70861151 103.21328067 33.55379498
v 20.70861151 103.21328067 33.55379498
v 20.70861151 103.21328067 33.55379498
v 20.67843801 103.27714061 33.52362204
v 20.67843801 103.27714061 33.52362204
v 20.67843801 103.27714061 33.52362204
v 20.67843801 103.27714061 33.52362204
v 20.63328014 103.31980991 33.47846401
v 20.63328014 103.31980991 33.47846401
v 20.63328014 103.31980991 33.47846401
v 20.63328014 103.31980991 33.47846401
v 20.63328014 103.31980991 34.94673252
v 20.63328014 103.31980991 34.94673252
v 20.63328014 103.31980991 34.94673252
v 20.63328014 103.31980991 34.94673252
v 20.67843801 103.27714061 34.90157465
v 20.67843801 103.27714061 34.90157465
v 20.67843801 103.27714061 34.90157465
v 20.67843801 103.27714061 34.90157465
v 20.70861151 103.21328067 34.87140110
v 20.70861151 103.21328067 34.87140110
v 20.70861151 103.21328067 34.87140110
v 20.70861151 103.21328067 34.87140110
v 20.71920702 103.13794994 34.86080560
v 20.71920702 103.13794994 34.86080560
v 20.71920702 103.13794994 34.86080560
v 20.71920702 103.13794994 34.86080560
v 20.71920702 86.20878028 34.86080560
v 20.71920702 86.20878028 34.86080560
v 20.71920702 86.20878028 34.86080560
v 20.71920702 86.20878028 34.86080560
v 20.70861151 86.13344001 34.87140110
v 20.70861151 86.13344001 34.87140110
v 20.70861151 86.13344001 34.87140110
v 20.70861151 86.13344001 34.87140110
v 20.67843801 86.06958007 34.90157465
v 20.67843801 86.06958007 34.90157465
v 20.67843801 86.06958007 34.90157465
v 20.67843801 86.06958007 34.90157465
v 20.63328014 86.02690982 34.94673252
v 20.63328014 86.02690982 34.94673252
v 20.63328014 86.02690982 34.94673252
v 20.63328014 86.02690982 34.94673252
v 17.23683580 108.39642976 33.42519701
v 17.23683580 108.39642976 33.42519701
v 17.23683580 108.39642976 33.42519701
v 17.23683580 108.39642976 33.42519701
v 17.20800778 108.38143991 33.49479401
v 17.20800778 108.38143991 33.49479401
v 17.20800778 108.38143991 33.49479401
v 17.20800778 108.38143991 33.49479401
v 17.18356880 108.38143991 33.47846401
v 17.18356880 108.38143991 33.47846401
v 17.18356880 108.38143991 33.47846401
v 17.18356880 108.38143991 33.47846401
v 17.16723880 108.38143991 33.45402503
v 17.16723880 108.38143991 33.45402503
v 17.16723880 108.38143991 33.45402503
v 17.16723880 108.38143991 33.45402503
v 17.23683580 108.38143991 33.50052798
v 17.23683580 108.38143991 33.50052798
v 17.18356880 108.33877061 33.55379498
v 17.18356880 108.33877061 33.55379498
v 17.18356880 108.33877061 33.55379498
v 17.18356880 108.33877061 33.55379498
v 17.13841077 108.33877061 33.52362204
v 17.13841077 108.33877061 33.52362204
v 17.13841077 108.33877061 33.52362204
v 17.13841077 108.33877061 33.52362204
v 17.16150483 108.38143991 33.42519701
v 17.16150483 108.38143991 33.42519701
v 17.10823676 108.33877061 33.47846401
v 17.10823676 108.33877061 33.47846401
v 17.10823676 108.33877061 33.47846401
v 17.10823676 108.33877061 33.47846401
v 17.23683580 84.04396508 34.99999985
v 17.23683580 91.08853982 34.92466846
v 17.23683580 91.07354997 34.99999985
v 17.23683580 84.04396508 33.42519701
v 17.23683580 91.13121007 34.86080560
v 17.23683580 91.19507001 34.81813380
v 17.23683580 91.27041028 34.80314951
v 17.23683580 108.19957994 34.80314951
v 17.23683580 91.27041028 33.62204695
v 17.23683580 91.19507001 33.60706306
v 17.23683580 91.13121007 33.56439102
v 17.23683580 91.08853982 33.50052798
v 17.23683580 91.07354997 33.42519701
v 17.23683580 108.39642976 34.99999985
v 17.23683580 113.54488061 33.42519701
v 17.23683580 113.54488061 34.99999985
v 17.23683580 108.38143991 34.92466846
v 17.23683580 108.33877061 34.86080560
v 17.23683580 108.27491067 34.81813380
v 17.23683580 108.19957994 33.62204695
v 17.23683580 108.27491067 33.60706306
v 17.23683580 108.33877061 33.56439102
v 17.23683580 108.38143991 33.50052798
v 17.23683580 108.39642976 33.42519701
v 17.23683580 108.33877061 33.56439102
v 17.23683580 108.33877061 33.56439102
v 17.16723880 108.27491067 33.59321904
v 17.16723880 108.27491067 33.59321904
v 17.16723880 108.27491067 33.59321904
v 17.16723880 108.27491067 33.59321904
v 17.10823676 108.27491067 33.55379498
v 17.10823676 108.27491067 33.55379498
v 17.10823676 108.27491067 33.55379498
v 17.10823676 108.27491067 33.55379498
v 15.66203281 85.66476606 33.42519701
v 17.23683580 91.07354997 33.42519701
v 17.23683580 84.04396508 33.42519701
v 15.66203281 91.07354997 33.42519701
v 15.73736419 91.08853982 33.42519701
v 17.16150483 91.08853982 33.42519701
v 15.80122702 91.13121007 33.42519701
v 17.09764179 91.13121007 33.42519701
v 15.84389881 91.19507001 33.42519701
v 17.05496975 91.19507001 33.42519701
v 15.85888321 91.27041028 33.42519701
v 17.03998586 91.27041028 33.42519701
v 15.85888321 108.19957994 33.42519701
v 17.03998586 108.19957994 33.42519701
v 15.84389881 108.27491067 33.42519701
v 17.05496975 108.27491067 33.42519701
v 15.80122702 108.33877061 33.42519701
v 17.09764179 108.33877061 33.42519701
v 15.73736419 108.38143991 33.42519701
v 17.16150483 108.38143991 33.42519701
v 15.66203281 108.39642976 33.42519701
v 17.23683580 108.39642976 33.42519701
v 15.66203277 115.16568063 33.42519701
v 17.23683580 113.54488061 33.42519701
v 17.09764179 108.33877061 33.42519701
v 17.09764179 108.33877061 33.42519701
v 17.06881377 108.27491067 33.49479401
v 17.06881377 108.27491067 33.49479401
v 17.06881377 108.27491067 33.49479401
v 17.06881377 108.27491067 33.49479401
v 17.23683580 113.54488061 34.99999985
v 15.66203277 115.16568063 33.42519701
v 15.66203288 115.16568063 34.99999996
v 17.23683580 113.54488061 33.42519701
v 17.23683580 91.07354997 34.99999985
v 15.66203281 85.66476606 34.99999985
v 17.23683580 84.04396508 34.99999985
v 15.66203281 91.07354997 34.99999985
v 17.16150483 91.08853982 34.99999985
v 15.73736419 91.08853982 34.99999985
v 17.09764179 91.13121007 34.99999985
v 15.80122702 91.13121007 34.99999985
v 15.84389881 91.19507001 34.99999985
v 17.05496975 91.19507001 34.99999985
v 17.03998586 91.27041028 34.99999985
v 15.85888321 91.27041028 34.99999985
v 17.03998586 108.19957994 34.99999985
v 15.85888321 108.19957994 34.99999985
v 17.05496975 108.27491067 34.99999985
v 15.84389881 108.27491067 34.99999985
v 17.09764179 108.33877061 34.99999985
v 15.80122702 108.33877061 34.99999985
v 17.16150483 108.38143991 34.99999985
v 15.73736419 108.38143991 34.99999985
v 17.23683580 108.39642976 34.99999985
v 15.66203281 108.39642976 34.99999985
v 17.23683580 113.54488061 34.99999985
v 15.66203288 115.16568063 34.99999996
v 17.23683580 108.39642976 34.99999985
v 17.23683580 108.39642976 34.99999985
v 17.23683580 108.39642976 34.99999985
v 17.23683580 108.39642976 34.99999985
v 17.20800778 108.38143991 34.93040272
v 17.20800778 108.38143991 34.93040272
v 17.20800778 108.38143991 34.93040272
v 17.20800778 108.38143991 34.93040272
v 17.23683580 108.38143991 34.92466846
v 17.23683580 108.38143991 34.92466846
v 17.23683580 108.33877061 34.86080560
v 17.23683580 108.33877061 34.86080560
v 17.18356880 108.33877061 34.87140110
v 17.18356880 108.33877061 34.87140110
v 17.18356880 108.33877061 34.87140110
v 17.18356880 108.33877061 34.87140110
v 17.16723880 108.27491067 34.83197750
v 17.16723880 108.27491067 34.83197750
v 17.16723880 108.27491067 34.83197750
v 17.16723880 108.27491067 34.83197750
v 17.23683580 108.27491067 34.81813380
v 17.23683580 108.27491067 34.81813380
v 17.16150483 108.19957994 34.81813380
v 17.16150483 108.19957994 34.81813380
v 17.16150483 108.19957994 34.81813380
v 17.16150483 108.19957994 34.81813380
v 17.23683580 108.19957994 34.80314951
v 17.23683580 108.19957994 34.80314951
v 17.16150483 91.27041028 34.81813380
v 17.16150483 91.27041028 34.81813380
v 17.16150483 91.27041028 34.81813380
v 17.16150483 91.27041028 34.81813380
v 17.23683580 91.27041028 34.80314951
v 17.23683580 91.27041028 34.80314951
v 17.16723880 91.19507001 34.83197750
v 17.16723880 91.19507001 34.83197750
v 17.16723880 91.19507001 34.83197750
v 17.16723880 91.19507001 34.83197750
v 17.23683580 91.19507001 34.81813380
v 17.23683580 91.19507001 34.81813380
v 17.18356880 91.13121007 34.87140110
v 17.18356880 91.13121007 34.87140110
v 17.18356880 91.13121007 34.87140110
v 17.18356880 91.13121007 34.87140110
v 17.23683580 91.13121007 34.86080560
v 17.23683580 91.13121007 34.86080560
v 17.20800778 91.08853982 34.93040272
v 17.20800778 91.08853982 34.93040272
v 17.20800778 91.08853982 34.93040272
v 17.20800778 91.08853982 34.93040272
v 17.23683580 91.08853982 34.92466846
v 17.23683580 91.08853982 34.92466846
v 17.23683580 91.07354997 34.99999985
v 17.23683580 91.07354997 34.99999985
v 17.23683580 91.07354997 34.99999985
v 17.23683580 91.07354997 34.99999985
v 15.66203281 85.66476606 34.99999985
v 17.23683580 84.04396508 33.42519701
v 17.23683580 84.04396508 34.99999985
v 15.66203281 85.66476606 33.42519701
v 17.23683580 91.07354997 33.42519701
v 17.23683580 91.07354997 33.42519701
v 17.23683580 91.07354997 33.42519701
v 17.23683580 91.07354997 33.42519701
v 17.20800778 91.08853982 33.49479401
v 17.20800778 91.08853982 33.49479401
v 17.20800778 91.08853982 33.49479401
v 17.20800778 91.08853982 33.49479401
v 17.23683580 91.08853982 33.50052798
v 17.23683580 91.08853982 33.50052798
v 17.23683580 91.13121007 33.56439102
v 17.23683580 91.13121007 33.56439102
v 17.18356880 91.13121007 33.55379498
v 17.18356880 91.13121007 33.55379498
v 17.18356880 91.13121007 33.55379498
v 17.18356880 91.13121007 33.55379498
v 17.16723880 91.19507001 33.59321904
v 17.16723880 91.19507001 33.59321904
v 17.16723880 91.19507001 33.59321904
v 17.16723880 91.19507001 33.59321904
v 17.23683580 91.19507001 33.60706306
v 17.23683580 91.19507001 33.60706306
v 17.16150483 91.27041028 33.60706306
v 17.16150483 91.27041028 33.60706306
v 17.16150483 91.27041028 33.60706306
v 17.16150483 91.27041028 33.60706306
v 17.23683580 91.27041028 33.62204695
v 17.23683580 91.27041028 33.62204695
v 17.16150483 108.19957994 33.60706306
v 17.16150483 108.19957994 33.60706306
v 17.16150483 108.19957994 33.60706306
v 17.16150483 108.19957994 33.60706306
v 17.23683580 108.19957994 33.62204695
v 17.23683580 108.19957994 33.62204695
v 17.23683580 108.27491067 33.60706306
v 17.23683580 108.27491067 33.60706306
v 17.09764179 108.19957994 33.56439102
v 17.09764179 108.19957994 33.56439102
v 17.09764179 108.19957994 33.56439102
v 17.09764179 108.19957994 33.56439102
v 15.66203277 115.16568063 33.42519701
v 15.66203281 108.39642976 34.99999985
v 15.66203288 115.16568063 34.99999996
v 15.66203281 108.38143991 34.92466846
v 15.66203281 108.33877061 34.86080560
v 15.66203281 108.27491067 34.81813380
v 15.66203281 108.19957994 34.80314951
v 15.66203281 108.19957994 33.62204695
v 15.66203281 108.27491067 33.60706306
v 15.66203281 108.33877061 33.56439102
v 15.66203281 108.38143991 33.50052798
v 15.66203281 108.39642976 33.42519701
v 15.66203281 91.08853982 34.92466846
v 15.66203281 85.66476606 34.99999985
v 15.66203281 91.07354997 34.99999985
v 15.66203281 85.66476606 33.42519701
v 15.66203281 91.13121007 34.86080560
v 15.66203281 91.19507001 34.81813380
v 15.66203281 91.27041028 34.80314951
v 15.66203281 91.27041028 33.62204695
v 15.66203281 91.19507001 33.60706306
v 15.66203281 91.13121007 33.56439102
v 15.66203281 91.08853982 33.50052798
v 15.66203281 91.07354997 33.42519701
v 17.05496975 108.27491067 33.42519701
v 17.05496975 108.27491067 33.42519701
v 17.03998586 108.19957994 33.42519701
v 17.03998586 108.19957994 33.42519701
v 17.05496975 108.19957994 33.50052798
v 17.05496975 108.19957994 33.50052798
v 17.05496975 108.19957994 33.50052798
v 17.05496975 108.19957994 33.50052798
v 17.05496975 91.27041028 33.50052798
v 17.05496975 91.27041028 33.50052798
v 17.05496975 91.27041028 33.50052798
v 17.05496975 91.27041028 33.50052798
v 17.03998586 91.27041028 33.42519701
v 17.03998586 91.27041028 33.42519701
v 17.06881377 91.19507001 33.49479401
v 17.06881377 91.19507001 33.49479401
v 17.06881377 91.19507001 33.49479401
v 17.06881377 91.19507001 33.49479401
v 17.05496975 91.19507001 33.42519701
v 17.05496975 91.19507001 33.42519701
v 17.10823676 91.13121007 33.47846401
v 17.10823676 91.13121007 33.47846401
v 17.10823676 91.13121007 33.47846401
v 17.10823676 91.13121007 33.47846401
v 17.09764179 91.13121007 33.42519701
v 17.09764179 91.13121007 33.42519701
v 17.16150483 91.08853982 33.42519701
v 17.16150483 91.08853982 33.42519701
v 17.16723880 91.08853982 33.45402503
v 17.16723880 91.08853982 33.45402503
v 17.16723880 91.08853982 33.45402503
v 17.16723880 91.08853982 33.45402503
v 15.73736419 91.08853982 33.42519701
v 15.73736419 91.08853982 33.42519701
v 15.66203281 91.07354997 33.42519701
v 15.66203281 91.07354997 33.42519701
v 15.66203281 91.07354997 33.42519701
v 15.66203281 91.07354997 33.42519701
v 15.73162993 91.08853982 33.45402503
v 15.73162993 91.08853982 33.45402503
v 15.73162993 91.08853982 33.45402503
v 15.73162993 91.08853982 33.45402503
v 15.79063151 91.13121007 33.47846401
v 15.79063151 91.13121007 33.47846401
v 15.79063151 91.13121007 33.47846401
v 15.79063151 91.13121007 33.47846401
v 15.80122702 91.13121007 33.42519701
v 15.80122702 91.13121007 33.42519701
v 15.84389881 91.19507001 33.42519701
v 15.84389881 91.19507001 33.42519701
v 15.83005511 91.19507001 33.49479401
v 15.83005511 91.19507001 33.49479401
v 15.83005511 91.19507001 33.49479401
v 15.83005511 91.19507001 33.49479401
v 15.85888321 91.27041028 33.42519701
v 15.85888321 91.27041028 33.42519701
v 15.84389881 91.27041028 33.50052798
v 15.84389881 91.27041028 33.50052798
v 15.84389881 91.27041028 33.50052798
v 15.84389881 91.27041028 33.50052798
v 15.85888321 108.19957994 33.42519701
v 15.85888321 108.19957994 33.42519701
v 15.84389881 108.19957994 33.50052798
v 15.84389881 108.19957994 33.50052798
v 15.84389881 108.19957994 33.50052798
v 15.84389881 108.19957994 33.50052798
v 15.83005511 108.27491067 33.49479401
v 15.83005511 108.27491067 33.49479401
v 15.83005511 108.27491067 33.49479401
v 15.83005511 108.27491067 33.49479401
v 15.84389881 108.27491067 33.42519701
v 15.84389881 108.27491067 33.42519701
v 15.79063151 108.33877061 33.47846401
v 15.79063151 108.33877061 33.47846401
v 15.79063151 108.33877061 33.47846401
v 15.79063151 108.33877061 33.47846401
v 15.80122702 108.33877061 33.42519701
v 15.80122702 108.33877061 33.42519701
v 15.73736419 108.38143991 33.42519701
v 15.73736419 108.38143991 33.42519701
v 15.73162993 108.38143991 33.45402503
v 15.73162993 108.38143991 33.45402503
v 15.73162993 108.38143991 33.45402503
v 15.73162993 108.38143991 33.45402503
v 15.66203281 108.39642976 33.42519701
v 15.66203281 108.39642976 33.42519701
v 15.66203281 108.39642976 33.42519701
v 15.66203281 108.39642976 33.42519701
v 17.16723880 91.08853982 34.97117178
v 17.16723880 91.08853982 34.97117178
v 17.16723880 91.08853982 34.97117178
v 17.16723880 91.08853982 34.97117178
v 17.16150483 91.08853982 34.99999985
v 17.16150483 91.08853982 34.99999985
v 17.10823676 91.13121007 34.94673252
v 17.10823676 91.13121007 34.94673252
v 17.10823676 91.13121007 34.94673252
v 17.10823676 91.13121007 34.94673252
v 17.09764179 91.13121007 34.99999985
v 17.09764179 91.13121007 34.99999985
v 17.05496975 91.19507001 34.99999985
v 17.05496975 91.19507001 34.99999985
v 17.06881377 91.19507001 34.93040272
v 17.06881377 91.19507001 34.93040272
v 17.06881377 91.19507001 34.93040272
v 17.06881377 91.19507001 34.93040272
v 17.03998586 91.27041028 34.99999985
v 17.03998586 91.27041028 34.99999985
v 17.05496975 91.27041028 34.92466846
v 17.05496975 91.27041028 34.92466846
v 17.05496975 91.27041028 34.92466846
v 17.05496975 91.27041028 34.92466846
v 17.03998586 108.19957994 34.99999985
v 17.03998586 108.19957994 34.99999985
v 17.05496975 108.19957994 34.92466846
v 17.05496975 108.19957994 34.92466846
v 17.05496975 108.19957994 34.92466846
v 17.05496975 108.19957994 34.92466846
v 17.05496975 108.27491067 34.99999985
v 17.05496975 108.27491067 34.99999985
v 17.06881377 108.27491067 34.93040272
v 17.06881377 108.27491067 34.93040272
v 17.06881377 108.27491067 34.93040272
v 17.06881377 108.27491067 34.93040272
v 17.09764179 108.33877061 34.99999985
v 17.09764179 108.33877061 34.99999985
v 17.10823676 108.33877061 34.94673252
v 17.10823676 108.33877061 34.94673252
v 17.10823676 108.33877061 34.94673252
v 17.10823676 108.33877061 34.94673252
v 17.16150483 108.38143991 34.99999985
v 17.16150483 108.38143991 34.99999985
v 17.16723880 108.38143991 34.97117178
v 17.16723880 108.38143991 34.97117178
v 17.16723880 108.38143991 34.97117178
v 17.16723880 108.38143991 34.97117178
v 15.73736419 108.38143991 34.99999985
v 15.73736419 108.38143991 34.99999985
v 15.66203281 108.39642976 34.99999985
v 15.66203281 108.39642976 34.99999985
v 15.66203281 108.39642976 34.99999985
v 15.66203281 108.39642976 34.99999985
v 15.73162993 108.38143991 34.97117178
v 15.73162993 108.38143991 34.97117178
v 15.73162993 108.38143991 34.97117178
v 15.73162993 108.38143991 34.97117178
v 15.79063151 108.33877061 34.94673252
v 15.79063151 108.33877061 34.94673252
v 15.79063151 108.33877061 34.94673252
v 15.79063151 108.33877061 34.94673252
v 15.80122702 108.33877061 34.99999985
v 15.80122702 108.33877061 34.99999985
v 15.84389881 108.27491067 34.99999985
v 15.84389881 108.27491067 34.99999985
v 15.83005511 108.27491067 34.93040272
v 15.83005511 108.27491067 34.93040272
v 15.83005511 108.27491067 34.93040272
v 15.83005511 108.27491067 34.93040272
v 15.85888321 108.19957994 34.99999985
v 15.85888321 108.19957994 34.99999985
v 15.84389881 108.19957994 34.92466846
v 15.84389881 108.19957994 34.92466846
v 15.84389881 108.19957994 34.92466846
v 15.84389881 108.19957994 34.92466846
v 15.85888321 91.27041028 34.99999985
v 15.85888321 91.27041028 34.99999985
v 15.84389881 91.27041028 34.92466846
v 15.84389881 91.27041028 34.92466846
v 15.84389881 91.27041028 34.92466846
v 15.84389881 91.27041028 34.92466846
v 15.84389881 91.19507001 34.99999985
v 15.84389881 91.19507001 34.99999985
v 15.83005511 91.19507001 34.93040272
v 15.83005511 91.19507001 34.93040272
v 15.83005511 91.19507001 34.93040272
v 15.83005511 91.19507001 34.93040272
v 15.80122702 91.13121007 34.99999985
v 15.80122702 91.13121007 34.99999985
v 15.79063151 91.13121007 34.94673252
v 15.79063151 91.13121007 34.94673252
v 15.79063151 91.13121007 34.94673252
v 15.79063151 91.13121007 34.94673252
v 15.73736419 91.08853982 34.99999985
v 15.73736419 91.08853982 34.99999985
v 15.73162993 91.08853982 34.97117178
v 15.73162993 91.08853982 34.97117178
v 15.73162993 91.08853982 34.97117178
v 15.73162993 91.08853982 34.97117178
v 15.66203281 91.07354997 34.99999985
v 15.66203281 91.07354997 34.99999985
v 15.66203281 91.07354997 34.99999985
v 15.66203281 91.07354997 34.99999985
v 17.18356880 108.38143991 34.94673252
v 17.18356880 108.38143991 34.94673252
v 17.18356880 108.38143991 34.94673252
v 17.18356880 108.38143991 34.94673252
v 17.13841077 108.33877061 34.90157465
v 17.13841077 108.33877061 34.90157465
v 17.13841077 108.33877061 34.90157465
v 17.13841077 108.33877061 34.90157465
v 17.10823676 108.27491067 34.87140110
v 17.10823676 108.27491067 34.87140110
v 17.10823676 108.27491067 34.87140110
v 17.10823676 108.27491067 34.87140110
v 17.09764179 108.19957994 34.86080560
v 17.09764179 108.19957994 34.86080560
v 17.09764179 108.19957994 34.86080560
v 17.09764179 108.19957994 34.86080560
v 17.09764179 91.27041028 34.86080560
v 17.09764179 91.27041028 34.86080560
v 17.09764179 91.27041028 34.86080560
v 17.09764179 91.27041028 34.86080560
v 17.10823676 91.19507001 34.87140110
v 17.10823676 91.19507001 34.87140110
v 17.10823676 91.19507001 34.87140110
v 17.10823676 91.19507001 34.87140110
v 17.13841077 91.13121007 34.90157465
v 17.13841077 91.13121007 34.90157465
v 17.13841077 91.13121007 34.90157465
v 17.13841077 91.13121007 34.90157465
v 17.18356880 91.08853982 34.94673252
v 17.18356880 91.08853982 34.94673252
v 17.18356880 91.08853982 34.94673252
v 17.18356880 91.08853982 34.94673252
v 17.18356880 91.08853982 33.47846401
v 17.18356880 91.08853982 33.47846401
v 17.18356880 91.08853982 33.47846401
v 17.18356880 91.08853982 33.47846401
v 17.13841077 91.13121007 33.52362204
v 17.13841077 91.13121007 33.52362204
v 17.13841077 91.13121007 33.52362204
v 17.13841077 91.13121007 33.52362204
v 17.10823676 91.19507001 33.55379498
v 17.10823676 91.19507001 33.55379498
v 17.10823676 91.19507001 33.55379498
v 17.10823676 91.19507001 33.55379498
v 17.09764179 91.27041028 33.56439102
v 17.09764179 91.27041028 33.56439102
v 17.09764179 91.27041028 33.56439102
v 17.09764179 91.27041028 33.56439102
v 15.69086088 108.38143991 33.49479401
v 15.69086088 108.38143991 33.49479401
v 15.69086088 108.38143991 33.49479401
v 15.69086088 108.38143991 33.49479401
v 15.66203281 108.38143991 33.50052798
v 15.66203281 108.38143991 33.50052798
v 15.66203281 108.33877061 33.56439102
v 15.66203281 108.33877061 33.56439102
v 15.71530014 108.33877061 33.55379498
v 15.71530014 108.33877061 33.55379498
v 15.71530014 108.33877061 33.55379498
v 15.71530014 108.33877061 33.55379498
v 15.73162993 108.27491067 33.59321904
v 15.73162993 108.27491067 33.59321904
v 15.73162993 108.27491067 33.59321904
v 15.73162993 108.27491067 33.59321904
v 15.66203281 108.27491067 33.60706306
v 15.66203281 108.27491067 33.60706306
v 15.73736419 108.19957994 33.60706306
v 15.73736419 108.19957994 33.60706306
v 15.73736419 108.19957994 33.60706306
v 15.73736419 108.19957994 33.60706306
v 15.66203281 108.19957994 33.62204695
v 15.66203281 108.19957994 33.62204695
v 15.73736419 91.27041028 33.60706306
v 15.73736419 91.27041028 33.60706306
v 15.73736419 91.27041028 33.60706306
v 15.73736419 91.27041028 33.60706306
v 15.66203281 91.27041028 33.62204695
v 15.66203281 91.27041028 33.62204695
v 15.73162993 91.19507001 33.59321904
v 15.73162993 91.19507001 33.59321904
v 15.73162993 91.19507001 33.59321904
v 15.73162993 91.19507001 33.59321904
v 15.66203281 91.19507001 33.60706306
v 15.66203281 91.19507001 33.60706306
v 15.71530014 91.13121007 33.55379498
v 15.71530014 91.13121007 33.55379498
v 15.71530014 91.13121007 33.55379498
v 15.71530014 91.13121007 33.55379498
v 15.66203281 91.13121007 33.56439102
v 15.66203281 91.13121007 33.56439102
v 15.66203281 91.08853982 33.50052798
v 15.66203281 91.08853982 33.50052798
v 15.69086088 91.08853982 33.49479401
v 15.69086088 91.08853982 33.49479401
v 15.69086088 91.08853982 33.49479401
v 15.69086088 91.08853982 33.49479401
v 15.69086088 91.08853982 34.93040272
v 15.69086088 91.08853982 34.93040272
v 15.69086088 91.08853982 34.93040272
v 15.69086088 91.08853982 34.93040272
v 15.66203281 91.08853982 34.92466846
v 15.66203281 91.08853982 34.92466846
v 15.66203281 91.13121007 34.86080560
v 15.66203281 91.13121007 34.86080560
v 15.71530014 91.13121007 34.87140110
v 15.71530014 91.13121007 34.87140110
v 15.71530014 91.13121007 34.87140110
v 15.71530014 91.13121007 34.87140110
v 15.73162993 91.19507001 34.83197750
v 15.73162993 91.19507001 34.83197750
v 15.73162993 91.19507001 34.83197750
v 15.73162993 91.19507001 34.83197750
v 15.66203281 91.19507001 34.81813380
v 15.66203281 91.19507001 34.81813380
v 15.73736419 91.27041028 34.81813380
v 15.73736419 91.27041028 34.81813380
v 15.73736419 91.27041028 34.81813380
v 15.73736419 91.27041028 34.81813380
v 15.66203281 91.27041028 34.80314951
v 15.66203281 91.27041028 34.80314951
v 15.73736419 108.19957994 34.81813380
v 15.73736419 108.19957994 34.81813380
v 15.73736419 108.19957994 34.81813380
v 15.73736419 108.19957994 34.81813380
v 15.66203281 108.19957994 34.80314951
v 15.66203281 108.19957994 34.80314951
v 15.73162993 108.27491067 34.83197750
v 15.73162993 108.27491067 34.83197750
v 15.73162993 108.27491067 34.83197750
v 15.73162993 108.27491067 34.83197750
v 15.66203281 108.27491067 34.81813380
v 15.66203281 108.27491067 34.81813380
v 15.71530014 108.33877061 34.87140110
v 15.71530014 108.33877061 34.87140110
v 15.71530014 108.33877061 34.87140110
v 15.71530014 108.33877061 34.87140110
v 15.66203281 108.33877061 34.86080560
v 15.66203281 108.33877061 34.86080560
v 15.66203281 108.38143991 34.92466846
v 15.66203281 108.38143991 34.92466846
v 15.69086088 108.38143991 34.93040272
v 15.69086088 108.38143991 34.93040272
v 15.69086088 108.38143991 34.93040272
v 15.69086088 108.38143991 34.93040272
v 15.71530014 91.08853982 33.47846401
v 15.71530014 91.08853982 33.47846401
v 15.71530014 91.08853982 33.47846401
v 15.71530014 91.08853982 33.47846401
v 15.76045801 91.13121007 33.52362204
v 15.76045801 91.13121007 33.52362204
v 15.76045801 91.13121007 33.52362204
v 15.76045801 91.13121007 33.52362204
v 15.79063151 91.19507001 33.55379498
v 15.79063151 91.19507001 33.55379498
v 15.79063151 91.19507001 33.55379498
v 15.79063151 91.19507001 33.55379498
v 15.80122702 91.27041028 33.56439102
v 15.80122702 91.27041028 33.56439102
v 15.80122702 91.27041028 33.56439102
v 15.80122702 91.27041028 33.56439102
v 15.80122702 108.19957994 33.56439102
v 15.80122702 108.19957994 33.56439102
v 15.80122702 108.19957994 33.56439102
v 15.80122702 108.19957994 33.56439102
v 15.79063151 108.27491067 33.55379498
v 15.79063151 108.27491067 33.55379498
v 15.79063151 108.27491067 33.55379498
v 15.79063151 108.27491067 33.55379498
v 15.76045801 108.33877061 33.52362204
v 15.76045801 108.33877061 33.52362204
v 15.76045801 108.33877061 33.52362204
v 15.76045801 108.33877061 33.52362204
v 15.71530014 108.38143991 33.47846401
v 15.71530014 108.38143991 33.47846401
v 15.71530014 108.38143991 33.47846401
v 15.71530014 108.38143991 33.47846401
v 15.71530014 108.38143991 34.94673252
v 15.71530014 108.38143991 34.94673252
v 15.71530014 108.38143991 34.94673252
v 15.71530014 108.38143991 34.94673252
v 15.76045801 108.33877061 34.90157465
v 15.76045801 108.33877061 34.90157465
v 15.76045801 108.33877061 34.90157465
v 15.76045801 108.33877061 34.90157465
v 15.79063151 108.27491067 34.87140110
v 15.79063151 108.27491067 34.87140110
v 15.79063151 108.27491067 34.87140110
v 15.79063151 108.27491067 34.87140110
v 15.80122702 108.19957994 34.86080560
v 15.80122702 108.19957994 34.86080560
v 15.80122702 108.19957994 34.86080560
v 15.80122702 108.19957994 34.86080560
v 15.80122702 91.27041028 34.86080560
v 15.80122702 91.27041028 34.86080560
v 15.80122702 91.27041028 34.86080560
v 15.80122702 91.27041028 34.86080560
v 15.79063151 91.19507001 34.87140110
v 15.79063151 91.19507001 34.87140110
v 15.79063151 91.19507001 34.87140110
v 15.79063151 91.19507001 34.87140110
v 15.76045801 91.13121007 34.90157465
v 15.76045801 91.13121007 34.90157465
v 15.76045801 91.13121007 34.90157465
v 15.76045801 91.13121007 34.90157465
v 15.71530014 91.08853982 34.94673252
v 15.71530014 91.08853982 34.94673252
v 15.71530014 91.08853982 34.94673252
v 15.71530014 91.08853982 34.94673252
v 12.31885580 113.45805976 33.42519701
v 12.31885580 113.45805976 33.42519701
v 12.31885580 113.45805976 33.42519701
v 12.31885580 113.45805976 33.42519701
v 12.29002778 113.44306991 33.49479401
v 12.29002778 113.44306991 33.49479401
v 12.29002778 113.44306991 33.49479401
v 12.29002778 113.44306991 33.49479401
v 12.26558880 113.44306991 33.47846401
v 12.26558880 113.44306991 33.47846401
v 12.26558880 113.44306991 33.47846401
v 12.26558880 113.44306991 33.47846401
v 12.24925880 113.44306991 33.45402503
v 12.24925880 113.44306991 33.45402503
v 12.24925880 113.44306991 33.45402503
v 12.24925880 113.44306991 33.45402503
v 12.31885580 113.44306991 33.50052798
v 12.31885580 113.44306991 33.50052798
v 12.26558880 113.40040061 33.55379498
v 12.26558880 113.40040061 33.55379498
v 12.26558880 113.40040061 33.55379498
v 12.26558880 113.40040061 33.55379498
v 12.22043077 113.40040061 33.52362204
v 12.22043077 113.40040061 33.52362204
v 12.22043077 113.40040061 33.52362204
v 12.22043077 113.40040061 33.52362204
v 12.24352483 113.44306991 33.42519701
v 12.24352483 113.44306991 33.42519701
v 12.19025676 113.40040061 33.47846401
v 12.19025676 113.40040061 33.47846401
v 12.19025676 113.40040061 33.47846401
v 12.19025676 113.40040061 33.47846401
v 12.31885580 89.10559508 34.99999985
v 12.31885580 96.15016982 34.92466846
v 12.31885580 96.13517997 34.99999985
v 12.31885580 89.10559508 33.42519701
v 12.31885580 96.19284007 34.86080560
v 12.31885580 96.25670001 34.81813380
v 12.31885580 96.33204028 34.80314951
v 12.31885580 113.26120994 34.80314951
v 12.31885580 96.33204028 33.62204695
v 12.31885580 96.25670001 33.60706306
v 12.31885580 96.19284007 33.56439102
v 12.31885580 96.15016982 33.50052798
v 12.31885580 96.13517997 33.42519701
v 12.31885580 113.45805976 34.99999985
v 12.31885580 118.60651061 33.42519701
v 12.31885580 118.60651061 34.99999985
v 12.31885580 113.44306991 34.92466846
v 12.31885580 113.40040061 34.86080560
v 12.31885580 113.33654067 34.81813380
v 12.31885580 113.26120994 33.62204695
v 12.31885580 113.33654067 33.60706306
v 12.31885580 113.40040061 33.56439102
v 12.31885580 113.44306991 33.50052798
v 12.31885580 113.45805976 33.42519701
v 12.31885580 113.40040061 33.56439102
v 12.31885580 113.40040061 33.56439102
v 12.24925880 113.33654067 33.59321904
v 12.24925880 113.33654067 33.59321904
v 12.24925880 113.33654067 33.59321904
v 12.24925880 113.33654067 33.59321904
v 12.19025676 113.33654067 33.55379498
v 12.19025676 113.33654067 33.55379498
v 12.19025676 113.33654067 33.55379498
v 12.19025676 113.33654067 33.55379498
v 10.74405281 90.72639606 33.42519701
v 12.31885580 96.13517997 33.42519701
v 12.31885580 89.10559508 33.42519701
v 10.74405281 96.13517997 33.42519701
v 10.81938419 96.15016982 33.42519701
v 12.24352483 96.15016982 33.42519701
v 10.88324702 96.19284007 33.42519701
v 12.17966179 96.19284007 33.42519701
v 10.92591881 96.25670001 33.42519701
v 12.13698975 96.25670001 33.42519701
v 10.94090321 96.33204028 33.42519701
v 12.12200586 96.33204028 33.42519701
v 10.94090321 113.26120994 33.42519701
v 12.12200586 113.26120994 33.42519701
v 10.92591881 113.33654067 33.42519701
v 12.13698975 113.33654067 33.42519701
v 10.88324702 113.40040061 33.42519701
v 12.17966179 113.40040061 33.42519701
v 10.81938419 113.44306991 33.42519701
v 12.24352483 113.44306991 33.42519701
v 10.74405281 113.45805976 33.42519701
v 12.31885580 113.45805976 33.42519701
v 10.74405277 120.22731063 33.42519701
v 12.31885580 118.60651061 33.42519701
v 12.17966179 113.40040061 33.42519701
v 12.17966179 113.40040061 33.42519701
v 12.15083377 113.33654067 33.49479401
v 12.15083377 113.33654067 33.49479401
v 12.15083377 113.33654067 33.49479401
v 12.15083377 113.33654067 33.49479401
v 12.31885580 118.60651061 34.99999985
v 10.74405277 120.22731063 33.42519701
v 10.74405288 120.22731063 34.99999996
v 12.31885580 118.60651061 33.42519701
v 12.31885580 96.13517997 34.99999985
v 10.74405281 90.72639606 34.99999985
v 12.31885580 89.10559508 34.99999985
v 10.74405281 96.13517997 34.99999985
v 12.24352483 96.15016982 34.99999985
v 10.81938419 96.15016982 34.99999985
v 12.17966179 96.19284007 34.99999985
v 10.88324702 96.19284007 34.99999985
v 10.92591881 96.25670001 34.99999985
v 12.13698975 96.25670001 34.99999985
v 12.12200586 96.33204028 34.99999985
v 10.94090321 96.33204028 34.99999985
v 12.12200586 113.26120994 34.99999985
v 10.94090321 113.26120994 34.99999985
v 12.13698975 113.33654067 34.99999985
v 10.92591881 113.33654067 34.99999985
v 12.17966179 113.40040061 34.99999985
v 10.88324702 113.40040061 34.99999985
v 12.24352483 113.44306991 34.99999985
v 10.81938419 113.44306991 34.99999985
v 12.31885580 113.45805976 34.99999985
v 10.74405281 113.45805976 34.99999985
v 12.31885580 118.60651061 34.99999985
v 10.74405288 120.22731063 34.99999996
v 12.31885580 113.45805976 34.99999985
v 12.31885580 113.45805976 34.99999985
v 12.31885580 113.45805976 34.99999985
v 12.31885580 113.45805976 34.99999985
v 12.29002778 113.44306991 34.93040272
v 12.29002778 113.44306991 34.93040272
v 12.29002778 113.44306991 34.93040272
v 12.29002778 113.44306991 34.93040272
v 12.31885580 113.44306991 34.92466846
v 12.31885580 113.44306991 34.92466846
v 12.31885580 113.40040061 34.86080560
v 12.31885580 113.40040061 34.86080560
v 12.26558880 113.40040061 34.87140110
v 12.26558880 113.40040061 34.87140110
v 12.26558880 113.40040061 34.87140110
v 12.26558880 113.40040061 34.87140110
v 12.24925880 113.33654067 34.83197750
v 12.24925880 113.33654067 34.83197750
v 12.24925880 113.33654067 34.83197750
v 12.24925880 113.33654067 34.83197750
v 12.31885580 113.33654067 34.81813380
v 12.31885580 113.33654067 34.81813380
v 12.24352483 113.26120994 34.81813380
v 12.24352483 113.26120994 34.81813380
v 12.24352483 113.26120994 34.81813380
v 12.24352483 113.26120994 34.81813380
v 12.31885580 113.26120994 34.80314951
v 12.31885580 113.26120994 34.80314951
v 12.24352483 96.33204028 34.81813380
v 12.24352483 96.33204028 34.81813380
v 12.24352483 96.33204028 34.81813380
v 12.24352483 96.33204028 34.81813380
v 12.31885580 96.33204028 34.80314951
v 12.31885580 96.33204028 34.80314951
v 12.24925880 96.25670001 34.83197750
v 12.24925880 96.25670001 34.83197750
v 12.24925880 96.25670001 34.83197750
v 12.24925880 96.25670001 34.83197750
v 12.31885580 96.25670001 34.81813380
v 12.31885580 96.25670001 34.81813380
v 12.26558880 96.19284007 34.87140110
v 12.26558880 96.19284007 34.87140110
v 12.26558880 96.19284007 34.87140110
v 12.26558880 96.19284007 34.87140110
v 12.31885580 96.19284007 34.86080560
v 12.31885580 96.19284007 34.86080560
v 12.29002778 96.15016982 34.93040272
v 12.29002778 96.15016982 34.93040272
v 12.29002778 96.15016982 34.93040272
v 12.29002778 96.15016982 34.93040272
v 12.31885580 96.15016982 34.92466846
v 12.31885580 96.15016982 34.92466846
v 12.31885580 96.13517997 34.99999985
v 12.31885580 96.13517997 34.99999985
v 12.31885580 96.13517997 34.99999985
v 12.31885580 96.13517997 34.99999985
v 10.74405281 90.72639606 34.99999985
v 12.31885580 89.10559508 33.42519701
v 12.31885580 89.10559508 34.99999985
v 10.74405281 90.72639606 33.42519701
v 12.31885580 96.13517997 33.42519701
v 12.31885580 96.13517997 33.42519701
v 12.31885580 96.13517997 33.42519701
v 12.31885580 96.13517997 33.42519701
v 12.29002778 96.15016982 33.49479401
v 12.29002778 96.15016982 33.49479401
v 12.29002778 96.15016982 33.49479401
v 12.29002778 96.15016982 33.49479401
v 12.31885580 96.15016982 33.50052798
v 12.31885580 96.15016982 33.50052798
v 12.31885580 96.19284007 33.56439102
v 12.31885580 96.19284007 33.56439102
v 12.26558880 96.19284007 33.55379498
v 12.26558880 96.19284007 33.55379498
v 12.26558880 96.19284007 33.55379498
v 12.26558880 96.19284007 33.55379498
v 12.24925880 96.25670001 33.59321904
v 12.24925880 96.25670001 33.59321904
v 12.24925880 96.25670001 33.59321904
v 12.24925880 96.25670001 33.59321904
v 12.31885580 96.25670001 33.60706306
v 12.31885580 96.25670001 33.60706306
v 12.24352483 96.33204028 33.60706306
v 12.24352483 96.33204028 33.60706306
v 12.24352483 96.33204028 33.60706306
v 12.24352483 96.33204028 33.60706306
v 12.31885580 96.33204028 33.62204695
v 12.31885580 96.33204028 33.62204695
v 12.24352483 113.26120994 33.60706306
v 12.24352483 113.26120994 33.60706306
v 12.24352483 113.26120994 33.60706306
v 12.24352483 113.26120994 33.60706306
v 12.31885580 113.26120994 33.62204695
v 12.31885580 113.26120994 33.62204695
v 12.31885580 113.33654067 33.60706306
v 12.31885580 113.33654067 33.60706306
v 12.17966179 113.26120994 33.56439102
v 12.17966179 113.26120994 33.56439102
v 12.17966179 113.26120994 33.56439102
v 12.17966179 113.26120994 33.56439102
v 10.74405277 120.22731063 33.42519701
v 10.74405281 113.45805976 34.99999985
v 10.74405288 120.22731063 34.99999996
v 10.74405281 113.44306991 34.92466846
v 10.74405281 113.40040061 34.86080560
v 10.74405281 113.33654067 34.81813380
v 10.74405281 113.26120994 34.80314951
v 10.74405281 113.26120994 33.62204695
v 10.74405281 113.33654067 33.60706306
v 10.74405281 113.40040061 33.56439102
v 10.74405281 113.44306991 33.50052798
v 10.74405281 113.45805976 33.42519701
v 10.74405281 96.15016982 34.92466846
v 10.74405281 90.72639606 34.99999985
v 10.74405281 96.13517997 34.99999985
v 10.74405281 90.72639606 33.42519701
v 10.74405281 96.19284007 34.86080560
v 10.74405281 96.25670001 34.81813380
v 10.74405281 96.33204028 34.80314951
v 10.74405281 96.33204028 33.62204695
v 10.74405281 96.25670001 33.60706306
v 10.74405281 96.19284007 33.56439102
v 10.74405281 96.15016982 33.50052798
v 10.74405281 96.13517997 33.42519701
v 12.13698975 113.33654067 33.42519701
v 12.13698975 113.33654067 33.42519701
v 12.12200586 113.26120994 33.42519701
v 12.12200586 113.26120994 33.42519701
v 12.13698975 113.26120994 33.50052798
v 12.13698975 113.26120994 33.50052798
v 12.13698975 113.26120994 33.50052798
v 12.13698975 113.26120994 33.50052798
v 12.13698975 96.33204028 33.50052798
v 12.13698975 96.33204028 33.50052798
v 12.13698975 96.33204028 33.50052798
v 12.13698975 96.33204028 33.50052798
v 12.12200586 96.33204028 33.42519701
v 12.12200586 96.33204028 33.42519701
v 12.15083377 96.25670001 33.49479401
v 12.15083377 96.25670001 33.49479401
v 12.15083377 96.25670001 33.49479401
v 12.15083377 96.25670001 33.49479401
v 12.13698975 96.25670001 33.42519701
v 12.13698975 96.25670001 33.42519701
v 12.19025676 96.19284007 33.47846401
v 12.19025676 96.19284007 33.47846401
v 12.19025676 96.19284007 33.47846401
v 12.19025676 96.19284007 33.47846401
v 12.17966179 96.19284007 33.42519701
v 12.17966179 96.19284007 33.42519701
v 12.24352483 96.15016982 33.42519701
v 12.24352483 96.15016982 33.42519701
v 12.24925880 96.15016982 33.45402503
v 12.24925880 96.15016982 33.45402503
v 12.24925880 96.15016982 33.45402503
v 12.24925880 96.15016982 33.45402503
v 10.81938419 96.15016982 33.42519701
v 10.81938419 96.15016982 33.42519701
v 10.74405281 96.13517997 33.42519701
v 10.74405281 96.13517997 33.42519701
v 10.74405281 96.13517997 33.42519701
v 10.74405281 96.13517997 33.42519701
v 10.81364993 96.15016982 33.45402503
v 10.81364993 96.15016982 33.45402503
v 10.81364993 96.15016982 33.45402503
v 10.81364993 96.15016982 33.45402503
v 10.87265151 96.19284007 33.47846401
v 10.87265151 96.19284007 33.47846401
v 10.87265151 96.19284007 33.47846401
v 10.87265151 96.19284007 33.47846401
v 10.88324702 96.19284007 33.42519701
v 10.88324702 96.19284007 33.42519701
v 10.92591881 96.25670001 33.42519701
v 10.92591881 96.25670001 33.42519701
v 10.91207511 96.25670001 33.49479401
v 10.91207511 96.25670001 33.49479401
v 10.91207511 96.25670001 33.49479401
v 10.91207511 96.25670001 33.49479401
v 10.94090321 96.33204028 33.42519701
v 10.94090321 96.33204028 33.42519701
v 10.92591881 96.33204028 33.50052798
v 10.92591881 96.33204028 33.50052798
v 10.92591881 96.33204028 33.50052798
v 10.92591881 96.33204028 33.50052798
v 10.94090321 113.26120994 33.42519701
v 10.94090321 113.26120994 33.42519701
v 10.92591881 113.26120994 33.50052798
v 10.92591881 113.26120994 33.50052798
v 10.92591881 113.26120994 33.50052798
v 10.92591881 113.26120994 33.50052798
v 10.91207511 113.33654067 33.49479401
v 10.91207511 113.33654067 33.49479401
v 10.91207511 113.33654067 33.49479401
v 10.91207511 113.33654067 33.49479401
v 10.92591881 113.33654067 33.42519701
v 10.92591881 113.33654067 33.42519701
v 10.87265151 113.40040061 33.47846401
v 10.87265151 113.40040061 33.47846401
v 10.87265151 113.40040061 33.47846401
v 10.87265151 113.40040061 33.47846401
v 10.88324702 113.40040061 33.42519701
v 10.88324702 113.40040061 33.42519701
v 10.81938419 113.44306991 33.42519701
v 10.81938419 113.44306991 33.42519701
v 10.81364993 113.44306991 33.45402503
v 10.81364993 113.44306991 33.45402503
v 10.81364993 113.44306991 33.45402503
v 10.81364993 113.44306991 33.45402503
v 10.74405281 113.45805976 33.42519701
v 10.74405281 113.45805976 33.42519701
v 10.74405281 113.45805976 33.42519701
v 10.74405281 113.45805976 33.42519701
v 12.24925880 96.15016982 34.97117178
v 12.24925880 96.15016982 34.97117178
v 12.24925880 96.15016982 34.97117178
v 12.24925880 96.15016982 34.97117178
v 12.24352483 96.15016982 34.99999985
v 12.24352483 96.15016982 34.99999985
v 12.19025676 96.19284007 34.94673252
v 12.19025676 96.19284007 34.94673252
v 12.19025676 96.19284007 34.94673252
v 12.19025676 96.19284007 34.94673252
v 12.17966179 96.19284007 34.99999985
v 12.17966179 96.19284007 34.99999985
v 12.13698975 96.25670001 34.99999985
v 12.13698975 96.25670001 34.99999985
v 12.15083377 96.25670001 34.93040272
v 12.15083377 96.25670001 34.93040272
v 12.15083377 96.25670001 34.93040272
v 12.15083377 96.25670001 34.93040272
v 12.12200586 96.33204028 34.99999985
v 12.12200586 96.33204028 34.99999985
v 12.13698975 96.33204028 34.92466846
v 12.13698975 96.33204028 34.92466846
v 12.13698975 96.33204028 34.92466846
v 12.13698975 96.33204028 34.92466846
v 12.12200586 113.26120994 34.99999985
v 12.12200586 113.26120994 34.99999985
v 12.13698975 113.26120994 34.92466846
v 12.13698975 113.26120994 34.92466846
v 12.13698975 113.26120994 34.92466846
v 12.13698975 113.26120994 34.92466846
v 12.13698975 113.33654067 34.99999985
v 12.13698975 113.33654067 34.99999985
v 12.15083377 113.33654067 34.93040272
v 12.15083377 113.33654067 34.93040272
v 12.15083377 113.33654067 34.93040272
v 12.15083377 113.33654067 34.93040272
v 12.17966179 113.40040061 34.99999985
v 12.17966179 113.40040061 34.99999985
v 12.19025676 113.40040061 34.94673252
v 12.19025676 113.40040061 34.94673252
v 12.19025676 113.40040061 34.94673252
v 12.19025676 113.40040061 34.94673252
v 12.24352483 113.44306991 34.99999985
v 12.24352483 113.44306991 34.99999985
v 12.24925880 113.44306991 34.97117178
v 12.24925880 113.44306991 34.97117178
v 12.24925880 113.44306991 34.97117178
v 12.24925880 113.44306991 34.97117178
v 10.81938419 113.44306991 34.99999985
v 10.81938419 113.44306991 34.99999985
v 10.74405281 113.45805976 34.99999985
v 10.74405281 113.45805976 34.99999985
v 10.74405281 113.45805976 34.99999985
v 10.74405281 113.45805976 34.99999985
v 10.81364993 113.44306991 34.97117178
v 10.81364993 113.44306991 34.97117178
v 10.81364993 113.44306991 34.97117178
v 10.81364993 113.44306991 34.97117178
v 10.87265151 113.40040061 34.94673252
v 10.87265151 113.40040061 34.94673252
v 10.87265151 113.40040061 34.94673252
v 10.87265151 113.40040061 34.94673252
v 10.88324702 113.40040061 34.99999985
v 10.88324702 113.40040061 34.99999985
v 10.92591881 113.33654067 34.99999985
v 10.92591881 113.33654067 34.99999985
v 10.91207511 113.33654067 34.93040272
v 10.91207511 113.33654067 34.93040272
v 10.91207511 113.33654067 34.93040272
v 10.91207511 113.33654067 34.93040272
v 10.94090321 113.26120994 34.99999985
v 10.94090321 113.26120994 34.99999985
v 10.92591881 113.26120994 34.92466846
v 10.92591881 113.26120994 34.92466846
v 10.92591881 113.26120994 34.92466846
v 10.92591881 113.26120994 34.92466846
v 10.94090321 96.33204028 34.99999985
v 10.94090321 96.33204028 34.99999985
v 10.92591881 96.33204028 34.92466846
v 10.92591881 96.33204028 34.92466846
v 10.92591881 96.33204028 34.92466846
v 10.92591881 96.33204028 34.92466846
v 10.92591881 96.25670001 34.99999985
v 10.92591881 96.25670001 34.99999985
v 10.91207511 96.25670001 34.93040272
v 10.91207511 96.25670001 34.93040272
v 10.91207511 96.25670001 34.93040272
v 10.91207511 96.25670001 34.93040272
v 10.88324702 96.19284007 34.99999985
v 10.88324702 96.19284007 34.99999985
v 10.87265151 96.19284007 34.94673252
v 10.87265151 96.19284007 34.94673252
v 10.87265151 96.19284007 34.94673252
v 10.87265151 96.19284007 34.94673252
v 10.81938419 96.15016982 34.99999985
v 10.81938419 96.15016982 34.99999985
v 10.81364993 96.15016982 34.97117178
v 10.81364993 96.15016982 34.97117178
v 10.81364993 96.15016982 34.97117178
v 10.81364993 96.15016982 34.97117178
v 10.74405281 96.13517997 34.99999985
v 10.74405281 96.13517997 34.99999985
v 10.74405281 96.13517997 34.99999985
v 10.74405281 96.13517997 34.99999985
v 12.26558880 113.44306991 34.94673252
v 12.26558880 113.44306991 34.94673252
v 12.26558880 113.44306991 34.94673252
v 12.26558880 113.44306991 34.94673252
v 12.22043077 113.40040061 34.90157465
v 12.22043077 113.40040061 34.90157465
v 12.22043077 113.40040061 34.90157465
v 12.22043077 113.40040061 34.90157465
v 12.19025676 113.33654067 34.87140110
v 12.19025676 113.33654067 34.87140110
v 12.19025676 113.33654067 34.87140110
v 12.19025676 113.33654067 34.87140110
v 12.17966179 113.26120994 34.86080560
v 12.17966179 113.26120994 34.86080560
v 12.17966179 113.26120994 34.86080560
v 12.17966179 113.26120994 34.86080560
v 12.17966179 96.33204028 34.86080560
v 12.17966179 96.33204028 34.86080560
v 12.17966179 96.33204028 34.86080560
v 12.17966179 96.33204028 34.86080560
v 12.19025676 96.25670001 34.87140110
v 12.19025676 96.25670001 34.87140110
v 12.19025676 96.25670001 34.87140110
v 12.19025676 96.25670001 34.87140110
v 12.22043077 96.19284007 34.90157465
v 12.22043077 96.19284007 34.90157465
v 12.22043077 96.19284007 34.90157465
v 12.22043077 96.19284007 34.90157465
v 12.26558880 96.15016982 34.94673252
v 12.26558880 96.15016982 34.94673252
v 12.26558880 96.15016982 34.94673252
v 12.26558880 96.15016982 34.94673252
v 12.26558880 96.15016982 33.47846401
v 12.26558880 96.15016982 33.47846401
v 12.26558880 96.15016982 33.47846401
v 12.26558880 96.15016982 33.47846401
v 12.22043077 96.19284007 33.52362204
v 12.22043077 96.19284007 33.52362204
v 12.22043077 96.19284007 33.52362204
v 12.22043077 96.19284007 33.52362204
v 12.19025676 96.25670001 33.55379498
v 12.19025676 96.25670001 33.55379498
v 12.19025676 96.25670001 33.55379498
v 12.19025676 96.25670001 33.55379498
v 12.17966179 96.33204028 33.56439102
v 12.17966179 96.33204028 33.56439102
v 12.17966179 96.33204028 33.56439102
v 12.17966179 96.33204028 33.56439102
v 10.77288088 113.44306991 33.49479401
v 10.77288088 113.44306991 33.49479401
v 10.77288088 113.44306991 33.49479401
v 10.77288088 113.44306991 33.49479401
v 10.74405281 113.44306991 33.50052798
v 10.74405281 113.44306991 33.50052798
v 10.74405281 113.40040061 33.56439102
v 10.74405281 113.40040061 33.56439102
v 10.79732014 113.40040061 33.55379498
v 10.79732014 113.40040061 33.55379498
v 10.79732014 113.40040061 33.55379498
v 10.79732014 113.40040061 33.55379498
v 10.81364993 113.33654067 33.59321904
v 10.81364993 113.33654067 33.59321904
v 10.81364993 113.33654067 33.59321904
v 10.81364993 113.33654067 33.59321904
v 10.74405281 113.33654067 33.60706306
v 10.74405281 113.33654067 33.60706306
v 10.81938419 113.26120994 33.60706306
v 10.81938419 113.26120994 33.60706306
v 10.81938419 113.26120994 33.60706306
v 10.81938419 113.26120994 33.60706306
v 10.74405281 113.26120994 33.62204695
v 10.74405281 113.26120994 33.62204695
v 10.81938419 96.33204028 33.60706306
v 10.81938419 96.33204028 33.60706306
v 10.81938419 96.33204028 33.60706306
v 10.81938419 96.33204028 33.60706306
v 10.74405281 96.33204028 33.62204695
v 10.74405281 96.33204028 33.62204695
v 10.81364993 96.25670001 33.59321904
v 10.81364993 96.25670001 33.59321904
v 10.81364993 96.25670001 33.59321904
v 10.81364993 96.25670001 33.59321904
v 10.74405281 96.25670001 33.60706306
v 10.74405281 96.25670001 33.60706306
v 10.79732014 96.19284007 33.55379498
v 10.79732014 96.19284007 33.55379498
v 10.79732014 96.19284007 33.55379498
v 10.79732014 96.19284007 33.55379498
v 10.74405281 96.19284007 33.56439102
v 10.74405281 96.19284007 33.56439102
v 10.74405281 96.15016982 33.50052798
v 10.74405281 96.15016982 33.50052798
v 10.77288088 96.15016982 33.49479401
v 10.77288088 96.15016982 33.49479401
v 10.77288088 96.15016982 33.49479401
v 10.77288088 96.15016982 33.49479401
v 10.77288088 96.15016982 34.93040272
v 10.77288088 96.15016982 34.93040272
v 10.77288088 96.15016982 34.93040272
v 10.77288088 96.15016982 34.93040272
v 10.74405281 96.15016982 34.92466846
v 10.74405281 96.15016982 34.92466846
v 10.74405281 96.19284007 34.86080560
v 10.74405281 96.19284007 34.86080560
v 10.79732014 96.19284007 34.87140110
v 10.79732014 96.19284007 34.87140110
v 10.79732014 96.19284007 34.87140110
v 10.79732014 96.19284007 34.87140110
v 10.81364993 96.25670001 34.83197750
v 10.81364993 96.25670001 34.83197750
v 10.81364993 96.25670001 34.83197750
v 10.81364993 96.25670001 34.83197750
v 10.74405281 96.25670001 34.81813380
v 10.74405281 96.25670001 34.81813380
v 10.81938419 96.33204028 34.81813380
v 10.81938419 96.33204028 34.81813380
v 10.81938419 96.33204028 34.81813380
v 10.81938419 96.33204028 34.81813380
v 10.74405281 96.33204028 34.80314951
v 10.74405281 96.33204028 34.80314951
v 10.81938419 113.26120994 34.81813380
v 10.81938419 113.26120994 34.81813380
v 10.81938419 113.26120994 34.81813380
v 10.81938419 113.26120994 34.81813380
v 10.74405281 113.26120994 34.80314951
v 10.74405281 113.26120994 34.80314951
v 10.81364993 113.33654067 34.83197750
v 10.81364993 113.33654067 34.83197750
v 10.81364993 113.33654067 34.83197750
v 10.81364993 113.33654067 34.83197750
v 10.74405281 113.33654067 34.81813380
v 10.74405281 113.33654067 34.81813380
v 10.79732014 113.40040061 34.87140110
v 10.79732014 113.40040061 34.87140110
v 10.79732014 113.40040061 34.87140110
v 10.79732014 113.40040061 34.87140110
v 10.74405281 113.40040061 34.86080560
v 10.74405281 113.40040061 34.86080560
v 10.74405281 113.44306991 34.92466846
v 10.74405281 113.44306991 34.92466846
v 10.77288088 113.44306991 34.93040272
v 10.77288088 113.44306991 34.93040272
v 10.77288088 113.44306991 34.93040272
v 10.77288088 113.44306991 34.93040272
v 10.79732014 96.15016982 33.47846401
v 10.79732014 96.15016982 33.47846401
v 10.79732014 96.15016982 33.47846401
v 10.79732014 96.15016982 33.47846401
v 10.84247801 96.19284007 33.52362204
v 10.84247801 96.19284007 33.52362204
v 10.84247801 96.19284007 33.52362204
v 10.84247801 96.19284007 33.52362204
v 10.87265151 96.25670001 33.55379498
v 10.87265151 96.25670001 33.55379498
v 10.87265151 96.25670001 33.55379498
v 10.87265151 96.25670001 33.55379498
v 10.88324702 96.33204028 33.56439102
v 10.88324702 96.33204028 33.56439102
v 10.88324702 96.33204028 33.56439102
v 10.88324702 96.33204028 33.56439102
v 10.88324702 113.26120994 33.56439102
v 10.88324702 113.26120994 33.56439102
v 10.88324702 113.26120994 33.56439102
v 10.88324702 113.26120994 33.56439102
v 10.87265151 113.33654067 33.55379498
v 10.87265151 113.33654067 33.55379498
v 10.87265151 113.33654067 33.55379498
v 10.87265151 113.33654067 33.55379498
v 10.84247801 113.40040061 33.52362204
v 10.84247801 113.40040061 33.52362204
v 10.84247801 113.40040061 33.52362204
v 10.84247801 113.40040061 33.52362204
v 10.79732014 113.44306991 33.47846401
v 10.79732014 113.44306991 33.47846401
v 10.79732014 113.44306991 33.47846401
v 10.79732014 113.44306991 33.47846401
v 10.79732014 113.44306991 34.94673252
v 10.79732014 113.44306991 34.94673252
v 10.79732014 113.44306991 34.94673252
v 10.79732014 113.44306991 34.94673252
v 10.84247801 113.40040061 34.90157465
v 10.84247801 113.40040061 34.90157465
v 10.84247801 113.40040061 34.90157465
v 10.84247801 113.40040061 34.90157465
v 10.87265151 113.33654067 34.87140110
v 10.87265151 113.33654067 34.87140110
v 10.87265151 113.33654067 34.87140110
v 10.87265151 113.33654067 34.87140110
v 10.88324702 113.26120994 34.86080560
v 10.88324702 113.26120994 34.86080560
v 10.88324702 113.26120994 34.86080560
v 10.88324702 113.26120994 34.86080560
v 10.88324702 96.33204028 34.86080560
v 10.88324702 96.33204028 34.86080560
v 10.88324702 96.33204028 34.86080560
v 10.88324702 96.33204028 34.86080560
v 10.87265151 96.25670001 34.87140110
v 10.87265151 96.25670001 34.87140110
v 10.87265151 96.25670001 34.87140110
v 10.87265151 96.25670001 34.87140110
v 10.84247801 96.19284007 34.90157465
v 10.84247801 96.19284007 34.90157465
v 10.84247801 96.19284007 34.90157465
v 10.84247801 96.19284007 34.90157465
v 10.79732014 96.15016982 34.94673252
v 10.79732014 96.15016982 34.94673252
v 10.79732014 96.15016982 34.94673252
v 10.79732014 96.15016982 34.94673252
v 7.40088080 118.51968976 33.42519701
v 7.40088080 118.51968976 33.42519701
v 7.40088080 118.51968976 33.42519701
v 7.40088080 118.51968976 33.42519701
v 7.37205278 118.50469991 33.49479401
v 7.37205278 118.50469991 33.49479401
v 7.37205278 118.50469991 33.49479401
v 7.37205278 118.50469991 33.49479401
v 7.34761380 118.50469991 33.47846401
v 7.34761380 118.50469991 33.47846401
v 7.34761380 118.50469991 33.47846401
v 7.34761380 118.50469991 33.47846401
v 7.33128380 118.50469991 33.45402503
v 7.33128380 118.50469991 33.45402503
v 7.33128380 118.50469991 33.45402503
v 7.33128380 118.50469991 33.45402503
v 7.40088080 118.50469991 33.50052798
v 7.40088080 118.50469991 33.50052798
v 7.34761380 118.46203061 33.55379498
v 7.34761380 118.46203061 33.55379498
v 7.34761380 118.46203061 33.55379498
v 7.34761380 118.46203061 33.55379498
v 7.30245577 118.46203061 33.52362204
v 7.30245577 118.46203061 33.52362204
v 7.30245577 118.46203061 33.52362204
v 7.30245577 118.46203061 33.52362204
v 7.32554983 118.50469991 33.42519701
v 7.32554983 118.50469991 33.42519701
v 7.27228176 118.46203061 33.47846401
v 7.27228176 118.46203061 33.47846401
v 7.27228176 118.46203061 33.47846401
v 7.27228176 118.46203061 33.47846401
v 7.40088080 94.16722508 34.99999985
v 7.40088080 101.21179982 34.92466846
v 7.40088080 101.19680997 34.99999985
v 7.40088080 94.16722508 33.42519701
v 7.40088080 101.25447007 34.86080560
v 7.40088080 101.31833001 34.81813380
v 7.40088080 101.39367028 34.80314951
v 7.40088080 118.32283994 34.80314951
v 7.40088080 101.39367028 33.62204695
v 7.40088080 101.31833001 33.60706306
v 7.40088080 101.25447007 33.56439102
v 7.40088080 101.21179982 33.50052798
v 7.40088080 101.19680997 33.42519701
v 7.40088080 118.51968976 34.99999985
v 7.40088080 123.66814061 33.42519701
v 7.40088080 123.66814061 34.99999985
v 7.40088080 118.50469991 34.92466846
v 7.40088080 118.46203061 34.86080560
v 7.40088080 118.39817067 34.81813380
v 7.40088080 118.32283994 33.62204695
v 7.40088080 118.39817067 33.60706306
v 7.40088080 118.46203061 33.56439102
v 7.40088080 118.50469991 33.50052798
v 7.40088080 118.51968976 33.42519701
v 7.40088080 118.46203061 33.56439102
v 7.40088080 118.46203061 33.56439102
v 7.33128380 118.39817067 33.59321904
v 7.33128380 118.39817067 33.59321904
v 7.33128380 118.39817067 33.59321904
v 7.33128380 118.39817067 33.59321904
v 7.27228176 118.39817067 33.55379498
v 7.27228176 118.39817067 33.55379498
v 7.27228176 118.39817067 33.55379498
v 7.27228176 118.39817067 33.55379498
v 5.82607781 95.78802606 33.42519701
v 7.40088080 101.19680997 33.42519701
v 7.40088080 94.16722508 33.42519701
v 5.82607781 101.19680997 33.42519701
v 5.90140919 101.21179982 33.42519701
v 7.32554983 101.21179982 33.42519701
v 5.96527202 101.25447007 33.42519701
v 7.26168679 101.25447007 33.42519701
v 6.00794381 101.31833001 33.42519701
v 7.21901475 101.31833001 33.42519701
v 6.02292821 101.39367028 33.42519701
v 7.20403086 101.39367028 33.42519701
v 6.02292821 118.32283994 33.42519701
v 7.20403086 118.32283994 33.42519701
v 6.00794381 118.39817067 33.42519701
v 7.21901475 118.39817067 33.42519701
v 5.96527202 118.46203061 33.42519701
v 7.26168679 118.46203061 33.42519701
v 5.90140919 118.50469991 33.42519701
v 7.32554983 118.50469991 33.42519701
v 5.82607781 118.51968976 33.42519701
v 7.40088080 118.51968976 33.42519701
v 5.82607777 125.28894063 33.42519701
v 7.40088080 123.66814061 33.42519701
v 7.26168679 118.46203061 33.42519701
v 7.26168679 118.46203061 33.42519701
v 7.23285877 118.39817067 33.49479401
v 7.23285877 118.39817067 33.49479401
v 7.23285877 118.39817067 33.49479401
v 7.23285877 118.39817067 33.49479401
v 7.40088080 123.66814061 34.99999985
v 5.82607777 125.28894063 33.42519701
v 5.82607788 125.28894063 34.99999996
v 7.40088080 123.66814061 33.42519701
v 7.40088080 101.19680997 34.99999985
v 5.82607781 95.78802606 34.99999985
v 7.40088080 94.16722508 34.99999985
v 5.82607781 101.19680997 34.99999985
v 7.32554983 101.21179982 34.99999985
v 5.90140919 101.21179982 34.99999985
v 7.26168679 101.25447007 34.99999985
v 5.96527202 101.25447007 34.99999985
v 6.00794381 101.31833001 34.99999985
v 7.21901475 101.31833001 34.99999985
v 7.20403086 101.39367028 34.99999985
v 6.02292821 101.39367028 34.99999985
v 7.20403086 118.32283994 34.99999985
v 6.02292821 118.32283994 34.99999985
v 7.21901475 118.39817067 34.99999985
v 6.00794381 118.39817067 34.99999985
v 7.26168679 118.46203061 34.99999985
v 5.96527202 118.46203061 34.99999985
v 7.32554983 118.50469991 34.99999985
v 5.90140919 118.50469991 34.99999985
v 7.40088080 118.51968976 34.99999985
v 5.82607781 118.51968976 34.99999985
v 7.40088080 123.66814061 34.99999985
v 5.82607788 125.28894063 34.99999996
v 7.40088080 118.51968976 34.99999985
v 7.40088080 118.51968976 34.99999985
v 7.40088080 118.51968976 34.99999985
v 7.40088080 118.51968976 34.99999985
v 7.37205278 118.50469991 34.93040272
v 7.37205278 118.50469991 34.93040272
v 7.37205278 118.50469991 34.93040272
v 7.37205278 118.50469991 34.93040272
v 7.40088080 118.50469991 34.92466846
v 7.40088080 118.50469991 34.92466846
v 7.40088080 118.46203061 34.86080560
v 7.40088080 118.46203061 34.86080560
v 7.34761380 118.46203061 34.87140110
v 7.34761380 118.46203061 34.87140110
v 7.34761380 118.46203061 34.87140110
v 7.34761380 118.46203061 34.87140110
v 7.33128380 118.39817067 34.83197750
v 7.33128380 118.39817067 34.83197750
v 7.33128380 118.39817067 34.83197750
v 7.33128380 118.39817067 34.83197750
v 7.40088080 118.39817067 34.81813380
v 7.40088080 118.39817067 34.81813380
v 7.32554983 118.32283994 34.81813380
v 7.32554983 118.32283994 34.81813380
v 7.32554983 118.32283994 34.81813380
v 7.32554983 118.32283994 34.81813380
v 7.40088080 118.32283994 34.80314951
v 7.40088080 118.32283994 34.80314951
v 7.32554983 101.39367028 34.81813380
v 7.32554983 101.39367028 34.81813380
v 7.32554983 101.39367028 34.81813380
v 7.32554983 101.39367028 34.81813380
v 7.40088080 101.39367028 34.80314951
v 7.40088080 101.39367028 34.80314951
v 7.33128380 101.31833001 34.83197750
v 7.33128380 101.31833001 34.83197750
v 7.33128380 101.31833001 34.83197750
v 7.33128380 101.31833001 34.83197750
v 7.40088080 101.31833001 34.81813380
v 7.40088080 101.31833001 34.81813380
v 7.34761380 101.25447007 34.87140110
v 7.34761380 101.25447007 34.87140110
v 7.34761380 101.25447007 34.87140110
v 7.34761380 101.25447007 34.87140110
v 7.40088080 101.25447007 34.86080560
v 7.40088080 101.25447007 34.86080560
v 7.37205278 101.21179982 34.93040272
v 7.37205278 101.21179982 34.93040272
v 7.37205278 101.21179982 34.93040272
v 7.37205278 101.21179982 34.93040272
v 7.40088080 101.21179982 34.92466846
v 7.40088080 101.21179982 34.92466846
v 7.40088080 101.19680997 34.99999985
v 7.40088080 101.19680997 34.99999985
v 7.40088080 101.19680997 34.99999985
v 7.40088080 101.19680997 34.99999985
v 5.82607781 95.78802606 34.99999985
v 7.40088080 94.16722508 33.42519701
v 7.40088080 94.16722508 34.99999985
v 5.82607781 95.78802606 33.42519701
v 7.40088080 101.19680997 33.42519701
v 7.40088080 101.19680997 33.42519701
v 7.40088080 101.19680997 33.42519701
v 7.40088080 101.19680997 33.42519701
v 7.37205278 101.21179982 33.49479401
v 7.37205278 101.21179982 33.49479401
v 7.37205278 101.21179982 33.49479401
v 7.37205278 101.21179982 33.49479401
v 7.40088080 101.21179982 33.50052798
v 7.40088080 101.21179982 33.50052798
v 7.40088080 101.25447007 33.56439102
v 7.40088080 101.25447007 33.56439102
v 7.34761380 101.25447007 33.55379498
v 7.34761380 101.25447007 33.55379498
v 7.34761380 101.25447007 33.55379498
v 7.34761380 101.25447007 33.55379498
v 7.33128380 101.31833001 33.59321904
v 7.33128380 101.31833001 33.59321904
v 7.33128380 101.31833001 33.59321904
v 7.33128380 101.31833001 33.59321904
v 7.40088080 101.31833001 33.60706306
v 7.40088080 101.31833001 33.60706306
v 7.32554983 101.39367028 33.60706306
v 7.32554983 101.39367028 33.60706306
v 7.32554983 101.39367028 33.60706306
v 7.32554983 101.39367028 33.60706306
v 7.40088080 101.39367028 33.62204695
v 7.40088080 101.39367028 33.62204695
v 7.32554983 118.32283994 33.60706306
v 7.32554983 118.32283994 33.60706306
v 7.32554983 118.32283994 33.60706306
v 7.32554983 118.32283994 33.60706306
v 7.40088080 118.32283994 33.62204695
v 7.40088080 118.32283994 33.62204695
v 7.40088080 118.39817067 33.60706306
v 7.40088080 118.39817067 33.60706306
v 7.26168679 118.32283994 33.56439102
v 7.26168679 118.32283994 33.56439102
v 7.26168679 118.32283994 33.56439102
v 7.26168679 118.32283994 33.56439102
v 5.82607777 125.28894063 33.42519701
v 5.82607781 118.51968976 34.99999985
v 5.82607788 125.28894063 34.99999996
v 5.82607781 118.50469991 34.92466846
v 5.82607781 118.46203061 34.86080560
v 5.82607781 118.39817067 34.81813380
v 5.82607781 118.32283994 34.80314951
v 5.82607781 118.32283994 33.62204695
v 5.82607781 118.39817067 33.60706306
v 5.82607781 118.46203061 33.56439102
v 5.82607781 118.50469991 33.50052798
v 5.82607781 118.51968976 33.42519701
v 5.82607781 101.21179982 34.92466846
v 5.82607781 95.78802606 34.99999985
v 5.82607781 101.19680997 34.99999985
v 5.82607781 95.78802606 33.42519701
v 5.82607781 101.25447007 34.86080560
v 5.82607781 101.31833001 34.81813380
v 5.82607781 101.39367028 34.80314951
v 5.82607781 101.39367028 33.62204695
v 5.82607781 101.31833001 33.60706306
v 5.82607781 101.25447007 33.56439102
v 5.82607781 101.21179982 33.50052798
v 5.82607781 101.19680997 33.42519701
v 7.21901475 118.39817067 33.42519701
v 7.21901475 118.39817067 33.42519701
v 7.20403086 118.32283994 33.42519701
v 7.20403086 118.32283994 33.42519701
v 7.21901475 118.32283994 33.50052798
v 7.21901475 118.32283994 33.50052798
v 7.21901475 118.32283994 33.50052798
v 7.21901475 118.32283994 33.50052798
v 7.21901475 101.39367028 33.50052798
v 7.21901475 101.39367028 33.50052798
v 7.21901475 101.39367028 33.50052798
v 7.21901475 101.39367028 33.50052798
v 7.20403086 101.39367028 33.42519701
v 7.20403086 101.39367028 33.42519701
v 7.23285877 101.31833001 33.49479401
v 7.23285877 101.31833001 33.49479401
v 7.23285877 101.31833001 33.49479401
v 7.23285877 101.31833001 33.49479401
v 7.21901475 101.31833001 33.42519701
v 7.21901475 101.31833001 33.42519701
v 7.27228176 101.25447007 33.47846401
v 7.27228176 101.25447007 33.47846401
v 7.27228176 101.25447007 33.47846401
v 7.27228176 101.25447007 33.47846401
v 7.26168679 101.25447007 33.42519701
v 7.26168679 101.25447007 33.42519701
v 7.32554983 101.21179982 33.42519701
v 7.32554983 101.21179982 33.42519701
v 7.33128380 101.21179982 33.45402503
v 7.33128380 101.21179982 33.45402503
v 7.33128380 101.21179982 33.45402503
v 7.33128380 101.21179982 33.45402503
v 5.90140919 101.21179982 33.42519701
v 5.90140919 101.21179982 33.42519701
v 5.82607781 101.19680997 33.42519701
v 5.82607781 101.19680997 33.42519701
v 5.82607781 101.19680997 33.42519701
v 5.82607781 101.19680997 33.42519701
v 5.89567493 101.21179982 33.45402503
v 5.89567493 101.21179982 33.45402503
v 5.89567493 101.21179982 33.45402503
v 5.89567493 101.21179982 33.45402503
v 5.95467651 101.25447007 33.47846401
v 5.95467651 101.25447007 33.47846401
v 5.95467651 101.25447007 33.47846401
v 5.95467651 101.25447007 33.47846401
v 5.96527202 101.25447007 33.42519701
v 5.96527202 101.25447007 33.42519701
v 6.00794381 101.31833001 33.42519701
v 6.00794381 101.31833001 33.42519701
v 5.99410011 101.31833001 33.49479401
v 5.99410011 101.31833001 33.49479401
v 5.99410011 101.31833001 33.49479401
v 5.99410011 101.31833001 33.49479401
v 6.02292821 101.39367028 33.42519701
v 6.02292821 101.39367028 33.42519701
v 6.00794381 101.39367028 33.50052798
v 6.00794381 101.39367028 33.50052798
v 6.00794381 101.39367028 33.50052798
v 6.00794381 101.39367028 33.50052798
v 6.02292821 118.32283994 33.42519701
v 6.02292821 118.32283994 33.42519701
v 6.00794381 118.32283994 33.50052798
v 6.00794381 118.32283994 33.50052798
v 6.00794381 118.32283994 33.50052798
v 6.00794381 118.32283994 33.50052798
v 5.99410011 118.39817067 33.49479401
v 5.99410011 118.39817067 33.49479401
v 5.99410011 118.39817067 33.49479401
v 5.99410011 118.39817067 33.49479401
v 6.00794381 118.39817067 33.42519701
v 6.00794381 118.39817067 33.42519701
v 5.95467651 118.46203061 33.47846401
v 5.95467651 118.46203061 33.47846401
v 5.95467651 118.46203061 33.47846401
v 5.95467651 118.46203061 33.47846401
v 5.96527202 118.46203061 33.42519701
v 5.96527202 118.46203061 33.42519701
v 5.90140919 118.50469991 33.42519701
v 5.90140919 118.50469991 33.42519701
v 5.89567493 118.50469991 33.45402503
v 5.89567493 118.50469991 33.45402503
v 5.89567493 118.50469991 33.45402503
v 5.89567493 118.50469991 33.45402503
v 5.82607781 118.51968976 33.42519701
v 5.82607781 118.51968976 33.42519701
v 5.82607781 118.51968976 33.42519701
v 5.82607781 118.51968976 33.42519701
v 7.33128380 101.21179982 34.97117178
v 7.33128380 101.21179982 34.97117178
v 7.33128380 101.21179982 34.97117178
v 7.33128380 101.21179982 34.97117178
v 7.32554983 101.21179982 34.99999985
v 7.32554983 101.21179982 34.99999985
v 7.27228176 101.25447007 34.94673252
v 7.27228176 101.25447007 34.94673252
v 7.27228176 101.25447007 34.94673252
v 7.27228176 101.25447007 34.94673252
v 7.26168679 101.25447007 34.99999985
v 7.26168679 101.25447007 34.99999985
v 7.21901475 101.31833001 34.99999985
v 7.21901475 101.31833001 34.99999985
v 7.23285877 101.31833001 34.93040272
v 7.23285877 101.31833001 34.93040272
v 7.23285877 101.31833001 34.93040272
v 7.23285877 101.31833001 34.93040272
v 7.20403086 101.39367028 34.99999985
v 7.20403086 101.39367028 34.99999985
v 7.21901475 101.39367028 34.92466846
v 7.21901475 101.39367028 34.92466846
v 7.21901475 101.39367028 34.92466846
v 7.21901475 101.39367028 34.92466846
v 7.20403086 118.32283994 34.99999985
v 7.20403086 118.32283994 34.99999985
v 7.21901475 118.32283994 34.92466846
v 7.21901475 118.32283994 34.92466846
v 7.21901475 118.32283994 34.92466846
v 7.21901475 118.32283994 34.92466846
v 7.21901475 118.39817067 34.99999985
v 7.21901475 118.39817067 34.99999985
v 7.23285877 118.39817067 34.93040272
v 7.23285877 118.39817067 34.93040272
v 7.23285877 118.39817067 34.93040272
v 7.23285877 118.39817067 34.93040272
v 7.26168679 118.46203061 34.99999985
v 7.26168679 118.46203061 34.99999985
v 7.27228176 118.46203061 34.94673252
v 7.27228176 118.46203061 34.94673252
v 7.27228176 118.46203061 34.94673252
v 7.27228176 118.46203061 34.94673252
v 7.32554983 118.50469991 34.99999985
v 7.32554983 118.50469991 34.99999985
v 7.33128380 118.50469991 34.97117178
v 7.33128380 118.50469991 34.97117178
v 7.33128380 118.50469991 34.97117178
v 7.33128380 118.50469991 34.97117178
v 5.90140919 118.50469991 34.99999985
v 5.90140919 118.50469991 34.99999985
v 5.82607781 118.51968976 34.99999985
v 5.82607781 118.51968976 34.99999985
v 5.82607781 118.51968976 34.99999985
v 5.82607781 118.51968976 34.99999985
v 5.89567493 118.50469991 34.97117178
v 5.89567493 118.50469991 34.97117178
v 5.89567493 118.50469991 34.97117178
v 5.89567493 118.50469991 34.97117178
v 5.95467651 118.46203061 34.94673252
v 5.95467651 118.46203061 34.94673252
v 5.95467651 118.46203061 34.94673252
v 5.95467651 118.46203061 34.94673252
v 5.96527202 118.46203061 34.99999985
v 5.96527202 118.46203061 34.99999985
v 6.00794381 118.39817067 34.99999985
v 6.00794381 118.39817067 34.99999985
v 5.99410011 118.39817067 34.93040272
v 5.99410011 118.39817067 34.93040272
v 5.99410011 118.39817067 34.93040272
v 5.99410011 118.39817067 34.93040272
v 6.02292821 118.32283994 34.99999985
v 6.02292821 118.32283994 34.99999985
v 6.00794381 118.32283994 34.92466846
v 6.00794381 118.32283994 34.92466846
v 6.00794381 118.32283994 34.92466846
v 6.00794381 118.32283994 34.92466846
v 6.02292821 101.39367028 34.99999985
v 6.02292821 101.39367028 34.99999985
v 6.00794381 101.39367028 34.92466846
v 6.00794381 101.39367028 34.92466846
v 6.00794381 101.39367028 34.92466846
v 6.00794381 101.39367028 34.92466846
v 6.00794381 101.31833001 34.99999985
v 6.00794381 101.31833001 34.99999985
v 5.99410011 101.31833001 34.93040272
v 5.99410011 101.31833001 34.93040272
v 5.99410011 101.31833001 34.93040272
v 5.99410011 101.31833001 34.93040272
v 5.96527202 101.25447007 34.99999985
v 5.96527202 101.25447007 34.99999985
v 5.95467651 101.25447007 34.94673252
v 5.95467651 101.25447007 34.94673252
v 5.95467651 101.25447007 34.94673252
v 5.95467651 101.25447007 34.94673252
v 5.90140919 101.21179982 34.99999985
v 5.90140919 101.21179982 34.99999985
v 5.89567493 101.21179982 34.97117178
v 5.89567493 101.21179982 34.97117178
v 5.89567493 101.21179982 34.97117178
v 5.89567493 101.21179982 34.97117178
v 5.82607781 101.19680997 34.99999985
v 5.82607781 101.19680997 34.99999985
v 5.82607781 101.19680997 34.99999985
v 5.82607781 101.19680997 34.99999985
v 7.34761380 118.50469991 34.94673252
v 7.34761380 118.50469991 34.94673252
v 7.34761380 118.50469991 34.94673252
v 7.34761380 118.50469991 34.94673252
v 7.30245577 118.46203061 34.90157465
v 7.30245577 118.46203061 34.90157465
v 7.30245577 118.46203061 34.90157465
v 7.30245577 118.46203061 34.90157465
v 7.27228176 118.39817067 34.87140110
v 7.27228176 118.39817067 34.87140110
v 7.27228176 118.39817067 34.87140110
v 7.27228176 118.39817067 34.87140110
v 7.26168679 118.32283994 34.86080560
v 7.26168679 118.32283994 34.86080560
v 7.26168679 118.32283994 34.86080560
v 7.26168679 118.32283994 34.86080560
v 7.26168679 101.39367028 34.86080560
v 7.26168679 101.39367028 34.86080560
v 7.26168679 101.39367028 34.86080560
v 7.26168679 101.39367028 34.86080560
v 7.27228176 101.31833001 34.87140110
v 7.27228176 101.31833001 34.87140110
v 7.27228176 101.31833001 34.87140110
v 7.27228176 101.31833001 34.87140110
v 7.30245577 101.25447007 34.90157465
v 7.30245577 101.25447007 34.90157465
v 7.30245577 101.25447007 34.90157465
v 7.30245577 101.25447007 34.90157465
v 7.34761380 101.21179982 34.94673252
v 7.34761380 101.21179982 34.94673252
v 7.34761380 101.21179982 34.94673252
v 7.34761380 101.21179982 34.94673252
v 7.34761380 101.21179982 33.47846401
v 7.34761380 101.21179982 33.47846401
v 7.34761380 101.21179982 33.47846401
v 7.34761380 101.21179982 33.47846401
v 7.30245577 101.25447007 33.52362204
v 7.30245577 101.25447007 33.52362204
v 7.30245577 101.25447007 33.52362204
v 7.30245577 101.25447007 33.52362204
v 7.27228176 101.31833001 33.55379498
v 7.27228176 101.31833001 33.55379498
v 7.27228176 101.31833001 33.55379498
v 7.27228176 101.31833001 33.55379498
v 7.26168679 101.39367028 33.56439102
v 7.26168679 101.39367028 33.56439102
v 7.26168679 101.39367028 33.56439102
v 7.26168679 101.39367028 33.56439102
v 5.85490588 118.50469991 33.49479401
v 5.85490588 118.50469991 33.49479401
v 5.85490588 118.50469991 33.49479401
v 5.85490588 118.50469991 33.49479401
v 5.82607781 118.50469991 33.50052798
v 5.82607781 118.50469991 33.50052798
v 5.82607781 118.46203061 33.56439102
v 5.82607781 118.46203061 33.56439102
v 5.87934514 118.46203061 33.55379498
v 5.87934514 118.46203061 33.55379498
v 5.87934514 118.46203061 33.55379498
v 5.87934514 118.46203061 33.55379498
v 5.89567493 118.39817067 33.59321904
v 5.89567493 118.39817067 33.59321904
v 5.89567493 118.39817067 33.59321904
v 5.89567493 118.39817067 33.59321904
v 5.82607781 118.39817067 33.60706306
v 5.82607781 118.39817067 33.60706306
v 5.90140919 118.32283994 33.60706306
v 5.90140919 118.32283994 33.60706306
v 5.90140919 118.32283994 33.60706306
v 5.90140919 118.32283994 33.60706306
v 5.82607781 118.32283994 33.62204695
v 5.82607781 118.32283994 33.62204695
v 5.90140919 101.39367028 33.60706306
v 5.90140919 101.39367028 33.60706306
v 5.90140919 101.39367028 33.60706306
v 5.90140919 101.39367028 33.60706306
v 5.82607781 101.39367028 33.62204695
v 5.82607781 101.39367028 33.62204695
v 5.89567493 101.31833001 33.59321904
v 5.89567493 101.31833001 33.59321904
v 5.89567493 101.31833001 33.59321904
v 5.89567493 101.31833001 33.59321904
v 5.82607781 101.31833001 33.60706306
v 5.82607781 101.31833001 33.60706306
v 5.87934514 101.25447007 33.55379498
v 5.87934514 101.25447007 33.55379498
v 5.87934514 101.25447007 33.55379498
v 5.87934514 101.25447007 33.55379498
v 5.82607781 101.25447007 33.56439102
v 5.82607781 101.25447007 33.56439102
v 5.82607781 101.21179982 33.50052798
v 5.82607781 101.21179982 33.50052798
v 5.85490588 101.21179982 33.49479401
v 5.85490588 101.21179982 33.49479401
v 5.85490588 101.21179982 33.49479401
v 5.85490588 101.21179982 33.49479401
v 5.85490588 101.21179982 34.93040272
v 5.85490588 101.21179982 34.93040272
v 5.85490588 101.21179982 34.93040272
v 5.85490588 101.21179982 34.93040272
v 5.82607781 101.21179982 34.92466846
v 5.82607781 101.21179982 34.92466846
v 5.82607781 101.25447007 34.86080560
v 5.82607781 101.25447007 34.86080560
v 5.87934514 101.25447007 34.87140110
v 5.87934514 101.25447007 34.87140110
v 5.87934514 101.25447007 34.87140110
v 5.87934514 101.25447007 34.87140110
v 5.89567493 101.31833001 34.83197750
v 5.89567493 101.31833001 34.83197750
v 5.89567493 101.31833001 34.83197750
v 5.89567493 101.31833001 34.83197750
v 5.82607781 101.31833001 34.81813380
v 5.82607781 101.31833001 34.81813380
v 5.90140919 101.39367028 34.81813380
v 5.90140919 101.39367028 34.81813380
v 5.90140919 101.39367028 34.81813380
v 5.90140919 101.39367028 34.81813380
v 5.82607781 101.39367028 34.80314951
v 5.82607781 101.39367028 34.80314951
v 5.90140919 118.32283994 34.81813380
v 5.90140919 118.32283994 34.81813380
v 5.90140919 118.32283994 34.81813380
v 5.90140919 118.32283994 34.81813380
v 5.82607781 118.32283994 34.80314951
v 5.82607781 118.32283994 34.80314951
v 5.89567493 118.39817067 34.83197750
v 5.89567493 118.39817067 34.83197750
v 5.89567493 118.39817067 34.83197750
v 5.89567493 118.39817067 34.83197750
v 5.82607781 118.39817067 34.81813380
v 5.82607781 118.39817067 34.81813380
v 5.87934514 118.46203061 34.87140110
v 5.87934514 118.46203061 34.87140110
v 5.87934514 118.46203061 34.87140110
v 5.87934514 118.46203061 34.87140110
v 5.82607781 118.46203061 34.86080560
v 5.82607781 118.46203061 34.86080560
v 5.82607781 118.50469991 34.92466846
v 5.82607781 118.50469991 34.92466846
v 5.85490588 118.50469991 34.93040272
v 5.85490588 118.50469991 34.93040272
v 5.85490588 118.50469991 34.93040272
v 5.85490588 118.50469991 34.93040272
v 5.87934514 101.21179982 33.47846401
v 5.87934514 101.21179982 33.47846401
v 5.87934514 101.21179982 33.47846401
v 5.87934514 101.21179982 33.47846401
v 5.92450301 101.25447007 33.52362204
v 5.92450301 101.25447007 33.52362204
v 5.92450301 101.25447007 33.52362204
v 5.92450301 101.25447007 33.52362204
v 5.95467651 101.31833001 33.55379498
v 5.95467651 101.31833001 33.55379498
v 5.95467651 101.31833001 33.55379498
v 5.95467651 101.31833001 33.55379498
v 5.96527202 101.39367028 33.56439102
v 5.96527202 101.39367028 33.56439102
v 5.96527202 101.39367028 33.56439102
v 5.96527202 101.39367028 33.56439102
v 5.96527202 118.32283994 33.56439102
v 5.96527202 118.32283994 33.56439102
v 5.96527202 118.32283994 33.56439102
v 5.96527202 118.32283994 33.56439102
v 5.95467651 118.39817067 33.55379498
v 5.95467651 118.39817067 33.55379498
v 5.95467651 118.39817067 33.55379498
v 5.95467651 118.39817067 33.55379498
v 5.92450301 118.46203061 33.52362204
v 5.92450301 118.46203061 33.52362204
v 5.92450301 118.46203061 33.52362204
v 5.92450301 118.46203061 33.52362204
v 5.87934514 118.50469991 33.47846401
v 5.87934514 118.50469991 33.47846401
v 5.87934514 118.50469991 33.47846401
v 5.87934514 118.50469991 33.47846401
v 5.87934514 118.50469991 34.94673252
v 5.87934514 118.50469991 34.94673252
v 5.87934514 118.50469991 34.94673252
v 5.87934514 118.50469991 34.94673252
v 5.92450301 118.46203061 34.90157465
v 5.92450301 118.46203061 34.90157465
v 5.92450301 118.46203061 34.90157465
v 5.92450301 118.46203061 34.90157465
v 5.95467651 118.39817067 34.87140110
v 5.95467651 118.39817067 34.87140110
v 5.95467651 118.39817067 34.87140110
v 5.95467651 118.39817067 34.87140110
v 5.96527202 118.32283994 34.86080560
v 5.96527202 118.32283994 34.86080560
v 5.96527202 118.32283994 34.86080560
v 5.96527202 118.32283994 34.86080560
v 5.96527202 101.39367028 34.86080560
v 5.96527202 101.39367028 34.86080560
v 5.96527202 101.39367028 34.86080560
v 5.96527202 101.39367028 34.86080560
v 5.95467651 101.31833001 34.87140110
v 5.95467651 101.31833001 34.87140110
v 5.95467651 101.31833001 34.87140110
v 5.95467651 101.31833001 34.87140110
v 5.92450301 101.25447007 34.90157465
v 5.92450301 101.25447007 34.90157465
v 5.92450301 101.25447007 34.90157465
v 5.92450301 101.25447007 34.90157465
v 5.87934514 101.21179982 34.94673252
v 5.87934514 101.21179982 34.94673252
v 5.87934514 101.21179982 34.94673252
v 5.87934514 101.21179982 34.94673252
v 46.87594281 38.37795000 1.77166034
v 46.12791131 48.36613874 1.77166034
v 46.87594281 48.36613874 1.77166034
v 46.12791131 38.37795000 1.77166034
v 46.87594281 48.36613874 33.42520000
v 46.12791131 38.37795000 33.42520000
v 46.87594281 38.37795000 33.42520000
v 46.12791131 48.36613874 33.42520000
v 46.87594281 48.36613874 1.77166034
v 46.12791131 48.36613874 33.42520000
v 46.87594281 48.36613874 33.42520000
v 46.12791131 48.36613874 1.77166034
v 46.12791131 48.36613874 33.42520000
v 46.12791131 38.37795000 1.77166034
v 46.12791131 38.37795000 33.42520000
v 46.12791131 48.36613874 1.77166034
v 46.87594281 38.37795000 1.77166034
v 46.87594281 48.36613874 33.42520000
v 46.87594281 38.37795000 33.42520000
v 46.87594281 48.36613874 1.77166034
v 46.12791131 38.37795000 33.42520000
v 46.87594281 38.37795000 1.77166034
v 46.87594281 38.37795000 33.42520000
v 46.12791131 38.37795000 1.77166034
v -1.64767559 88.31890000 1.77166034
v -2.39570709 98.30708874 1.77166034
v -1.64767559 98.30708874 1.77166034
v -2.39570709 88.31890000 1.77166034
v -1.64767559 98.30708874 33.42520000
v -2.39570709 88.31890000 33.42520000
v -1.64767559 88.31890000 33.42520000
v -2.39570709 98.30708874 33.42520000
v -1.64767559 98.30708874 1.77166034
v -2.39570709 98.30708874 33.42520000
v -1.64767559 98.30708874 33.42520000
v -2.39570709 98.30708874 1.77166034
v -2.39570709 98.30708874 33.42520000
v -2.39570709 88.31890000 1.77166034
v -2.39570709 88.31890000 33.42520000
v -2.39570709 98.30708874 1.77166034
v -1.64767559 88.31890000 1.77166034
v -1.64767559 98.30708874 33.42520000
v -1.64767559 88.31890000 33.42520000
v -1.64767559 98.30708874 1.77166034
v -2.39570709 88.31890000 33.42520000
v -1.64767559 88.31890000 1.77166034
v -1.64767559 88.31890000 33.42520000
v -2.39570709 88.31890000 1.77166034
v 8.05705281 78.33071000 1.77166034
v 7.30902131 88.31889874 1.77166034
v 8.05705281 88.31889874 1.77166034
v 7.30902131 78.33071000 1.77166034
v 8.05705281 88.31889874 33.42520000
v 7.30902131 78.33071000 33.42520000
v 8.05705281 78.33071000 33.42520000
v 7.30902131 88.31889874 33.42520000
v 8.05705281 88.31889874 1.77166034
v 7.30902131 88.31889874 33.42520000
v 8.05705281 88.31889874 33.42520000
v 7.30902131 88.31889874 1.77166034
v 7.30902131 88.31889874 33.42520000
v 7.30902131 78.33071000 1.77166034
v 7.30902131 78.33071000 33.42520000
v 7.30902131 88.31889874 1.77166034
v 8.05705281 78.33071000 1.77166034
v 8.05705281 88.31889874 33.42520000
v 8.05705281 78.33071000 33.42520000
v 8.05705281 88.31889874 1.77166034
v 7.30902131 78.33071000 33.42520000
v 8.05705281 78.33071000 1.77166034
v 8.05705281 78.33071000 33.42520000
v 7.30902131 78.33071000 1.77166034
v 17.76177281 68.34252000 1.77166034
v 17.01374131 78.33070874 1.77166034
v 17.76177281 78.33070874 1.77166034
v 17.01374131 68.34252000 1.77166034
v 17.76177281 78.33070874 33.42520000
v 17.01374131 68.34252000 33.42520000
v 17.76177281 68.34252000 33.42520000
v 17.01374131 78.33070874 33.42520000
v 17.76177281 78.33070874 1.77166034
v 17.01374131 78.33070874 33.42520000
v 17.76177281 78.33070874 33.42520000
v 17.01374131 78.33070874 1.77166034
v 17.01374131 78.33070874 33.42520000
v 17.01374131 68.34252000 1.77166034
v 17.01374131 68.34252000 33.42520000
v 17.01374131 78.33070874 1.77166034
v 17.76177281 68.34252000 1.77166034
v 17.76177281 78.33070874 33.42520000
v 17.76177281 68.34252000 33.42520000
v 17.76177281 78.33070874 1.77166034
v 17.01374131 68.34252000 33.42520000
v 17.76177281 68.34252000 1.77166034
v 17.76177281 68.34252000 33.42520000
v 17.01374131 68.34252000 1.77166034
v 27.46649281 58.35433000 1.77166034
v 26.71846131 68.34251874 1.77166034
v 27.46649281 68.34251874 1.77166034
v 26.71846131 58.35433000 1.77166034
v 27.46649281 68.34251874 33.42520000
v 26.71846131 58.35433000 33.42520000
v 27.46649281 58.35433000 33.42520000
v 26.71846131 68.34251874 33.42520000
v 27.46649281 68.34251874 1.77166034
v 26.71846131 68.34251874 33.42520000
v 27.46649281 68.34251874 33.42520000
v 26.71846131 68.34251874 1.77166034
v 26.71846131 68.34251874 33.42520000
v 26.71846131 58.35433000 1.77166034
v 26.71846131 58.35433000 33.42520000
v 26.71846131 68.34251874 1.77166034
v 27.46649281 58.35433000 1.77166034
v 27.46649281 68.34251874 33.42520000
v 27.46649281 58.35433000 33.42520000
v 27.46649281 68.34251874 1.77166034
v 26.71846131 58.35433000 33.42520000
v 27.46649281 58.35433000 1.77166034
v 27.46649281 58.35433000 33.42520000
v 26.71846131 58.35433000 1.77166034
v 9.63185281 88.31889701 1.77166034
v -1.64767676 89.89370000 1.77166034
v 9.63185281 89.89370000 1.77166034
v -1.64767676 88.31889701 1.77166034
v -1.64767676 88.31889701 33.42520000
v 9.63185281 89.89370000 33.42520000
v -1.64767676 89.89370000 33.42520000
v 9.63185281 88.31889701 33.42520000
v -1.64767676 89.89370000 1.77166034
v 9.63185281 89.89370000 33.42520000
v 9.63185281 89.89370000 1.77166034
v -1.64767676 89.89370000 33.42520000
v -1.64767676 89.89370000 1.77166034
v -1.64767676 88.31889701 33.42520000
v -1.64767676 89.89370000 33.42520000
v -1.64767676 88.31889701 1.77166034
v 9.63185281 88.31889701 1.77166034
v 9.63185281 89.89370000 33.42520000
v 9.63185281 88.31889701 33.42520000
v 9.63185281 89.89370000 1.77166034
v -1.64767676 88.31889701 33.42520000
v 9.63185281 88.31889701 1.77166034
v 9.63185281 88.31889701 33.42520000
v -1.64767676 88.31889701 1.77166034
v 19.33657281 78.33070701 1.77166034
v 8.05704324 79.90551000 1.77166034
v 19.33657281 79.90551000 1.77166034
v 8.05704324 78.33070701 1.77166034
v 8.05704324 78.33070701 33.42520000
v 19.33657281 79.90551000 33.42520000
v 8.05704324 79.90551000 33.42520000
v 19.33657281 78.33070701 33.42520000
v 8.05704324 79.90551000 1.77166034
v 19.33657281 79.90551000 33.42520000
v 19.33657281 79.90551000 1.77166034
v 8.05704324 79.90551000 33.42520000
v 8.05704324 79.90551000 1.77166034
v 8.05704324 78.33070701 33.42520000
v 8.05704324 79.90551000 33.42520000
v 8.05704324 78.33070701 1.77166034
v 19.33657281 78.33070701 1.77166034
v 19.33657281 79.90551000 33.42520000
v 19.33657281 78.33070701 33.42520000
v 19.33657281 79.90551000 1.77166034
v 8.05704324 78.33070701 33.42520000
v 19.33657281 78.33070701 1.77166034
v 19.33657281 78.33070701 33.42520000
v 8.05704324 78.33070701 1.77166034
v 29.04130281 68.34251701 1.77166034
v 17.76177324 69.91732000 1.77166034
v 29.04130281 69.91732000 1.77166034
v 17.76177324 68.34251701 1.77166034
v 17.76177324 68.34251701 33.42520000
v 29.04130281 69.91732000 33.42520000
v 17.76177324 69.91732000 33.42520000
v 29.04130281 68.34251701 33.42520000
v 17.76177324 69.91732000 1.77166034
v 29.04130281 69.91732000 33.42520000
v 29.04130281 69.91732000 1.77166034
v 17.76177324 69.91732000 33.42520000
v 17.76177324 69.91732000 1.77166034
v 17.76177324 68.34251701 33.42520000
v 17.76177324 69.91732000 33.42520000
v 17.76177324 68.34251701 1.77166034
v 29.04130281 68.34251701 1.77166034
v 29.04130281 69.91732000 33.42520000
v 29.04130281 68.34251701 33.42520000
v 29.04130281 69.91732000 1.77166034
v 17.76177324 68.34251701 33.42520000
v 29.04130281 68.34251701 1.77166034
v 29.04130281 68.34251701 33.42520000
v 17.76177324 68.34251701 1.77166034
v 38.74602281 58.35432701 1.77166034
v 27.46649324 59.92913000 1.77166034
v 38.74602281 59.92913000 1.77166034
v 27.46649324 58.35432701 1.77166034
v 27.46649324 58.35432701 33.42520000
v 38.74602281 59.92913000 33.42520000
v 27.46649324 59.92913000 33.42520000
v 38.74602281 58.35432701 33.42520000
v 27.46649324 59.92913000 1.77166034
v 38.74602281 59.92913000 33.42520000
v 38.74602281 59.92913000 1.77166034
v 27.46649324 59.92913000 33.42520000
v 27.46649324 59.92913000 1.77166034
v 27.46649324 58.35432701 33.42520000
v 27.46649324 59.92913000 33.42520000
v 27.46649324 58.35432701 1.77166034
v 38.74602281 58.35432701 1.77166034
v 38.74602281 59.92913000 33.42520000
v 38.74602281 58.35432701 33.42520000
v 38.74602281 59.92913000 1.77166034
v 27.46649324 58.35432701 33.42520000
v 38.74602281 58.35432701 1.77166034
v 38.74602281 58.35432701 33.42520000
v 27.46649324 58.35432701 1.77166034
v 48.45075281 48.36613701 1.77166034
v 37.17122324 49.94094000 1.77166034
v 48.45075281 49.94094000 1.77166034
v 37.17122324 48.36613701 1.77166034
v 37.17122324 48.36613701 33.42520000
v 48.45075281 49.94094000 33.42520000
v 37.17122324 49.94094000 33.42520000
v 48.45075281 48.36613701 33.42520000
v 37.17122324 49.94094000 1.77166034
v 48.45075281 49.94094000 33.42520000
v 48.45075281 49.94094000 1.77166034
v 37.17122324 49.94094000 33.42520000
v 37.17122324 49.94094000 1.77166034
v 37.17122324 48.36613701 33.42520000
v 37.17122324 49.94094000 33.42520000
v 37.17122324 48.36613701 1.77166034
v 48.45075281 48.36613701 1.77166034
v 48.45075281 49.94094000 33.42520000
v 48.45075281 48.36613701 33.42520000
v 48.45075281 49.94094000 1.77166034
v 37.17122324 48.36613701 33.42520000
v 48.45075281 48.36613701 1.77166034
v 48.45075281 48.36613701 33.42520000
v 37.17122324 48.36613701 1.77166034
v 2.48290180 123.58130976 33.42519701
v 2.48290180 123.58130976 33.42519701
v 2.48290180 123.58130976 33.42519701
v 2.48290180 123.58130976 33.42519701
v 2.45407378 123.56631991 33.49479401
v 2.45407378 123.56631991 33.49479401
v 2.45407378 123.56631991 33.49479401
v 2.45407378 123.56631991 33.49479401
v 2.42963480 123.56631991 33.47846401
v 2.42963480 123.56631991 33.47846401
v 2.42963480 123.56631991 33.47846401
v 2.42963480 123.56631991 33.47846401
v 2.41330480 123.56631991 33.45402503
v 2.41330480 123.56631991 33.45402503
v 2.41330480 123.56631991 33.45402503
v 2.41330480 123.56631991 33.45402503
v 2.48290180 123.56631991 33.50052798
v 2.48290180 123.56631991 33.50052798
v 2.42963480 123.52365061 33.55379498
v 2.42963480 123.52365061 33.55379498
v 2.42963480 123.52365061 33.55379498
v 2.42963480 123.52365061 33.55379498
v 2.38447677 123.52365061 33.52362204
v 2.38447677 123.52365061 33.52362204
v 2.38447677 123.52365061 33.52362204
v 2.38447677 123.52365061 33.52362204
v 2.40757083 123.56631991 33.42519701
v 2.40757083 123.56631991 33.42519701
v 2.35430276 123.52365061 33.47846401
v 2.35430276 123.52365061 33.47846401
v 2.35430276 123.52365061 33.47846401
v 2.35430276 123.52365061 33.47846401
v 2.48290180 99.22884508 34.99999985
v 2.48290180 106.27341982 34.92466846
v 2.48290180 106.25842997 34.99999985
v 2.48290180 99.22884508 33.42519701
v 2.48290180 106.31609007 34.86080560
v 2.48290180 106.37995001 34.81813380
v 2.48290180 106.45529028 34.80314951
v 2.48290180 123.38445994 34.80314951
v 2.48290180 106.45529028 33.62204695
v 2.48290180 106.37995001 33.60706306
v 2.48290180 106.31609007 33.56439102
v 2.48290180 106.27341982 33.50052798
v 2.48290180 106.25842997 33.42519701
v 2.48290180 123.58130976 34.99999985
v 2.48290180 128.72976061 33.42519701
v 2.48290180 128.72976061 34.99999985
v 2.48290180 123.56631991 34.92466846
v 2.48290180 123.52365061 34.86080560
v 2.48290180 123.45979067 34.81813380
v 2.48290180 123.38445994 33.62204695
v 2.48290180 123.45979067 33.60706306
v 2.48290180 123.52365061 33.56439102
v 2.48290180 123.56631991 33.50052798
v 2.48290180 123.58130976 33.42519701
v 2.48290180 123.52365061 33.56439102
v 2.48290180 123.52365061 33.56439102
v 2.41330480 123.45979067 33.59321904
v 2.41330480 123.45979067 33.59321904
v 2.41330480 123.45979067 33.59321904
v 2.41330480 123.45979067 33.59321904
v 2.35430276 123.45979067 33.55379498
v 2.35430276 123.45979067 33.55379498
v 2.35430276 123.45979067 33.55379498
v 2.35430276 123.45979067 33.55379498
v 0.90809881 100.84964606 33.42519701
v 2.48290180 106.25842997 33.42519701
v 2.48290180 99.22884508 33.42519701
v 0.90809881 106.25842997 33.42519701
v 0.98343019 106.27341982 33.42519701
v 2.40757083 106.27341982 33.42519701
v 1.04729302 106.31609007 33.42519701
v 2.34370779 106.31609007 33.42519701
v 1.08996481 106.37995001 33.42519701
v 2.30103575 106.37995001 33.42519701
v 1.10494921 106.45529028 33.42519701
v 2.28605186 106.45529028 33.42519701
v 1.10494921 123.38445994 33.42519701
v 2.28605186 123.38445994 33.42519701
v 1.08996481 123.45979067 33.42519701
v 2.30103575 123.45979067 33.42519701
v 1.04729302 123.52365061 33.42519701
v 2.34370779 123.52365061 33.42519701
v 0.98343019 123.56631991 33.42519701
v 2.40757083 123.56631991 33.42519701
v 0.90809881 123.58130976 33.42519701
v 2.48290180 123.58130976 33.42519701
v 0.90809877 130.35056063 33.42519701
v 2.48290180 128.72976061 33.42519701
v 2.34370779 123.52365061 33.42519701
v 2.34370779 123.52365061 33.42519701
v 2.31487977 123.45979067 33.49479401
v 2.31487977 123.45979067 33.49479401
v 2.31487977 123.45979067 33.49479401
v 2.31487977 123.45979067 33.49479401
v 2.48290180 128.72976061 34.99999985
v 0.90809877 130.35056063 33.42519701
v 0.90809888 130.35056063 34.99999996
v 2.48290180 128.72976061 33.42519701
v 2.48290180 106.25842997 34.99999985
v 0.90809881 100.84964606 34.99999985
v 2.48290180 99.22884508 34.99999985
v 0.90809881 106.25842997 34.99999985
v 2.40757083 106.27341982 34.99999985
v 0.98343019 106.27341982 34.99999985
v 2.34370779 106.31609007 34.99999985
v 1.04729302 106.31609007 34.99999985
v 1.08996481 106.37995001 34.99999985
v 2.30103575 106.37995001 34.99999985
v 2.28605186 106.45529028 34.99999985
v 1.10494921 106.45529028 34.99999985
v 2.28605186 123.38445994 34.99999985
v 1.10494921 123.38445994 34.99999985
v 2.30103575 123.45979067 34.99999985
v 1.08996481 123.45979067 34.99999985
v 2.34370779 123.52365061 34.99999985
v 1.04729302 123.52365061 34.99999985
v 2.40757083 123.56631991 34.99999985
v 0.98343019 123.56631991 34.99999985
v 2.48290180 123.58130976 34.99999985
v 0.90809881 123.58130976 34.99999985
v 2.48290180 128.72976061 34.99999985
v 0.90809888 130.35056063 34.99999996
v 2.48290180 123.58130976 34.99999985
v 2.48290180 123.58130976 34.99999985
v 2.48290180 123.58130976 34.99999985
v 2.48290180 123.58130976 34.99999985
v 2.45407378 123.56631991 34.93040272
v 2.45407378 123.56631991 34.93040272
v 2.45407378 123.56631991 34.93040272
v 2.45407378 123.56631991 34.93040272
v 2.48290180 123.56631991 34.92466846
v 2.48290180 123.56631991 34.92466846
v 2.48290180 123.52365061 34.86080560
v 2.48290180 123.52365061 34.86080560
v 2.42963480 123.52365061 34.87140110
v 2.42963480 123.52365061 34.87140110
v 2.42963480 123.52365061 34.87140110
v 2.42963480 123.52365061 34.87140110
v 2.41330480 123.45979067 34.83197750
v 2.41330480 123.45979067 34.83197750
v 2.41330480 123.45979067 34.83197750
v 2.41330480 123.45979067 34.83197750
v 2.48290180 123.45979067 34.81813380
v 2.48290180 123.45979067 34.81813380
v 2.40757083 123.38445994 34.81813380
v 2.40757083 123.38445994 34.81813380
v 2.40757083 123.38445994 34.81813380
v 2.40757083 123.38445994 34.81813380
v 2.48290180 123.38445994 34.80314951
v 2.48290180 123.38445994 34.80314951
v 2.40757083 106.45529028 34.81813380
v 2.40757083 106.45529028 34.81813380
v 2.40757083 106.45529028 34.81813380
v 2.40757083 106.45529028 34.81813380
v 2.48290180 106.45529028 34.80314951
v 2.48290180 106.45529028 34.80314951
v 2.41330480 106.37995001 34.83197750
v 2.41330480 106.37995001 34.83197750
v 2.41330480 106.37995001 34.83197750
v 2.41330480 106.37995001 34.83197750
v 2.48290180 106.37995001 34.81813380
v 2.48290180 106.37995001 34.81813380
v 2.42963480 106.31609007 34.87140110
v 2.42963480 106.31609007 34.87140110
v 2.42963480 106.31609007 34.87140110
v 2.42963480 106.31609007 34.87140110
v 2.48290180 106.31609007 34.86080560
v 2.48290180 106.31609007 34.86080560
v 2.45407378 106.27341982 34.93040272
v 2.45407378 106.27341982 34.93040272
v 2.45407378 106.27341982 34.93040272
v 2.45407378 106.27341982 34.93040272
v 2.48290180 106.27341982 34.92466846
v 2.48290180 106.27341982 34.92466846
v 2.48290180 106.25842997 34.99999985
v 2.48290180 106.25842997 34.99999985
v 2.48290180 106.25842997 34.99999985
v 2.48290180 106.25842997 34.99999985
v 0.90809881 100.84964606 34.99999985
v 2.48290180 99.22884508 33.42519701
v 2.48290180 99.22884508 34.99999985
v 0.90809881 100.84964606 33.42519701
v 2.48290180 106.25842997 33.42519701
v 2.48290180 106.25842997 33.42519701
v 2.48290180 106.25842997 33.42519701
v 2.48290180 106.25842997 33.42519701
v 2.45407378 106.27341982 33.49479401
v 2.45407378 106.27341982 33.49479401
v 2.45407378 106.27341982 33.49479401
v 2.45407378 106.27341982 33.49479401
v 2.48290180 106.27341982 33.50052798
v 2.48290180 106.27341982 33.50052798
v 2.48290180 106.31609007 33.56439102
v 2.48290180 106.31609007 33.56439102
v 2.42963480 106.31609007 33.55379498
v 2.42963480 106.31609007 33.55379498
v 2.42963480 106.31609007 33.55379498
v 2.42963480 106.31609007 33.55379498
v 2.41330480 106.37995001 33.59321904
v 2.41330480 106.37995001 33.59321904
v 2.41330480 106.37995001 33.59321904
v 2.41330480 106.37995001 33.59321904
v 2.48290180 106.37995001 33.60706306
v 2.48290180 106.37995001 33.60706306
v 2.40757083 106.45529028 33.60706306
v 2.40757083 106.45529028 33.60706306
v 2.40757083 106.45529028 33.60706306
v 2.40757083 106.45529028 33.60706306
v 2.48290180 106.45529028 33.62204695
v 2.48290180 106.45529028 33.62204695
v 2.40757083 123.38445994 33.60706306
v 2.40757083 123.38445994 33.60706306
v 2.40757083 123.38445994 33.60706306
v 2.40757083 123.38445994 33.60706306
v 2.48290180 123.38445994 33.62204695
v 2.48290180 123.38445994 33.62204695
v 2.48290180 123.45979067 33.60706306
v 2.48290180 123.45979067 33.60706306
v 2.34370779 123.38445994 33.56439102
v 2.34370779 123.38445994 33.56439102
v 2.34370779 123.38445994 33.56439102
v 2.34370779 123.38445994 33.56439102
v 0.90809877 130.35056063 33.42519701
v 0.90809881 123.58130976 34.99999985
v 0.90809888 130.35056063 34.99999996
v 0.90809881 123.56631991 34.92466846
v 0.90809881 123.52365061 34.86080560
v 0.90809881 123.45979067 34.81813380
v 0.90809881 123.38445994 34.80314951
v 0.90809881 123.38445994 33.62204695
v 0.90809881 123.45979067 33.60706306
v 0.90809881 123.52365061 33.56439102
v 0.90809881 123.56631991 33.50052798
v 0.90809881 123.58130976 33.42519701
v 0.90809881 106.27341982 34.92466846
v 0.90809881 100.84964606 34.99999985
v 0.90809881 106.25842997 34.99999985
v 0.90809881 100.84964606 33.42519701
v 0.90809881 106.31609007 34.86080560
v 0.90809881 106.37995001 34.81813380
v 0.90809881 106.45529028 34.80314951
v 0.90809881 106.45529028 33.62204695
v 0.90809881 106.37995001 33.60706306
v 0.90809881 106.31609007 33.56439102
v 0.90809881 106.27341982 33.50052798
v 0.90809881 106.25842997 33.42519701
v 2.30103575 123.45979067 33.42519701
v 2.30103575 123.45979067 33.42519701
v 2.28605186 123.38445994 33.42519701
v 2.28605186 123.38445994 33.42519701
v 2.30103575 123.38445994 33.50052798
v 2.30103575 123.38445994 33.50052798
v 2.30103575 123.38445994 33.50052798
v 2.30103575 123.38445994 33.50052798
v 2.30103575 106.45529028 33.50052798
v 2.30103575 106.45529028 33.50052798
v 2.30103575 106.45529028 33.50052798
v 2.30103575 106.45529028 33.50052798
v 2.28605186 106.45529028 33.42519701
v 2.28605186 106.45529028 33.42519701
v 2.31487977 106.37995001 33.49479401
v 2.31487977 106.37995001 33.49479401
v 2.31487977 106.37995001 33.49479401
v 2.31487977 106.37995001 33.49479401
v 2.30103575 106.37995001 33.42519701
v 2.30103575 106.37995001 33.42519701
v 2.35430276 106.31609007 33.47846401
v 2.35430276 106.31609007 33.47846401
v 2.35430276 106.31609007 33.47846401
v 2.35430276 106.31609007 33.47846401
v 2.34370779 106.31609007 33.42519701
v 2.34370779 106.31609007 33.42519701
v 2.40757083 106.27341982 33.42519701
v 2.40757083 106.27341982 33.42519701
v 2.41330480 106.27341982 33.45402503
v 2.41330480 106.27341982 33.45402503
v 2.41330480 106.27341982 33.45402503
v 2.41330480 106.27341982 33.45402503
v 0.98343019 106.27341982 33.42519701
v 0.98343019 106.27341982 33.42519701
v 0.90809881 106.25842997 33.42519701
v 0.90809881 106.25842997 33.42519701
v 0.90809881 106.25842997 33.42519701
v 0.90809881 106.25842997 33.42519701
v 0.97769593 106.27341982 33.45402503
v 0.97769593 106.27341982 33.45402503
v 0.97769593 106.27341982 33.45402503
v 0.97769593 106.27341982 33.45402503
v 1.03669751 106.31609007 33.47846401
v 1.03669751 106.31609007 33.47846401
v 1.03669751 106.31609007 33.47846401
v 1.03669751 106.31609007 33.47846401
v 1.04729302 106.31609007 33.42519701
v 1.04729302 106.31609007 33.42519701
v 1.08996481 106.37995001 33.42519701
v 1.08996481 106.37995001 33.42519701
v 1.07612111 106.37995001 33.49479401
v 1.07612111 106.37995001 33.49479401
v 1.07612111 106.37995001 33.49479401
v 1.07612111 106.37995001 33.49479401
v 1.10494921 106.45529028 33.42519701
v 1.10494921 106.45529028 33.42519701
v 1.08996481 106.45529028 33.50052798
v 1.08996481 106.45529028 33.50052798
v 1.08996481 106.45529028 33.50052798
v 1.08996481 106.45529028 33.50052798
v 1.10494921 123.38445994 33.42519701
v 1.10494921 123.38445994 33.42519701
v 1.08996481 123.38445994 33.50052798
v 1.08996481 123.38445994 33.50052798
v 1.08996481 123.38445994 33.50052798
v 1.08996481 123.38445994 33.50052798
v 1.07612111 123.45979067 33.49479401
v 1.07612111 123.45979067 33.49479401
v 1.07612111 123.45979067 33.49479401
v 1.07612111 123.45979067 33.49479401
v 1.08996481 123.45979067 33.42519701
v 1.08996481 123.45979067 33.42519701
v 1.03669751 123.52365061 33.47846401
v 1.03669751 123.52365061 33.47846401
v 1.03669751 123.52365061 33.47846401
v 1.03669751 123.52365061 33.47846401
v 1.04729302 123.52365061 33.42519701
v 1.04729302 123.52365061 33.42519701
v 0.98343019 123.56631991 33.42519701
v 0.98343019 123.56631991 33.42519701
v 0.97769593 123.56631991 33.45402503
v 0.97769593 123.56631991 33.45402503
v 0.97769593 123.56631991 33.45402503
v 0.97769593 123.56631991 33.45402503
v 0.90809881 123.58130976 33.42519701
v 0.90809881 123.58130976 33.42519701
v 0.90809881 123.58130976 33.42519701
v 0.90809881 123.58130976 33.42519701
v 2.41330480 106.27341982 34.97117178
v 2.41330480 106.27341982 34.97117178
v 2.41330480 106.27341982 34.97117178
v 2.41330480 106.27341982 34.97117178
v 2.40757083 106.27341982 34.99999985
v 2.40757083 106.27341982 34.99999985
v 2.35430276 106.31609007 34.94673252
v 2.35430276 106.31609007 34.94673252
v 2.35430276 106.31609007 34.94673252
v 2.35430276 106.31609007 34.94673252
v 2.34370779 106.31609007 34.99999985
v 2.34370779 106.31609007 34.99999985
v 2.30103575 106.37995001 34.99999985
v 2.30103575 106.37995001 34.99999985
v 2.31487977 106.37995001 34.93040272
v 2.31487977 106.37995001 34.93040272
v 2.31487977 106.37995001 34.93040272
v 2.31487977 106.37995001 34.93040272
v 2.28605186 106.45529028 34.99999985
v 2.28605186 106.45529028 34.99999985
v 2.30103575 106.45529028 34.92466846
v 2.30103575 106.45529028 34.92466846
v 2.30103575 106.45529028 34.92466846
v 2.30103575 106.45529028 34.92466846
v 2.28605186 123.38445994 34.99999985
v 2.28605186 123.38445994 34.99999985
v 2.30103575 123.38445994 34.92466846
v 2.30103575 123.38445994 34.92466846
v 2.30103575 123.38445994 34.92466846
v 2.30103575 123.38445994 34.92466846
v 2.30103575 123.45979067 34.99999985
v 2.30103575 123.45979067 34.99999985
v 2.31487977 123.45979067 34.93040272
v 2.31487977 123.45979067 34.93040272
v 2.31487977 123.45979067 34.93040272
v 2.31487977 123.45979067 34.93040272
v 2.34370779 123.52365061 34.99999985
v 2.34370779 123.52365061 34.99999985
v 2.35430276 123.52365061 34.94673252
v 2.35430276 123.52365061 34.94673252
v 2.35430276 123.52365061 34.94673252
v 2.35430276 123.52365061 34.94673252
v 2.40757083 123.56631991 34.99999985
v 2.40757083 123.56631991 34.99999985
v 2.41330480 123.56631991 34.97117178
v 2.41330480 123.56631991 34.97117178
v 2.41330480 123.56631991 34.97117178
v 2.41330480 123.56631991 34.97117178
v 0.98343019 123.56631991 34.99999985
v 0.98343019 123.56631991 34.99999985
v 0.90809881 123.58130976 34.99999985
v 0.90809881 123.58130976 34.99999985
v 0.90809881 123.58130976 34.99999985
v 0.90809881 123.58130976 34.99999985
v 0.97769593 123.56631991 34.97117178
v 0.97769593 123.56631991 34.97117178
v 0.97769593 123.56631991 34.97117178
v 0.97769593 123.56631991 34.97117178
v 1.03669751 123.52365061 34.94673252
v 1.03669751 123.52365061 34.94673252
v 1.03669751 123.52365061 34.94673252
v 1.03669751 123.52365061 34.94673252
v 1.04729302 123.52365061 34.99999985
v 1.04729302 123.52365061 34.99999985
v 1.08996481 123.45979067 34.99999985
v 1.08996481 123.45979067 34.99999985
v 1.07612111 123.45979067 34.93040272
v 1.07612111 123.45979067 34.93040272
v 1.07612111 123.45979067 34.93040272
v 1.07612111 123.45979067 34.93040272
v 1.10494921 123.38445994 34.99999985
v 1.10494921 123.38445994 34.99999985
v 1.08996481 123.38445994 34.92466846
v 1.08996481 123.38445994 34.92466846
v 1.08996481 123.38445994 34.92466846
v 1.08996481 123.38445994 34.92466846
v 1.10494921 106.45529028 34.99999985
v 1.10494921 106.45529028 34.99999985
v 1.08996481 106.45529028 34.92466846
v 1.08996481 106.45529028 34.92466846
v 1.08996481 106.45529028 34.92466846
v 1.08996481 106.45529028 34.92466846
v 1.08996481 106.37995001 34.99999985
v 1.08996481 106.37995001 34.99999985
v 1.07612111 106.37995001 34.93040272
v 1.07612111 106.37995001 34.93040272
v 1.07612111 106.37995001 34.93040272
v 1.07612111 106.37995001 34.93040272
v 1.04729302 106.31609007 34.99999985
v 1.04729302 106.31609007 34.99999985
v 1.03669751 106.31609007 34.94673252
v 1.03669751 106.31609007 34.94673252
v 1.03669751 106.31609007 34.94673252
v 1.03669751 106.31609007 34.94673252
v 0.98343019 106.27341982 34.99999985
v 0.98343019 106.27341982 34.99999985
v 0.97769593 106.27341982 34.97117178
v 0.97769593 106.27341982 34.97117178
v 0.97769593 106.27341982 34.97117178
v 0.97769593 106.27341982 34.97117178
v 0.90809881 106.25842997 34.99999985
v 0.90809881 106.25842997 34.99999985
v 0.90809881 106.25842997 34.99999985
v 0.90809881 106.25842997 34.99999985
v 2.42963480 123.56631991 34.94673252
v 2.42963480 123.56631991 34.94673252
v 2.42963480 123.56631991 34.94673252
v 2.42963480 123.56631991 34.94673252
v 2.38447677 123.52365061 34.90157465
v 2.38447677 123.52365061 34.90157465
v 2.38447677 123.52365061 34.90157465
v 2.38447677 123.52365061 34.90157465
v 2.35430276 123.45979067 34.87140110
v 2.35430276 123.45979067 34.87140110
v 2.35430276 123.45979067 34.87140110
v 2.35430276 123.45979067 34.87140110
v 2.34370779 123.38445994 34.86080560
v 2.34370779 123.38445994 34.86080560
v 2.34370779 123.38445994 34.86080560
v 2.34370779 123.38445994 34.86080560
v 2.34370779 106.45529028 34.86080560
v 2.34370779 106.45529028 34.86080560
v 2.34370779 106.45529028 34.86080560
v 2.34370779 106.45529028 34.86080560
v 2.35430276 106.37995001 34.87140110
v 2.35430276 106.37995001 34.87140110
v 2.35430276 106.37995001 34.87140110
v 2.35430276 106.37995001 34.87140110
v 2.38447677 106.31609007 34.90157465
v 2.38447677 106.31609007 34.90157465
v 2.38447677 106.31609007 34.90157465
v 2.38447677 106.31609007 34.90157465
v 2.42963480 106.27341982 34.94673252
v 2.42963480 106.27341982 34.94673252
v 2.42963480 106.27341982 34.94673252
v 2.42963480 106.27341982 34.94673252
v 2.42963480 106.27341982 33.47846401
v 2.42963480 106.27341982 33.47846401
v 2.42963480 106.27341982 33.47846401
v 2.42963480 106.27341982 33.47846401
v 2.38447677 106.31609007 33.52362204
v 2.38447677 106.31609007 33.52362204
v 2.38447677 106.31609007 33.52362204
v 2.38447677 106.31609007 33.52362204
v 2.35430276 106.37995001 33.55379498
v 2.35430276 106.37995001 33.55379498
v 2.35430276 106.37995001 33.55379498
v 2.35430276 106.37995001 33.55379498
v 2.34370779 106.45529028 33.56439102
v 2.34370779 106.45529028 33.56439102
v 2.34370779 106.45529028 33.56439102
v 2.34370779 106.45529028 33.56439102
v 0.93692688 123.56631991 33.49479401
v 0.93692688 123.56631991 33.49479401
v 0.93692688 123.56631991 33.49479401
v 0.93692688 123.56631991 33.49479401
v 0.90809881 123.56631991 33.50052798
v 0.90809881 123.56631991 33.50052798
v 0.90809881 123.52365061 33.56439102
v 0.90809881 123.52365061 33.56439102
v 0.96136614 123.52365061 33.55379498
v 0.96136614 123.52365061 33.55379498
v 0.96136614 123.52365061 33.55379498
v 0.96136614 123.52365061 33.55379498
v 0.97769593 123.45979067 33.59321904
v 0.97769593 123.45979067 33.59321904
v 0.97769593 123.45979067 33.59321904
v 0.97769593 123.45979067 33.59321904
v 0.90809881 123.45979067 33.60706306
v 0.90809881 123.45979067 33.60706306
v 0.98343019 123.38445994 33.60706306
v 0.98343019 123.38445994 33.60706306
v 0.98343019 123.38445994 33.60706306
v 0.98343019 123.38445994 33.60706306
v 0.90809881 123.38445994 33.62204695
v 0.90809881 123.38445994 33.62204695
v 0.98343019 106.45529028 33.60706306
v 0.98343019 106.45529028 33.60706306
v 0.98343019 106.45529028 33.60706306
v 0.98343019 106.45529028 33.60706306
v 0.90809881 106.45529028 33.62204695
v 0.90809881 106.45529028 33.62204695
v 0.97769593 106.37995001 33.59321904
v 0.97769593 106.37995001 33.59321904
v 0.97769593 106.37995001 33.59321904
v 0.97769593 106.37995001 33.59321904
v 0.90809881 106.37995001 33.60706306
v 0.90809881 106.37995001 33.60706306
v 0.96136614 106.31609007 33.55379498
v 0.96136614 106.31609007 33.55379498
v 0.96136614 106.31609007 33.55379498
v 0.96136614 106.31609007 33.55379498
v 0.90809881 106.31609007 33.56439102
v 0.90809881 106.31609007 33.56439102
v 0.90809881 106.27341982 33.50052798
v 0.90809881 106.27341982 33.50052798
v 0.93692688 106.27341982 33.49479401
v 0.93692688 106.27341982 33.49479401
v 0.93692688 106.27341982 33.49479401
v 0.93692688 106.27341982 33.49479401
v 0.93692688 106.27341982 34.93040272
v 0.93692688 106.27341982 34.93040272
v 0.93692688 106.27341982 34.93040272
v 0.93692688 106.27341982 34.93040272
v 0.90809881 106.27341982 34.92466846
v 0.90809881 106.27341982 34.92466846
v 0.90809881 106.31609007 34.86080560
v 0.90809881 106.31609007 34.86080560
v 0.96136614 106.31609007 34.87140110
v 0.96136614 106.31609007 34.87140110
v 0.96136614 106.31609007 34.87140110
v 0.96136614 106.31609007 34.87140110
v 0.97769593 106.37995001 34.83197750
v 0.97769593 106.37995001 34.83197750
v 0.97769593 106.37995001 34.83197750
v 0.97769593 106.37995001 34.83197750
v 0.90809881 106.37995001 34.81813380
v 0.90809881 106.37995001 34.81813380
v 0.98343019 106.45529028 34.81813380
v 0.98343019 106.45529028 34.81813380
v 0.98343019 106.45529028 34.81813380
v 0.98343019 106.45529028 34.81813380
v 0.90809881 106.45529028 34.80314951
v 0.90809881 106.45529028 34.80314951
v 0.98343019 123.38445994 34.81813380
v 0.98343019 123.38445994 34.81813380
v 0.98343019 123.38445994 34.81813380
v 0.98343019 123.38445994 34.81813380
v 0.90809881 123.38445994 34.80314951
v 0.90809881 123.38445994 34.80314951
v 0.97769593 123.45979067 34.83197750
v 0.97769593 123.45979067 34.83197750
v 0.97769593 123.45979067 34.83197750
v 0.97769593 123.45979067 34.83197750
v 0.90809881 123.45979067 34.81813380
v 0.90809881 123.45979067 34.81813380
v 0.96136614 123.52365061 34.87140110
v 0.96136614 123.52365061 34.87140110
v 0.96136614 123.52365061 34.87140110
v 0.96136614 123.52365061 34.87140110
v 0.90809881 123.52365061 34.86080560
v 0.90809881 123.52365061 34.86080560
v 0.90809881 123.56631991 34.92466846
v 0.90809881 123.56631991 34.92466846
v 0.93692688 123.56631991 34.93040272
v 0.93692688 123.56631991 34.93040272
v 0.93692688 123.56631991 34.93040272
v 0.93692688 123.56631991 34.93040272
v 0.96136614 106.27341982 33.47846401
v 0.96136614 106.27341982 33.47846401
v 0.96136614 106.27341982 33.47846401
v 0.96136614 106.27341982 33.47846401
v 1.00652401 106.31609007 33.52362204
v 1.00652401 106.31609007 33.52362204
v 1.00652401 106.31609007 33.52362204
v 1.00652401 106.31609007 33.52362204
v 1.03669751 106.37995001 33.55379498
v 1.03669751 106.37995001 33.55379498
v 1.03669751 106.37995001 33.55379498
v 1.03669751 106.37995001 33.55379498
v 1.04729302 106.45529028 33.56439102
v 1.04729302 106.45529028 33.56439102
v 1.04729302 106.45529028 33.56439102
v 1.04729302 106.45529028 33.56439102
v 1.04729302 123.38445994 33.56439102
v 1.04729302 123.38445994 33.56439102
v 1.04729302 123.38445994 33.56439102
v 1.04729302 123.38445994 33.56439102
v 1.03669751 123.45979067 33.55379498
v 1.03669751 123.45979067 33.55379498
v 1.03669751 123.45979067 33.55379498
v 1.03669751 123.45979067 33.55379498
v 1.00652401 123.52365061 33.52362204
v 1.00652401 123.52365061 33.52362204
v 1.00652401 123.52365061 33.52362204
v 1.00652401 123.52365061 33.52362204
v 0.96136614 123.56631991 33.47846401
v 0.96136614 123.56631991 33.47846401
v 0.96136614 123.56631991 33.47846401
v 0.96136614 123.56631991 33.47846401
v 0.96136614 123.56631991 34.94673252
v 0.96136614 123.56631991 34.94673252
v 0.96136614 123.56631991 34.94673252
v 0.96136614 123.56631991 34.94673252
v 1.00652401 123.52365061 34.90157465
v 1.00652401 123.52365061 34.90157465
v 1.00652401 123.52365061 34.90157465
v 1.00652401 123.52365061 34.90157465
v 1.03669751 123.45979067 34.87140110
v 1.03669751 123.45979067 34.87140110
v 1.03669751 123.45979067 34.87140110
v 1.03669751 123.45979067 34.87140110
v 1.04729302 123.38445994 34.86080560
v 1.04729302 123.38445994 34.86080560
v 1.04729302 123.38445994 34.86080560
v 1.04729302 123.38445994 34.86080560
v 1.04729302 106.45529028 34.86080560
v 1.04729302 106.45529028 34.86080560
v 1.04729302 106.45529028 34.86080560
v 1.04729302 106.45529028 34.86080560
v 1.03669751 106.37995001 34.87140110
v 1.03669751 106.37995001 34.87140110
v 1.03669751 106.37995001 34.87140110
v 1.03669751 106.37995001 34.87140110
v 1.00652401 106.31609007 34.90157465
v 1.00652401 106.31609007 34.90157465
v 1.00652401 106.31609007 34.90157465
v 1.00652401 106.31609007 34.90157465
v 0.96136614 106.27341982 34.94673252
v 0.96136614 106.27341982 34.94673252
v 0.96136614 106.27341982 34.94673252
v 0.96136614 106.27341982 34.94673252
v 37.17122281 48.36614000 1.77166034
v 36.42319131 58.35432874 1.77166034
v 37.17122281 58.35432874 1.77166034
v 36.42319131 48.36614000 1.77166034
v 37.17122281 58.35432874 33.42520000
v 36.42319131 48.36614000 33.42520000
v 37.17122281 48.36614000 33.42520000
v 36.42319131 58.35432874 33.42520000
v 37.17122281 58.35432874 1.77166034
v 36.42319131 58.35432874 33.42520000
v 37.17122281 58.35432874 33.42520000
v 36.42319131 58.35432874 1.77166034
v 36.42319131 58.35432874 33.42520000
v 36.42319131 48.36614000 1.77166034
v 36.42319131 48.36614000 33.42520000
v 36.42319131 58.35432874 1.77166034
v 37.17122281 48.36614000 1.77166034
v 37.17122281 58.35432874 33.42520000
v 37.17122281 48.36614000 33.42520000
v 37.17122281 58.35432874 1.77166034
v 36.42319131 48.36614000 33.42520000
v 37.17122281 48.36614000 1.77166034
v 37.17122281 48.36614000 33.42520000
v 36.42319131 48.36614000 1.77166034
v 55.00586281 28.50522000 35.00000299
v -2.43508145 87.62395881 33.42520000
v 55.00586281 28.50522000 33.42520000
v -2.43508145 87.62395881 35.00000299
v -2.43508328 103.44303249 35.00000299
v -2.43508145 87.62395881 35.00000299
v -2.43508328 103.44303249 33.42520000
v -2.43508145 87.62395881 33.42520000
v -2.43508145 87.62395881 35.00000299
v -2.43508328 103.44303249 33.42520000
v -2.43508145 87.62395881 33.42520000
v -2.43508328 103.44303249 35.00000299
v -2.43508328 103.44303249 33.42520000
v 55.00586281 28.50522000 33.42520000
v -2.43508145 87.62395881 33.42520000
v 55.00586231 44.32429231 33.42520000
v 55.00586231 44.32429231 33.42520000
v -2.43508328 103.44303249 33.42520000
v 55.00586281 28.50522000 33.42520000
v -2.43508145 87.62395881 33.42520000
v -2.43508328 103.44303249 33.42520000
v 55.00586231 44.32429231 35.00000299
v 55.00586231 44.32429231 33.42520000
v -2.43508328 103.44303249 35.00000299
v -2.43508328 103.44303249 35.00000299
v -2.43508328 103.44303249 33.42520000
v 55.00586231 44.32429231 35.00000299
v 55.00586231 44.32429231 33.42520000
v 55.00586281 28.50522000 35.00000299
v -2.43508328 103.44303249 35.00000299
v -2.43508145 87.62395881 35.00000299
v 55.00586231 44.32429231 35.00000299
v 55.00586231 44.32429231 35.00000299
v 55.00586281 28.50522000 35.00000299
v -2.43508328 103.44303249 35.00000299
v -2.43508145 87.62395881 35.00000299
v 55.00586231 44.32429231 35.00000299
v 55.00586231 44.32429231 33.42520000
v 55.00586281 28.50522000 35.00000299
v 55.00586281 28.50522000 33.42520000
v 55.00586231 44.32429231 33.42520000
v 55.00586281 28.50522000 35.00000299
v 55.00586281 28.50522000 33.42520000
v 55.00586231 44.32429231 35.00000299
v -2.08715121 140.11661068 36.13532470
v -2.08715121 140.11661068 36.13532470
v -5.89964429 139.95088879 36.10235910
v -5.89964429 139.95088879 36.10235910
v -2.12011734 139.95088879 36.10235910
v -2.12011734 139.95088879 36.10235910
v -5.93260989 140.11661068 36.13532470
v -5.93260989 140.11661068 36.13532470
v -2.12011734 139.95088879 36.10235910
v -2.12011734 139.95088879 36.10235910
v -2.08715121 140.11661068 32.28986602
v -2.08715121 140.11661068 32.28986602
v -2.08715121 140.11661068 36.13532470
v -2.08715121 140.11661068 36.13532470
v -2.12011734 139.95088879 32.32283215
v -2.12011734 139.95088879 32.32283215
v -1.99327341 140.25710980 36.22920270
v -1.99327341 140.25710980 36.22920270
v -6.02648789 140.25710980 36.22920270
v -6.02648789 140.25710980 36.22920270
v -5.93260989 140.11661068 32.28986602
v -5.93260989 140.11661068 32.28986602
v -5.89964429 139.95088879 36.10235910
v -5.89964429 139.95088879 36.10235910
v -5.93260989 140.11661068 36.13532470
v -5.93260989 140.11661068 36.13532470
v -5.89964429 139.95088879 32.32283215
v -5.89964429 139.95088879 32.32283215
v -5.89964429 139.71467129 36.10235910
v -2.12011734 139.71467129 36.10235910
v -1.99327341 140.25710980 32.19598822
v -1.99327341 140.25710980 32.19598822
v -1.99327341 140.25710980 36.22920270
v -1.99327341 140.25710980 36.22920270
v -2.12011734 139.71467129 32.32283215
v -2.12011734 139.71467129 36.10235910
v -5.93260989 140.11661068 32.28986602
v -5.93260989 140.11661068 32.28986602
v -2.12011734 139.95088879 32.32283215
v -2.12011734 139.95088879 32.32283215
v -5.89964429 139.95088879 32.32283215
v -5.89964429 139.95088879 32.32283215
v -2.08715121 140.11661068 32.28986602
v -2.08715121 140.11661068 32.28986602
v -1.85277525 140.35098950 36.36970100
v -1.85277525 140.35098950 36.36970100
v -6.16698619 140.35098950 36.36970100
v -6.16698619 140.35098950 36.36970100
v -6.02648789 140.25710980 32.19598822
v -6.02648789 140.25710980 32.19598822
v -6.02648789 140.25710980 36.22920270
v -6.02648789 140.25710980 36.22920270
v -5.89964429 139.71467129 32.32283215
v -5.89964429 139.71467129 36.10235910
v -5.89964429 139.71467129 32.32283215
v -5.58468369 139.71467129 32.63779192
v -5.89964429 139.71467129 36.10235910
v -2.12011734 139.71467129 32.32283215
v -2.43507711 139.71467129 32.63779192
v -2.43507711 139.71467129 35.78739850
v -5.58468369 139.71467129 35.78739850
v -2.12011734 139.71467129 36.10235910
v -1.85277525 140.35098950 32.05549006
v -1.85277525 140.35098950 32.05549006
v -1.85277525 140.35098950 36.36970100
v -1.85277525 140.35098950 36.36970100
v -6.02648789 140.25710980 32.19598822
v -6.02648789 140.25710980 32.19598822
v -1.99327341 140.25710980 32.19598822
v -1.99327341 140.25710980 32.19598822
v -2.12011734 139.71467129 32.32283215
v -5.89964429 139.71467129 32.32283215
v -1.68704621 140.38395993 36.53543000
v -6.33271519 140.38395993 36.53543000
v -6.16698619 140.35098950 36.36970100
v -6.16698619 140.35098950 36.36970100
v -6.16698619 140.35098950 32.05549006
v -6.16698619 140.35098950 32.05549006
v -1.68704621 140.38395993 31.88976102
v -1.68704621 140.38395993 36.53543000
v -1.85277525 140.35098950 32.05549006
v -1.85277525 140.35098950 32.05549006
v -6.16698619 140.35098950 32.05549006
v -6.16698619 140.35098950 32.05549006
v -1.68704621 140.58080975 36.53543000
v -1.68704621 140.58080975 36.53543000
v -6.33271519 140.38395993 36.53543000
v -1.68704621 140.38395993 36.53543000
v -6.33271519 140.58080975 36.53543000
v -6.33271519 140.58080975 36.53543000
v -6.33271519 140.38395993 36.53543000
v -6.33271519 140.38395993 31.88976102
v -1.68704621 140.38395993 31.88976102
v -1.68704621 140.58080975 36.53543000
v -1.68704621 140.58080975 36.53543000
v -1.68704621 140.38395993 36.53543000
v -1.68704621 140.58080975 31.88976102
v -1.68704621 140.58080975 31.88976102
v -1.68704621 140.38395993 31.88976102
v -6.33271519 140.38395993 31.88976102
v -1.71701399 140.73147122 36.50546131
v -1.71701399 140.73147122 36.50546131
v -6.30274650 140.73147122 36.50546131
v -6.30274650 140.73147122 36.50546131
v -6.33271519 140.58080975 31.88976102
v -6.33271519 140.58080975 31.88976102
v -6.33271519 140.38395993 36.53543000
v -6.33271519 140.58080975 36.53543000
v -6.33271519 140.58080975 36.53543000
v -6.33271519 140.38395993 31.88976102
v -1.71701399 140.73147122 36.50546131
v -1.71701399 140.73147122 36.50546131
v -1.71701399 140.73147122 31.91972880
v -1.71701399 140.73147122 31.91972880
v -6.33271519 140.58080975 31.88976102
v -6.33271519 140.58080975 31.88976102
v -1.68704621 140.38395993 31.88976102
v -6.33271519 140.38395993 31.88976102
v -1.68704621 140.58080975 31.88976102
v -1.68704621 140.58080975 31.88976102
v -1.80235831 140.85919873 36.42011770
v -1.80235831 140.85919873 36.42011770
v -6.21740289 140.85919873 36.42011770
v -6.21740289 140.85919873 36.42011770
v -6.30274650 140.73147122 36.50546131
v -6.30274650 140.73147122 36.50546131
v -6.30274650 140.73147122 31.91972880
v -6.30274650 140.73147122 31.91972880
v -1.80235831 140.85919873 36.42011770
v -1.80235831 140.85919873 36.42011770
v -1.80235831 140.85919873 32.00507312
v -1.80235831 140.85919873 32.00507312
v -6.30274650 140.73147122 31.91972880
v -6.30274650 140.73147122 31.91972880
v -1.71701399 140.73147122 31.91972880
v -1.71701399 140.73147122 31.91972880
v -6.08967719 140.94454113 36.29239200
v -6.08967719 140.94454113 36.29239200
v -1.93008438 140.94454113 36.29239200
v -1.93008438 140.94454113 36.29239200
v -6.21740289 140.85919873 36.42011770
v -6.21740289 140.85919873 36.42011770
v -6.21740289 140.85919873 32.00507312
v -6.21740289 140.85919873 32.00507312
v -1.93008438 140.94454113 32.13279919
v -1.93008438 140.94454113 32.13279919
v -1.93008438 140.94454113 36.29239200
v -1.93008438 140.94454113 36.29239200
v -6.21740289 140.85919873 32.00507312
v -6.21740289 140.85919873 32.00507312
v -1.80235831 140.85919873 32.00507312
v -1.80235831 140.85919873 32.00507312
v -5.93901438 140.97450939 36.14172919
v -2.08074633 140.97450939 36.14172919
v -6.08967719 140.94454113 36.29239200
v -6.08967719 140.94454113 36.29239200
v -6.08967719 140.94454113 32.13279919
v -6.08967719 140.94454113 32.13279919
v -2.08074633 140.97450939 32.28346114
v -2.08074633 140.97450939 36.14172919
v -6.08967719 140.94454113 32.13279919
v -6.08967719 140.94454113 32.13279919
v -1.93008438 140.94454113 32.13279919
v -1.93008438 140.94454113 32.13279919
v -2.08074633 140.97450939 36.14172919
v -5.93901438 140.97450939 32.28346114
v -5.93901438 140.97450939 36.14172919
v -2.08074633 140.97450939 32.28346114
v -5.93901438 140.97450939 36.14172919
v -5.93901438 140.97450939 32.28346114
v -5.93901438 140.97450939 32.28346114
v -2.08074633 140.97450939 32.28346114
v -4.00988022 132.36201016 32.80482511
v -4.00988022 132.36201016 32.80482511
v -4.00988022 132.36201016 32.80482511
v -4.00988022 132.36201016 32.80482511
v -3.92636410 132.28538052 32.83941893
v -3.92636410 132.28538052 32.83941893
v -3.92636410 132.28538052 32.83941893
v -3.92636410 132.28538052 32.83941893
v -4.00988022 132.28538052 32.85603099
v -4.00988022 132.28538052 32.85603099
v -4.00988022 132.28538052 32.85603099
v -4.00988022 132.28538052 32.85603099
v -3.94596020 132.36201016 32.79211097
v -3.94596020 132.36201016 32.79211097
v -3.94596020 132.36201016 32.79211097
v -3.94596020 132.36201016 32.79211097
v -4.07380120 132.36201016 32.79211097
v -4.07380120 132.36201016 32.79211097
v -4.07380120 132.36201016 32.79211097
v -4.07380120 132.36201016 32.79211097
v -4.09339730 132.28538052 32.83941893
v -4.09339730 132.28538052 32.83941893
v -4.09339730 132.28538052 32.83941893
v -4.09339730 132.28538052 32.83941893
v -3.97528712 132.41321865 32.72130899
v -3.97528712 132.41321865 32.72130899
v -3.97528712 132.41321865 32.72130899
v -3.97528712 132.41321865 32.72130899
v -4.00988022 132.41321865 32.72818999
v -4.00988022 132.41321865 32.72818999
v -4.00988022 132.41321865 32.72818999
v -4.00988022 132.41321865 32.72818999
v -3.85556213 132.28538052 32.79211097
v -3.85556213 132.28538052 32.79211097
v -3.85556213 132.28538052 32.79211097
v -3.85556213 132.28538052 32.79211097
v -3.89177028 132.36201016 32.75590210
v -3.89177028 132.36201016 32.75590210
v -3.89177028 132.36201016 32.75590210
v -3.89177028 132.36201016 32.75590210
v -3.91948310 132.19497982 32.85603099
v -3.91948310 132.19497982 32.85603099
v -3.91948310 132.19497982 32.85603099
v -3.91948310 132.19497982 32.85603099
v -4.00988022 132.19497982 32.87401299
v -4.00988022 132.19497982 32.87401299
v -4.00988022 132.19497982 32.87401299
v -4.00988022 132.19497982 32.87401299
v -4.12799112 132.36201016 32.75590210
v -4.12799112 132.36201016 32.75590210
v -4.12799112 132.36201016 32.75590210
v -4.12799112 132.36201016 32.75590210
v -4.16419927 132.28538052 32.79211097
v -4.16419927 132.28538052 32.79211097
v -4.16419927 132.28538052 32.79211097
v -4.16419927 132.28538052 32.79211097
v -4.04447428 132.41321865 32.72130899
v -4.04447428 132.41321865 32.72130899
v -4.04447428 132.41321865 32.72130899
v -4.04447428 132.41321865 32.72130899
v -4.10027830 132.19497982 32.85603099
v -4.10027830 132.19497982 32.85603099
v -4.10027830 132.19497982 32.85603099
v -4.10027830 132.19497982 32.85603099
v -4.00988022 132.43120114 32.63779192
v -4.00988022 132.43120114 32.63779192
v -4.00988022 132.43120114 32.63779192
v -4.00988022 132.43120114 32.63779192
v -4.00988022 132.43120114 32.63779192
v -4.00988022 132.43120114 32.63779192
v -4.00988022 132.43120114 32.63779192
v -4.00988022 132.43120114 32.63779192
v -3.94596020 132.41321865 32.70171289
v -3.94596020 132.41321865 32.70171289
v -3.94596020 132.41321865 32.70171289
v -3.94596020 132.41321865 32.70171289
v -3.80825416 132.28538052 32.72130899
v -3.80825416 132.28538052 32.72130899
v -3.80825416 132.28538052 32.72130899
v -3.80825416 132.28538052 32.72130899
v -3.85556213 132.36201016 32.70171289
v -3.85556213 132.36201016 32.70171289
v -3.85556213 132.36201016 32.70171289
v -3.85556213 132.36201016 32.70171289
v -3.84284726 132.19497982 32.80482511
v -3.84284726 132.19497982 32.80482511
v -3.84284726 132.19497982 32.80482511
v -3.84284726 132.19497982 32.80482511
v -3.91948310 109.04537026 32.85603099
v -3.91948310 109.04537026 32.85603099
v -3.91948310 109.04537026 32.85603099
v -3.91948310 109.04537026 32.85603099
v -4.00988022 109.04537026 32.87401299
v -4.00988022 109.04537026 32.87401299
v -4.00988022 109.04537026 32.87401299
v -4.00988022 109.04537026 32.87401299
v -4.21150724 132.28538052 32.72130899
v -4.21150724 132.28538052 32.72130899
v -4.21150724 132.28538052 32.72130899
v -4.21150724 132.28538052 32.72130899
v -4.16419927 132.36201016 32.70171289
v -4.16419927 132.36201016 32.70171289
v -4.16419927 132.36201016 32.70171289
v -4.16419927 132.36201016 32.70171289
v -4.07380120 132.41321865 32.70171289
v -4.07380120 132.41321865 32.70171289
v -4.07380120 132.41321865 32.70171289
v -4.07380120 132.41321865 32.70171289
v -4.17691318 132.19497982 32.80482511
v -4.17691318 132.19497982 32.80482511
v -4.17691318 132.19497982 32.80482511
v -4.17691318 132.19497982 32.80482511
v -4.10027830 109.04537026 32.85603099
v -4.10027830 109.04537026 32.85603099
v -4.10027830 109.04537026 32.85603099
v -4.10027830 109.04537026 32.85603099
v -3.92636410 132.41321865 32.67238598
v -3.92636410 132.41321865 32.67238598
v -3.92636410 132.41321865 32.67238598
v -3.92636410 132.41321865 32.67238598
v -3.79164115 132.28538052 32.63779192
v -3.79164115 132.28538052 32.63779192
v -3.84284726 132.36201016 32.63779192
v -3.84284726 132.36201016 32.63779192
v -3.79164115 132.19497982 32.72818999
v -3.79164115 132.19497982 32.72818999
v -3.79164115 132.19497982 32.72818999
v -3.79164115 132.19497982 32.72818999
v -3.84284726 109.04537026 32.80482511
v -3.84284726 109.04537026 32.80482511
v -3.84284726 109.04537026 32.80482511
v -3.84284726 109.04537026 32.80482511
v -3.92636410 108.95498005 32.83941893
v -3.92636410 108.95498005 32.83941893
v -3.92636410 108.95498005 32.83941893
v -3.92636410 108.95498005 32.83941893
v -4.00988022 108.95498005 32.85603099
v -4.00988022 108.95498005 32.85603099
v -4.00988022 108.95498005 32.85603099
v -4.00988022 108.95498005 32.85603099
v -4.22812024 132.28538052 32.63779192
v -4.22812024 132.28538052 32.63779192
v -4.17691318 132.36201016 32.63779192
v -4.17691318 132.36201016 32.63779192
v -4.09339730 132.41321865 32.67238598
v -4.09339730 132.41321865 32.67238598
v -4.09339730 132.41321865 32.67238598
v -4.09339730 132.41321865 32.67238598
v -4.22812024 132.19497982 32.72818999
v -4.22812024 132.19497982 32.72818999
v -4.22812024 132.19497982 32.72818999
v -4.22812024 132.19497982 32.72818999
v -4.17691318 109.04537026 32.80482511
v -4.17691318 109.04537026 32.80482511
v -4.17691318 109.04537026 32.80482511
v -4.17691318 109.04537026 32.80482511
v -4.09339730 108.95498005 32.83941893
v -4.09339730 108.95498005 32.83941893
v -4.09339730 108.95498005 32.83941893
v -4.09339730 108.95498005 32.83941893
v -3.91948310 132.41321865 32.63779192
v -3.91948310 132.41321865 32.63779192
v -3.77366010 132.19497982 32.63779192
v -3.77366010 132.19497982 32.63779192
v -3.79164115 109.04537026 32.72818999
v -3.79164115 109.04537026 32.72818999
v -3.79164115 109.04537026 32.72818999
v -3.79164115 109.04537026 32.72818999
v -3.85556213 108.95498005 32.79211097
v -3.85556213 108.95498005 32.79211097
v -3.85556213 108.95498005 32.79211097
v -3.85556213 108.95498005 32.79211097
v -3.94596020 108.87833992 32.79211097
v -3.94596020 108.87833992 32.79211097
v -3.94596020 108.87833992 32.79211097
v -3.94596020 108.87833992 32.79211097
v -4.00988022 108.87833992 32.80482511
v -4.00988022 108.87833992 32.80482511
v -4.00988022 108.87833992 32.80482511
v -4.00988022 108.87833992 32.80482511
v -4.10027830 132.41321865 32.63779192
v -4.10027830 132.41321865 32.63779192
v -4.24610130 132.19497982 32.63779192
v -4.24610130 132.19497982 32.63779192
v -4.22812024 109.04537026 32.72818999
v -4.22812024 109.04537026 32.72818999
v -4.22812024 109.04537026 32.72818999
v -4.22812024 109.04537026 32.72818999
v -4.16419927 108.95498005 32.79211097
v -4.16419927 108.95498005 32.79211097
v -4.16419927 108.95498005 32.79211097
v -4.16419927 108.95498005 32.79211097
v -4.07380120 108.87833992 32.79211097
v -4.07380120 108.87833992 32.79211097
v -4.07380120 108.87833992 32.79211097
v -4.07380120 108.87833992 32.79211097
v -3.77366010 109.04537026 32.63779192
v -3.77366010 109.04537026 32.63779192
v -3.80825416 108.95498005 32.72130899
v -3.80825416 108.95498005 32.72130899
v -3.80825416 108.95498005 32.72130899
v -3.80825416 108.95498005 32.72130899
v -3.89177028 108.87833992 32.75590210
v -3.89177028 108.87833992 32.75590210
v -3.89177028 108.87833992 32.75590210
v -3.89177028 108.87833992 32.75590210
v -4.00988022 108.82713047 32.72818999
v -4.00988022 108.82713047 32.72818999
v -4.00988022 108.82713047 32.72818999
v -4.00988022 108.82713047 32.72818999
v -3.97528712 108.82713047 32.72130899
v -3.97528712 108.82713047 32.72130899
v -3.97528712 108.82713047 32.72130899
v -3.97528712 108.82713047 32.72130899
v -4.24610130 109.04537026 32.63779192
v -4.24610130 109.04537026 32.63779192
v -4.21150724 108.95498005 32.72130899
v -4.21150724 108.95498005 32.72130899
v -4.21150724 108.95498005 32.72130899
v -4.21150724 108.95498005 32.72130899
v -4.12799112 108.87833992 32.75590210
v -4.12799112 108.87833992 32.75590210
v -4.12799112 108.87833992 32.75590210
v -4.12799112 108.87833992 32.75590210
v -4.04447428 108.82713047 32.72130899
v -4.04447428 108.82713047 32.72130899
v -4.04447428 108.82713047 32.72130899
v -4.04447428 108.82713047 32.72130899
v -3.79164115 108.95498005 32.63779192
v -3.79164115 108.95498005 32.63779192
v -3.85556213 108.87833992 32.70171289
v -3.85556213 108.87833992 32.70171289
v -3.85556213 108.87833992 32.70171289
v -3.85556213 108.87833992 32.70171289
v -3.94596020 108.82713047 32.70171289
v -3.94596020 108.82713047 32.70171289
v -3.94596020 108.82713047 32.70171289
v -3.94596020 108.82713047 32.70171289
v -4.00988022 108.80914990 32.63779192
v -4.00988022 108.80914990 32.63779192
v -4.00988022 108.80914990 32.63779192
v -4.00988022 108.80914990 32.63779192
v -4.00988022 108.80914990 32.63779192
v -4.00988022 108.80914990 32.63779192
v -4.00988022 108.80914990 32.63779192
v -4.00988022 108.80914990 32.63779192
v -4.22812024 108.95498005 32.63779192
v -4.22812024 108.95498005 32.63779192
v -4.16419927 108.87833992 32.70171289
v -4.16419927 108.87833992 32.70171289
v -4.16419927 108.87833992 32.70171289
v -4.16419927 108.87833992 32.70171289
v -4.07380120 108.82713047 32.70171289
v -4.07380120 108.82713047 32.70171289
v -4.07380120 108.82713047 32.70171289
v -4.07380120 108.82713047 32.70171289
v -3.84284726 108.87833992 32.63779192
v -3.84284726 108.87833992 32.63779192
v -3.92636410 108.82713047 32.67238598
v -3.92636410 108.82713047 32.67238598
v -3.92636410 108.82713047 32.67238598
v -3.92636410 108.82713047 32.67238598
v -4.17691318 108.87833992 32.63779192
v -4.17691318 108.87833992 32.63779192
v -4.09339730 108.82713047 32.67238598
v -4.09339730 108.82713047 32.67238598
v -4.09339730 108.82713047 32.67238598
v -4.09339730 108.82713047 32.67238598
v -3.91948310 108.82713047 32.63779192
v -3.91948310 108.82713047 32.63779192
v -4.10027830 108.82713047 32.63779192
v -4.10027830 108.82713047 32.63779192
v -5.52076290 108.82713047 34.14867501
v -5.52076290 108.82713047 34.14867501
v -5.52076290 108.82713047 34.14867501
v -5.52076290 108.82713047 34.14867501
v -5.52076290 108.87833992 34.05827694
v -5.52076290 108.87833992 34.05827694
v -5.52076290 108.87833992 34.05827694
v -5.52076290 108.87833992 34.05827694
v -5.55008999 108.82713047 34.12907891
v -5.55008999 108.82713047 34.12907891
v -5.55008999 108.82713047 34.12907891
v -5.55008999 108.82713047 34.12907891
v -5.46657351 108.87833992 34.09448509
v -5.46657351 108.87833992 34.09448509
v -5.46657351 108.87833992 34.09448509
v -5.46657351 108.87833992 34.09448509
v -5.50116721 108.82713047 34.17800193
v -5.50116721 108.82713047 34.17800193
v -5.50116721 108.82713047 34.17800193
v -5.50116721 108.82713047 34.17800193
v -5.43036518 108.87833992 34.14867501
v -5.43036518 108.87833992 34.14867501
v -5.43036518 108.87833992 34.14867501
v -5.43036518 108.87833992 34.14867501
v -5.43036518 108.95498005 34.05827694
v -5.43036518 108.95498005 34.05827694
v -5.43036518 108.95498005 34.05827694
v -5.43036518 108.95498005 34.05827694
v -5.50116721 108.95498005 34.01096897
v -5.50116721 108.95498005 34.01096897
v -5.50116721 108.95498005 34.01096897
v -5.50116721 108.95498005 34.01096897
v -5.58468369 108.87833992 34.04556207
v -5.58468369 108.87833992 34.04556207
v -5.58468369 108.82713047 34.12219791
v -5.58468369 108.82713047 34.12219791
v -5.58468369 108.80914990 34.21259503
v -5.58468369 108.80914990 34.21259503
v -5.58468369 108.80914990 34.21259503
v -5.58468369 108.80914990 34.21259503
v -5.58468369 108.80914990 34.21259503
v -5.58468369 108.80914990 34.21259503
v -5.58468369 108.80914990 34.21259503
v -5.58468369 108.80914990 34.21259503
v -5.49428598 108.82713047 34.21259503
v -5.49428598 108.82713047 34.21259503
v -5.49428598 108.82713047 34.21259503
v -5.49428598 108.82713047 34.21259503
v -5.41765062 108.87833992 34.21259503
v -5.41765062 108.87833992 34.21259503
v -5.41765062 108.87833992 34.21259503
v -5.41765062 108.87833992 34.21259503
v -5.38305692 108.95498005 34.12907891
v -5.38305692 108.95498005 34.12907891
v -5.38305692 108.95498005 34.12907891
v -5.38305692 108.95498005 34.12907891
v -5.41765062 109.04537026 34.04556207
v -5.41765062 109.04537026 34.04556207
v -5.41765062 109.04537026 34.04556207
v -5.41765062 109.04537026 34.04556207
v -5.49428598 109.04537026 33.99435596
v -5.49428598 109.04537026 33.99435596
v -5.49428598 109.04537026 33.99435596
v -5.49428598 109.04537026 33.99435596
v -5.58468369 108.95498005 33.99435596
v -5.58468369 108.95498005 33.99435596
v -5.43036518 108.87833992 34.27651601
v -5.43036518 108.87833992 34.27651601
v -5.43036518 108.87833992 34.27651601
v -5.43036518 108.87833992 34.27651601
v -5.50116721 108.82713047 34.24718909
v -5.50116721 108.82713047 34.24718909
v -5.50116721 108.82713047 34.24718909
v -5.50116721 108.82713047 34.24718909
v -5.36644439 108.95498005 34.21259503
v -5.36644439 108.95498005 34.21259503
v -5.36644439 108.95498005 34.21259503
v -5.36644439 108.95498005 34.21259503
v -5.36644439 109.04537026 34.12219791
v -5.36644439 109.04537026 34.12219791
v -5.36644439 109.04537026 34.12219791
v -5.36644439 109.04537026 34.12219791
v -5.41765062 132.19497982 34.04556207
v -5.41765062 132.19497982 34.04556207
v -5.41765062 132.19497982 34.04556207
v -5.41765062 132.19497982 34.04556207
v -5.49428598 132.19497982 33.99435596
v -5.49428598 132.19497982 33.99435596
v -5.49428598 132.19497982 33.99435596
v -5.49428598 132.19497982 33.99435596
v -5.58468369 109.04537026 33.97637491
v -5.58468369 109.04537026 33.97637491
v -5.46657351 108.87833992 34.33070593
v -5.46657351 108.87833992 34.33070593
v -5.46657351 108.87833992 34.33070593
v -5.46657351 108.87833992 34.33070593
v -5.52076290 108.82713047 34.27651601
v -5.52076290 108.82713047 34.27651601
v -5.52076290 108.82713047 34.27651601
v -5.52076290 108.82713047 34.27651601
v -5.38305692 108.95498005 34.29611211
v -5.38305692 108.95498005 34.29611211
v -5.38305692 108.95498005 34.29611211
v -5.38305692 108.95498005 34.29611211
v -5.34846321 109.04537026 34.21259503
v -5.34846321 109.04537026 34.21259503
v -5.34846321 109.04537026 34.21259503
v -5.34846321 109.04537026 34.21259503
v -5.36644439 132.19497982 34.12219791
v -5.36644439 132.19497982 34.12219791
v -5.36644439 132.19497982 34.12219791
v -5.36644439 132.19497982 34.12219791
v -5.43036518 132.28538052 34.05827694
v -5.43036518 132.28538052 34.05827694
v -5.43036518 132.28538052 34.05827694
v -5.43036518 132.28538052 34.05827694
v -5.50116721 132.28538052 34.01096897
v -5.50116721 132.28538052 34.01096897
v -5.50116721 132.28538052 34.01096897
v -5.50116721 132.28538052 34.01096897
v -5.58468369 132.19497982 33.97637491
v -5.58468369 132.19497982 33.97637491
v -5.52076290 108.87833992 34.36691408
v -5.52076290 108.87833992 34.36691408
v -5.52076290 108.87833992 34.36691408
v -5.52076290 108.87833992 34.36691408
v -5.55008999 108.82713047 34.29611211
v -5.55008999 108.82713047 34.29611211
v -5.55008999 108.82713047 34.29611211
v -5.55008999 108.82713047 34.29611211
v -5.43036518 108.95498005 34.36691408
v -5.43036518 108.95498005 34.36691408
v -5.43036518 108.95498005 34.36691408
v -5.43036518 108.95498005 34.36691408
v -5.36644439 109.04537026 34.30299310
v -5.36644439 109.04537026 34.30299310
v -5.36644439 109.04537026 34.30299310
v -5.36644439 109.04537026 34.30299310
v -5.34846321 132.19497982 34.21259503
v -5.34846321 132.19497982 34.21259503
v -5.34846321 132.19497982 34.21259503
v -5.34846321 132.19497982 34.21259503
v -5.38305692 132.28538052 34.12907891
v -5.38305692 132.28538052 34.12907891
v -5.38305692 132.28538052 34.12907891
v -5.38305692 132.28538052 34.12907891
v -5.46657351 132.36201016 34.09448509
v -5.46657351 132.36201016 34.09448509
v -5.46657351 132.36201016 34.09448509
v -5.46657351 132.36201016 34.09448509
v -5.52076290 132.36201016 34.05827694
v -5.52076290 132.36201016 34.05827694
v -5.52076290 132.36201016 34.05827694
v -5.52076290 132.36201016 34.05827694
v -5.58468369 132.28538052 33.99435596
v -5.58468369 132.28538052 33.99435596
v -5.58468369 108.82713047 34.30299310
v -5.58468369 108.82713047 34.30299310
v -5.58468369 108.87833992 34.37962799
v -5.58468369 108.87833992 34.37962799
v -5.50116721 108.95498005 34.41422205
v -5.50116721 108.95498005 34.41422205
v -5.50116721 108.95498005 34.41422205
v -5.50116721 108.95498005 34.41422205
v -5.41765062 109.04537026 34.37962799
v -5.41765062 109.04537026 34.37962799
v -5.41765062 109.04537026 34.37962799
v -5.41765062 109.04537026 34.37962799
v -5.36644439 132.19497982 34.30299310
v -5.36644439 132.19497982 34.30299310
v -5.36644439 132.19497982 34.30299310
v -5.36644439 132.19497982 34.30299310
v -5.36644439 132.28538052 34.21259503
v -5.36644439 132.28538052 34.21259503
v -5.36644439 132.28538052 34.21259503
v -5.36644439 132.28538052 34.21259503
v -5.43036518 132.36201016 34.14867501
v -5.43036518 132.36201016 34.14867501
v -5.43036518 132.36201016 34.14867501
v -5.43036518 132.36201016 34.14867501
v -5.52076290 132.41321865 34.14867501
v -5.52076290 132.41321865 34.14867501
v -5.52076290 132.41321865 34.14867501
v -5.52076290 132.41321865 34.14867501
v -5.55008999 132.41321865 34.12907891
v -5.55008999 132.41321865 34.12907891
v -5.55008999 132.41321865 34.12907891
v -5.55008999 132.41321865 34.12907891
v -5.58468369 132.36201016 34.04556207
v -5.58468369 132.36201016 34.04556207
v -5.58468369 108.95498005 34.43083505
v -5.58468369 108.95498005 34.43083505
v -5.49428598 109.04537026 34.43083505
v -5.49428598 109.04537026 34.43083505
v -5.49428598 109.04537026 34.43083505
v -5.49428598 109.04537026 34.43083505
v -5.41765062 132.19497982 34.37962799
v -5.41765062 132.19497982 34.37962799
v -5.41765062 132.19497982 34.37962799
v -5.41765062 132.19497982 34.37962799
v -5.38305692 132.28538052 34.29611211
v -5.38305692 132.28538052 34.29611211
v -5.38305692 132.28538052 34.29611211
v -5.38305692 132.28538052 34.29611211
v -5.41765062 132.36201016 34.21259503
v -5.41765062 132.36201016 34.21259503
v -5.41765062 132.36201016 34.21259503
v -5.41765062 132.36201016 34.21259503
v -5.50116721 132.41321865 34.17800193
v -5.50116721 132.41321865 34.17800193
v -5.50116721 132.41321865 34.17800193
v -5.50116721 132.41321865 34.17800193
v -5.58468369 132.43120114 34.21259503
v -5.58468369 132.43120114 34.21259503
v -5.58468369 132.43120114 34.21259503
v -5.58468369 132.43120114 34.21259503
v -5.58468369 132.43120114 34.21259503
v -5.58468369 132.43120114 34.21259503
v -5.58468369 132.43120114 34.21259503
v -5.58468369 132.43120114 34.21259503
v -5.58468369 132.41321865 34.12219791
v -5.58468369 132.41321865 34.12219791
v -5.58468369 109.04537026 34.44881611
v -5.58468369 109.04537026 34.44881611
v -5.49428598 132.19497982 34.43083505
v -5.49428598 132.19497982 34.43083505
v -5.49428598 132.19497982 34.43083505
v -5.49428598 132.19497982 34.43083505
v -5.43036518 132.28538052 34.36691408
v -5.43036518 132.28538052 34.36691408
v -5.43036518 132.28538052 34.36691408
v -5.43036518 132.28538052 34.36691408
v -5.43036518 132.36201016 34.27651601
v -5.43036518 132.36201016 34.27651601
v -5.43036518 132.36201016 34.27651601
v -5.43036518 132.36201016 34.27651601
v -5.49428598 132.41321865 34.21259503
v -5.49428598 132.41321865 34.21259503
v -5.49428598 132.41321865 34.21259503
v -5.49428598 132.41321865 34.21259503
v -5.58468369 132.19497982 34.44881611
v -5.58468369 132.19497982 34.44881611
v -5.50116721 132.28538052 34.41422205
v -5.50116721 132.28538052 34.41422205
v -5.50116721 132.28538052 34.41422205
v -5.50116721 132.28538052 34.41422205
v -5.46657351 132.36201016 34.33070593
v -5.46657351 132.36201016 34.33070593
v -5.46657351 132.36201016 34.33070593
v -5.46657351 132.36201016 34.33070593
v -5.50116721 132.41321865 34.24718909
v -5.50116721 132.41321865 34.24718909
v -5.50116721 132.41321865 34.24718909
v -5.50116721 132.41321865 34.24718909
v -5.58468369 132.28538052 34.43083505
v -5.58468369 132.28538052 34.43083505
v -5.52076290 132.36201016 34.36691408
v -5.52076290 132.36201016 34.36691408
v -5.52076290 132.36201016 34.36691408
v -5.52076290 132.36201016 34.36691408
v -5.52076290 132.41321865 34.27651601
v -5.52076290 132.41321865 34.27651601
v -5.52076290 132.41321865 34.27651601
v -5.52076290 132.41321865 34.27651601
v -5.58468369 132.36201016 34.37962799
v -5.58468369 132.36201016 34.37962799
v -5.55008999 132.41321865 34.29611211
v -5.55008999 132.41321865 34.29611211
v -5.55008999 132.41321865 34.29611211
v -5.55008999 132.41321865 34.29611211
v -5.58468369 132.41321865 34.30299310
v -5.58468369 132.41321865 34.30299310
v -2.43507711 108.80914990 34.21259503
v -2.43507711 108.80914990 34.21259503
v -2.43507711 108.80914990 34.21259503
v -2.43507711 108.80914990 34.21259503
v -2.43507711 108.80914990 34.21259503
v -2.43507711 108.80914990 34.21259503
v -2.43507711 108.80914990 34.21259503
v -2.43507711 108.80914990 34.21259503
v -2.49899808 108.82713047 34.14867501
v -2.49899808 108.82713047 34.14867501
v -2.49899808 108.82713047 34.14867501
v -2.49899808 108.82713047 34.14867501
v -2.51859418 108.82713047 34.17800193
v -2.51859418 108.82713047 34.17800193
v -2.51859418 108.82713047 34.17800193
v -2.51859418 108.82713047 34.17800193
v -2.46967117 108.82713047 34.12907891
v -2.46967117 108.82713047 34.12907891
v -2.46967117 108.82713047 34.12907891
v -2.46967117 108.82713047 34.12907891
v -2.55318729 108.87833992 34.09448509
v -2.55318729 108.87833992 34.09448509
v -2.55318729 108.87833992 34.09448509
v -2.55318729 108.87833992 34.09448509
v -2.58939616 108.87833992 34.14867501
v -2.58939616 108.87833992 34.14867501
v -2.58939616 108.87833992 34.14867501
v -2.58939616 108.87833992 34.14867501
v -2.52547518 108.82713047 34.21259503
v -2.52547518 108.82713047 34.21259503
v -2.52547518 108.82713047 34.21259503
v -2.52547518 108.82713047 34.21259503
v -2.43507711 108.82713047 34.12219791
v -2.43507711 108.82713047 34.12219791
v -2.49899808 108.87833992 34.05827694
v -2.49899808 108.87833992 34.05827694
v -2.49899808 108.87833992 34.05827694
v -2.49899808 108.87833992 34.05827694
v -2.63670412 108.95498005 34.12907891
v -2.63670412 108.95498005 34.12907891
v -2.63670412 108.95498005 34.12907891
v -2.63670412 108.95498005 34.12907891
v -2.58939616 108.95498005 34.05827694
v -2.58939616 108.95498005 34.05827694
v -2.58939616 108.95498005 34.05827694
v -2.58939616 108.95498005 34.05827694
v -2.60211030 108.87833992 34.21259503
v -2.60211030 108.87833992 34.21259503
v -2.60211030 108.87833992 34.21259503
v -2.60211030 108.87833992 34.21259503
v -2.51859418 108.82713047 34.24718909
v -2.51859418 108.82713047 34.24718909
v -2.51859418 108.82713047 34.24718909
v -2.51859418 108.82713047 34.24718909
v -2.43507711 108.87833992 34.04556207
v -2.43507711 108.87833992 34.04556207
v -2.51859418 108.95498005 34.01096897
v -2.51859418 108.95498005 34.01096897
v -2.51859418 108.95498005 34.01096897
v -2.51859418 108.95498005 34.01096897
v -2.65331618 109.04537026 34.12219791
v -2.65331618 109.04537026 34.12219791
v -2.65331618 109.04537026 34.12219791
v -2.65331618 109.04537026 34.12219791
v -2.60211030 109.04537026 34.04556207
v -2.60211030 109.04537026 34.04556207
v -2.60211030 109.04537026 34.04556207
v -2.60211030 109.04537026 34.04556207
v -2.65331618 108.95498005 34.21259503
v -2.65331618 108.95498005 34.21259503
v -2.65331618 108.95498005 34.21259503
v -2.65331618 108.95498005 34.21259503
v -2.58939616 108.87833992 34.27651601
v -2.58939616 108.87833992 34.27651601
v -2.58939616 108.87833992 34.27651601
v -2.58939616 108.87833992 34.27651601
v -2.49899808 108.82713047 34.27651601
v -2.49899808 108.82713047 34.27651601
v -2.49899808 108.82713047 34.27651601
v -2.49899808 108.82713047 34.27651601
v -2.43507711 108.95498005 33.99435596
v -2.43507711 108.95498005 33.99435596
v -2.52547518 109.04537026 33.99435596
v -2.52547518 109.04537026 33.99435596
v -2.52547518 109.04537026 33.99435596
v -2.52547518 109.04537026 33.99435596
v -2.65331618 132.19497982 34.12219791
v -2.65331618 132.19497982 34.12219791
v -2.65331618 132.19497982 34.12219791
v -2.65331618 132.19497982 34.12219791
v -2.60211030 132.19497982 34.04556207
v -2.60211030 132.19497982 34.04556207
v -2.60211030 132.19497982 34.04556207
v -2.60211030 132.19497982 34.04556207
v -2.67129818 109.04537026 34.21259503
v -2.67129818 109.04537026 34.21259503
v -2.67129818 109.04537026 34.21259503
v -2.67129818 109.04537026 34.21259503
v -2.63670412 108.95498005 34.29611211
v -2.63670412 108.95498005 34.29611211
v -2.63670412 108.95498005 34.29611211
v -2.63670412 108.95498005 34.29611211
v -2.55318729 108.87833992 34.33070593
v -2.55318729 108.87833992 34.33070593
v -2.55318729 108.87833992 34.33070593
v -2.55318729 108.87833992 34.33070593
v -2.46967117 108.82713047 34.29611211
v -2.46967117 108.82713047 34.29611211
v -2.46967117 108.82713047 34.29611211
v -2.46967117 108.82713047 34.29611211
v -2.43507711 109.04537026 33.97637491
v -2.43507711 109.04537026 33.97637491
v -2.52547518 132.19497982 33.99435596
v -2.52547518 132.19497982 33.99435596
v -2.52547518 132.19497982 33.99435596
v -2.52547518 132.19497982 33.99435596
v -2.58939616 132.28538052 34.05827694
v -2.58939616 132.28538052 34.05827694
v -2.58939616 132.28538052 34.05827694
v -2.58939616 132.28538052 34.05827694
v -2.63670412 132.28538052 34.12907891
v -2.63670412 132.28538052 34.12907891
v -2.63670412 132.28538052 34.12907891
v -2.63670412 132.28538052 34.12907891
v -2.67129818 132.19497982 34.21259503
v -2.67129818 132.19497982 34.21259503
v -2.67129818 132.19497982 34.21259503
v -2.67129818 132.19497982 34.21259503
v -2.65331618 109.04537026 34.30299310
v -2.65331618 109.04537026 34.30299310
v -2.65331618 109.04537026 34.30299310
v -2.65331618 109.04537026 34.30299310
v -2.58939616 108.95498005 34.36691408
v -2.58939616 108.95498005 34.36691408
v -2.58939616 108.95498005 34.36691408
v -2.58939616 108.95498005 34.36691408
v -2.49899808 108.87833992 34.36691408
v -2.49899808 108.87833992 34.36691408
v -2.49899808 108.87833992 34.36691408
v -2.49899808 108.87833992 34.36691408
v -2.43507711 108.82713047 34.30299310
v -2.43507711 108.82713047 34.30299310
v -2.43507711 132.19497982 33.97637491
v -2.43507711 132.19497982 33.97637491
v -2.51859418 132.28538052 34.01096897
v -2.51859418 132.28538052 34.01096897
v -2.51859418 132.28538052 34.01096897
v -2.51859418 132.28538052 34.01096897
v -2.55318729 132.36201016 34.09448509
v -2.55318729 132.36201016 34.09448509
v -2.55318729 132.36201016 34.09448509
v -2.55318729 132.36201016 34.09448509
v -2.58939616 132.36201016 34.14867501
v -2.58939616 132.36201016 34.14867501
v -2.58939616 132.36201016 34.14867501
v -2.58939616 132.36201016 34.14867501
v -2.65331618 132.28538052 34.21259503
v -2.65331618 132.28538052 34.21259503
v -2.65331618 132.28538052 34.21259503
v -2.65331618 132.28538052 34.21259503
v -2.65331618 132.19497982 34.30299310
v -2.65331618 132.19497982 34.30299310
v -2.65331618 132.19497982 34.30299310
v -2.65331618 132.19497982 34.30299310
v -2.60211030 109.04537026 34.37962799
v -2.60211030 109.04537026 34.37962799
v -2.60211030 109.04537026 34.37962799
v -2.60211030 109.04537026 34.37962799
v -2.51859418 108.95498005 34.41422205
v -2.51859418 108.95498005 34.41422205
v -2.51859418 108.95498005 34.41422205
v -2.51859418 108.95498005 34.41422205
v -2.43507711 108.87833992 34.37962799
v -2.43507711 108.87833992 34.37962799
v -2.43507711 132.28538052 33.99435596
v -2.43507711 132.28538052 33.99435596
v -2.49899808 132.36201016 34.05827694
v -2.49899808 132.36201016 34.05827694
v -2.49899808 132.36201016 34.05827694
v -2.49899808 132.36201016 34.05827694
v -2.51859418 132.41321865 34.17800193
v -2.51859418 132.41321865 34.17800193
v -2.51859418 132.41321865 34.17800193
v -2.51859418 132.41321865 34.17800193
v -2.49899808 132.41321865 34.14867501
v -2.49899808 132.41321865 34.14867501
v -2.49899808 132.41321865 34.14867501
v -2.49899808 132.41321865 34.14867501
v -2.60211030 132.36201016 34.21259503
v -2.60211030 132.36201016 34.21259503
v -2.60211030 132.36201016 34.21259503
v -2.60211030 132.36201016 34.21259503
v -2.63670412 132.28538052 34.29611211
v -2.63670412 132.28538052 34.29611211
v -2.63670412 132.28538052 34.29611211
v -2.63670412 132.28538052 34.29611211
v -2.60211030 132.19497982 34.37962799
v -2.60211030 132.19497982 34.37962799
v -2.60211030 132.19497982 34.37962799
v -2.60211030 132.19497982 34.37962799
v -2.52547518 109.04537026 34.43083505
v -2.52547518 109.04537026 34.43083505
v -2.52547518 109.04537026 34.43083505
v -2.52547518 109.04537026 34.43083505
v -2.43507711 108.95498005 34.43083505
v -2.43507711 108.95498005 34.43083505
v -2.43507711 132.36201016 34.04556207
v -2.43507711 132.36201016 34.04556207
v -2.46967117 132.41321865 34.12907891
v -2.46967117 132.41321865 34.12907891
v -2.46967117 132.41321865 34.12907891
v -2.46967117 132.41321865 34.12907891
v -2.43507711 132.43120114 34.21259503
v -2.43507711 132.43120114 34.21259503
v -2.43507711 132.43120114 34.21259503
v -2.43507711 132.43120114 34.21259503
v -2.43507711 132.43120114 34.21259503
v -2.43507711 132.43120114 34.21259503
v -2.43507711 132.43120114 34.21259503
v -2.43507711 132.43120114 34.21259503
v -2.52547518 132.41321865 34.21259503
v -2.52547518 132.41321865 34.21259503
v -2.52547518 132.41321865 34.21259503
v -2.52547518 132.41321865 34.21259503
v -2.58939616 132.36201016 34.27651601
v -2.58939616 132.36201016 34.27651601
v -2.58939616 132.36201016 34.27651601
v -2.58939616 132.36201016 34.27651601
v -2.58939616 132.28538052 34.36691408
v -2.58939616 132.28538052 34.36691408
v -2.58939616 132.28538052 34.36691408
v -2.58939616 132.28538052 34.36691408
v -2.52547518 132.19497982 34.43083505
v -2.52547518 132.19497982 34.43083505
v -2.52547518 132.19497982 34.43083505
v -2.52547518 132.19497982 34.43083505
v -2.43507711 109.04537026 34.44881611
v -2.43507711 109.04537026 34.44881611
v -2.43507711 132.41321865 34.12219791
v -2.43507711 132.41321865 34.12219791
v -2.51859418 132.41321865 34.24718909
v -2.51859418 132.41321865 34.24718909
v -2.51859418 132.41321865 34.24718909
v -2.51859418 132.41321865 34.24718909
v -2.55318729 132.36201016 34.33070593
v -2.55318729 132.36201016 34.33070593
v -2.55318729 132.36201016 34.33070593
v -2.55318729 132.36201016 34.33070593
v -2.51859418 132.28538052 34.41422205
v -2.51859418 132.28538052 34.41422205
v -2.51859418 132.28538052 34.41422205
v -2.51859418 132.28538052 34.41422205
v -2.43507711 132.19497982 34.44881611
v -2.43507711 132.19497982 34.44881611
v -2.49899808 132.41321865 34.27651601
v -2.49899808 132.41321865 34.27651601
v -2.49899808 132.41321865 34.27651601
v -2.49899808 132.41321865 34.27651601
v -2.49899808 132.36201016 34.36691408
v -2.49899808 132.36201016 34.36691408
v -2.49899808 132.36201016 34.36691408
v -2.49899808 132.36201016 34.36691408
v -2.43507711 132.28538052 34.43083505
v -2.43507711 132.28538052 34.43083505
v -2.46967117 132.41321865 34.29611211
v -2.46967117 132.41321865 34.29611211
v -2.46967117 132.41321865 34.29611211
v -2.46967117 132.41321865 34.29611211
v -2.43507711 132.36201016 34.37962799
v -2.43507711 132.36201016 34.37962799
v -2.43507711 132.41321865 34.30299310
v -2.43507711 132.41321865 34.30299310
v -5.36644439 132.19497982 35.69700079
v -5.41765062 109.04537026 35.62036543
v -5.36644439 109.04537026 35.69700079
v -5.41765062 132.19497982 35.62036543
v -5.36644439 132.19497982 35.69700079
v -5.34846321 109.04537026 35.78739850
v -5.34846321 132.19497982 35.78739850
v -5.36644439 109.04537026 35.69700079
v -5.43036518 132.28538052 35.63307999
v -5.36644439 132.19497982 35.69700079
v -5.38305692 132.28538052 35.70388202
v -5.41765062 132.19497982 35.62036543
v -5.41765062 132.19497982 35.62036543
v -5.49428598 109.04537026 35.56915920
v -5.41765062 109.04537026 35.62036543
v -5.49428598 132.19497982 35.56915920
v -5.36644439 109.04537026 35.69700079
v -5.43036518 108.95498005 35.63307999
v -5.38305692 108.95498005 35.70388202
v -5.41765062 109.04537026 35.62036543
v -2.52547518 108.82713047 35.78739850
v -4.00988022 108.80914990 35.78739850
v -2.43507711 108.80914990 35.78739850
v -3.91948310 108.82713047 35.78739850
v -3.84284726 108.87833992 35.78739850
v -2.60211030 108.87833992 35.78739850
v -2.65331618 108.95498005 35.78739850
v -3.79164115 108.95498005 35.78739850
v -2.67129818 109.04537026 35.78739850
v -3.77366010 109.04537026 35.78739850
v -2.67129818 132.19497982 35.78739850
v -3.77366010 132.19497982 35.78739850
v -2.65331618 132.28538052 35.78739850
v -3.79164115 132.28538052 35.78739850
v -2.60211030 132.36201016 35.78739850
v -3.84284726 132.36201016 35.78739850
v -2.52547518 132.41321865 35.78739850
v -3.91948310 132.41321865 35.78739850
v -2.43507711 132.43120114 35.78739850
v -4.00988022 132.43120114 35.78739850
v -2.43507711 139.71467129 35.78739850
v -5.58468369 99.88188807 35.78739850
v -2.43507711 99.88188807 35.78739850
v -5.58468369 108.80914990 35.78739850
v -4.10027830 108.82713047 35.78739850
v -5.49428598 108.82713047 35.78739850
v -4.17691318 108.87833992 35.78739850
v -5.41765062 108.87833992 35.78739850
v -4.22812024 108.95498005 35.78739850
v -5.36644439 108.95498005 35.78739850
v -4.24610130 109.04537026 35.78739850
v -5.34846321 109.04537026 35.78739850
v -4.24610130 132.19497982 35.78739850
v -5.34846321 132.19497982 35.78739850
v -5.36644439 132.28538052 35.78739850
v -4.22812024 132.28538052 35.78739850
v -4.17691318 132.36201016 35.78739850
v -5.41765062 132.36201016 35.78739850
v -4.10027830 132.41321865 35.78739850
v -5.49428598 132.41321865 35.78739850
v -5.58468369 132.43120114 35.78739850
v -5.58468369 139.71467129 35.78739850
v -5.38305692 132.28538052 35.70388202
v -5.34846321 132.19497982 35.78739850
v -5.36644439 132.28538052 35.78739850
v -5.36644439 132.19497982 35.69700079
v -5.36644439 109.04537026 35.69700079
v -5.36644439 108.95498005 35.78739850
v -5.34846321 109.04537026 35.78739850
v -5.38305692 108.95498005 35.70388202
v -5.46657351 132.36201016 35.66928832
v -5.38305692 132.28538052 35.70388202
v -5.43036518 132.36201016 35.72347771
v -5.43036518 132.28538052 35.63307999
v -5.43036518 132.28538052 35.63307999
v -5.49428598 132.19497982 35.56915920
v -5.41765062 132.19497982 35.62036543
v -5.50116721 132.28538052 35.58577173
v -5.49428598 132.19497982 35.56915920
v -5.58468369 109.04537026 35.55117802
v -5.49428598 109.04537026 35.56915920
v -5.58468369 132.19497982 35.55117802
v -5.41765062 109.04537026 35.62036543
v -5.50116721 108.95498005 35.58577173
v -5.43036518 108.95498005 35.63307999
v -5.49428598 109.04537026 35.56915920
v -5.38305692 108.95498005 35.70388202
v -5.46657351 108.87833992 35.66928832
v -5.43036518 108.87833992 35.72347771
v -5.43036518 108.95498005 35.63307999
v -2.43507711 99.88188807 32.63779192
v -2.43507711 108.80914990 35.78739850
v -2.43507711 99.88188807 35.78739850
v -2.43507711 108.82713047 35.69700079
v -2.43507711 108.87833992 35.62036543
v -2.43507711 108.95498005 35.56915920
v -2.43507711 109.04537026 35.55117802
v -2.43507711 109.04537026 34.44881611
v -2.43507711 132.19497982 35.55117802
v -2.43507711 132.19497982 34.44881611
v -2.43507711 108.95498005 34.43083505
v -2.43507711 108.87833992 34.37962799
v -2.43507711 108.82713047 34.30299310
v -2.43507711 108.80914990 34.21259503
v -2.43507711 108.82713047 34.12219791
v -2.43507711 108.87833992 34.04556207
v -2.43507711 108.95498005 33.99435596
v -2.43507711 109.04537026 33.97637491
v -2.43507711 132.19497982 33.97637491
v -2.43507711 109.04537026 32.87401299
v -2.43507711 132.19497982 32.87401299
v -2.43507711 108.95498005 32.85603099
v -2.43507711 108.87833992 32.80482511
v -2.43507711 108.82713047 32.72818999
v -2.43507711 108.80914990 32.63779192
v -2.43507711 132.41321865 35.69700079
v -2.43507711 139.71467129 35.78739850
v -2.43507711 132.43120114 35.78739850
v -2.43507711 139.71467129 32.63779192
v -2.43507711 132.36201016 35.62036543
v -2.43507711 132.28538052 35.56915920
v -2.43507711 132.28538052 34.43083505
v -2.43507711 132.36201016 34.37962799
v -2.43507711 132.41321865 34.30299310
v -2.43507711 132.43120114 34.21259503
v -2.43507711 132.41321865 34.12219791
v -2.43507711 132.36201016 34.04556207
v -2.43507711 132.28538052 33.99435596
v -2.43507711 132.28538052 32.85603099
v -2.43507711 132.36201016 32.80482511
v -2.43507711 132.41321865 32.72818999
v -2.43507711 132.43120114 32.63779192
v -2.43507711 108.80914990 35.78739850
v -2.51859418 108.82713047 35.75280480
v -2.52547518 108.82713047 35.78739850
v -2.52547518 108.82713047 35.78739850
v -2.58939616 108.87833992 35.72347771
v -2.60211030 108.87833992 35.78739850
v -2.51859418 108.82713047 35.75280480
v -2.58939616 108.87833992 35.72347771
v -2.65331618 108.95498005 35.78739850
v -2.60211030 108.87833992 35.78739850
v -2.63670412 108.95498005 35.70388202
v -2.63670412 108.95498005 35.70388202
v -2.67129818 109.04537026 35.78739850
v -2.65331618 108.95498005 35.78739850
v -2.65331618 109.04537026 35.69700079
v -2.65331618 109.04537026 35.69700079
v -2.67129818 132.19497982 35.78739850
v -2.67129818 109.04537026 35.78739850
v -2.65331618 132.19497982 35.69700079
v -2.65331618 132.19497982 35.69700079
v -2.65331618 132.28538052 35.78739850
v -2.67129818 132.19497982 35.78739850
v -2.63670412 132.28538052 35.70388202
v -2.63670412 132.28538052 35.70388202
v -2.60211030 132.36201016 35.78739850
v -2.65331618 132.28538052 35.78739850
v -2.58939616 132.36201016 35.72347771
v -2.58939616 132.36201016 35.72347771
v -2.52547518 132.41321865 35.78739850
v -2.60211030 132.36201016 35.78739850
v -2.51859418 132.41321865 35.75280480
v -2.43507711 132.43120114 35.78739850
v -2.52547518 132.41321865 35.78739850
v -2.51859418 132.41321865 35.75280480
v -5.58468369 139.71467129 32.63779192
v -5.58468369 132.43120114 35.78739850
v -5.58468369 139.71467129 35.78739850
v -5.58468369 132.41321865 35.69700079
v -5.58468369 132.36201016 35.62036543
v -5.58468369 132.28538052 35.56915920
v -5.58468369 132.19497982 35.55117802
v -5.58468369 132.28538052 34.43083505
v -5.58468369 132.19497982 34.44881611
v -5.58468369 132.36201016 34.37962799
v -5.58468369 132.41321865 34.30299310
v -5.58468369 132.43120114 34.21259503
v -5.58468369 132.41321865 34.12219791
v -5.58468369 132.36201016 34.04556207
v -5.58468369 132.28538052 33.99435596
v -5.58468369 132.19497982 33.97637491
v -5.58468369 132.19497982 32.87401299
v -5.58468369 132.28538052 32.85603099
v -5.58468369 132.36201016 32.80482511
v -5.58468369 132.41321865 32.72818999
v -5.58468369 132.43120114 32.63779192
v -5.58468369 108.82713047 35.69700079
v -5.58468369 99.88188807 35.78739850
v -5.58468369 108.80914990 35.78739850
v -5.58468369 99.88188807 32.63779192
v -5.58468369 108.87833992 35.62036543
v -5.58468369 108.95498005 35.56915920
v -5.58468369 109.04537026 35.55117802
v -5.58468369 109.04537026 34.44881611
v -5.58468369 108.95498005 34.43083505
v -5.58468369 108.87833992 34.37962799
v -5.58468369 108.82713047 34.30299310
v -5.58468369 108.80914990 34.21259503
v -5.58468369 108.82713047 34.12219791
v -5.58468369 108.87833992 34.04556207
v -5.58468369 108.95498005 33.99435596
v -5.58468369 109.04537026 33.97637491
v -5.58468369 109.04537026 32.87401299
v -5.58468369 108.95498005 32.85603099
v -5.58468369 108.87833992 32.80482511
v -5.58468369 108.82713047 32.72818999
v -5.58468369 108.80914990 32.63779192
v -5.49428598 132.41321865 35.78739850
v -5.58468369 132.43120114 35.78739850
v -5.50116721 132.41321865 35.75280480
v -5.43036518 132.36201016 35.72347771
v -5.49428598 132.41321865 35.78739850
v -5.50116721 132.41321865 35.75280480
v -5.41765062 132.36201016 35.78739850
v -5.43036518 132.36201016 35.72347771
v -5.36644439 132.28538052 35.78739850
v -5.41765062 132.36201016 35.78739850
v -5.38305692 132.28538052 35.70388202
v -5.38305692 108.95498005 35.70388202
v -5.41765062 108.87833992 35.78739850
v -5.36644439 108.95498005 35.78739850
v -5.43036518 108.87833992 35.72347771
v -5.49428598 108.82713047 35.78739850
v -5.43036518 108.87833992 35.72347771
v -5.50116721 108.82713047 35.75280480
v -5.41765062 108.87833992 35.78739850
v -5.49428598 108.82713047 35.78739850
v -5.50116721 108.82713047 35.75280480
v -5.58468369 108.80914990 35.78739850
v -2.43507711 99.88188807 32.63779192
v -5.58468369 99.88188807 35.78739850
v -5.58468369 99.88188807 32.63779192
v -2.43507711 99.88188807 35.78739850
v -5.46657351 132.36201016 35.66928832
v -5.50116721 132.41321865 35.75280480
v -5.52076290 132.41321865 35.72347771
v -5.43036518 132.36201016 35.72347771
v -5.46657351 132.36201016 35.66928832
v -5.50116721 132.28538052 35.58577173
v -5.43036518 132.28538052 35.63307999
v -5.52076290 132.36201016 35.63307999
v -5.50116721 132.28538052 35.58577173
v -5.58468369 132.19497982 35.55117802
v -5.49428598 132.19497982 35.56915920
v -5.58468369 132.28538052 35.56915920
v -5.49428598 109.04537026 35.56915920
v -5.58468369 108.95498005 35.56915920
v -5.50116721 108.95498005 35.58577173
v -5.58468369 109.04537026 35.55117802
v -5.43036518 108.95498005 35.63307999
v -5.52076290 108.87833992 35.63307999
v -5.46657351 108.87833992 35.66928832
v -5.50116721 108.95498005 35.58577173
v -5.50116721 108.82713047 35.75280480
v -5.46657351 108.87833992 35.66928832
v -5.52076290 108.82713047 35.72347771
v -5.43036518 108.87833992 35.72347771
v -5.49428598 108.82713047 32.63779192
v -4.00988022 108.80914990 32.63779192
v -5.58468369 108.80914990 32.63779192
v -4.10027830 108.82713047 32.63779192
v -5.41765062 108.87833992 32.63779192
v -4.17691318 108.87833992 32.63779192
v -5.36644439 108.95498005 32.63779192
v -4.22812024 108.95498005 32.63779192
v -5.34846321 109.04537026 32.63779192
v -4.24610130 109.04537026 32.63779192
v -5.34846321 132.19497982 32.63779192
v -4.24610130 132.19497982 32.63779192
v -4.22812024 132.28538052 32.63779192
v -5.36644439 132.28538052 32.63779192
v -5.41765062 132.36201016 32.63779192
v -4.17691318 132.36201016 32.63779192
v -5.49428598 132.41321865 32.63779192
v -4.10027830 132.41321865 32.63779192
v -5.58468369 132.43120114 32.63779192
v -4.00988022 132.43120114 32.63779192
v -5.58468369 139.71467129 32.63779192
v -2.43507711 132.43120114 32.63779192
v -2.43507711 139.71467129 32.63779192
v -2.43507711 99.88188807 32.63779192
v -5.58468369 99.88188807 32.63779192
v -2.43507711 108.80914990 32.63779192
v -3.91948310 108.82713047 32.63779192
v -2.52547518 108.82713047 32.63779192
v -3.84284726 108.87833992 32.63779192
v -2.60211030 108.87833992 32.63779192
v -3.79164115 108.95498005 32.63779192
v -2.65331618 108.95498005 32.63779192
v -3.77366010 109.04537026 32.63779192
v -2.67129818 109.04537026 32.63779192
v -3.77366010 132.19497982 32.63779192
v -2.67129818 132.19497982 32.63779192
v -3.79164115 132.28538052 32.63779192
v -2.65331618 132.28538052 32.63779192
v -3.84284726 132.36201016 32.63779192
v -2.60211030 132.36201016 32.63779192
v -3.91948310 132.41321865 32.63779192
v -2.52547518 132.41321865 32.63779192
v -2.43507711 108.80914990 32.63779192
v -2.46967117 108.82713047 32.72130899
v -2.43507711 108.82713047 32.72818999
v -2.43507711 108.87833992 32.80482511
v -2.46967117 108.82713047 32.72130899
v -2.49899808 108.87833992 32.79211097
v -2.43507711 108.82713047 32.72818999
v -2.51859418 108.95498005 32.83941893
v -2.43507711 108.87833992 32.80482511
v -2.49899808 108.87833992 32.79211097
v -2.43507711 108.95498005 32.85603099
v -2.52547518 109.04537026 32.85603099
v -2.43507711 108.95498005 32.85603099
v -2.51859418 108.95498005 32.83941893
v -2.43507711 109.04537026 32.87401299
v -2.52547518 132.19497982 32.85603099
v -2.43507711 109.04537026 32.87401299
v -2.52547518 109.04537026 32.85603099
v -2.43507711 132.19497982 32.87401299
v -2.51859418 132.28538052 32.83941893
v -2.43507711 132.19497982 32.87401299
v -2.52547518 132.19497982 32.85603099
v -2.43507711 132.28538052 32.85603099
v -2.49899808 132.36201016 32.79211097
v -2.43507711 132.28538052 32.85603099
v -2.51859418 132.28538052 32.83941893
v -2.43507711 132.36201016 32.80482511
v -2.46967117 132.41321865 32.72130899
v -2.43507711 132.36201016 32.80482511
v -2.49899808 132.36201016 32.79211097
v -2.43507711 132.41321865 32.72818999
v -2.43507711 132.41321865 32.72818999
v -2.46967117 132.41321865 32.72130899
v -2.43507711 132.43120114 32.63779192
v -2.43507711 132.43120114 35.78739850
v -2.46967117 132.41321865 35.70388202
v -2.43507711 132.41321865 35.69700079
v -2.43507711 132.36201016 35.62036543
v -2.46967117 132.41321865 35.70388202
v -2.49899808 132.36201016 35.63307999
v -2.43507711 132.41321865 35.69700079
v -2.43507711 132.36201016 35.62036543
v -2.51859418 132.28538052 35.58577173
v -2.43507711 132.28538052 35.56915920
v -2.49899808 132.36201016 35.63307999
v -2.43507711 132.28538052 35.56915920
v -2.52547518 132.19497982 35.56915920
v -2.43507711 132.19497982 35.55117802
v -2.51859418 132.28538052 35.58577173
v -2.43507711 132.19497982 35.55117802
v -2.52547518 109.04537026 35.56915920
v -2.43507711 109.04537026 35.55117802
v -2.52547518 132.19497982 35.56915920
v -2.43507711 109.04537026 35.55117802
v -2.51859418 108.95498005 35.58577173
v -2.43507711 108.95498005 35.56915920
v -2.52547518 109.04537026 35.56915920
v -2.43507711 108.95498005 35.56915920
v -2.49899808 108.87833992 35.63307999
v -2.43507711 108.87833992 35.62036543
v -2.51859418 108.95498005 35.58577173
v -2.46967117 108.82713047 35.70388202
v -2.43507711 108.87833992 35.62036543
v -2.49899808 108.87833992 35.63307999
v -2.43507711 108.82713047 35.69700079
v -2.43507711 108.82713047 35.69700079
v -2.46967117 108.82713047 35.70388202
v -2.43507711 108.80914990 35.78739850
v -2.43507711 108.80914990 35.78739850
v -2.49899808 108.82713047 35.72347771
v -2.51859418 108.82713047 35.75280480
v -2.51859418 108.82713047 35.75280480
v -2.55318729 108.87833992 35.66928832
v -2.58939616 108.87833992 35.72347771
v -2.49899808 108.82713047 35.72347771
v -2.55318729 108.87833992 35.66928832
v -2.63670412 108.95498005 35.70388202
v -2.58939616 108.87833992 35.72347771
v -2.58939616 108.95498005 35.63307999
v -2.58939616 108.95498005 35.63307999
v -2.65331618 109.04537026 35.69700079
v -2.63670412 108.95498005 35.70388202
v -2.60211030 109.04537026 35.62036543
v -2.60211030 109.04537026 35.62036543
v -2.65331618 132.19497982 35.69700079
v -2.65331618 109.04537026 35.69700079
v -2.60211030 132.19497982 35.62036543
v -2.65331618 132.19497982 35.69700079
v -2.58939616 132.28538052 35.63307999
v -2.63670412 132.28538052 35.70388202
v -2.60211030 132.19497982 35.62036543
v -2.63670412 132.28538052 35.70388202
v -2.55318729 132.36201016 35.66928832
v -2.58939616 132.36201016 35.72347771
v -2.58939616 132.28538052 35.63307999
v -2.55318729 132.36201016 35.66928832
v -2.51859418 132.41321865 35.75280480
v -2.58939616 132.36201016 35.72347771
v -2.49899808 132.41321865 35.72347771
v -2.43507711 132.43120114 35.78739850
v -2.51859418 132.41321865 35.75280480
v -2.49899808 132.41321865 35.72347771
v -5.55008999 132.41321865 32.72130899
v -5.58468369 132.41321865 32.72818999
v -5.58468369 132.43120114 32.63779192
v -5.55008999 132.41321865 32.72130899
v -5.58468369 132.36201016 32.80482511
v -5.58468369 132.41321865 32.72818999
v -5.52076290 132.36201016 32.79211097
v -5.58468369 132.36201016 32.80482511
v -5.50116721 132.28538052 32.83941893
v -5.58468369 132.28538052 32.85603099
v -5.52076290 132.36201016 32.79211097
v -5.58468369 132.28538052 32.85603099
v -5.49428598 132.19497982 32.85603099
v -5.58468369 132.19497982 32.87401299
v -5.50116721 132.28538052 32.83941893
v -5.58468369 132.19497982 32.87401299
v -5.49428598 109.04537026 32.85603099
v -5.58468369 109.04537026 32.87401299
v -5.49428598 132.19497982 32.85603099
v -5.58468369 109.04537026 32.87401299
v -5.50116721 108.95498005 32.83941893
v -5.58468369 108.95498005 32.85603099
v -5.49428598 109.04537026 32.85603099
v -5.58468369 108.95498005 32.85603099
v -5.52076290 108.87833992 32.79211097
v -5.58468369 108.87833992 32.80482511
v -5.50116721 108.95498005 32.83941893
v -5.52076290 108.87833992 32.79211097
v -5.58468369 108.82713047 32.72818999
v -5.58468369 108.87833992 32.80482511
v -5.55008999 108.82713047 32.72130899
v -5.55008999 108.82713047 32.72130899
v -5.58468369 108.80914990 32.63779192
v -5.58468369 108.82713047 32.72818999
v -5.55008999 108.82713047 35.70388202
v -5.58468369 108.82713047 35.69700079
v -5.58468369 108.80914990 35.78739850
v -5.55008999 108.82713047 35.70388202
v -5.58468369 108.87833992 35.62036543
v -5.58468369 108.82713047 35.69700079
v -5.52076290 108.87833992 35.63307999
v -5.50116721 108.95498005 35.58577173
v -5.58468369 108.87833992 35.62036543
v -5.52076290 108.87833992 35.63307999
v -5.58468369 108.95498005 35.56915920
v -5.52076290 132.36201016 35.63307999
v -5.58468369 132.28538052 35.56915920
v -5.50116721 132.28538052 35.58577173
v -5.58468369 132.36201016 35.62036543
v -5.52076290 132.36201016 35.63307999
v -5.58468369 132.41321865 35.69700079
v -5.58468369 132.36201016 35.62036543
v -5.55008999 132.41321865 35.70388202
v -5.55008999 132.41321865 35.70388202
v -5.58468369 132.43120114 35.78739850
v -5.58468369 132.41321865 35.69700079
v -5.50116721 132.41321865 35.75280480
v -5.58468369 132.43120114 35.78739850
v -5.52076290 132.41321865 35.72347771
v -5.50116721 108.82713047 35.75280480
v -5.52076290 108.82713047 35.72347771
v -5.58468369 108.80914990 35.78739850
v -5.52076290 132.36201016 35.63307999
v -5.52076290 132.41321865 35.72347771
v -5.55008999 132.41321865 35.70388202
v -5.46657351 132.36201016 35.66928832
v -5.52076290 108.82713047 35.72347771
v -5.52076290 108.87833992 35.63307999
v -5.55008999 108.82713047 35.70388202
v -5.46657351 108.87833992 35.66928832
v -2.43507711 132.43120114 32.63779192
v -2.51859418 132.41321865 32.67238598
v -2.52547518 132.41321865 32.63779192
v -2.52547518 132.41321865 32.63779192
v -2.58939616 132.36201016 32.70171289
v -2.60211030 132.36201016 32.63779192
v -2.51859418 132.41321865 32.67238598
v -2.65331618 132.28538052 32.63779192
v -2.58939616 132.36201016 32.70171289
v -2.63670412 132.28538052 32.72130899
v -2.60211030 132.36201016 32.63779192
v -2.67129818 132.19497982 32.63779192
v -2.63670412 132.28538052 32.72130899
v -2.65331618 132.19497982 32.72818999
v -2.65331618 132.28538052 32.63779192
v -2.65331618 109.04537026 32.72818999
v -2.67129818 132.19497982 32.63779192
v -2.65331618 132.19497982 32.72818999
v -2.67129818 109.04537026 32.63779192
v -2.63670412 108.95498005 32.72130899
v -2.67129818 109.04537026 32.63779192
v -2.65331618 109.04537026 32.72818999
v -2.65331618 108.95498005 32.63779192
v -2.58939616 108.87833992 32.70171289
v -2.65331618 108.95498005 32.63779192
v -2.63670412 108.95498005 32.72130899
v -2.60211030 108.87833992 32.63779192
v -2.58939616 108.87833992 32.70171289
v -2.52547518 108.82713047 32.63779192
v -2.60211030 108.87833992 32.63779192
v -2.51859418 108.82713047 32.67238598
v -2.43507711 108.80914990 32.63779192
v -2.52547518 108.82713047 32.63779192
v -2.51859418 108.82713047 32.67238598
v -5.49428598 108.82713047 32.63779192
v -5.58468369 108.80914990 32.63779192
v -5.50116721 108.82713047 32.67238598
v -5.43036518 108.87833992 32.70171289
v -5.49428598 108.82713047 32.63779192
v -5.50116721 108.82713047 32.67238598
v -5.41765062 108.87833992 32.63779192
v -5.36644439 108.95498005 32.63779192
v -5.43036518 108.87833992 32.70171289
v -5.38305692 108.95498005 32.72130899
v -5.41765062 108.87833992 32.63779192
v -5.34846321 109.04537026 32.63779192
v -5.38305692 108.95498005 32.72130899
v -5.36644439 109.04537026 32.72818999
v -5.36644439 108.95498005 32.63779192
v -5.34846321 132.19497982 32.63779192
v -5.36644439 109.04537026 32.72818999
v -5.36644439 132.19497982 32.72818999
v -5.34846321 109.04537026 32.63779192
v -5.38305692 132.28538052 32.72130899
v -5.34846321 132.19497982 32.63779192
v -5.36644439 132.19497982 32.72818999
v -5.36644439 132.28538052 32.63779192
v -5.43036518 132.36201016 32.70171289
v -5.36644439 132.28538052 32.63779192
v -5.38305692 132.28538052 32.72130899
v -5.41765062 132.36201016 32.63779192
v -5.49428598 132.41321865 32.63779192
v -5.43036518 132.36201016 32.70171289
v -5.50116721 132.41321865 32.67238598
v -5.41765062 132.36201016 32.63779192
v -5.49428598 132.41321865 32.63779192
v -5.50116721 132.41321865 32.67238598
v -5.58468369 132.43120114 32.63779192
v -2.43507711 108.80914990 32.63779192
v -2.49899808 108.82713047 32.70171289
v -2.46967117 108.82713047 32.72130899
v -2.49899808 108.87833992 32.79211097
v -2.49899808 108.82713047 32.70171289
v -2.55318729 108.87833992 32.75590210
v -2.46967117 108.82713047 32.72130899
v -2.58939616 108.95498005 32.79211097
v -2.49899808 108.87833992 32.79211097
v -2.55318729 108.87833992 32.75590210
v -2.51859418 108.95498005 32.83941893
v -2.60211030 109.04537026 32.80482511
v -2.51859418 108.95498005 32.83941893
v -2.58939616 108.95498005 32.79211097
v -2.52547518 109.04537026 32.85603099
v -2.60211030 132.19497982 32.80482511
v -2.52547518 109.04537026 32.85603099
v -2.60211030 109.04537026 32.80482511
v -2.52547518 132.19497982 32.85603099
v -2.58939616 132.28538052 32.79211097
v -2.52547518 132.19497982 32.85603099
v -2.60211030 132.19497982 32.80482511
v -2.51859418 132.28538052 32.83941893
v -2.55318729 132.36201016 32.75590210
v -2.51859418 132.28538052 32.83941893
v -2.58939616 132.28538052 32.79211097
v -2.49899808 132.36201016 32.79211097
v -2.49899808 132.41321865 32.70171289
v -2.49899808 132.36201016 32.79211097
v -2.55318729 132.36201016 32.75590210
v -2.46967117 132.41321865 32.72130899
v -2.43507711 132.43120114 32.63779192
v -2.46967117 132.41321865 32.72130899
v -2.49899808 132.41321865 32.70171289
v -2.43507711 132.43120114 35.78739850
v -2.49899808 132.41321865 35.72347771
v -2.46967117 132.41321865 35.70388202
v -2.49899808 132.36201016 35.63307999
v -2.49899808 132.41321865 35.72347771
v -2.55318729 132.36201016 35.66928832
v -2.46967117 132.41321865 35.70388202
v -2.49899808 132.36201016 35.63307999
v -2.58939616 132.28538052 35.63307999
v -2.51859418 132.28538052 35.58577173
v -2.55318729 132.36201016 35.66928832
v -2.51859418 132.28538052 35.58577173
v -2.60211030 132.19497982 35.62036543
v -2.52547518 132.19497982 35.56915920
v -2.58939616 132.28538052 35.63307999
v -2.52547518 132.19497982 35.56915920
v -2.60211030 109.04537026 35.62036543
v -2.52547518 109.04537026 35.56915920
v -2.60211030 132.19497982 35.62036543
v -2.52547518 109.04537026 35.56915920
v -2.58939616 108.95498005 35.63307999
v -2.51859418 108.95498005 35.58577173
v -2.60211030 109.04537026 35.62036543
v -2.51859418 108.95498005 35.58577173
v -2.55318729 108.87833992 35.66928832
v -2.49899808 108.87833992 35.63307999
v -2.58939616 108.95498005 35.63307999
v -2.49899808 108.82713047 35.72347771
v -2.49899808 108.87833992 35.63307999
v -2.55318729 108.87833992 35.66928832
v -2.46967117 108.82713047 35.70388202
v -2.43507711 108.80914990 35.78739850
v -2.46967117 108.82713047 35.70388202
v -2.49899808 108.82713047 35.72347771
v -5.52076290 132.41321865 32.70171289
v -5.55008999 132.41321865 32.72130899
v -5.58468369 132.43120114 32.63779192
v -5.52076290 132.41321865 32.70171289
v -5.52076290 132.36201016 32.79211097
v -5.55008999 132.41321865 32.72130899
v -5.46657351 132.36201016 32.75590210
v -5.52076290 132.36201016 32.79211097
v -5.43036518 132.28538052 32.79211097
v -5.50116721 132.28538052 32.83941893
v -5.46657351 132.36201016 32.75590210
v -5.50116721 132.28538052 32.83941893
v -5.41765062 132.19497982 32.80482511
v -5.49428598 132.19497982 32.85603099
v -5.43036518 132.28538052 32.79211097
v -5.49428598 132.19497982 32.85603099
v -5.41765062 109.04537026 32.80482511
v -5.49428598 109.04537026 32.85603099
v -5.41765062 132.19497982 32.80482511
v -5.49428598 109.04537026 32.85603099
v -5.43036518 108.95498005 32.79211097
v -5.50116721 108.95498005 32.83941893
v -5.41765062 109.04537026 32.80482511
v -5.50116721 108.95498005 32.83941893
v -5.46657351 108.87833992 32.75590210
v -5.52076290 108.87833992 32.79211097
v -5.43036518 108.95498005 32.79211097
v -5.52076290 108.87833992 32.79211097
v -5.52076290 108.82713047 32.70171289
v -5.55008999 108.82713047 32.72130899
v -5.46657351 108.87833992 32.75590210
v -5.52076290 108.82713047 32.70171289
v -5.58468369 108.80914990 32.63779192
v -5.55008999 108.82713047 32.72130899
v -5.52076290 108.82713047 35.72347771
v -5.55008999 108.82713047 35.70388202
v -5.58468369 108.80914990 35.78739850
v -5.52076290 132.41321865 35.72347771
v -5.58468369 132.43120114 35.78739850
v -5.55008999 132.41321865 35.70388202
v -2.43507711 132.43120114 32.63779192
v -2.49899808 132.41321865 32.70171289
v -2.51859418 132.41321865 32.67238598
v -2.51859418 132.41321865 32.67238598
v -2.55318729 132.36201016 32.75590210
v -2.58939616 132.36201016 32.70171289
v -2.49899808 132.41321865 32.70171289
v -2.63670412 132.28538052 32.72130899
v -2.55318729 132.36201016 32.75590210
v -2.58939616 132.28538052 32.79211097
v -2.58939616 132.36201016 32.70171289
v -2.65331618 132.19497982 32.72818999
v -2.58939616 132.28538052 32.79211097
v -2.60211030 132.19497982 32.80482511
v -2.63670412 132.28538052 32.72130899
v -2.60211030 109.04537026 32.80482511
v -2.65331618 132.19497982 32.72818999
v -2.60211030 132.19497982 32.80482511
v -2.65331618 109.04537026 32.72818999
v -2.58939616 108.95498005 32.79211097
v -2.65331618 109.04537026 32.72818999
v -2.60211030 109.04537026 32.80482511
v -2.63670412 108.95498005 32.72130899
v -2.55318729 108.87833992 32.75590210
v -2.63670412 108.95498005 32.72130899
v -2.58939616 108.95498005 32.79211097
v -2.58939616 108.87833992 32.70171289
v -2.55318729 108.87833992 32.75590210
v -2.51859418 108.82713047 32.67238598
v -2.58939616 108.87833992 32.70171289
v -2.49899808 108.82713047 32.70171289
v -2.43507711 108.80914990 32.63779192
v -2.51859418 108.82713047 32.67238598
v -2.49899808 108.82713047 32.70171289
v -5.50116721 108.82713047 32.67238598
v -5.58468369 108.80914990 32.63779192
v -5.52076290 108.82713047 32.70171289
v -5.46657351 108.87833992 32.75590210
v -5.50116721 108.82713047 32.67238598
v -5.52076290 108.82713047 32.70171289
v -5.43036518 108.87833992 32.70171289
v -5.38305692 108.95498005 32.72130899
v -5.46657351 108.87833992 32.75590210
v -5.43036518 108.95498005 32.79211097
v -5.43036518 108.87833992 32.70171289
v -5.36644439 109.04537026 32.72818999
v -5.43036518 108.95498005 32.79211097
v -5.41765062 109.04537026 32.80482511
v -5.38305692 108.95498005 32.72130899
v -5.36644439 132.19497982 32.72818999
v -5.41765062 109.04537026 32.80482511
v -5.41765062 132.19497982 32.80482511
v -5.36644439 109.04537026 32.72818999
v -5.43036518 132.28538052 32.79211097
v -5.36644439 132.19497982 32.72818999
v -5.41765062 132.19497982 32.80482511
v -5.38305692 132.28538052 32.72130899
v -5.46657351 132.36201016 32.75590210
v -5.38305692 132.28538052 32.72130899
v -5.43036518 132.28538052 32.79211097
v -5.43036518 132.36201016 32.70171289
v -5.50116721 132.41321865 32.67238598
v -5.46657351 132.36201016 32.75590210
v -5.52076290 132.41321865 32.70171289
v -5.43036518 132.36201016 32.70171289
v -5.50116721 132.41321865 32.67238598
v -5.52076290 132.41321865 32.70171289
v -5.58468369 132.43120114 32.63779192
v -3.91948310 109.04537026 35.56915920
v -3.91948310 109.04537026 35.56915920
v -3.91948310 109.04537026 35.56915920
v -3.91948310 109.04537026 35.56915920
v -4.00988022 108.95498005 35.56915920
v -4.00988022 108.95498005 35.56915920
v -4.00988022 108.95498005 35.56915920
v -4.00988022 108.95498005 35.56915920
v -3.92636410 108.95498005 35.58577173
v -3.92636410 108.95498005 35.58577173
v -3.92636410 108.95498005 35.58577173
v -3.92636410 108.95498005 35.58577173
v -4.00988022 109.04537026 35.55117802
v -4.00988022 109.04537026 35.55117802
v -4.00988022 109.04537026 35.55117802
v -4.00988022 109.04537026 35.55117802
v -3.84284726 109.04537026 35.62036543
v -3.84284726 109.04537026 35.62036543
v -3.84284726 109.04537026 35.62036543
v -3.84284726 109.04537026 35.62036543
v -3.85556213 108.95498005 35.63307999
v -3.85556213 108.95498005 35.63307999
v -3.85556213 108.95498005 35.63307999
v -3.85556213 108.95498005 35.63307999
v -3.91948310 132.19497982 35.56915920
v -3.91948310 132.19497982 35.56915920
v -3.91948310 132.19497982 35.56915920
v -3.91948310 132.19497982 35.56915920
v -4.00988022 132.19497982 35.55117802
v -4.00988022 132.19497982 35.55117802
v -4.00988022 132.19497982 35.55117802
v -4.00988022 132.19497982 35.55117802
v -4.09339730 108.95498005 35.58577173
v -4.09339730 108.95498005 35.58577173
v -4.09339730 108.95498005 35.58577173
v -4.09339730 108.95498005 35.58577173
v -4.10027830 109.04537026 35.56915920
v -4.10027830 109.04537026 35.56915920
v -4.10027830 109.04537026 35.56915920
v -4.10027830 109.04537026 35.56915920
v -4.00988022 108.87833992 35.62036543
v -4.00988022 108.87833992 35.62036543
v -4.00988022 108.87833992 35.62036543
v -4.00988022 108.87833992 35.62036543
v -3.94596020 108.87833992 35.63307999
v -3.94596020 108.87833992 35.63307999
v -3.94596020 108.87833992 35.63307999
v -3.94596020 108.87833992 35.63307999
v -3.79164115 109.04537026 35.69700079
v -3.79164115 109.04537026 35.69700079
v -3.79164115 109.04537026 35.69700079
v -3.79164115 109.04537026 35.69700079
v -3.80825416 108.95498005 35.70388202
v -3.80825416 108.95498005 35.70388202
v -3.80825416 108.95498005 35.70388202
v -3.80825416 108.95498005 35.70388202
v -3.84284726 132.19497982 35.62036543
v -3.84284726 132.19497982 35.62036543
v -3.84284726 132.19497982 35.62036543
v -3.84284726 132.19497982 35.62036543
v -3.89177028 108.87833992 35.66928832
v -3.89177028 108.87833992 35.66928832
v -3.89177028 108.87833992 35.66928832
v -3.89177028 108.87833992 35.66928832
v -3.92636410 132.28538052 35.58577173
v -3.92636410 132.28538052 35.58577173
v -3.92636410 132.28538052 35.58577173
v -3.92636410 132.28538052 35.58577173
v -4.00988022 132.28538052 35.56915920
v -4.00988022 132.28538052 35.56915920
v -4.00988022 132.28538052 35.56915920
v -4.00988022 132.28538052 35.56915920
v -4.10027830 132.19497982 35.56915920
v -4.10027830 132.19497982 35.56915920
v -4.10027830 132.19497982 35.56915920
v -4.10027830 132.19497982 35.56915920
v -4.16419927 108.95498005 35.63307999
v -4.16419927 108.95498005 35.63307999
v -4.16419927 108.95498005 35.63307999
v -4.16419927 108.95498005 35.63307999
v -4.17691318 109.04537026 35.62036543
v -4.17691318 109.04537026 35.62036543
v -4.17691318 109.04537026 35.62036543
v -4.17691318 109.04537026 35.62036543
v -4.07380120 108.87833992 35.63307999
v -4.07380120 108.87833992 35.63307999
v -4.07380120 108.87833992 35.63307999
v -4.07380120 108.87833992 35.63307999
v -3.97528712 108.82713047 35.70388202
v -3.97528712 108.82713047 35.70388202
v -3.97528712 108.82713047 35.70388202
v -3.97528712 108.82713047 35.70388202
v -4.00988022 108.82713047 35.69700079
v -4.00988022 108.82713047 35.69700079
v -4.00988022 108.82713047 35.69700079
v -4.00988022 108.82713047 35.69700079
v -3.79164115 108.95498005 35.78739850
v -3.79164115 108.95498005 35.78739850
v -3.77366010 109.04537026 35.78739850
v -3.77366010 109.04537026 35.78739850
v -3.79164115 132.19497982 35.69700079
v -3.79164115 132.19497982 35.69700079
v -3.79164115 132.19497982 35.69700079
v -3.79164115 132.19497982 35.69700079
v -3.85556213 108.87833992 35.72347771
v -3.85556213 108.87833992 35.72347771
v -3.85556213 108.87833992 35.72347771
v -3.85556213 108.87833992 35.72347771
v -3.85556213 132.28538052 35.63307999
v -3.85556213 132.28538052 35.63307999
v -3.85556213 132.28538052 35.63307999
v -3.85556213 132.28538052 35.63307999
v -3.94596020 108.82713047 35.72347771
v -3.94596020 108.82713047 35.72347771
v -3.94596020 108.82713047 35.72347771
v -3.94596020 108.82713047 35.72347771
v -3.94596020 132.36201016 35.63307999
v -3.94596020 132.36201016 35.63307999
v -3.94596020 132.36201016 35.63307999
v -3.94596020 132.36201016 35.63307999
v -4.00988022 132.36201016 35.62036543
v -4.00988022 132.36201016 35.62036543
v -4.00988022 132.36201016 35.62036543
v -4.00988022 132.36201016 35.62036543
v -4.09339730 132.28538052 35.58577173
v -4.09339730 132.28538052 35.58577173
v -4.09339730 132.28538052 35.58577173
v -4.09339730 132.28538052 35.58577173
v -4.17691318 132.19497982 35.62036543
v -4.17691318 132.19497982 35.62036543
v -4.17691318 132.19497982 35.62036543
v -4.17691318 132.19497982 35.62036543
v -4.22812024 109.04537026 35.69700079
v -4.22812024 109.04537026 35.69700079
v -4.22812024 109.04537026 35.69700079
v -4.22812024 109.04537026 35.69700079
v -4.21150724 108.95498005 35.70388202
v -4.21150724 108.95498005 35.70388202
v -4.21150724 108.95498005 35.70388202
v -4.21150724 108.95498005 35.70388202
v -4.12799112 108.87833992 35.66928832
v -4.12799112 108.87833992 35.66928832
v -4.12799112 108.87833992 35.66928832
v -4.12799112 108.87833992 35.66928832
v -4.04447428 108.82713047 35.70388202
v -4.04447428 108.82713047 35.70388202
v -4.04447428 108.82713047 35.70388202
v -4.04447428 108.82713047 35.70388202
v -4.00988022 108.80914990 35.78739850
v -4.00988022 108.80914990 35.78739850
v -4.00988022 108.80914990 35.78739850
v -4.00988022 108.80914990 35.78739850
v -4.00988022 108.80914990 35.78739850
v -4.00988022 108.80914990 35.78739850
v -4.00988022 108.80914990 35.78739850
v -4.00988022 108.80914990 35.78739850
v -3.77366010 132.19497982 35.78739850
v -3.77366010 132.19497982 35.78739850
v -3.84284726 108.87833992 35.78739850
v -3.84284726 108.87833992 35.78739850
v -3.80825416 132.28538052 35.70388202
v -3.80825416 132.28538052 35.70388202
v -3.80825416 132.28538052 35.70388202
v -3.80825416 132.28538052 35.70388202
v -3.92636410 108.82713047 35.75280480
v -3.92636410 108.82713047 35.75280480
v -3.92636410 108.82713047 35.75280480
v -3.92636410 108.82713047 35.75280480
v -3.89177028 132.36201016 35.66928832
v -3.89177028 132.36201016 35.66928832
v -3.89177028 132.36201016 35.66928832
v -3.89177028 132.36201016 35.66928832
v -4.00988022 132.41321865 35.69700079
v -4.00988022 132.41321865 35.69700079
v -4.00988022 132.41321865 35.69700079
v -4.00988022 132.41321865 35.69700079
v -3.97528712 132.41321865 35.70388202
v -3.97528712 132.41321865 35.70388202
v -3.97528712 132.41321865 35.70388202
v -3.97528712 132.41321865 35.70388202
v -4.07380120 132.36201016 35.63307999
v -4.07380120 132.36201016 35.63307999
v -4.07380120 132.36201016 35.63307999
v -4.07380120 132.36201016 35.63307999
v -4.16419927 132.28538052 35.63307999
v -4.16419927 132.28538052 35.63307999
v -4.16419927 132.28538052 35.63307999
v -4.16419927 132.28538052 35.63307999
v -4.22812024 132.19497982 35.69700079
v -4.22812024 132.19497982 35.69700079
v -4.22812024 132.19497982 35.69700079
v -4.22812024 132.19497982 35.69700079
v -4.24610130 109.04537026 35.78739850
v -4.24610130 109.04537026 35.78739850
v -4.22812024 108.95498005 35.78739850
v -4.22812024 108.95498005 35.78739850
v -4.16419927 108.87833992 35.72347771
v -4.16419927 108.87833992 35.72347771
v -4.16419927 108.87833992 35.72347771
v -4.16419927 108.87833992 35.72347771
v -4.07380120 108.82713047 35.72347771
v -4.07380120 108.82713047 35.72347771
v -4.07380120 108.82713047 35.72347771
v -4.07380120 108.82713047 35.72347771
v -3.79164115 132.28538052 35.78739850
v -3.79164115 132.28538052 35.78739850
v -3.91948310 108.82713047 35.78739850
v -3.91948310 108.82713047 35.78739850
v -3.85556213 132.36201016 35.72347771
v -3.85556213 132.36201016 35.72347771
v -3.85556213 132.36201016 35.72347771
v -3.85556213 132.36201016 35.72347771
v -3.94596020 132.41321865 35.72347771
v -3.94596020 132.41321865 35.72347771
v -3.94596020 132.41321865 35.72347771
v -3.94596020 132.41321865 35.72347771
v -4.00988022 132.43120114 35.78739850
v -4.00988022 132.43120114 35.78739850
v -4.00988022 132.43120114 35.78739850
v -4.00988022 132.43120114 35.78739850
v -4.00988022 132.43120114 35.78739850
v -4.00988022 132.43120114 35.78739850
v -4.00988022 132.43120114 35.78739850
v -4.00988022 132.43120114 35.78739850
v -4.04447428 132.41321865 35.70388202
v -4.04447428 132.41321865 35.70388202
v -4.04447428 132.41321865 35.70388202
v -4.04447428 132.41321865 35.70388202
v -4.12799112 132.36201016 35.66928832
v -4.12799112 132.36201016 35.66928832
v -4.12799112 132.36201016 35.66928832
v -4.12799112 132.36201016 35.66928832
v -4.21150724 132.28538052 35.70388202
v -4.21150724 132.28538052 35.70388202
v -4.21150724 132.28538052 35.70388202
v -4.21150724 132.28538052 35.70388202
v -4.24610130 132.19497982 35.78739850
v -4.24610130 132.19497982 35.78739850
v -4.17691318 108.87833992 35.78739850
v -4.17691318 108.87833992 35.78739850
v -4.09339730 108.82713047 35.75280480
v -4.09339730 108.82713047 35.75280480
v -4.09339730 108.82713047 35.75280480
v -4.09339730 108.82713047 35.75280480
v -3.84284726 132.36201016 35.78739850
v -3.84284726 132.36201016 35.78739850
v -3.92636410 132.41321865 35.75280480
v -3.92636410 132.41321865 35.75280480
v -3.92636410 132.41321865 35.75280480
v -3.92636410 132.41321865 35.75280480
v -4.07380120 132.41321865 35.72347771
v -4.07380120 132.41321865 35.72347771
v -4.07380120 132.41321865 35.72347771
v -4.07380120 132.41321865 35.72347771
v -4.16419927 132.36201016 35.72347771
v -4.16419927 132.36201016 35.72347771
v -4.16419927 132.36201016 35.72347771
v -4.16419927 132.36201016 35.72347771
v -4.22812024 132.28538052 35.78739850
v -4.22812024 132.28538052 35.78739850
v -4.10027830 108.82713047 35.78739850
v -4.10027830 108.82713047 35.78739850
v -3.91948310 132.41321865 35.78739850
v -3.91948310 132.41321865 35.78739850
v -4.09339730 132.41321865 35.75280480
v -4.09339730 132.41321865 35.75280480
v -4.09339730 132.41321865 35.75280480
v -4.09339730 132.41321865 35.75280480
v -4.17691318 132.36201016 35.78739850
v -4.17691318 132.36201016 35.78739850
v -4.10027830 132.41321865 35.78739850
v -4.10027830 132.41321865 35.78739850
v 58.50339679 80.99788068 36.13532470
v 58.50339679 80.99788068 36.13532470
v 54.69090371 80.83215879 36.10235910
v 54.69090371 80.83215879 36.10235910
v 58.47043066 80.83215879 36.10235910
v 58.47043066 80.83215879 36.10235910
v 54.65793811 80.99788068 36.13532470
v 54.65793811 80.99788068 36.13532470
v 58.47043066 80.83215879 36.10235910
v 58.47043066 80.83215879 36.10235910
v 58.50339679 80.99788068 32.28986602
v 58.50339679 80.99788068 32.28986602
v 58.50339679 80.99788068 36.13532470
v 58.50339679 80.99788068 36.13532470
v 58.47043066 80.83215879 32.32283215
v 58.47043066 80.83215879 32.32283215
v 58.59727459 81.13837980 36.22920270
v 58.59727459 81.13837980 36.22920270
v 54.56406011 81.13837980 36.22920270
v 54.56406011 81.13837980 36.22920270
v 54.65793811 80.99788068 32.28986602
v 54.65793811 80.99788068 32.28986602
v 54.69090371 80.83215879 36.10235910
v 54.69090371 80.83215879 36.10235910
v 54.65793811 80.99788068 36.13532470
v 54.65793811 80.99788068 36.13532470
v 54.69090371 80.83215879 32.32283215
v 54.69090371 80.83215879 32.32283215
v 54.69090371 80.59594129 36.10235910
v 58.47043066 80.59594129 36.10235910
v 58.59727459 81.13837980 32.19598822
v 58.59727459 81.13837980 32.19598822
v 58.59727459 81.13837980 36.22920270
v 58.59727459 81.13837980 36.22920270
v 58.47043066 80.59594129 32.32283215
v 58.47043066 80.59594129 36.10235910
v 54.65793811 80.99788068 32.28986602
v 54.65793811 80.99788068 32.28986602
v 58.47043066 80.83215879 32.32283215
v 58.47043066 80.83215879 32.32283215
v 54.69090371 80.83215879 32.32283215
v 54.69090371 80.83215879 32.32283215
v 58.50339679 80.99788068 32.28986602
v 58.50339679 80.99788068 32.28986602
v 58.73777275 81.23225950 36.36970100
v 58.73777275 81.23225950 36.36970100
v 54.42356181 81.23225950 36.36970100
v 54.42356181 81.23225950 36.36970100
v 54.56406011 81.13837980 32.19598822
v 54.56406011 81.13837980 32.19598822
v 54.56406011 81.13837980 36.22920270
v 54.56406011 81.13837980 36.22920270
v 54.69090371 80.59594129 32.32283215
v 54.69090371 80.59594129 36.10235910
v 54.69090371 80.59594129 32.32283215
v 55.00586431 80.59594129 32.63779192
v 54.69090371 80.59594129 36.10235910
v 58.47043066 80.59594129 32.32283215
v 58.15547089 80.59594129 32.63779192
v 58.15547089 80.59594129 35.78739850
v 55.00586431 80.59594129 35.78739850
v 58.47043066 80.59594129 36.10235910
v 58.73777275 81.23225950 32.05549006
v 58.73777275 81.23225950 32.05549006
v 58.73777275 81.23225950 36.36970100
v 58.73777275 81.23225950 36.36970100
v 54.56406011 81.13837980 32.19598822
v 54.56406011 81.13837980 32.19598822
v 58.59727459 81.13837980 32.19598822
v 58.59727459 81.13837980 32.19598822
v 58.47043066 80.59594129 32.32283215
v 54.69090371 80.59594129 32.32283215
v 58.90350179 81.26522993 36.53543000
v 54.25783281 81.26522993 36.53543000
v 54.42356181 81.23225950 36.36970100
v 54.42356181 81.23225950 36.36970100
v 54.42356181 81.23225950 32.05549006
v 54.42356181 81.23225950 32.05549006
v 58.90350179 81.26522993 31.88976102
v 58.90350179 81.26522993 36.53543000
v 58.73777275 81.23225950 32.05549006
v 58.73777275 81.23225950 32.05549006
v 54.42356181 81.23225950 32.05549006
v 54.42356181 81.23225950 32.05549006
v 58.90350179 81.46207975 36.53543000
v 58.90350179 81.46207975 36.53543000
v 54.25783281 81.26522993 36.53543000
v 58.90350179 81.26522993 36.53543000
v 54.25783281 81.46207975 36.53543000
v 54.25783281 81.46207975 36.53543000
v 54.25783281 81.26522993 36.53543000
v 54.25783281 81.26522993 31.88976102
v 58.90350179 81.26522993 31.88976102
v 58.90350179 81.46207975 36.53543000
v 58.90350179 81.46207975 36.53543000
v 58.90350179 81.26522993 36.53543000
v 58.90350179 81.46207975 31.88976102
v 58.90350179 81.46207975 31.88976102
v 58.90350179 81.26522993 31.88976102
v 54.25783281 81.26522993 31.88976102
v 58.87353401 81.61274122 36.50546131
v 58.87353401 81.61274122 36.50546131
v 54.28780150 81.61274122 36.50546131
v 54.28780150 81.61274122 36.50546131
v 54.25783281 81.46207975 31.88976102
v 54.25783281 81.46207975 31.88976102
v 54.25783281 81.26522993 36.53543000
v 54.25783281 81.46207975 36.53543000
v 54.25783281 81.46207975 36.53543000
v 54.25783281 81.26522993 31.88976102
v 58.87353401 81.61274122 36.50546131
v 58.87353401 81.61274122 36.50546131
v 58.87353401 81.61274122 31.91972880
v 58.87353401 81.61274122 31.91972880
v 54.25783281 81.46207975 31.88976102
v 54.25783281 81.46207975 31.88976102
v 58.90350179 81.26522993 31.88976102
v 54.25783281 81.26522993 31.88976102
v 58.90350179 81.46207975 31.88976102
v 58.90350179 81.46207975 31.88976102
v 58.78818969 81.74046873 36.42011770
v 58.78818969 81.74046873 36.42011770
v 54.37314511 81.74046873 36.42011770
v 54.37314511 81.74046873 36.42011770
v 54.28780150 81.61274122 36.50546131
v 54.28780150 81.61274122 36.50546131
v 54.28780150 81.61274122 31.91972880
v 54.28780150 81.61274122 31.91972880
v 58.78818969 81.74046873 36.42011770
v 58.78818969 81.74046873 36.42011770
v 58.78818969 81.74046873 32.00507312
v 58.78818969 81.74046873 32.00507312
v 54.28780150 81.61274122 31.91972880
v 54.28780150 81.61274122 31.91972880
v 58.87353401 81.61274122 31.91972880
v 58.87353401 81.61274122 31.91972880
v 54.50087081 81.82581113 36.29239200
v 54.50087081 81.82581113 36.29239200
v 58.66046362 81.82581113 36.29239200
v 58.66046362 81.82581113 36.29239200
v 54.37314511 81.74046873 36.42011770
v 54.37314511 81.74046873 36.42011770
v 54.37314511 81.74046873 32.00507312
v 54.37314511 81.74046873 32.00507312
v 58.66046362 81.82581113 32.13279919
v 58.66046362 81.82581113 32.13279919
v 58.66046362 81.82581113 36.29239200
v 58.66046362 81.82581113 36.29239200
v 54.37314511 81.74046873 32.00507312
v 54.37314511 81.74046873 32.00507312
v 58.78818969 81.74046873 32.00507312
v 58.78818969 81.74046873 32.00507312
v 54.65153362 81.85577939 36.14172919
v 58.50980167 81.85577939 36.14172919
v 54.50087081 81.82581113 36.29239200
v 54.50087081 81.82581113 36.29239200
v 54.50087081 81.82581113 32.13279919
v 54.50087081 81.82581113 32.13279919
v 58.50980167 81.85577939 32.28346114
v 58.50980167 81.85577939 36.14172919
v 54.50087081 81.82581113 32.13279919
v 54.50087081 81.82581113 32.13279919
v 58.66046362 81.82581113 32.13279919
v 58.66046362 81.82581113 32.13279919
v 58.50980167 81.85577939 36.14172919
v 54.65153362 81.85577939 32.28346114
v 54.65153362 81.85577939 36.14172919
v 58.50980167 81.85577939 32.28346114
v 54.65153362 81.85577939 36.14172919
v 54.65153362 81.85577939 32.28346114
v 54.65153362 81.85577939 32.28346114
v 58.50980167 81.85577939 32.28346114
v 56.58066778 73.24328016 32.80482511
v 56.58066778 73.24328016 32.80482511
v 56.58066778 73.24328016 32.80482511
v 56.58066778 73.24328016 32.80482511
v 56.66418390 73.16665052 32.83941893
v 56.66418390 73.16665052 32.83941893
v 56.66418390 73.16665052 32.83941893
v 56.66418390 73.16665052 32.83941893
v 56.58066778 73.16665052 32.85603099
v 56.58066778 73.16665052 32.85603099
v 56.58066778 73.16665052 32.85603099
v 56.58066778 73.16665052 32.85603099
v 56.64458780 73.24328016 32.79211097
v 56.64458780 73.24328016 32.79211097
v 56.64458780 73.24328016 32.79211097
v 56.64458780 73.24328016 32.79211097
v 56.51674680 73.24328016 32.79211097
v 56.51674680 73.24328016 32.79211097
v 56.51674680 73.24328016 32.79211097
v 56.51674680 73.24328016 32.79211097
v 56.49715070 73.16665052 32.83941893
v 56.49715070 73.16665052 32.83941893
v 56.49715070 73.16665052 32.83941893
v 56.49715070 73.16665052 32.83941893
v 56.61526088 73.29448865 32.72130899
v 56.61526088 73.29448865 32.72130899
v 56.61526088 73.29448865 32.72130899
v 56.61526088 73.29448865 32.72130899
v 56.58066778 73.29448865 32.72818999
v 56.58066778 73.29448865 32.72818999
v 56.58066778 73.29448865 32.72818999
v 56.58066778 73.29448865 32.72818999
v 56.73498587 73.16665052 32.79211097
v 56.73498587 73.16665052 32.79211097
v 56.73498587 73.16665052 32.79211097
v 56.73498587 73.16665052 32.79211097
v 56.69877772 73.24328016 32.75590210
v 56.69877772 73.24328016 32.75590210
v 56.69877772 73.24328016 32.75590210
v 56.69877772 73.24328016 32.75590210
v 56.67106490 73.07624982 32.85603099
v 56.67106490 73.07624982 32.85603099
v 56.67106490 73.07624982 32.85603099
v 56.67106490 73.07624982 32.85603099
v 56.58066778 73.07624982 32.87401299
v 56.58066778 73.07624982 32.87401299
v 56.58066778 73.07624982 32.87401299
v 56.58066778 73.07624982 32.87401299
v 56.46255688 73.24328016 32.75590210
v 56.46255688 73.24328016 32.75590210
v 56.46255688 73.24328016 32.75590210
v 56.46255688 73.24328016 32.75590210
v 56.42634873 73.16665052 32.79211097
v 56.42634873 73.16665052 32.79211097
v 56.42634873 73.16665052 32.79211097
v 56.42634873 73.16665052 32.79211097
v 56.54607372 73.29448865 32.72130899
v 56.54607372 73.29448865 32.72130899
v 56.54607372 73.29448865 32.72130899
v 56.54607372 73.29448865 32.72130899
v 56.49026970 73.07624982 32.85603099
v 56.49026970 73.07624982 32.85603099
v 56.49026970 73.07624982 32.85603099
v 56.49026970 73.07624982 32.85603099
v 56.58066778 73.31247114 32.63779192
v 56.58066778 73.31247114 32.63779192
v 56.58066778 73.31247114 32.63779192
v 56.58066778 73.31247114 32.63779192
v 56.58066778 73.31247114 32.63779192
v 56.58066778 73.31247114 32.63779192
v 56.58066778 73.31247114 32.63779192
v 56.58066778 73.31247114 32.63779192
v 56.64458780 73.29448865 32.70171289
v 56.64458780 73.29448865 32.70171289
v 56.64458780 73.29448865 32.70171289
v 56.64458780 73.29448865 32.70171289
v 56.78229384 73.16665052 32.72130899
v 56.78229384 73.16665052 32.72130899
v 56.78229384 73.16665052 32.72130899
v 56.78229384 73.16665052 32.72130899
v 56.73498587 73.24328016 32.70171289
v 56.73498587 73.24328016 32.70171289
v 56.73498587 73.24328016 32.70171289
v 56.73498587 73.24328016 32.70171289
v 56.74770074 73.07624982 32.80482511
v 56.74770074 73.07624982 32.80482511
v 56.74770074 73.07624982 32.80482511
v 56.74770074 73.07624982 32.80482511
v 56.67106490 49.92664026 32.85603099
v 56.67106490 49.92664026 32.85603099
v 56.67106490 49.92664026 32.85603099
v 56.67106490 49.92664026 32.85603099
v 56.58066778 49.92664026 32.87401299
v 56.58066778 49.92664026 32.87401299
v 56.58066778 49.92664026 32.87401299
v 56.58066778 49.92664026 32.87401299
v 56.37904076 73.16665052 32.72130899
v 56.37904076 73.16665052 32.72130899
v 56.37904076 73.16665052 32.72130899
v 56.37904076 73.16665052 32.72130899
v 56.42634873 73.24328016 32.70171289
v 56.42634873 73.24328016 32.70171289
v 56.42634873 73.24328016 32.70171289
v 56.42634873 73.24328016 32.70171289
v 56.51674680 73.29448865 32.70171289
v 56.51674680 73.29448865 32.70171289
v 56.51674680 73.29448865 32.70171289
v 56.51674680 73.29448865 32.70171289
v 56.41363482 73.07624982 32.80482511
v 56.41363482 73.07624982 32.80482511
v 56.41363482 73.07624982 32.80482511
v 56.41363482 73.07624982 32.80482511
v 56.49026970 49.92664026 32.85603099
v 56.49026970 49.92664026 32.85603099
v 56.49026970 49.92664026 32.85603099
v 56.49026970 49.92664026 32.85603099
v 56.66418390 73.29448865 32.67238598
v 56.66418390 73.29448865 32.67238598
v 56.66418390 73.29448865 32.67238598
v 56.66418390 73.29448865 32.67238598
v 56.79890685 73.16665052 32.63779192
v 56.79890685 73.16665052 32.63779192
v 56.74770074 73.24328016 32.63779192
v 56.74770074 73.24328016 32.63779192
v 56.79890685 73.07624982 32.72818999
v 56.79890685 73.07624982 32.72818999
v 56.79890685 73.07624982 32.72818999
v 56.79890685 73.07624982 32.72818999
v 56.74770074 49.92664026 32.80482511
v 56.74770074 49.92664026 32.80482511
v 56.74770074 49.92664026 32.80482511
v 56.74770074 49.92664026 32.80482511
v 56.66418390 49.83625005 32.83941893
v 56.66418390 49.83625005 32.83941893
v 56.66418390 49.83625005 32.83941893
v 56.66418390 49.83625005 32.83941893
v 56.58066778 49.83625005 32.85603099
v 56.58066778 49.83625005 32.85603099
v 56.58066778 49.83625005 32.85603099
v 56.58066778 49.83625005 32.85603099
v 56.36242776 73.16665052 32.63779192
v 56.36242776 73.16665052 32.63779192
v 56.41363482 73.24328016 32.63779192
v 56.41363482 73.24328016 32.63779192
v 56.49715070 73.29448865 32.67238598
v 56.49715070 73.29448865 32.67238598
v 56.49715070 73.29448865 32.67238598
v 56.49715070 73.29448865 32.67238598
v 56.36242776 73.07624982 32.72818999
v 56.36242776 73.07624982 32.72818999
v 56.36242776 73.07624982 32.72818999
v 56.36242776 73.07624982 32.72818999
v 56.41363482 49.92664026 32.80482511
v 56.41363482 49.92664026 32.80482511
v 56.41363482 49.92664026 32.80482511
v 56.41363482 49.92664026 32.80482511
v 56.49715070 49.83625005 32.83941893
v 56.49715070 49.83625005 32.83941893
v 56.49715070 49.83625005 32.83941893
v 56.49715070 49.83625005 32.83941893
v 56.67106490 73.29448865 32.63779192
v 56.67106490 73.29448865 32.63779192
v 56.81688790 73.07624982 32.63779192
v 56.81688790 73.07624982 32.63779192
v 56.79890685 49.92664026 32.72818999
v 56.79890685 49.92664026 32.72818999
v 56.79890685 49.92664026 32.72818999
v 56.79890685 49.92664026 32.72818999
v 56.73498587 49.83625005 32.79211097
v 56.73498587 49.83625005 32.79211097
v 56.73498587 49.83625005 32.79211097
v 56.73498587 49.83625005 32.79211097
v 56.64458780 49.75960992 32.79211097
v 56.64458780 49.75960992 32.79211097
v 56.64458780 49.75960992 32.79211097
v 56.64458780 49.75960992 32.79211097
v 56.58066778 49.75960992 32.80482511
v 56.58066778 49.75960992 32.80482511
v 56.58066778 49.75960992 32.80482511
v 56.58066778 49.75960992 32.80482511
v 56.49026970 73.29448865 32.63779192
v 56.49026970 73.29448865 32.63779192
v 56.34444670 73.07624982 32.63779192
v 56.34444670 73.07624982 32.63779192
v 56.36242776 49.92664026 32.72818999
v 56.36242776 49.92664026 32.72818999
v 56.36242776 49.92664026 32.72818999
v 56.36242776 49.92664026 32.72818999
v 56.42634873 49.83625005 32.79211097
v 56.42634873 49.83625005 32.79211097
v 56.42634873 49.83625005 32.79211097
v 56.42634873 49.83625005 32.79211097
v 56.51674680 49.75960992 32.79211097
v 56.51674680 49.75960992 32.79211097
v 56.51674680 49.75960992 32.79211097
v 56.51674680 49.75960992 32.79211097
v 56.81688790 49.92664026 32.63779192
v 56.81688790 49.92664026 32.63779192
v 56.78229384 49.83625005 32.72130899
v 56.78229384 49.83625005 32.72130899
v 56.78229384 49.83625005 32.72130899
v 56.78229384 49.83625005 32.72130899
v 56.69877772 49.75960992 32.75590210
v 56.69877772 49.75960992 32.75590210
v 56.69877772 49.75960992 32.75590210
v 56.69877772 49.75960992 32.75590210
v 56.58066778 49.70840047 32.72818999
v 56.58066778 49.70840047 32.72818999
v 56.58066778 49.70840047 32.72818999
v 56.58066778 49.70840047 32.72818999
v 56.61526088 49.70840047 32.72130899
v 56.61526088 49.70840047 32.72130899
v 56.61526088 49.70840047 32.72130899
v 56.61526088 49.70840047 32.72130899
v 56.34444670 49.92664026 32.63779192
v 56.34444670 49.92664026 32.63779192
v 56.37904076 49.83625005 32.72130899
v 56.37904076 49.83625005 32.72130899
v 56.37904076 49.83625005 32.72130899
v 56.37904076 49.83625005 32.72130899
v 56.46255688 49.75960992 32.75590210
v 56.46255688 49.75960992 32.75590210
v 56.46255688 49.75960992 32.75590210
v 56.46255688 49.75960992 32.75590210
v 56.54607372 49.70840047 32.72130899
v 56.54607372 49.70840047 32.72130899
v 56.54607372 49.70840047 32.72130899
v 56.54607372 49.70840047 32.72130899
v 56.79890685 49.83625005 32.63779192
v 56.79890685 49.83625005 32.63779192
v 56.73498587 49.75960992 32.70171289
v 56.73498587 49.75960992 32.70171289
v 56.73498587 49.75960992 32.70171289
v 56.73498587 49.75960992 32.70171289
v 56.64458780 49.70840047 32.70171289
v 56.64458780 49.70840047 32.70171289
v 56.64458780 49.70840047 32.70171289
v 56.64458780 49.70840047 32.70171289
v 56.58066778 49.69041990 32.63779192
v 56.58066778 49.69041990 32.63779192
v 56.58066778 49.69041990 32.63779192
v 56.58066778 49.69041990 32.63779192
v 56.58066778 49.69041990 32.63779192
v 56.58066778 49.69041990 32.63779192
v 56.58066778 49.69041990 32.63779192
v 56.58066778 49.69041990 32.63779192
v 56.36242776 49.83625005 32.63779192
v 56.36242776 49.83625005 32.63779192
v 56.42634873 49.75960992 32.70171289
v 56.42634873 49.75960992 32.70171289
v 56.42634873 49.75960992 32.70171289
v 56.42634873 49.75960992 32.70171289
v 56.51674680 49.70840047 32.70171289
v 56.51674680 49.70840047 32.70171289
v 56.51674680 49.70840047 32.70171289
v 56.51674680 49.70840047 32.70171289
v 56.74770074 49.75960992 32.63779192
v 56.74770074 49.75960992 32.63779192
v 56.66418390 49.70840047 32.67238598
v 56.66418390 49.70840047 32.67238598
v 56.66418390 49.70840047 32.67238598
v 56.66418390 49.70840047 32.67238598
v 56.41363482 49.75960992 32.63779192
v 56.41363482 49.75960992 32.63779192
v 56.49715070 49.70840047 32.67238598
v 56.49715070 49.70840047 32.67238598
v 56.49715070 49.70840047 32.67238598
v 56.49715070 49.70840047 32.67238598
v 56.67106490 49.70840047 32.63779192
v 56.67106490 49.70840047 32.63779192
v 56.49026970 49.70840047 32.63779192
v 56.49026970 49.70840047 32.63779192
v 55.06978510 49.70840047 34.14867501
v 55.06978510 49.70840047 34.14867501
v 55.06978510 49.70840047 34.14867501
v 55.06978510 49.70840047 34.14867501
v 55.06978510 49.75960992 34.05827694
v 55.06978510 49.75960992 34.05827694
v 55.06978510 49.75960992 34.05827694
v 55.06978510 49.75960992 34.05827694
v 55.04045801 49.70840047 34.12907891
v 55.04045801 49.70840047 34.12907891
v 55.04045801 49.70840047 34.12907891
v 55.04045801 49.70840047 34.12907891
v 55.12397449 49.75960992 34.09448509
v 55.12397449 49.75960992 34.09448509
v 55.12397449 49.75960992 34.09448509
v 55.12397449 49.75960992 34.09448509
v 55.08938079 49.70840047 34.17800193
v 55.08938079 49.70840047 34.17800193
v 55.08938079 49.70840047 34.17800193
v 55.08938079 49.70840047 34.17800193
v 55.16018282 49.75960992 34.14867501
v 55.16018282 49.75960992 34.14867501
v 55.16018282 49.75960992 34.14867501
v 55.16018282 49.75960992 34.14867501
v 55.16018282 49.83625005 34.05827694
v 55.16018282 49.83625005 34.05827694
v 55.16018282 49.83625005 34.05827694
v 55.16018282 49.83625005 34.05827694
v 55.08938079 49.83625005 34.01096897
v 55.08938079 49.83625005 34.01096897
v 55.08938079 49.83625005 34.01096897
v 55.08938079 49.83625005 34.01096897
v 55.00586431 49.75960992 34.04556207
v 55.00586431 49.75960992 34.04556207
v 55.00586431 49.70840047 34.12219791
v 55.00586431 49.70840047 34.12219791
v 55.00586431 49.69041990 34.21259503
v 55.00586431 49.69041990 34.21259503
v 55.00586431 49.69041990 34.21259503
v 55.00586431 49.69041990 34.21259503
v 55.00586431 49.69041990 34.21259503
v 55.00586431 49.69041990 34.21259503
v 55.00586431 49.69041990 34.21259503
v 55.00586431 49.69041990 34.21259503
v 55.09626202 49.70840047 34.21259503
v 55.09626202 49.70840047 34.21259503
v 55.09626202 49.70840047 34.21259503
v 55.09626202 49.70840047 34.21259503
v 55.17289738 49.75960992 34.21259503
v 55.17289738 49.75960992 34.21259503
v 55.17289738 49.75960992 34.21259503
v 55.17289738 49.75960992 34.21259503
v 55.20749108 49.83625005 34.12907891
v 55.20749108 49.83625005 34.12907891
v 55.20749108 49.83625005 34.12907891
v 55.20749108 49.83625005 34.12907891
v 55.17289738 49.92664026 34.04556207
v 55.17289738 49.92664026 34.04556207
v 55.17289738 49.92664026 34.04556207
v 55.17289738 49.92664026 34.04556207
v 55.09626202 49.92664026 33.99435596
v 55.09626202 49.92664026 33.99435596
v 55.09626202 49.92664026 33.99435596
v 55.09626202 49.92664026 33.99435596
v 55.00586431 49.83625005 33.99435596
v 55.00586431 49.83625005 33.99435596
v 55.16018282 49.75960992 34.27651601
v 55.16018282 49.75960992 34.27651601
v 55.16018282 49.75960992 34.27651601
v 55.16018282 49.75960992 34.27651601
v 55.08938079 49.70840047 34.24718909
v 55.08938079 49.70840047 34.24718909
v 55.08938079 49.70840047 34.24718909
v 55.08938079 49.70840047 34.24718909
v 55.22410361 49.83625005 34.21259503
v 55.22410361 49.83625005 34.21259503
v 55.22410361 49.83625005 34.21259503
v 55.22410361 49.83625005 34.21259503
v 55.22410361 49.92664026 34.12219791
v 55.22410361 49.92664026 34.12219791
v 55.22410361 49.92664026 34.12219791
v 55.22410361 49.92664026 34.12219791
v 55.17289738 73.07624982 34.04556207
v 55.17289738 73.07624982 34.04556207
v 55.17289738 73.07624982 34.04556207
v 55.17289738 73.07624982 34.04556207
v 55.09626202 73.07624982 33.99435596
v 55.09626202 73.07624982 33.99435596
v 55.09626202 73.07624982 33.99435596
v 55.09626202 73.07624982 33.99435596
v 55.00586431 49.92664026 33.97637491
v 55.00586431 49.92664026 33.97637491
v 55.12397449 49.75960992 34.33070593
v 55.12397449 49.75960992 34.33070593
v 55.12397449 49.75960992 34.33070593
v 55.12397449 49.75960992 34.33070593
v 55.06978510 49.70840047 34.27651601
v 55.06978510 49.70840047 34.27651601
v 55.06978510 49.70840047 34.27651601
v 55.06978510 49.70840047 34.27651601
v 55.20749108 49.83625005 34.29611211
v 55.20749108 49.83625005 34.29611211
v 55.20749108 49.83625005 34.29611211
v 55.20749108 49.83625005 34.29611211
v 55.24208479 49.92664026 34.21259503
v 55.24208479 49.92664026 34.21259503
v 55.24208479 49.92664026 34.21259503
v 55.24208479 49.92664026 34.21259503
v 55.22410361 73.07624982 34.12219791
v 55.22410361 73.07624982 34.12219791
v 55.22410361 73.07624982 34.12219791
v 55.22410361 73.07624982 34.12219791
v 55.16018282 73.16665052 34.05827694
v 55.16018282 73.16665052 34.05827694
v 55.16018282 73.16665052 34.05827694
v 55.16018282 73.16665052 34.05827694
v 55.08938079 73.16665052 34.01096897
v 55.08938079 73.16665052 34.01096897
v 55.08938079 73.16665052 34.01096897
v 55.08938079 73.16665052 34.01096897
v 55.00586431 73.07624982 33.97637491
v 55.00586431 73.07624982 33.97637491
v 55.06978510 49.75960992 34.36691408
v 55.06978510 49.75960992 34.36691408
v 55.06978510 49.75960992 34.36691408
v 55.06978510 49.75960992 34.36691408
v 55.04045801 49.70840047 34.29611211
v 55.04045801 49.70840047 34.29611211
v 55.04045801 49.70840047 34.29611211
v 55.04045801 49.70840047 34.29611211
v 55.16018282 49.83625005 34.36691408
v 55.16018282 49.83625005 34.36691408
v 55.16018282 49.83625005 34.36691408
v 55.16018282 49.83625005 34.36691408
v 55.22410361 49.92664026 34.30299310
v 55.22410361 49.92664026 34.30299310
v 55.22410361 49.92664026 34.30299310
v 55.22410361 49.92664026 34.30299310
v 55.24208479 73.07624982 34.21259503
v 55.24208479 73.07624982 34.21259503
v 55.24208479 73.07624982 34.21259503
v 55.24208479 73.07624982 34.21259503
v 55.20749108 73.16665052 34.12907891
v 55.20749108 73.16665052 34.12907891
v 55.20749108 73.16665052 34.12907891
v 55.20749108 73.16665052 34.12907891
v 55.12397449 73.24328016 34.09448509
v 55.12397449 73.24328016 34.09448509
v 55.12397449 73.24328016 34.09448509
v 55.12397449 73.24328016 34.09448509
v 55.06978510 73.24328016 34.05827694
v 55.06978510 73.24328016 34.05827694
v 55.06978510 73.24328016 34.05827694
v 55.06978510 73.24328016 34.05827694
v 55.00586431 73.16665052 33.99435596
v 55.00586431 73.16665052 33.99435596
v 55.00586431 49.70840047 34.30299310
v 55.00586431 49.70840047 34.30299310
v 55.00586431 49.75960992 34.37962799
v 55.00586431 49.75960992 34.37962799
v 55.08938079 49.83625005 34.41422205
v 55.08938079 49.83625005 34.41422205
v 55.08938079 49.83625005 34.41422205
v 55.08938079 49.83625005 34.41422205
v 55.17289738 49.92664026 34.37962799
v 55.17289738 49.92664026 34.37962799
v 55.17289738 49.92664026 34.37962799
v 55.17289738 49.92664026 34.37962799
v 55.22410361 73.07624982 34.30299310
v 55.22410361 73.07624982 34.30299310
v 55.22410361 73.07624982 34.30299310
v 55.22410361 73.07624982 34.30299310
v 55.22410361 73.16665052 34.21259503
v 55.22410361 73.16665052 34.21259503
v 55.22410361 73.16665052 34.21259503
v 55.22410361 73.16665052 34.21259503
v 55.16018282 73.24328016 34.14867501
v 55.16018282 73.24328016 34.14867501
v 55.16018282 73.24328016 34.14867501
v 55.16018282 73.24328016 34.14867501
v 55.06978510 73.29448865 34.14867501
v 55.06978510 73.29448865 34.14867501
v 55.06978510 73.29448865 34.14867501
v 55.06978510 73.29448865 34.14867501
v 55.04045801 73.29448865 34.12907891
v 55.04045801 73.29448865 34.12907891
v 55.04045801 73.29448865 34.12907891
v 55.04045801 73.29448865 34.12907891
v 55.00586431 73.24328016 34.04556207
v 55.00586431 73.24328016 34.04556207
v 55.00586431 49.83625005 34.43083505
v 55.00586431 49.83625005 34.43083505
v 55.09626202 49.92664026 34.43083505
v 55.09626202 49.92664026 34.43083505
v 55.09626202 49.92664026 34.43083505
v 55.09626202 49.92664026 34.43083505
v 55.17289738 73.07624982 34.37962799
v 55.17289738 73.07624982 34.37962799
v 55.17289738 73.07624982 34.37962799
v 55.17289738 73.07624982 34.37962799
v 55.20749108 73.16665052 34.29611211
v 55.20749108 73.16665052 34.29611211
v 55.20749108 73.16665052 34.29611211
v 55.20749108 73.16665052 34.29611211
v 55.17289738 73.24328016 34.21259503
v 55.17289738 73.24328016 34.21259503
v 55.17289738 73.24328016 34.21259503
v 55.17289738 73.24328016 34.21259503
v 55.08938079 73.29448865 34.17800193
v 55.08938079 73.29448865 34.17800193
v 55.08938079 73.29448865 34.17800193
v 55.08938079 73.29448865 34.17800193
v 55.00586431 73.31247114 34.21259503
v 55.00586431 73.31247114 34.21259503
v 55.00586431 73.31247114 34.21259503
v 55.00586431 73.31247114 34.21259503
v 55.00586431 73.31247114 34.21259503
v 55.00586431 73.31247114 34.21259503
v 55.00586431 73.31247114 34.21259503
v 55.00586431 73.31247114 34.21259503
v 55.00586431 73.29448865 34.12219791
v 55.00586431 73.29448865 34.12219791
v 55.00586431 49.92664026 34.44881611
v 55.00586431 49.92664026 34.44881611
v 55.09626202 73.07624982 34.43083505
v 55.09626202 73.07624982 34.43083505
v 55.09626202 73.07624982 34.43083505
v 55.09626202 73.07624982 34.43083505
v 55.16018282 73.16665052 34.36691408
v 55.16018282 73.16665052 34.36691408
v 55.16018282 73.16665052 34.36691408
v 55.16018282 73.16665052 34.36691408
v 55.16018282 73.24328016 34.27651601
v 55.16018282 73.24328016 34.27651601
v 55.16018282 73.24328016 34.27651601
v 55.16018282 73.24328016 34.27651601
v 55.09626202 73.29448865 34.21259503
v 55.09626202 73.29448865 34.21259503
v 55.09626202 73.29448865 34.21259503
v 55.09626202 73.29448865 34.21259503
v 55.00586431 73.07624982 34.44881611
v 55.00586431 73.07624982 34.44881611
v 55.08938079 73.16665052 34.41422205
v 55.08938079 73.16665052 34.41422205
v 55.08938079 73.16665052 34.41422205
v 55.08938079 73.16665052 34.41422205
v 55.12397449 73.24328016 34.33070593
v 55.12397449 73.24328016 34.33070593
v 55.12397449 73.24328016 34.33070593
v 55.12397449 73.24328016 34.33070593
v 55.08938079 73.29448865 34.24718909
v 55.08938079 73.29448865 34.24718909
v 55.08938079 73.29448865 34.24718909
v 55.08938079 73.29448865 34.24718909
v 55.00586431 73.16665052 34.43083505
v 55.00586431 73.16665052 34.43083505
v 55.06978510 73.24328016 34.36691408
v 55.06978510 73.24328016 34.36691408
v 55.06978510 73.24328016 34.36691408
v 55.06978510 73.24328016 34.36691408
v 55.06978510 73.29448865 34.27651601
v 55.06978510 73.29448865 34.27651601
v 55.06978510 73.29448865 34.27651601
v 55.06978510 73.29448865 34.27651601
v 55.00586431 73.24328016 34.37962799
v 55.00586431 73.24328016 34.37962799
v 55.04045801 73.29448865 34.29611211
v 55.04045801 73.29448865 34.29611211
v 55.04045801 73.29448865 34.29611211
v 55.04045801 73.29448865 34.29611211
v 55.00586431 73.29448865 34.30299310
v 55.00586431 73.29448865 34.30299310
v 58.15547089 49.69041990 34.21259503
v 58.15547089 49.69041990 34.21259503
v 58.15547089 49.69041990 34.21259503
v 58.15547089 49.69041990 34.21259503
v 58.15547089 49.69041990 34.21259503
v 58.15547089 49.69041990 34.21259503
v 58.15547089 49.69041990 34.21259503
v 58.15547089 49.69041990 34.21259503
v 58.09154992 49.70840047 34.14867501
v 58.09154992 49.70840047 34.14867501
v 58.09154992 49.70840047 34.14867501
v 58.09154992 49.70840047 34.14867501
v 58.07195382 49.70840047 34.17800193
v 58.07195382 49.70840047 34.17800193
v 58.07195382 49.70840047 34.17800193
v 58.07195382 49.70840047 34.17800193
v 58.12087683 49.70840047 34.12907891
v 58.12087683 49.70840047 34.12907891
v 58.12087683 49.70840047 34.12907891
v 58.12087683 49.70840047 34.12907891
v 58.03736071 49.75960992 34.09448509
v 58.03736071 49.75960992 34.09448509
v 58.03736071 49.75960992 34.09448509
v 58.03736071 49.75960992 34.09448509
v 58.00115184 49.75960992 34.14867501
v 58.00115184 49.75960992 34.14867501
v 58.00115184 49.75960992 34.14867501
v 58.00115184 49.75960992 34.14867501
v 58.06507282 49.70840047 34.21259503
v 58.06507282 49.70840047 34.21259503
v 58.06507282 49.70840047 34.21259503
v 58.06507282 49.70840047 34.21259503
v 58.15547089 49.70840047 34.12219791
v 58.15547089 49.70840047 34.12219791
v 58.09154992 49.75960992 34.05827694
v 58.09154992 49.75960992 34.05827694
v 58.09154992 49.75960992 34.05827694
v 58.09154992 49.75960992 34.05827694
v 57.95384388 49.83625005 34.12907891
v 57.95384388 49.83625005 34.12907891
v 57.95384388 49.83625005 34.12907891
v 57.95384388 49.83625005 34.12907891
v 58.00115184 49.83625005 34.05827694
v 58.00115184 49.83625005 34.05827694
v 58.00115184 49.83625005 34.05827694
v 58.00115184 49.83625005 34.05827694
v 57.98843770 49.75960992 34.21259503
v 57.98843770 49.75960992 34.21259503
v 57.98843770 49.75960992 34.21259503
v 57.98843770 49.75960992 34.21259503
v 58.07195382 49.70840047 34.24718909
v 58.07195382 49.70840047 34.24718909
v 58.07195382 49.70840047 34.24718909
v 58.07195382 49.70840047 34.24718909
v 58.15547089 49.75960992 34.04556207
v 58.15547089 49.75960992 34.04556207
v 58.07195382 49.83625005 34.01096897
v 58.07195382 49.83625005 34.01096897
v 58.07195382 49.83625005 34.01096897
v 58.07195382 49.83625005 34.01096897
v 57.93723182 49.92664026 34.12219791
v 57.93723182 49.92664026 34.12219791
v 57.93723182 49.92664026 34.12219791
v 57.93723182 49.92664026 34.12219791
v 57.98843770 49.92664026 34.04556207
v 57.98843770 49.92664026 34.04556207
v 57.98843770 49.92664026 34.04556207
v 57.98843770 49.92664026 34.04556207
v 57.93723182 49.83625005 34.21259503
v 57.93723182 49.83625005 34.21259503
v 57.93723182 49.83625005 34.21259503
v 57.93723182 49.83625005 34.21259503
v 58.00115184 49.75960992 34.27651601
v 58.00115184 49.75960992 34.27651601
v 58.00115184 49.75960992 34.27651601
v 58.00115184 49.75960992 34.27651601
v 58.09154992 49.70840047 34.27651601
v 58.09154992 49.70840047 34.27651601
v 58.09154992 49.70840047 34.27651601
v 58.09154992 49.70840047 34.27651601
v 58.15547089 49.83625005 33.99435596
v 58.15547089 49.83625005 33.99435596
v 58.06507282 49.92664026 33.99435596
v 58.06507282 49.92664026 33.99435596
v 58.06507282 49.92664026 33.99435596
v 58.06507282 49.92664026 33.99435596
v 57.93723182 73.07624982 34.12219791
v 57.93723182 73.07624982 34.12219791
v 57.93723182 73.07624982 34.12219791
v 57.93723182 73.07624982 34.12219791
v 57.98843770 73.07624982 34.04556207
v 57.98843770 73.07624982 34.04556207
v 57.98843770 73.07624982 34.04556207
v 57.98843770 73.07624982 34.04556207
v 57.91924982 49.92664026 34.21259503
v 57.91924982 49.92664026 34.21259503
v 57.91924982 49.92664026 34.21259503
v 57.91924982 49.92664026 34.21259503
v 57.95384388 49.83625005 34.29611211
v 57.95384388 49.83625005 34.29611211
v 57.95384388 49.83625005 34.29611211
v 57.95384388 49.83625005 34.29611211
v 58.03736071 49.75960992 34.33070593
v 58.03736071 49.75960992 34.33070593
v 58.03736071 49.75960992 34.33070593
v 58.03736071 49.75960992 34.33070593
v 58.12087683 49.70840047 34.29611211
v 58.12087683 49.70840047 34.29611211
v 58.12087683 49.70840047 34.29611211
v 58.12087683 49.70840047 34.29611211
v 58.15547089 49.92664026 33.97637491
v 58.15547089 49.92664026 33.97637491
v 58.06507282 73.07624982 33.99435596
v 58.06507282 73.07624982 33.99435596
v 58.06507282 73.07624982 33.99435596
v 58.06507282 73.07624982 33.99435596
v 58.00115184 73.16665052 34.05827694
v 58.00115184 73.16665052 34.05827694
v 58.00115184 73.16665052 34.05827694
v 58.00115184 73.16665052 34.05827694
v 57.95384388 73.16665052 34.12907891
v 57.95384388 73.16665052 34.12907891
v 57.95384388 73.16665052 34.12907891
v 57.95384388 73.16665052 34.12907891
v 57.91924982 73.07624982 34.21259503
v 57.91924982 73.07624982 34.21259503
v 57.91924982 73.07624982 34.21259503
v 57.91924982 73.07624982 34.21259503
v 57.93723182 49.92664026 34.30299310
v 57.93723182 49.92664026 34.30299310
v 57.93723182 49.92664026 34.30299310
v 57.93723182 49.92664026 34.30299310
v 58.00115184 49.83625005 34.36691408
v 58.00115184 49.83625005 34.36691408
v 58.00115184 49.83625005 34.36691408
v 58.00115184 49.83625005 34.36691408
v 58.09154992 49.75960992 34.36691408
v 58.09154992 49.75960992 34.36691408
v 58.09154992 49.75960992 34.36691408
v 58.09154992 49.75960992 34.36691408
v 58.15547089 49.70840047 34.30299310
v 58.15547089 49.70840047 34.30299310
v 58.15547089 73.07624982 33.97637491
v 58.15547089 73.07624982 33.97637491
v 58.07195382 73.16665052 34.01096897
v 58.07195382 73.16665052 34.01096897
v 58.07195382 73.16665052 34.01096897
v 58.07195382 73.16665052 34.01096897
v 58.03736071 73.24328016 34.09448509
v 58.03736071 73.24328016 34.09448509
v 58.03736071 73.24328016 34.09448509
v 58.03736071 73.24328016 34.09448509
v 58.00115184 73.24328016 34.14867501
v 58.00115184 73.24328016 34.14867501
v 58.00115184 73.24328016 34.14867501
v 58.00115184 73.24328016 34.14867501
v 57.93723182 73.16665052 34.21259503
v 57.93723182 73.16665052 34.21259503
v 57.93723182 73.16665052 34.21259503
v 57.93723182 73.16665052 34.21259503
v 57.93723182 73.07624982 34.30299310
v 57.93723182 73.07624982 34.30299310
v 57.93723182 73.07624982 34.30299310
v 57.93723182 73.07624982 34.30299310
v 57.98843770 49.92664026 34.37962799
v 57.98843770 49.92664026 34.37962799
v 57.98843770 49.92664026 34.37962799
v 57.98843770 49.92664026 34.37962799
v 58.07195382 49.83625005 34.41422205
v 58.07195382 49.83625005 34.41422205
v 58.07195382 49.83625005 34.41422205
v 58.07195382 49.83625005 34.41422205
v 58.15547089 49.75960992 34.37962799
v 58.15547089 49.75960992 34.37962799
v 58.15547089 73.16665052 33.99435596
v 58.15547089 73.16665052 33.99435596
v 58.09154992 73.24328016 34.05827694
v 58.09154992 73.24328016 34.05827694
v 58.09154992 73.24328016 34.05827694
v 58.09154992 73.24328016 34.05827694
v 58.07195382 73.29448865 34.17800193
v 58.07195382 73.29448865 34.17800193
v 58.07195382 73.29448865 34.17800193
v 58.07195382 73.29448865 34.17800193
v 58.09154992 73.29448865 34.14867501
v 58.09154992 73.29448865 34.14867501
v 58.09154992 73.29448865 34.14867501
v 58.09154992 73.29448865 34.14867501
v 57.98843770 73.24328016 34.21259503
v 57.98843770 73.24328016 34.21259503
v 57.98843770 73.24328016 34.21259503
v 57.98843770 73.24328016 34.21259503
v 57.95384388 73.16665052 34.29611211
v 57.95384388 73.16665052 34.29611211
v 57.95384388 73.16665052 34.29611211
v 57.95384388 73.16665052 34.29611211
v 57.98843770 73.07624982 34.37962799
v 57.98843770 73.07624982 34.37962799
v 57.98843770 73.07624982 34.37962799
v 57.98843770 73.07624982 34.37962799
v 58.06507282 49.92664026 34.43083505
v 58.06507282 49.92664026 34.43083505
v 58.06507282 49.92664026 34.43083505
v 58.06507282 49.92664026 34.43083505
v 58.15547089 49.83625005 34.43083505
v 58.15547089 49.83625005 34.43083505
v 58.15547089 73.24328016 34.04556207
v 58.15547089 73.24328016 34.04556207
v 58.12087683 73.29448865 34.12907891
v 58.12087683 73.29448865 34.12907891
v 58.12087683 73.29448865 34.12907891
v 58.12087683 73.29448865 34.12907891
v 58.15547089 73.31247114 34.21259503
v 58.15547089 73.31247114 34.21259503
v 58.15547089 73.31247114 34.21259503
v 58.15547089 73.31247114 34.21259503
v 58.15547089 73.31247114 34.21259503
v 58.15547089 73.31247114 34.21259503
v 58.15547089 73.31247114 34.21259503
v 58.15547089 73.31247114 34.21259503
v 58.06507282 73.29448865 34.21259503
v 58.06507282 73.29448865 34.21259503
v 58.06507282 73.29448865 34.21259503
v 58.06507282 73.29448865 34.21259503
v 58.00115184 73.24328016 34.27651601
v 58.00115184 73.24328016 34.27651601
v 58.00115184 73.24328016 34.27651601
v 58.00115184 73.24328016 34.27651601
v 58.00115184 73.16665052 34.36691408
v 58.00115184 73.16665052 34.36691408
v 58.00115184 73.16665052 34.36691408
v 58.00115184 73.16665052 34.36691408
v 58.06507282 73.07624982 34.43083505
v 58.06507282 73.07624982 34.43083505
v 58.06507282 73.07624982 34.43083505
v 58.06507282 73.07624982 34.43083505
v 58.15547089 49.92664026 34.44881611
v 58.15547089 49.92664026 34.44881611
v 58.15547089 73.29448865 34.12219791
v 58.15547089 73.29448865 34.12219791
v 58.07195382 73.29448865 34.24718909
v 58.07195382 73.29448865 34.24718909
v 58.07195382 73.29448865 34.24718909
v 58.07195382 73.29448865 34.24718909
v 58.03736071 73.24328016 34.33070593
v 58.03736071 73.24328016 34.33070593
v 58.03736071 73.24328016 34.33070593
v 58.03736071 73.24328016 34.33070593
v 58.07195382 73.16665052 34.41422205
v 58.07195382 73.16665052 34.41422205
v 58.07195382 73.16665052 34.41422205
v 58.07195382 73.16665052 34.41422205
v 58.15547089 73.07624982 34.44881611
v 58.15547089 73.07624982 34.44881611
v 58.09154992 73.29448865 34.27651601
v 58.09154992 73.29448865 34.27651601
v 58.09154992 73.29448865 34.27651601
v 58.09154992 73.29448865 34.27651601
v 58.09154992 73.24328016 34.36691408
v 58.09154992 73.24328016 34.36691408
v 58.09154992 73.24328016 34.36691408
v 58.09154992 73.24328016 34.36691408
v 58.15547089 73.16665052 34.43083505
v 58.15547089 73.16665052 34.43083505
v 58.12087683 73.29448865 34.29611211
v 58.12087683 73.29448865 34.29611211
v 58.12087683 73.29448865 34.29611211
v 58.12087683 73.29448865 34.29611211
v 58.15547089 73.24328016 34.37962799
v 58.15547089 73.24328016 34.37962799
v 58.15547089 73.29448865 34.30299310
v 58.15547089 73.29448865 34.30299310
v 55.22410361 73.07624982 35.69700079
v 55.17289738 49.92664026 35.62036543
v 55.22410361 49.92664026 35.69700079
v 55.17289738 73.07624982 35.62036543
v 55.22410361 73.07624982 35.69700079
v 55.24208479 49.92664026 35.78739850
v 55.24208479 73.07624982 35.78739850
v 55.22410361 49.92664026 35.69700079
v 55.16018282 73.16665052 35.63307999
v 55.22410361 73.07624982 35.69700079
v 55.20749108 73.16665052 35.70388202
v 55.17289738 73.07624982 35.62036543
v 55.17289738 73.07624982 35.62036543
v 55.09626202 49.92664026 35.56915920
v 55.17289738 49.92664026 35.62036543
v 55.09626202 73.07624982 35.56915920
v 55.22410361 49.92664026 35.69700079
v 55.16018282 49.83625005 35.63307999
v 55.20749108 49.83625005 35.70388202
v 55.17289738 49.92664026 35.62036543
v 58.06507282 49.70840047 35.78739850
v 56.58066778 49.69041990 35.78739850
v 58.15547089 49.69041990 35.78739850
v 56.67106490 49.70840047 35.78739850
v 56.74770074 49.75960992 35.78739850
v 57.98843770 49.75960992 35.78739850
v 57.93723182 49.83625005 35.78739850
v 56.79890685 49.83625005 35.78739850
v 57.91924982 49.92664026 35.78739850
v 56.81688790 49.92664026 35.78739850
v 57.91924982 73.07624982 35.78739850
v 56.81688790 73.07624982 35.78739850
v 57.93723182 73.16665052 35.78739850
v 56.79890685 73.16665052 35.78739850
v 56.74770074 73.24328016 35.78739850
v 57.98843770 73.24328016 35.78739850
v 58.06507282 73.29448865 35.78739850
v 56.67106490 73.29448865 35.78739850
v 58.15547089 73.31247114 35.78739850
v 56.58066778 73.31247114 35.78739850
v 58.15547089 80.59594129 35.78739850
v 55.00586431 0.00000165 35.78739850
v 58.15547089 0.00000165 35.78739850
v 55.00586431 49.69041990 35.78739850
v 56.49026970 49.70840047 35.78739850
v 55.09626202 49.70840047 35.78739850
v 56.41363482 49.75960992 35.78739850
v 55.17289738 49.75960992 35.78739850
v 56.36242776 49.83625005 35.78739850
v 55.22410361 49.83625005 35.78739850
v 56.34444670 49.92664026 35.78739850
v 55.24208479 49.92664026 35.78739850
v 56.34444670 73.07624982 35.78739850
v 55.24208479 73.07624982 35.78739850
v 55.22410361 73.16665052 35.78739850
v 56.36242776 73.16665052 35.78739850
v 55.17289738 73.24328016 35.78739850
v 56.41363482 73.24328016 35.78739850
v 56.49026970 73.29448865 35.78739850
v 55.09626202 73.29448865 35.78739850
v 55.00586431 73.31247114 35.78739850
v 55.00586431 80.59594129 35.78739850
v 55.20749108 73.16665052 35.70388202
v 55.24208479 73.07624982 35.78739850
v 55.22410361 73.16665052 35.78739850
v 55.22410361 73.07624982 35.69700079
v 55.22410361 49.92664026 35.69700079
v 55.22410361 49.83625005 35.78739850
v 55.24208479 49.92664026 35.78739850
v 55.20749108 49.83625005 35.70388202
v 55.12397449 73.24328016 35.66928832
v 55.20749108 73.16665052 35.70388202
v 55.16018282 73.24328016 35.72347771
v 55.16018282 73.16665052 35.63307999
v 55.16018282 73.16665052 35.63307999
v 55.09626202 73.07624982 35.56915920
v 55.17289738 73.07624982 35.62036543
v 55.08938079 73.16665052 35.58577173
v 55.09626202 73.07624982 35.56915920
v 55.00586431 49.92664026 35.55117802
v 55.09626202 49.92664026 35.56915920
v 55.00586431 73.07624982 35.55117802
v 55.17289738 49.92664026 35.62036543
v 55.08938079 49.83625005 35.58577173
v 55.16018282 49.83625005 35.63307999
v 55.09626202 49.92664026 35.56915920
v 55.20749108 49.83625005 35.70388202
v 55.12397449 49.75960992 35.66928832
v 55.16018282 49.75960992 35.72347771
v 55.16018282 49.83625005 35.63307999
v 58.15547089 0.00000165 32.63779192
v 58.15547089 49.69041990 35.78739850
v 58.15547089 0.00000165 35.78739850
v 58.15547089 49.70840047 35.69700079
v 58.15547089 49.75960992 35.62036543
v 58.15547089 49.83625005 35.56915920
v 58.15547089 49.92664026 35.55117802
v 58.15547089 73.07624982 35.55117802
v 58.15547089 49.92664026 34.44881611
v 58.15547089 73.07624982 34.44881611
v 58.15547089 49.83625005 34.43083505
v 58.15547089 49.75960992 34.37962799
v 58.15547089 49.70840047 34.30299310
v 58.15547089 49.69041990 34.21259503
v 58.15547089 49.70840047 34.12219791
v 58.15547089 49.75960992 34.04556207
v 58.15547089 49.83625005 33.99435596
v 58.15547089 49.92664026 33.97637491
v 58.15547089 73.07624982 33.97637491
v 58.15547089 49.92664026 32.87401299
v 58.15547089 73.07624982 32.87401299
v 58.15547089 49.83625005 32.85603099
v 58.15547089 49.75960992 32.80482511
v 58.15547089 49.70840047 32.72818999
v 58.15547089 49.69041990 32.63779192
v 58.15547089 73.29448865 35.69700079
v 58.15547089 80.59594129 35.78739850
v 58.15547089 73.31247114 35.78739850
v 58.15547089 80.59594129 32.63779192
v 58.15547089 73.24328016 35.62036543
v 58.15547089 73.16665052 35.56915920
v 58.15547089 73.16665052 34.43083505
v 58.15547089 73.24328016 34.37962799
v 58.15547089 73.29448865 34.30299310
v 58.15547089 73.31247114 34.21259503
v 58.15547089 73.29448865 34.12219791
v 58.15547089 73.24328016 34.04556207
v 58.15547089 73.16665052 33.99435596
v 58.15547089 73.16665052 32.85603099
v 58.15547089 73.24328016 32.80482511
v 58.15547089 73.29448865 32.72818999
v 58.15547089 73.31247114 32.63779192
v 58.15547089 49.69041990 35.78739850
v 58.07195382 49.70840047 35.75280480
v 58.06507282 49.70840047 35.78739850
v 58.06507282 49.70840047 35.78739850
v 58.00115184 49.75960992 35.72347771
v 57.98843770 49.75960992 35.78739850
v 58.07195382 49.70840047 35.75280480
v 58.00115184 49.75960992 35.72347771
v 57.93723182 49.83625005 35.78739850
v 57.98843770 49.75960992 35.78739850
v 57.95384388 49.83625005 35.70388202
v 57.95384388 49.83625005 35.70388202
v 57.91924982 49.92664026 35.78739850
v 57.93723182 49.83625005 35.78739850
v 57.93723182 49.92664026 35.69700079
v 57.93723182 49.92664026 35.69700079
v 57.91924982 73.07624982 35.78739850
v 57.91924982 49.92664026 35.78739850
v 57.93723182 73.07624982 35.69700079
v 57.93723182 73.07624982 35.69700079
v 57.93723182 73.16665052 35.78739850
v 57.91924982 73.07624982 35.78739850
v 57.95384388 73.16665052 35.70388202
v 57.95384388 73.16665052 35.70388202
v 57.98843770 73.24328016 35.78739850
v 57.93723182 73.16665052 35.78739850
v 58.00115184 73.24328016 35.72347771
v 58.00115184 73.24328016 35.72347771
v 58.06507282 73.29448865 35.78739850
v 57.98843770 73.24328016 35.78739850
v 58.07195382 73.29448865 35.75280480
v 58.15547089 73.31247114 35.78739850
v 58.06507282 73.29448865 35.78739850
v 58.07195382 73.29448865 35.75280480
v 55.00586431 80.59594129 32.63779192
v 55.00586431 73.31247114 35.78739850
v 55.00586431 80.59594129 35.78739850
v 55.00586431 73.29448865 35.69700079
v 55.00586431 73.24328016 35.62036543
v 55.00586431 73.16665052 35.56915920
v 55.00586431 73.07624982 35.55117802
v 55.00586431 73.16665052 34.43083505
v 55.00586431 73.07624982 34.44881611
v 55.00586431 73.24328016 34.37962799
v 55.00586431 73.29448865 34.30299310
v 55.00586431 73.31247114 34.21259503
v 55.00586431 73.29448865 34.12219791
v 55.00586431 73.24328016 34.04556207
v 55.00586431 73.16665052 33.99435596
v 55.00586431 73.07624982 33.97637491
v 55.00586431 73.07624982 32.87401299
v 55.00586431 73.16665052 32.85603099
v 55.00586431 73.24328016 32.80482511
v 55.00586431 73.29448865 32.72818999
v 55.00586431 73.31247114 32.63779192
v 55.00586431 49.70840047 35.69700079
v 55.00586431 0.00000165 35.78739850
v 55.00586431 49.69041990 35.78739850
v 55.00586431 0.00000165 32.63779192
v 55.00586431 49.75960992 35.62036543
v 55.00586431 49.83625005 35.56915920
v 55.00586431 49.92664026 35.55117802
v 55.00586431 49.92664026 34.44881611
v 55.00586431 49.83625005 34.43083505
v 55.00586431 49.75960992 34.37962799
v 55.00586431 49.70840047 34.30299310
v 55.00586431 49.69041990 34.21259503
v 55.00586431 49.70840047 34.12219791
v 55.00586431 49.75960992 34.04556207
v 55.00586431 49.83625005 33.99435596
v 55.00586431 49.92664026 33.97637491
v 55.00586431 49.92664026 32.87401299
v 55.00586431 49.83625005 32.85603099
v 55.00586431 49.75960992 32.80482511
v 55.00586431 49.70840047 32.72818999
v 55.00586431 49.69041990 32.63779192
v 55.09626202 73.29448865 35.78739850
v 55.00586431 73.31247114 35.78739850
v 55.08938079 73.29448865 35.75280480
v 55.16018282 73.24328016 35.72347771
v 55.09626202 73.29448865 35.78739850
v 55.08938079 73.29448865 35.75280480
v 55.17289738 73.24328016 35.78739850
v 55.16018282 73.24328016 35.72347771
v 55.22410361 73.16665052 35.78739850
v 55.17289738 73.24328016 35.78739850
v 55.20749108 73.16665052 35.70388202
v 55.20749108 49.83625005 35.70388202
v 55.17289738 49.75960992 35.78739850
v 55.22410361 49.83625005 35.78739850
v 55.16018282 49.75960992 35.72347771
v 55.09626202 49.70840047 35.78739850
v 55.16018282 49.75960992 35.72347771
v 55.08938079 49.70840047 35.75280480
v 55.17289738 49.75960992 35.78739850
v 55.09626202 49.70840047 35.78739850
v 55.08938079 49.70840047 35.75280480
v 55.00586431 49.69041990 35.78739850
v 58.15547089 0.00000165 32.63779192
v 55.00586431 0.00000165 35.78739850
v 55.00586431 0.00000165 32.63779192
v 58.15547089 0.00000165 35.78739850
v 55.12397449 73.24328016 35.66928832
v 55.08938079 73.29448865 35.75280480
v 55.06978510 73.29448865 35.72347771
v 55.16018282 73.24328016 35.72347771
v 55.12397449 73.24328016 35.66928832
v 55.08938079 73.16665052 35.58577173
v 55.16018282 73.16665052 35.63307999
v 55.06978510 73.24328016 35.63307999
v 55.08938079 73.16665052 35.58577173
v 55.00586431 73.07624982 35.55117802
v 55.09626202 73.07624982 35.56915920
v 55.00586431 73.16665052 35.56915920
v 55.09626202 49.92664026 35.56915920
v 55.00586431 49.83625005 35.56915920
v 55.08938079 49.83625005 35.58577173
v 55.00586431 49.92664026 35.55117802
v 55.16018282 49.83625005 35.63307999
v 55.06978510 49.75960992 35.63307999
v 55.12397449 49.75960992 35.66928832
v 55.08938079 49.83625005 35.58577173
v 55.08938079 49.70840047 35.75280480
v 55.12397449 49.75960992 35.66928832
v 55.06978510 49.70840047 35.72347771
v 55.16018282 49.75960992 35.72347771
v 55.09626202 49.70840047 32.63779192
v 56.58066778 49.69041990 32.63779192
v 55.00586431 49.69041990 32.63779192
v 56.49026970 49.70840047 32.63779192
v 55.17289738 49.75960992 32.63779192
v 56.41363482 49.75960992 32.63779192
v 55.22410361 49.83625005 32.63779192
v 56.36242776 49.83625005 32.63779192
v 55.24208479 49.92664026 32.63779192
v 56.34444670 49.92664026 32.63779192
v 55.24208479 73.07624982 32.63779192
v 56.34444670 73.07624982 32.63779192
v 56.36242776 73.16665052 32.63779192
v 55.22410361 73.16665052 32.63779192
v 55.17289738 73.24328016 32.63779192
v 56.41363482 73.24328016 32.63779192
v 55.09626202 73.29448865 32.63779192
v 56.49026970 73.29448865 32.63779192
v 55.00586431 73.31247114 32.63779192
v 56.58066778 73.31247114 32.63779192
v 55.00586431 80.59594129 32.63779192
v 58.15547089 73.31247114 32.63779192
v 58.15547089 80.59594129 32.63779192
v 58.15547089 0.00000165 32.63779192
v 55.00586431 0.00000165 32.63779192
v 58.15547089 49.69041990 32.63779192
v 56.67106490 49.70840047 32.63779192
v 58.06507282 49.70840047 32.63779192
v 56.74770074 49.75960992 32.63779192
v 57.98843770 49.75960992 32.63779192
v 56.79890685 49.83625005 32.63779192
v 57.93723182 49.83625005 32.63779192
v 56.81688790 49.92664026 32.63779192
v 57.91924982 49.92664026 32.63779192
v 56.81688790 73.07624982 32.63779192
v 57.91924982 73.07624982 32.63779192
v 57.93723182 73.16665052 32.63779192
v 56.79890685 73.16665052 32.63779192
v 56.74770074 73.24328016 32.63779192
v 57.98843770 73.24328016 32.63779192
v 56.67106490 73.29448865 32.63779192
v 58.06507282 73.29448865 32.63779192
v 58.15547089 49.69041990 32.63779192
v 58.12087683 49.70840047 32.72130899
v 58.15547089 49.70840047 32.72818999
v 58.15547089 49.75960992 32.80482511
v 58.12087683 49.70840047 32.72130899
v 58.09154992 49.75960992 32.79211097
v 58.15547089 49.70840047 32.72818999
v 58.07195382 49.83625005 32.83941893
v 58.15547089 49.75960992 32.80482511
v 58.09154992 49.75960992 32.79211097
v 58.15547089 49.83625005 32.85603099
v 58.06507282 49.92664026 32.85603099
v 58.15547089 49.83625005 32.85603099
v 58.07195382 49.83625005 32.83941893
v 58.15547089 49.92664026 32.87401299
v 58.06507282 73.07624982 32.85603099
v 58.15547089 49.92664026 32.87401299
v 58.06507282 49.92664026 32.85603099
v 58.15547089 73.07624982 32.87401299
v 58.07195382 73.16665052 32.83941893
v 58.15547089 73.07624982 32.87401299
v 58.06507282 73.07624982 32.85603099
v 58.15547089 73.16665052 32.85603099
v 58.09154992 73.24328016 32.79211097
v 58.15547089 73.16665052 32.85603099
v 58.07195382 73.16665052 32.83941893
v 58.15547089 73.24328016 32.80482511
v 58.12087683 73.29448865 32.72130899
v 58.15547089 73.24328016 32.80482511
v 58.09154992 73.24328016 32.79211097
v 58.15547089 73.29448865 32.72818999
v 58.15547089 73.29448865 32.72818999
v 58.12087683 73.29448865 32.72130899
v 58.15547089 73.31247114 32.63779192
v 58.15547089 73.31247114 35.78739850
v 58.12087683 73.29448865 35.70388202
v 58.15547089 73.29448865 35.69700079
v 58.15547089 73.24328016 35.62036543
v 58.12087683 73.29448865 35.70388202
v 58.09154992 73.24328016 35.63307999
v 58.15547089 73.29448865 35.69700079
v 58.15547089 73.16665052 35.56915920
v 58.09154992 73.24328016 35.63307999
v 58.07195382 73.16665052 35.58577173
v 58.15547089 73.24328016 35.62036543
v 58.15547089 73.16665052 35.56915920
v 58.06507282 73.07624982 35.56915920
v 58.15547089 73.07624982 35.55117802
v 58.07195382 73.16665052 35.58577173
v 58.15547089 73.07624982 35.55117802
v 58.06507282 49.92664026 35.56915920
v 58.15547089 49.92664026 35.55117802
v 58.06507282 73.07624982 35.56915920
v 58.15547089 49.92664026 35.55117802
v 58.07195382 49.83625005 35.58577173
v 58.15547089 49.83625005 35.56915920
v 58.06507282 49.92664026 35.56915920
v 58.15547089 49.83625005 35.56915920
v 58.09154992 49.75960992 35.63307999
v 58.15547089 49.75960992 35.62036543
v 58.07195382 49.83625005 35.58577173
v 58.12087683 49.70840047 35.70388202
v 58.15547089 49.75960992 35.62036543
v 58.09154992 49.75960992 35.63307999
v 58.15547089 49.70840047 35.69700079
v 58.15547089 49.70840047 35.69700079
v 58.12087683 49.70840047 35.70388202
v 58.15547089 49.69041990 35.78739850
v 58.15547089 49.69041990 35.78739850
v 58.09154992 49.70840047 35.72347771
v 58.07195382 49.70840047 35.75280480
v 58.07195382 49.70840047 35.75280480
v 58.03736071 49.75960992 35.66928832
v 58.00115184 49.75960992 35.72347771
v 58.09154992 49.70840047 35.72347771
v 58.03736071 49.75960992 35.66928832
v 57.95384388 49.83625005 35.70388202
v 58.00115184 49.75960992 35.72347771
v 58.00115184 49.83625005 35.63307999
v 58.00115184 49.83625005 35.63307999
v 57.93723182 49.92664026 35.69700079
v 57.95384388 49.83625005 35.70388202
v 57.98843770 49.92664026 35.62036543
v 57.98843770 49.92664026 35.62036543
v 57.93723182 73.07624982 35.69700079
v 57.93723182 49.92664026 35.69700079
v 57.98843770 73.07624982 35.62036543
v 57.93723182 73.07624982 35.69700079
v 58.00115184 73.16665052 35.63307999
v 57.95384388 73.16665052 35.70388202
v 57.98843770 73.07624982 35.62036543
v 57.95384388 73.16665052 35.70388202
v 58.03736071 73.24328016 35.66928832
v 58.00115184 73.24328016 35.72347771
v 58.00115184 73.16665052 35.63307999
v 58.03736071 73.24328016 35.66928832
v 58.07195382 73.29448865 35.75280480
v 58.00115184 73.24328016 35.72347771
v 58.09154992 73.29448865 35.72347771
v 58.15547089 73.31247114 35.78739850
v 58.07195382 73.29448865 35.75280480
v 58.09154992 73.29448865 35.72347771
v 55.04045801 73.29448865 32.72130899
v 55.00586431 73.29448865 32.72818999
v 55.00586431 73.31247114 32.63779192
v 55.04045801 73.29448865 32.72130899
v 55.00586431 73.24328016 32.80482511
v 55.00586431 73.29448865 32.72818999
v 55.06978510 73.24328016 32.79211097
v 55.00586431 73.24328016 32.80482511
v 55.08938079 73.16665052 32.83941893
v 55.00586431 73.16665052 32.85603099
v 55.06978510 73.24328016 32.79211097
v 55.00586431 73.16665052 32.85603099
v 55.09626202 73.07624982 32.85603099
v 55.00586431 73.07624982 32.87401299
v 55.08938079 73.16665052 32.83941893
v 55.00586431 73.07624982 32.87401299
v 55.09626202 49.92664026 32.85603099
v 55.00586431 49.92664026 32.87401299
v 55.09626202 73.07624982 32.85603099
v 55.00586431 49.92664026 32.87401299
v 55.08938079 49.83625005 32.83941893
v 55.00586431 49.83625005 32.85603099
v 55.09626202 49.92664026 32.85603099
v 55.00586431 49.83625005 32.85603099
v 55.06978510 49.75960992 32.79211097
v 55.00586431 49.75960992 32.80482511
v 55.08938079 49.83625005 32.83941893
v 55.06978510 49.75960992 32.79211097
v 55.00586431 49.70840047 32.72818999
v 55.00586431 49.75960992 32.80482511
v 55.04045801 49.70840047 32.72130899
v 55.04045801 49.70840047 32.72130899
v 55.00586431 49.69041990 32.63779192
v 55.00586431 49.70840047 32.72818999
v 55.04045801 49.70840047 35.70388202
v 55.00586431 49.70840047 35.69700079
v 55.00586431 49.69041990 35.78739850
v 55.04045801 49.70840047 35.70388202
v 55.00586431 49.75960992 35.62036543
v 55.00586431 49.70840047 35.69700079
v 55.06978510 49.75960992 35.63307999
v 55.08938079 49.83625005 35.58577173
v 55.00586431 49.75960992 35.62036543
v 55.06978510 49.75960992 35.63307999
v 55.00586431 49.83625005 35.56915920
v 55.06978510 73.24328016 35.63307999
v 55.00586431 73.16665052 35.56915920
v 55.08938079 73.16665052 35.58577173
v 55.00586431 73.24328016 35.62036543
v 55.06978510 73.24328016 35.63307999
v 55.00586431 73.29448865 35.69700079
v 55.00586431 73.24328016 35.62036543
v 55.04045801 73.29448865 35.70388202
v 55.04045801 73.29448865 35.70388202
v 55.00586431 73.31247114 35.78739850
v 55.00586431 73.29448865 35.69700079
v 55.08938079 73.29448865 35.75280480
v 55.00586431 73.31247114 35.78739850
v 55.06978510 73.29448865 35.72347771
v 55.08938079 49.70840047 35.75280480
v 55.06978510 49.70840047 35.72347771
v 55.00586431 49.69041990 35.78739850
v 55.06978510 73.24328016 35.63307999
v 55.06978510 73.29448865 35.72347771
v 55.04045801 73.29448865 35.70388202
v 55.12397449 73.24328016 35.66928832
v 55.06978510 49.70840047 35.72347771
v 55.06978510 49.75960992 35.63307999
v 55.04045801 49.70840047 35.70388202
v 55.12397449 49.75960992 35.66928832
v 58.15547089 73.31247114 32.63779192
v 58.07195382 73.29448865 32.67238598
v 58.06507282 73.29448865 32.63779192
v 58.06507282 73.29448865 32.63779192
v 58.00115184 73.24328016 32.70171289
v 57.98843770 73.24328016 32.63779192
v 58.07195382 73.29448865 32.67238598
v 57.93723182 73.16665052 32.63779192
v 58.00115184 73.24328016 32.70171289
v 57.95384388 73.16665052 32.72130899
v 57.98843770 73.24328016 32.63779192
v 57.91924982 73.07624982 32.63779192
v 57.95384388 73.16665052 32.72130899
v 57.93723182 73.07624982 32.72818999
v 57.93723182 73.16665052 32.63779192
v 57.93723182 49.92664026 32.72818999
v 57.91924982 73.07624982 32.63779192
v 57.93723182 73.07624982 32.72818999
v 57.91924982 49.92664026 32.63779192
v 57.95384388 49.83625005 32.72130899
v 57.91924982 49.92664026 32.63779192
v 57.93723182 49.92664026 32.72818999
v 57.93723182 49.83625005 32.63779192
v 58.00115184 49.75960992 32.70171289
v 57.93723182 49.83625005 32.63779192
v 57.95384388 49.83625005 32.72130899
v 57.98843770 49.75960992 32.63779192
v 58.00115184 49.75960992 32.70171289
v 58.06507282 49.70840047 32.63779192
v 57.98843770 49.75960992 32.63779192
v 58.07195382 49.70840047 32.67238598
v 58.15547089 49.69041990 32.63779192
v 58.06507282 49.70840047 32.63779192
v 58.07195382 49.70840047 32.67238598
v 55.09626202 49.70840047 32.63779192
v 55.00586431 49.69041990 32.63779192
v 55.08938079 49.70840047 32.67238598
v 55.16018282 49.75960992 32.70171289
v 55.09626202 49.70840047 32.63779192
v 55.08938079 49.70840047 32.67238598
v 55.17289738 49.75960992 32.63779192
v 55.22410361 49.83625005 32.63779192
v 55.16018282 49.75960992 32.70171289
v 55.20749108 49.83625005 32.72130899
v 55.17289738 49.75960992 32.63779192
v 55.24208479 49.92664026 32.63779192
v 55.20749108 49.83625005 32.72130899
v 55.22410361 49.92664026 32.72818999
v 55.22410361 49.83625005 32.63779192
v 55.24208479 73.07624982 32.63779192
v 55.22410361 49.92664026 32.72818999
v 55.22410361 73.07624982 32.72818999
v 55.24208479 49.92664026 32.63779192
v 55.20749108 73.16665052 32.72130899
v 55.24208479 73.07624982 32.63779192
v 55.22410361 73.07624982 32.72818999
v 55.22410361 73.16665052 32.63779192
v 55.16018282 73.24328016 32.70171289
v 55.22410361 73.16665052 32.63779192
v 55.20749108 73.16665052 32.72130899
v 55.17289738 73.24328016 32.63779192
v 55.09626202 73.29448865 32.63779192
v 55.16018282 73.24328016 32.70171289
v 55.08938079 73.29448865 32.67238598
v 55.17289738 73.24328016 32.63779192
v 55.09626202 73.29448865 32.63779192
v 55.08938079 73.29448865 32.67238598
v 55.00586431 73.31247114 32.63779192
v 58.15547089 49.69041990 32.63779192
v 58.09154992 49.70840047 32.70171289
v 58.12087683 49.70840047 32.72130899
v 58.09154992 49.75960992 32.79211097
v 58.09154992 49.70840047 32.70171289
v 58.03736071 49.75960992 32.75590210
v 58.12087683 49.70840047 32.72130899
v 58.00115184 49.83625005 32.79211097
v 58.09154992 49.75960992 32.79211097
v 58.03736071 49.75960992 32.75590210
v 58.07195382 49.83625005 32.83941893
v 57.98843770 49.92664026 32.80482511
v 58.07195382 49.83625005 32.83941893
v 58.00115184 49.83625005 32.79211097
v 58.06507282 49.92664026 32.85603099
v 57.98843770 73.07624982 32.80482511
v 58.06507282 49.92664026 32.85603099
v 57.98843770 49.92664026 32.80482511
v 58.06507282 73.07624982 32.85603099
v 58.00115184 73.16665052 32.79211097
v 58.06507282 73.07624982 32.85603099
v 57.98843770 73.07624982 32.80482511
v 58.07195382 73.16665052 32.83941893
v 58.03736071 73.24328016 32.75590210
v 58.07195382 73.16665052 32.83941893
v 58.00115184 73.16665052 32.79211097
v 58.09154992 73.24328016 32.79211097
v 58.09154992 73.29448865 32.70171289
v 58.09154992 73.24328016 32.79211097
v 58.03736071 73.24328016 32.75590210
v 58.12087683 73.29448865 32.72130899
v 58.15547089 73.31247114 32.63779192
v 58.12087683 73.29448865 32.72130899
v 58.09154992 73.29448865 32.70171289
v 58.15547089 73.31247114 35.78739850
v 58.09154992 73.29448865 35.72347771
v 58.12087683 73.29448865 35.70388202
v 58.09154992 73.24328016 35.63307999
v 58.09154992 73.29448865 35.72347771
v 58.03736071 73.24328016 35.66928832
v 58.12087683 73.29448865 35.70388202
v 58.09154992 73.24328016 35.63307999
v 58.00115184 73.16665052 35.63307999
v 58.07195382 73.16665052 35.58577173
v 58.03736071 73.24328016 35.66928832
v 58.07195382 73.16665052 35.58577173
v 57.98843770 73.07624982 35.62036543
v 58.06507282 73.07624982 35.56915920
v 58.00115184 73.16665052 35.63307999
v 58.06507282 73.07624982 35.56915920
v 57.98843770 49.92664026 35.62036543
v 58.06507282 49.92664026 35.56915920
v 57.98843770 73.07624982 35.62036543
v 58.06507282 49.92664026 35.56915920
v 58.00115184 49.83625005 35.63307999
v 58.07195382 49.83625005 35.58577173
v 57.98843770 49.92664026 35.62036543
v 58.07195382 49.83625005 35.58577173
v 58.03736071 49.75960992 35.66928832
v 58.09154992 49.75960992 35.63307999
v 58.00115184 49.83625005 35.63307999
v 58.09154992 49.70840047 35.72347771
v 58.09154992 49.75960992 35.63307999
v 58.03736071 49.75960992 35.66928832
v 58.12087683 49.70840047 35.70388202
v 58.15547089 49.69041990 35.78739850
v 58.12087683 49.70840047 35.70388202
v 58.09154992 49.70840047 35.72347771
v 55.06978510 73.29448865 32.70171289
v 55.04045801 73.29448865 32.72130899
v 55.00586431 73.31247114 32.63779192
v 55.06978510 73.29448865 32.70171289
v 55.06978510 73.24328016 32.79211097
v 55.04045801 73.29448865 32.72130899
v 55.12397449 73.24328016 32.75590210
v 55.06978510 73.24328016 32.79211097
v 55.16018282 73.16665052 32.79211097
v 55.08938079 73.16665052 32.83941893
v 55.12397449 73.24328016 32.75590210
v 55.08938079 73.16665052 32.83941893
v 55.17289738 73.07624982 32.80482511
v 55.09626202 73.07624982 32.85603099
v 55.16018282 73.16665052 32.79211097
v 55.09626202 73.07624982 32.85603099
v 55.17289738 49.92664026 32.80482511
v 55.09626202 49.92664026 32.85603099
v 55.17289738 73.07624982 32.80482511
v 55.09626202 49.92664026 32.85603099
v 55.16018282 49.83625005 32.79211097
v 55.08938079 49.83625005 32.83941893
v 55.17289738 49.92664026 32.80482511
v 55.08938079 49.83625005 32.83941893
v 55.12397449 49.75960992 32.75590210
v 55.06978510 49.75960992 32.79211097
v 55.16018282 49.83625005 32.79211097
v 55.06978510 49.75960992 32.79211097
v 55.06978510 49.70840047 32.70171289
v 55.04045801 49.70840047 32.72130899
v 55.12397449 49.75960992 32.75590210
v 55.06978510 49.70840047 32.70171289
v 55.00586431 49.69041990 32.63779192
v 55.04045801 49.70840047 32.72130899
v 55.06978510 49.70840047 35.72347771
v 55.04045801 49.70840047 35.70388202
v 55.00586431 49.69041990 35.78739850
v 55.06978510 73.29448865 35.72347771
v 55.00586431 73.31247114 35.78739850
v 55.04045801 73.29448865 35.70388202
v 58.15547089 73.31247114 32.63779192
v 58.09154992 73.29448865 32.70171289
v 58.07195382 73.29448865 32.67238598
v 58.07195382 73.29448865 32.67238598
v 58.03736071 73.24328016 32.75590210
v 58.00115184 73.24328016 32.70171289
v 58.09154992 73.29448865 32.70171289
v 57.95384388 73.16665052 32.72130899
v 58.03736071 73.24328016 32.75590210
v 58.00115184 73.16665052 32.79211097
v 58.00115184 73.24328016 32.70171289
v 57.93723182 73.07624982 32.72818999
v 58.00115184 73.16665052 32.79211097
v 57.98843770 73.07624982 32.80482511
v 57.95384388 73.16665052 32.72130899
v 57.98843770 49.92664026 32.80482511
v 57.93723182 73.07624982 32.72818999
v 57.98843770 73.07624982 32.80482511
v 57.93723182 49.92664026 32.72818999
v 58.00115184 49.83625005 32.79211097
v 57.93723182 49.92664026 32.72818999
v 57.98843770 49.92664026 32.80482511
v 57.95384388 49.83625005 32.72130899
v 58.03736071 49.75960992 32.75590210
v 57.95384388 49.83625005 32.72130899
v 58.00115184 49.83625005 32.79211097
v 58.00115184 49.75960992 32.70171289
v 58.03736071 49.75960992 32.75590210
v 58.07195382 49.70840047 32.67238598
v 58.00115184 49.75960992 32.70171289
v 58.09154992 49.70840047 32.70171289
v 58.15547089 49.69041990 32.63779192
v 58.07195382 49.70840047 32.67238598
v 58.09154992 49.70840047 32.70171289
v 55.08938079 49.70840047 32.67238598
v 55.00586431 49.69041990 32.63779192
v 55.06978510 49.70840047 32.70171289
v 55.12397449 49.75960992 32.75590210
v 55.08938079 49.70840047 32.67238598
v 55.06978510 49.70840047 32.70171289
v 55.16018282 49.75960992 32.70171289
v 55.20749108 49.83625005 32.72130899
v 55.12397449 49.75960992 32.75590210
v 55.16018282 49.83625005 32.79211097
v 55.16018282 49.75960992 32.70171289
v 55.22410361 49.92664026 32.72818999
v 55.16018282 49.83625005 32.79211097
v 55.17289738 49.92664026 32.80482511
v 55.20749108 49.83625005 32.72130899
v 55.22410361 73.07624982 32.72818999
v 55.17289738 49.92664026 32.80482511
v 55.17289738 73.07624982 32.80482511
v 55.22410361 49.92664026 32.72818999
v 55.16018282 73.16665052 32.79211097
v 55.22410361 73.07624982 32.72818999
v 55.17289738 73.07624982 32.80482511
v 55.20749108 73.16665052 32.72130899
v 55.12397449 73.24328016 32.75590210
v 55.20749108 73.16665052 32.72130899
v 55.16018282 73.16665052 32.79211097
v 55.16018282 73.24328016 32.70171289
v 55.08938079 73.29448865 32.67238598
v 55.12397449 73.24328016 32.75590210
v 55.06978510 73.29448865 32.70171289
v 55.16018282 73.24328016 32.70171289
v 55.08938079 73.29448865 32.67238598
v 55.06978510 73.29448865 32.70171289
v 55.00586431 73.31247114 32.63779192
v 56.67106490 49.92664026 35.56915920
v 56.67106490 49.92664026 35.56915920
v 56.67106490 49.92664026 35.56915920
v 56.67106490 49.92664026 35.56915920
v 56.58066778 49.83625005 35.56915920
v 56.58066778 49.83625005 35.56915920
v 56.58066778 49.83625005 35.56915920
v 56.58066778 49.83625005 35.56915920
v 56.66418390 49.83625005 35.58577173
v 56.66418390 49.83625005 35.58577173
v 56.66418390 49.83625005 35.58577173
v 56.66418390 49.83625005 35.58577173
v 56.58066778 49.92664026 35.55117802
v 56.58066778 49.92664026 35.55117802
v 56.58066778 49.92664026 35.55117802
v 56.58066778 49.92664026 35.55117802
v 56.74770074 49.92664026 35.62036543
v 56.74770074 49.92664026 35.62036543
v 56.74770074 49.92664026 35.62036543
v 56.74770074 49.92664026 35.62036543
v 56.73498587 49.83625005 35.63307999
v 56.73498587 49.83625005 35.63307999
v 56.73498587 49.83625005 35.63307999
v 56.73498587 49.83625005 35.63307999
v 56.67106490 73.07624982 35.56915920
v 56.67106490 73.07624982 35.56915920
v 56.67106490 73.07624982 35.56915920
v 56.67106490 73.07624982 35.56915920
v 56.58066778 73.07624982 35.55117802
v 56.58066778 73.07624982 35.55117802
v 56.58066778 73.07624982 35.55117802
v 56.58066778 73.07624982 35.55117802
v 56.49715070 49.83625005 35.58577173
v 56.49715070 49.83625005 35.58577173
v 56.49715070 49.83625005 35.58577173
v 56.49715070 49.83625005 35.58577173
v 56.49026970 49.92664026 35.56915920
v 56.49026970 49.92664026 35.56915920
v 56.49026970 49.92664026 35.56915920
v 56.49026970 49.92664026 35.56915920
v 56.58066778 49.75960992 35.62036543
v 56.58066778 49.75960992 35.62036543
v 56.58066778 49.75960992 35.62036543
v 56.58066778 49.75960992 35.62036543
v 56.64458780 49.75960992 35.63307999
v 56.64458780 49.75960992 35.63307999
v 56.64458780 49.75960992 35.63307999
v 56.64458780 49.75960992 35.63307999
v 56.79890685 49.92664026 35.69700079
v 56.79890685 49.92664026 35.69700079
v 56.79890685 49.92664026 35.69700079
v 56.79890685 49.92664026 35.69700079
v 56.78229384 49.83625005 35.70388202
v 56.78229384 49.83625005 35.70388202
v 56.78229384 49.83625005 35.70388202
v 56.78229384 49.83625005 35.70388202
v 56.74770074 73.07624982 35.62036543
v 56.74770074 73.07624982 35.62036543
v 56.74770074 73.07624982 35.62036543
v 56.74770074 73.07624982 35.62036543
v 56.69877772 49.75960992 35.66928832
v 56.69877772 49.75960992 35.66928832
v 56.69877772 49.75960992 35.66928832
v 56.69877772 49.75960992 35.66928832
v 56.66418390 73.16665052 35.58577173
v 56.66418390 73.16665052 35.58577173
v 56.66418390 73.16665052 35.58577173
v 56.66418390 73.16665052 35.58577173
v 56.58066778 73.16665052 35.56915920
v 56.58066778 73.16665052 35.56915920
v 56.58066778 73.16665052 35.56915920
v 56.58066778 73.16665052 35.56915920
v 56.49026970 73.07624982 35.56915920
v 56.49026970 73.07624982 35.56915920
v 56.49026970 73.07624982 35.56915920
v 56.49026970 73.07624982 35.56915920
v 56.42634873 49.83625005 35.63307999
v 56.42634873 49.83625005 35.63307999
v 56.42634873 49.83625005 35.63307999
v 56.42634873 49.83625005 35.63307999
v 56.41363482 49.92664026 35.62036543
v 56.41363482 49.92664026 35.62036543
v 56.41363482 49.92664026 35.62036543
v 56.41363482 49.92664026 35.62036543
v 56.51674680 49.75960992 35.63307999
v 56.51674680 49.75960992 35.63307999
v 56.51674680 49.75960992 35.63307999
v 56.51674680 49.75960992 35.63307999
v 56.61526088 49.70840047 35.70388202
v 56.61526088 49.70840047 35.70388202
v 56.61526088 49.70840047 35.70388202
v 56.61526088 49.70840047 35.70388202
v 56.58066778 49.70840047 35.69700079
v 56.58066778 49.70840047 35.69700079
v 56.58066778 49.70840047 35.69700079
v 56.58066778 49.70840047 35.69700079
v 56.79890685 49.83625005 35.78739850
v 56.79890685 49.83625005 35.78739850
v 56.81688790 49.92664026 35.78739850
v 56.81688790 49.92664026 35.78739850
v 56.79890685 73.07624982 35.69700079
v 56.79890685 73.07624982 35.69700079
v 56.79890685 73.07624982 35.69700079
v 56.79890685 73.07624982 35.69700079
v 56.73498587 49.75960992 35.72347771
v 56.73498587 49.75960992 35.72347771
v 56.73498587 49.75960992 35.72347771
v 56.73498587 49.75960992 35.72347771
v 56.73498587 73.16665052 35.63307999
v 56.73498587 73.16665052 35.63307999
v 56.73498587 73.16665052 35.63307999
v 56.73498587 73.16665052 35.63307999
v 56.64458780 49.70840047 35.72347771
v 56.64458780 49.70840047 35.72347771
v 56.64458780 49.70840047 35.72347771
v 56.64458780 49.70840047 35.72347771
v 56.64458780 73.24328016 35.63307999
v 56.64458780 73.24328016 35.63307999
v 56.64458780 73.24328016 35.63307999
v 56.64458780 73.24328016 35.63307999
v 56.58066778 73.24328016 35.62036543
v 56.58066778 73.24328016 35.62036543
v 56.58066778 73.24328016 35.62036543
v 56.58066778 73.24328016 35.62036543
v 56.49715070 73.16665052 35.58577173
v 56.49715070 73.16665052 35.58577173
v 56.49715070 73.16665052 35.58577173
v 56.49715070 73.16665052 35.58577173
v 56.41363482 73.07624982 35.62036543
v 56.41363482 73.07624982 35.62036543
v 56.41363482 73.07624982 35.62036543
v 56.41363482 73.07624982 35.62036543
v 56.36242776 49.92664026 35.69700079
v 56.36242776 49.92664026 35.69700079
v 56.36242776 49.92664026 35.69700079
v 56.36242776 49.92664026 35.69700079
v 56.37904076 49.83625005 35.70388202
v 56.37904076 49.83625005 35.70388202
v 56.37904076 49.83625005 35.70388202
v 56.37904076 49.83625005 35.70388202
v 56.46255688 49.75960992 35.66928832
v 56.46255688 49.75960992 35.66928832
v 56.46255688 49.75960992 35.66928832
v 56.46255688 49.75960992 35.66928832
v 56.54607372 49.70840047 35.70388202
v 56.54607372 49.70840047 35.70388202
v 56.54607372 49.70840047 35.70388202
v 56.54607372 49.70840047 35.70388202
v 56.58066778 49.69041990 35.78739850
v 56.58066778 49.69041990 35.78739850
v 56.58066778 49.69041990 35.78739850
v 56.58066778 49.69041990 35.78739850
v 56.58066778 49.69041990 35.78739850
v 56.58066778 49.69041990 35.78739850
v 56.58066778 49.69041990 35.78739850
v 56.58066778 49.69041990 35.78739850
v 56.81688790 73.07624982 35.78739850
v 56.81688790 73.07624982 35.78739850
v 56.74770074 49.75960992 35.78739850
v 56.74770074 49.75960992 35.78739850
v 56.78229384 73.16665052 35.70388202
v 56.78229384 73.16665052 35.70388202
v 56.78229384 73.16665052 35.70388202
v 56.78229384 73.16665052 35.70388202
v 56.66418390 49.70840047 35.75280480
v 56.66418390 49.70840047 35.75280480
v 56.66418390 49.70840047 35.75280480
v 56.66418390 49.70840047 35.75280480
v 56.69877772 73.24328016 35.66928832
v 56.69877772 73.24328016 35.66928832
v 56.69877772 73.24328016 35.66928832
v 56.69877772 73.24328016 35.66928832
v 56.58066778 73.29448865 35.69700079
v 56.58066778 73.29448865 35.69700079
v 56.58066778 73.29448865 35.69700079
v 56.58066778 73.29448865 35.69700079
v 56.61526088 73.29448865 35.70388202
v 56.61526088 73.29448865 35.70388202
v 56.61526088 73.29448865 35.70388202
v 56.61526088 73.29448865 35.70388202
v 56.51674680 73.24328016 35.63307999
v 56.51674680 73.24328016 35.63307999
v 56.51674680 73.24328016 35.63307999
v 56.51674680 73.24328016 35.63307999
v 56.42634873 73.16665052 35.63307999
v 56.42634873 73.16665052 35.63307999
v 56.42634873 73.16665052 35.63307999
v 56.42634873 73.16665052 35.63307999
v 56.36242776 73.07624982 35.69700079
v 56.36242776 73.07624982 35.69700079
v 56.36242776 73.07624982 35.69700079
v 56.36242776 73.07624982 35.69700079
v 56.34444670 49.92664026 35.78739850
v 56.34444670 49.92664026 35.78739850
v 56.36242776 49.83625005 35.78739850
v 56.36242776 49.83625005 35.78739850
v 56.42634873 49.75960992 35.72347771
v 56.42634873 49.75960992 35.72347771
v 56.42634873 49.75960992 35.72347771
v 56.42634873 49.75960992 35.72347771
v 56.51674680 49.70840047 35.72347771
v 56.51674680 49.70840047 35.72347771
v 56.51674680 49.70840047 35.72347771
v 56.51674680 49.70840047 35.72347771
v 56.79890685 73.16665052 35.78739850
v 56.79890685 73.16665052 35.78739850
v 56.67106490 49.70840047 35.78739850
v 56.67106490 49.70840047 35.78739850
v 56.73498587 73.24328016 35.72347771
v 56.73498587 73.24328016 35.72347771
v 56.73498587 73.24328016 35.72347771
v 56.73498587 73.24328016 35.72347771
v 56.64458780 73.29448865 35.72347771
v 56.64458780 73.29448865 35.72347771
v 56.64458780 73.29448865 35.72347771
v 56.64458780 73.29448865 35.72347771
v 56.58066778 73.31247114 35.78739850
v 56.58066778 73.31247114 35.78739850
v 56.58066778 73.31247114 35.78739850
v 56.58066778 73.31247114 35.78739850
v 56.58066778 73.31247114 35.78739850
v 56.58066778 73.31247114 35.78739850
v 56.58066778 73.31247114 35.78739850
v 56.58066778 73.31247114 35.78739850
v 56.54607372 73.29448865 35.70388202
v 56.54607372 73.29448865 35.70388202
v 56.54607372 73.29448865 35.70388202
v 56.54607372 73.29448865 35.70388202
v 56.46255688 73.24328016 35.66928832
v 56.46255688 73.24328016 35.66928832
v 56.46255688 73.24328016 35.66928832
v 56.46255688 73.24328016 35.66928832
v 56.37904076 73.16665052 35.70388202
v 56.37904076 73.16665052 35.70388202
v 56.37904076 73.16665052 35.70388202
v 56.37904076 73.16665052 35.70388202
v 56.34444670 73.07624982 35.78739850
v 56.34444670 73.07624982 35.78739850
v 56.41363482 49.75960992 35.78739850
v 56.41363482 49.75960992 35.78739850
v 56.49715070 49.70840047 35.75280480
v 56.49715070 49.70840047 35.75280480
v 56.49715070 49.70840047 35.75280480
v 56.49715070 49.70840047 35.75280480
v 56.74770074 73.24328016 35.78739850
v 56.74770074 73.24328016 35.78739850
v 56.66418390 73.29448865 35.75280480
v 56.66418390 73.29448865 35.75280480
v 56.66418390 73.29448865 35.75280480
v 56.66418390 73.29448865 35.75280480
v 56.51674680 73.29448865 35.72347771
v 56.51674680 73.29448865 35.72347771
v 56.51674680 73.29448865 35.72347771
v 56.51674680 73.29448865 35.72347771
v 56.42634873 73.24328016 35.72347771
v 56.42634873 73.24328016 35.72347771
v 56.42634873 73.24328016 35.72347771
v 56.42634873 73.24328016 35.72347771
v 56.36242776 73.16665052 35.78739850
v 56.36242776 73.16665052 35.78739850
v 56.49026970 49.70840047 35.78739850
v 56.49026970 49.70840047 35.78739850
v 56.67106490 73.29448865 35.78739850
v 56.67106490 73.29448865 35.78739850
v 56.49715070 73.29448865 35.75280480
v 56.49715070 73.29448865 35.75280480
v 56.49715070 73.29448865 35.75280480
v 56.49715070 73.29448865 35.75280480
v 56.41363482 73.24328016 35.78739850
v 56.41363482 73.24328016 35.78739850
v 56.49026970 73.29448865 35.78739850
v 56.49026970 73.29448865 35.78739850
v 55.00586281 44.32429000 35.49212509
v -2.43508145 103.44302881 32.93307000
v 55.00586281 44.32429000 32.93307000
v -2.43508145 103.44302881 35.49212509
v 55.00586281 44.32429000 35.49212509
v -2.43508334 104.29048124 35.49212509
v -2.43508145 103.44302881 35.49212509
v 55.00586291 45.17174038 35.49212509
v -2.43508334 104.29048124 35.49212509
v -2.43508145 103.44302881 32.93307000
v -2.43508145 103.44302881 35.49212509
v -2.43508334 104.29048124 32.93307000
v -2.43508334 104.29048124 32.93307000
v 55.00586281 44.32429000 32.93307000
v -2.43508145 103.44302881 32.93307000
v 55.00586291 45.17174038 32.93307000
v 55.00586291 45.17174038 32.93307000
v 55.00586281 44.32429000 35.49212509
v 55.00586281 44.32429000 32.93307000
v 55.00586291 45.17174038 35.49212509
v -2.43508334 104.29048124 32.93307000
v 55.00586291 45.17174038 35.49212509
v 55.00586291 45.17174038 32.93307000
v -2.43508334 104.29048124 35.49212509
v 55.00586564 74.67266163 35.49212559
v -2.43507488 133.79139658 32.93307000
v 55.00586564 74.67266163 32.93307000
v -2.43507488 133.79139658 35.49212559
v -2.43508009 135.88510358 35.49212559
v -2.43507488 133.79139658 32.93307000
v -2.43507488 133.79139658 35.49212559
v -2.43508009 135.88510358 32.93307000
v -2.43507638 135.97771806 33.00972820
v -2.43507638 135.97771806 35.41546733
v -2.43507653 136.09027427 35.35757928
v -2.43507653 136.09027427 33.06761563
v -2.43508119 136.21675071 33.10363510
v -2.43508119 136.21675071 35.32156001
v -2.43507528 136.35036460 35.30933537
v -2.43507528 136.35036460 33.11585966
v -2.43507398 136.48398466 35.32156001
v -2.43507398 136.48398466 33.10363510
v -2.43507870 136.61046103 35.35757928
v -2.43507870 136.61046103 33.06761563
v -2.43507886 136.72301724 35.41546733
v -2.43507886 136.72301724 33.00972820
v -2.43507514 136.81563172 35.49212559
v -2.43507514 136.81563172 32.93307000
v -2.43507480 137.04826555 32.93307000
v -2.43507480 137.04826555 35.49212559
v -2.43507645 137.20488120 33.06275901
v -2.43507645 137.20488120 35.36243566
v -2.43507860 137.34401881 35.22097605
v -2.43507860 137.34401881 33.20421927
v -2.43507635 137.46424706 33.35600262
v -2.43507635 137.46424706 35.06919286
v -2.43507912 137.56434410 34.90864002
v -2.43507912 137.56434410 33.51655529
v -2.43507736 137.64327674 34.74096135
v -2.43507736 137.64327674 33.68423358
v -2.43507158 137.70023602 34.56787382
v -2.43507158 137.70023602 33.85732083
v -2.43545345 137.73504351 34.39114997
v -2.43545345 137.73504351 34.03404551
v -2.43507502 137.74616580 34.21259780
v 55.00586608 76.76636280 32.93307000
v 55.00586564 74.67266163 35.49212559
v 55.00586564 74.67266163 32.93307000
v 55.00586608 76.76636280 35.49212559
v 55.00586590 76.85898129 33.00972820
v 55.00586590 76.85898129 35.41546733
v 55.00586583 76.97153741 35.35757928
v 55.00586583 76.97153741 33.06761563
v 55.00586585 77.09800904 33.10363510
v 55.00586585 77.09800904 35.32156001
v 55.00586555 77.23162933 35.30933537
v 55.00586555 77.23162933 33.11585966
v 55.00586604 77.36525022 35.32156001
v 55.00586604 77.36525022 33.10363510
v 55.00586597 77.49172180 33.06761563
v 55.00586597 77.49172180 35.35757928
v 55.00586590 77.60427792 35.41546733
v 55.00586590 77.60427792 33.00972820
v 55.00586575 77.69689638 35.49212559
v 55.00586575 77.69689638 32.93307000
v 55.00586609 77.92953021 32.93307000
v 55.00586609 77.92953021 35.49212559
v 55.00586531 78.08614497 33.06275901
v 55.00586531 78.08614497 35.36243566
v 55.00586557 78.22528009 35.22097605
v 55.00586557 78.22528009 33.20421927
v 55.00586608 78.34551014 33.35600262
v 55.00586608 78.34551014 35.06919286
v 55.00586580 78.44560462 34.90864002
v 55.00586580 78.44560462 33.51655529
v 55.00586623 78.52453862 34.74096135
v 55.00586623 78.52453862 33.68423358
v 55.00586561 78.58150449 34.56787382
v 55.00586561 78.58150449 33.85732083
v 55.00586521 78.61591937 34.39114997
v 55.00586521 78.61591937 34.03404551
v 55.00586616 78.62743017 34.21259780
v -2.43508009 135.88510358 32.93307000
v 55.00586590 76.85898129 33.00972820
v 55.00586590 76.85898129 33.00972820
v 55.00586608 76.76636280 32.93307000
v -2.43507638 135.97771806 33.00972820
v -2.43507638 135.97771806 33.00972820
v 55.00586608 76.76636280 32.93307000
v -2.43507488 133.79139658 32.93307000
v -2.43508009 135.88510358 32.93307000
v 55.00586564 74.67266163 32.93307000
v 55.00586583 76.97153741 33.06761563
v 55.00586583 76.97153741 33.06761563
v -2.43507653 136.09027427 33.06761563
v -2.43507653 136.09027427 33.06761563
v 55.00586585 77.09800904 33.10363510
v 55.00586585 77.09800904 33.10363510
v -2.43508119 136.21675071 33.10363510
v -2.43508119 136.21675071 33.10363510
v 55.00586555 77.23162933 33.11585966
v 55.00586555 77.23162933 33.11585966
v -2.43507528 136.35036460 33.11585966
v -2.43507528 136.35036460 33.11585966
v 55.00586604 77.36525022 33.10363510
v 55.00586604 77.36525022 33.10363510
v -2.43507398 136.48398466 33.10363510
v -2.43507398 136.48398466 33.10363510
v 55.00586597 77.49172180 33.06761563
v 55.00586597 77.49172180 33.06761563
v -2.43507870 136.61046103 33.06761563
v -2.43507870 136.61046103 33.06761563
v 55.00586590 77.60427792 33.00972820
v 55.00586590 77.60427792 33.00972820
v -2.43507886 136.72301724 33.00972820
v -2.43507886 136.72301724 33.00972820
v -2.43507514 136.81563172 32.93307000
v 55.00586575 77.69689638 32.93307000
v 55.00586609 77.92953021 32.93307000
v -2.43507514 136.81563172 32.93307000
v -2.43507480 137.04826555 32.93307000
v 55.00586575 77.69689638 32.93307000
v -2.43507480 137.04826555 32.93307000
v 55.00586531 78.08614497 33.06275901
v 55.00586531 78.08614497 33.06275901
v 55.00586609 77.92953021 32.93307000
v -2.43507645 137.20488120 33.06275901
v -2.43507645 137.20488120 33.06275901
v -2.43507860 137.34401881 33.20421927
v -2.43507860 137.34401881 33.20421927
v 55.00586557 78.22528009 33.20421927
v 55.00586557 78.22528009 33.20421927
v -2.43507635 137.46424706 33.35600262
v -2.43507635 137.46424706 33.35600262
v 55.00586608 78.34551014 33.35600262
v 55.00586608 78.34551014 33.35600262
v 55.00586580 78.44560462 33.51655529
v 55.00586580 78.44560462 33.51655529
v -2.43507912 137.56434410 33.51655529
v -2.43507912 137.56434410 33.51655529
v 55.00586623 78.52453862 33.68423358
v 55.00586623 78.52453862 33.68423358
v -2.43507736 137.64327674 33.68423358
v -2.43507736 137.64327674 33.68423358
v 55.00586561 78.58150449 33.85732083
v 55.00586561 78.58150449 33.85732083
v -2.43507158 137.70023602 33.85732083
v -2.43507158 137.70023602 33.85732083
v 55.00586521 78.61591937 34.03404551
v 55.00586521 78.61591937 34.03404551
v -2.43545345 137.73504351 34.03404551
v -2.43545345 137.73504351 34.03404551
v 55.00586616 78.62743017 34.21259780
v 55.00586616 78.62743017 34.21259780
v -2.43507502 137.74616580 34.21259780
v -2.43507502 137.74616580 34.21259780
v 55.00586521 78.61591937 34.39114997
v 55.00586521 78.61591937 34.39114997
v -2.43545345 137.73504351 34.39114997
v -2.43545345 137.73504351 34.39114997
v 55.00586561 78.58150449 34.56787382
v 55.00586561 78.58150449 34.56787382
v -2.43507158 137.70023602 34.56787382
v -2.43507158 137.70023602 34.56787382
v -2.43507736 137.64327674 34.74096135
v -2.43507736 137.64327674 34.74096135
v 55.00586623 78.52453862 34.74096135
v 55.00586623 78.52453862 34.74096135
v 55.00586580 78.44560462 34.90864002
v 55.00586580 78.44560462 34.90864002
v -2.43507912 137.56434410 34.90864002
v -2.43507912 137.56434410 34.90864002
v 55.00586608 78.34551014 35.06919286
v 55.00586608 78.34551014 35.06919286
v -2.43507635 137.46424706 35.06919286
v -2.43507635 137.46424706 35.06919286
v 55.00586557 78.22528009 35.22097605
v 55.00586557 78.22528009 35.22097605
v -2.43507860 137.34401881 35.22097605
v -2.43507860 137.34401881 35.22097605
v 55.00586531 78.08614497 35.36243566
v 55.00586531 78.08614497 35.36243566
v -2.43507645 137.20488120 35.36243566
v -2.43507645 137.20488120 35.36243566
v 55.00586609 77.92953021 35.49212559
v -2.43507480 137.04826555 35.49212559
v -2.43507514 136.81563172 35.49212559
v 55.00586609 77.92953021 35.49212559
v -2.43507480 137.04826555 35.49212559
v 55.00586575 77.69689638 35.49212559
v 55.00586575 77.69689638 35.49212559
v -2.43507886 136.72301724 35.41546733
v -2.43507886 136.72301724 35.41546733
v 55.00586590 77.60427792 35.41546733
v 55.00586590 77.60427792 35.41546733
v -2.43507514 136.81563172 35.49212559
v -2.43507870 136.61046103 35.35757928
v -2.43507870 136.61046103 35.35757928
v 55.00586597 77.49172180 35.35757928
v 55.00586597 77.49172180 35.35757928
v -2.43507398 136.48398466 35.32156001
v -2.43507398 136.48398466 35.32156001
v 55.00586604 77.36525022 35.32156001
v 55.00586604 77.36525022 35.32156001
v -2.43507528 136.35036460 35.30933537
v -2.43507528 136.35036460 35.30933537
v 55.00586555 77.23162933 35.30933537
v 55.00586555 77.23162933 35.30933537
v -2.43508119 136.21675071 35.32156001
v -2.43508119 136.21675071 35.32156001
v 55.00586585 77.09800904 35.32156001
v 55.00586585 77.09800904 35.32156001
v -2.43507653 136.09027427 35.35757928
v -2.43507653 136.09027427 35.35757928
v 55.00586583 76.97153741 35.35757928
v 55.00586583 76.97153741 35.35757928
v -2.43507638 135.97771806 35.41546733
v -2.43507638 135.97771806 35.41546733
v 55.00586590 76.85898129 35.41546733
v 55.00586590 76.85898129 35.41546733
v 55.00586608 76.76636280 35.49212559
v -2.43508009 135.88510358 35.49212559
v -2.43507488 133.79139658 35.49212559
v 55.00586608 76.76636280 35.49212559
v -2.43508009 135.88510358 35.49212559
v 55.00586564 74.67266163 35.49212559
v 89.02161318 8.41338634 35.59055000
v 58.15547281 8.41338634 34.84251850
v 58.15547281 8.41338634 35.59055000
v 89.02161318 8.41338634 34.84251850
v 58.15547281 8.41338634 34.84251850
v 58.15547281 -0.00000000 35.59055000
v 58.15547281 8.41338634 35.59055000
v 58.15547281 -0.00000000 34.84251850
v 89.02161318 8.41338634 35.59055000
v 58.15547281 -0.00000000 35.59055000
v 89.02161318 -0.00000000 35.59055000
v 58.15547281 8.41338634 35.59055000
v 89.02161318 -0.00000000 34.84251850
v 89.02161318 8.41338634 35.59055000
v 89.02161318 -0.00000000 35.59055000
v 89.02161318 8.41338634 34.84251850
v 58.15547281 8.41338634 34.84251850
v 89.02161318 -0.00000000 34.84251850
v 58.15547281 -0.00000000 34.84251850
v 89.02161318 8.41338634 34.84251850
v 89.02161318 -0.00000000 34.84251850
v 58.15547281 -0.00000000 35.59055000
v 58.15547281 -0.00000000 34.84251850
v 89.02161318 -0.00000000 35.59055000
v 55.83264281 28.38976000 32.63779437
v 56.58067431 38.37794874 32.63779437
v 55.83264281 38.37794874 32.63779437
v 56.58067431 28.38976000 32.63779437
v 56.58067431 38.37794874 1.77165400
v 55.83264281 28.38976000 1.77165400
v 55.83264281 38.37794874 1.77165400
v 56.58067431 28.38976000 1.77165400
v 55.83264281 38.37794874 32.63779437
v 55.83264281 28.38976000 1.77165400
v 55.83264281 28.38976000 32.63779437
v 55.83264281 38.37794874 1.77165400
v 56.58067431 28.38976000 1.77165400
v 55.83264281 28.38976000 32.63779437
v 55.83264281 28.38976000 1.77165400
v 56.58067431 28.38976000 32.63779437
v 55.83264281 38.37794874 32.63779437
v 56.58067431 38.37794874 1.77165400
v 55.83264281 38.37794874 1.77165400
v 56.58067431 38.37794874 32.63779437
v 56.58067431 38.37794874 1.77165400
v 56.58067431 28.38976000 32.63779437
v 56.58067431 28.38976000 1.77165400
v 56.58067431 38.37794874 32.63779437
v 58.15547283 8.41338600 33.10522761
v 89.02161533 8.41338600 16.14840423
v 58.15547281 8.41338600 33.96898000
v 89.02161615 8.41338600 15.28465138
v 89.02161533 18.40157474 16.14840423
v 58.15547281 8.41338600 33.96898000
v 89.02161533 8.41338600 16.14840423
v 58.15547281 18.40157474 33.96898000
v 58.15547283 18.40157474 33.10522761
v 58.15547281 8.41338600 33.96898000
v 58.15547281 18.40157474 33.96898000
v 58.15547283 8.41338600 33.10522761
v 58.15547283 18.40157474 33.10522761
v 89.02161615 8.41338600 15.28465138
v 58.15547283 8.41338600 33.10522761
v 89.02161615 18.40157474 15.28465138
v 89.02161533 8.41338600 16.14840423
v 89.02161615 18.40157474 15.28465138
v 89.02161533 18.40157474 16.14840423
v 89.02161615 8.41338600 15.28465138
v 89.02161533 18.40157474 16.14840423
v 58.15547283 18.40157474 33.10522761
v 58.15547281 18.40157474 33.96898000
v 89.02161615 18.40157474 15.28465138
v 56.38251042 28.38975874 32.63780002
v 74.20308383 18.40157000 1.77166160
v 56.38251042 18.40157000 32.63780002
v 74.20308383 28.38975874 1.77166160
v 74.20308383 18.40157000 1.77166160
v 57.24626281 18.40157000 32.63780000
v 56.38251042 18.40157000 32.63780002
v 75.06683858 18.40157000 1.77165748
v 56.38251042 28.38975874 32.63780002
v 57.24626281 18.40157000 32.63780000
v 57.24626281 28.38975874 32.63780000
v 56.38251042 18.40157000 32.63780002
v 57.24626281 28.38975874 32.63780000
v 74.20308383 28.38975874 1.77166160
v 56.38251042 28.38975874 32.63780002
v 75.06683858 28.38975874 1.77165748
v 74.20308383 18.40157000 1.77166160
v 75.06683858 28.38975874 1.77165748
v 75.06683858 18.40157000 1.77165748
v 74.20308383 28.38975874 1.77166160
v 75.06683858 28.38975874 1.77165748
v 57.24626281 18.40157000 32.63780000
v 75.06683858 18.40157000 1.77165748
v 57.24626281 28.38975874 32.63780000
v 90.59642281 24.38488316 0.19684020
v 89.02161981 24.38488492 11.19919342
v 90.59642281 24.38488492 11.19919342
v 89.02161981 24.38488316 0.19684020
v 89.02161981 18.40157196 0.19684737
v 90.59642281 24.38488316 0.19684020
v 90.59642281 18.40157196 0.19684737
v 89.02161981 24.38488316 0.19684020
v 89.02161981 18.40157196 0.19684737
v 90.59642281 18.40157663 2.55904528
v 89.02161981 18.40157663 2.55904528
v 90.59642281 18.40157196 0.19684737
v 89.02161981 14.67854600 2.55904602
v 90.59642281 18.40157663 2.55904528
v 90.59642281 14.67854600 2.55904602
v 89.02161981 18.40157663 2.55904528
v 89.02161981 -0.00000000 30.77302000
v 90.59642281 14.67854600 2.55904602
v 90.59642281 -0.00000000 30.77302000
v 89.02161981 14.67854600 2.55904602
v 89.02161981 0.00000052 37.16534967
v 89.02161981 14.67854600 2.55904602
v 89.02161981 -0.00000000 30.77302000
v 89.02161981 18.40157663 2.55904528
v 89.02161981 10.87578319 37.16535142
v 89.02161981 24.38488316 0.19684020
v 89.02161981 24.38488492 11.19919342
v 89.02161981 18.40157196 0.19684737
v 90.59642281 24.38488316 0.19684020
v 90.59642281 18.40157663 2.55904528
v 90.59642281 18.40157196 0.19684737
v 90.59642281 14.67854600 2.55904602
v 90.59642281 0.00000052 37.16534967
v 90.59642281 -0.00000000 30.77302000
v 90.59642281 10.87578319 37.16535142
v 90.59642281 24.38488492 11.19919342
v 90.59642281 24.38488492 11.19919342
v 89.02161981 10.87578319 37.16535142
v 90.59642281 10.87578319 37.16535142
v 89.02161981 24.38488492 11.19919342
v 90.59642281 10.87578319 37.16535142
v 89.02161981 0.00000052 37.16534967
v 90.59642281 0.00000052 37.16534967
v 89.02161981 10.87578319 37.16535142
v 89.02161981 0.00000052 37.16534967
v 90.59642281 -0.00000000 30.77302000
v 90.59642281 0.00000052 37.16534967
v 89.02161981 -0.00000000 30.77302000
v -2.43507484 99.88189815 1.77165339
v -2.39569958 87.58343395 0.19685040
v -2.39569958 87.58343395 1.77165339
v -2.43507484 99.88189815 0.19685040
v -2.43507484 99.88189815 0.19685040
v -4.79727483 99.88189343 1.77165339
v -4.79727483 99.88189343 0.19685040
v -2.43507484 99.88189815 1.77165339
v -4.79727408 102.24409874 1.77165339
v -4.79727483 99.88189343 0.19685040
v -4.79727483 99.88189343 1.77165339
v -4.79727408 102.24409874 0.19685040
v -4.79727408 102.24409874 1.77165339
v -1.27016303 102.24409336 0.19685040
v -4.79727408 102.24409874 0.19685040
v -1.27016303 102.24409336 1.77165339
v 89.02161743 24.38488659 0.19685040
v 58.63450537 40.58966741 1.77165339
v 89.02161743 24.38488659 1.77165339
v 58.63450537 40.58966741 0.19685040
v 89.02161923 18.40157088 0.19685040
v 89.02161743 24.38488659 1.77165339
v 89.02161923 18.40157088 1.77165339
v 89.02161743 24.38488659 0.19685040
v 89.02161923 18.40157088 0.19685040
v 88.23421571 18.40157475 1.77165339
v 88.23421571 18.40157475 0.19685040
v 89.02161923 18.40157088 1.77165339
v 88.23421571 18.40157475 0.19685040
v 88.23421295 10.52689904 1.77165339
v 88.23421295 10.52689904 0.19685040
v 88.23421571 18.40157475 1.77165339
v 88.23421295 10.52689904 1.77165339
v 55.52684281 27.96903000 0.19685040
v 88.23421295 10.52689904 0.19685040
v 55.52684281 27.96903000 1.77165339
v 55.52684281 27.96903000 1.77165339
v -2.39569958 87.58343395 0.19685040
v 55.52684281 27.96903000 0.19685040
v -2.39569958 87.58343395 1.77165339
v -4.79727408 102.24409874 0.19685040
v -2.43507484 99.88189815 0.19685040
v -4.79727483 99.88189343 0.19685040
v -1.27016303 102.24409336 0.19685040
v 55.52684281 27.96903000 0.19685040
v 55.52684281 27.96903000 0.19685040
v -2.39569958 87.58343395 0.19685040
v 88.23421295 10.52689904 0.19685040
v 58.63450537 40.58966741 0.19685040
v 88.23421571 18.40157475 0.19685040
v 89.02161743 24.38488659 0.19685040
v 89.02161923 18.40157088 0.19685040
v 55.52684281 27.96903000 1.77165339
v -2.43507484 99.88189815 1.77165339
v -2.39569958 87.58343395 1.77165339
v 88.23421295 10.52689904 1.77165339
v 58.63450537 40.58966741 1.77165339
v -1.27016303 102.24409336 1.77165339
v 88.23421571 18.40157475 1.77165339
v 89.02161743 24.38488659 1.77165339
v 89.02161923 18.40157088 1.77165339
v -4.79727408 102.24409874 1.77165339
v -4.79727483 99.88189343 1.77165339
v -1.27016303 102.24409336 0.19685040
v 58.63450537 40.58966741 1.77165339
v 58.63450537 40.58966741 0.19685040
v -1.27016303 102.24409336 1.77165339
v 55.00586682 38.37795701 32.63780000
v 58.15547281 39.95276000 32.63780000
v 55.00586682 39.95276000 32.63780000
v 58.15547281 38.37795701 32.63780000
v 46.87594324 38.37795701 33.42520162
v 55.00586682 39.95276000 33.42520162
v 46.87594324 39.95276000 33.42520162
v 55.00586682 38.37795701 33.42520162
v 58.15547281 38.37795701 1.77165963
v 46.87594324 39.95276000 1.77165963
v 58.15547281 39.95276000 1.77165963
v 46.87594324 38.37795701 1.77165963
v 46.87594324 38.37795701 33.42520162
v 55.00586682 38.37795701 32.63780000
v 55.00586682 38.37795701 33.42520162
v 58.15547281 38.37795701 1.77165963
v 58.15547281 38.37795701 32.63780000
v 46.87594324 38.37795701 1.77165963
v 58.15547281 38.37795701 1.77165963
v 58.15547281 39.95276000 32.63780000
v 58.15547281 38.37795701 32.63780000
v 58.15547281 39.95276000 1.77165963
v 55.00586682 38.37795701 32.63780000
v 55.00586682 39.95276000 33.42520162
v 55.00586682 38.37795701 33.42520162
v 55.00586682 39.95276000 32.63780000
v 46.87594324 39.95276000 1.77165963
v 46.87594324 38.37795701 33.42520162
v 46.87594324 39.95276000 33.42520162
v 46.87594324 38.37795701 1.77165963
v 46.87594324 39.95276000 1.77165963
v 58.15547281 39.95276000 32.63780000
v 58.15547281 39.95276000 1.77165963
v 55.00586682 39.95276000 32.63780000
v 55.00586682 39.95276000 33.42520162
v 46.87594324 39.95276000 33.42520162
v 58.15547299 29.96457000 32.63779646
v 58.15547281 28.38976701 34.21260000
v 58.15547281 29.96457000 34.21260000
v 58.15547299 28.38976701 32.63779646
v 56.58066974 28.38976701 32.63779686
v 58.15547299 29.96457000 32.63779646
v 56.58066974 29.96457000 32.63779686
v 58.15547299 28.38976701 32.63779646
v 56.58067121 29.96457000 1.77165739
v 56.58066974 28.38976701 32.63779686
v 56.58066974 29.96457000 32.63779686
v 56.58067121 28.38976701 1.77165739
v 76.88526260 28.38976701 1.77165260
v 56.58067121 29.96457000 1.77165739
v 76.88526260 29.96457000 1.77165260
v 56.58067121 28.38976701 1.77165739
v 76.88526260 29.96457000 1.77165260
v 58.15547299 29.96457000 32.63779646
v 58.15547281 29.96457000 34.21260000
v 56.58067121 29.96457000 1.77165739
v 56.58066974 29.96457000 32.63779686
v 76.88526260 28.38976701 1.77165260
v 58.15547281 29.96457000 34.21260000
v 58.15547281 28.38976701 34.21260000
v 76.88526260 29.96457000 1.77165260
v 76.88526260 28.38976701 1.77165260
v 58.15547299 28.38976701 32.63779646
v 56.58067121 28.38976701 1.77165739
v 58.15547281 28.38976701 34.21260000
v 56.58066974 28.38976701 32.63779686
v 89.02161533 18.40157701 17.96682423
v 89.02161700 19.97638000 1.77165199
v 89.02161533 19.97638000 17.96682423
v 89.02161700 18.40157701 1.77165199
v 89.02161700 19.97638000 1.77165199
v 75.06683268 18.40157701 1.77165528
v 75.06683268 19.97638000 1.77165528
v 89.02161700 18.40157701 1.77165199
v 75.06683268 19.97638000 1.77165528
v 57.24625962 18.40157701 32.63779334
v 57.24625962 19.97638000 32.63779334
v 75.06683268 18.40157701 1.77165528
v 58.15547272 18.40157701 32.63779387
v 57.24625962 19.97638000 32.63779334
v 57.24625962 18.40157701 32.63779334
v 58.15547272 19.97638000 32.63779387
v 58.15547272 18.40157701 32.63779387
v 58.15547281 19.97638000 35.78740000
v 58.15547272 19.97638000 32.63779387
v 58.15547281 18.40157701 35.78740000
v 89.02161700 19.97638000 1.77165199
v 58.15547281 19.97638000 35.78740000
v 89.02161533 19.97638000 17.96682423
v 58.15547272 19.97638000 32.63779387
v 57.24625962 19.97638000 32.63779334
v 75.06683268 19.97638000 1.77165528
v 89.02161533 18.40157701 17.96682423
v 58.15547281 19.97638000 35.78740000
v 58.15547281 18.40157701 35.78740000
v 89.02161533 19.97638000 17.96682423
v 58.15547272 18.40157701 32.63779387
v 89.02161533 18.40157701 17.96682423
v 58.15547281 18.40157701 35.78740000
v 89.02161700 18.40157701 1.77165199
v 57.24625962 18.40157701 32.63779334
v 75.06683268 18.40157701 1.77165528
v 56.58067281 8.41338601 35.78739695
v 56.58067281 9.98818900 37.16535000
v 56.58067281 9.98818900 35.78739695
v 56.58067281 8.41338601 37.16535000
v 89.02161367 8.41338601 37.16535000
v 89.02161367 9.98818900 16.14839939
v 89.02161367 9.98818900 37.16535000
v 89.02161367 8.41338601 16.14839939
v 89.02161367 9.98818900 16.14839939
v 58.15547580 8.41338601 33.96897105
v 58.15547580 9.98818900 33.96897105
v 89.02161367 8.41338601 16.14839939
v 58.15547580 8.41338601 33.96897105
v 58.15547580 9.98818900 35.78739695
v 58.15547580 9.98818900 33.96897105
v 58.15547580 8.41338601 35.78739695
v 89.02161367 9.98818900 16.14839939
v 56.58067281 9.98818900 37.16535000
v 89.02161367 9.98818900 37.16535000
v 58.15547580 9.98818900 35.78739695
v 58.15547580 9.98818900 33.96897105
v 56.58067281 9.98818900 35.78739695
v 58.15547580 9.98818900 35.78739695
v 56.58067281 8.41338601 35.78739695
v 56.58067281 9.98818900 35.78739695
v 58.15547580 8.41338601 35.78739695
v 89.02161367 8.41338601 37.16535000
v 56.58067281 9.98818900 37.16535000
v 56.58067281 8.41338601 37.16535000
v 89.02161367 9.98818900 37.16535000
v 56.58067281 8.41338601 35.78739695
v 89.02161367 8.41338601 37.16535000
v 56.58067281 8.41338601 37.16535000
v 58.15547580 8.41338601 35.78739695
v 89.02161367 8.41338601 16.14839939
v 58.15547580 8.41338601 33.96897105
v 90.59640913 95.90548687 0.00000144
v -10.30909319 -0.00000019 0.00000144
v 90.59640913 -0.00000019 0.00000144
v -2.43507738 91.96850567 0.00000144
v 83.94287519 95.90548687 0.00000144
v -2.43507738 99.88188152 0.00000144
v 83.94287519 99.88188152 0.00000144
v -10.30909319 91.96850567 0.00000144
v -10.30909319 99.88188152 49.32563210
v -2.43507738 99.88188152 36.18110419
v -10.30909319 99.88188152 -7.87401055
v 90.59640913 99.88188152 49.32563210
v 83.94287519 99.88188152 36.18110419
v 83.94287519 99.88188152 0.00000144
v 90.59640913 99.88188152 -7.87401055
v -2.43507738 99.88188152 0.00000144
v 90.59640913 95.90548687 0.00000144
v 83.94287519 95.90548687 36.18110419
v 83.94287519 95.90548687 0.00000144
v 90.59640913 95.90548687 36.18110419
v -2.43507738 99.88188152 36.18110419
v 90.59640913 91.96850567 36.18110419
v -2.43507738 91.96850567 36.18110419
v 83.94287519 95.90548687 36.18110419
v 90.59640913 95.90548687 36.18110419
v 83.94287519 99.88188152 36.18110419
v 83.94287519 99.88188152 0.00000144
v 83.94287519 95.90548687 36.18110419
v 83.94287519 99.88188152 36.18110419
v 83.94287519 95.90548687 0.00000144
v -2.43507738 91.96850567 0.00000144
v -10.30909319 91.96850567 49.32563210
v -10.30909319 91.96850567 0.00000144
v -2.43507738 91.96850567 36.18110419
v 90.59640913 91.96850567 49.32563210
v 90.59640913 91.96850567 36.18110419
v -2.43507738 91.96850567 0.00000144
v -2.43507738 99.88188152 36.18110419
v -2.43507738 91.96850567 36.18110419
v -2.43507738 99.88188152 0.00000144
v 90.59640913 -0.00000019 49.32563210
v -10.30909319 -0.00000019 0.00000144
v -10.30909319 -0.00000019 49.32563210
v 90.59640913 -0.00000019 0.00000144
v 90.59640913 -7.87401600 -7.87401055
v 90.59640913 -0.00000019 49.32563210
v 90.59640913 -7.87401600 49.32563210
v 90.59640913 -0.00000019 0.00000144
v 90.59640913 95.90548687 0.00000144
v 90.59640913 91.96850567 36.18110419
v 90.59640913 99.88188152 49.32563210
v 90.59640913 91.96850567 49.32563210
v 90.59640913 95.90548687 36.18110419
v 90.59640913 99.88188152 -7.87401055
v -10.30909319 99.88188152 -7.87401055
v 90.59640913 -7.87401600 -7.87401055
v -10.30909319 -7.87401600 -7.87401055
v 90.59640913 99.88188152 -7.87401055
v 90.59640913 99.88188152 49.32563210
v -10.30909319 91.96850567 49.32563210
v 90.59640913 91.96850567 49.32563210
v -10.30909319 99.88188152 49.32563210
v 90.59640913 -0.00000019 49.32563210
v -10.30909319 -7.87401600 49.32563210
v 90.59640913 -7.87401600 49.32563210
v -10.30909319 -0.00000019 49.32563210
v 90.59640913 -7.87401600 -7.87401055
v -10.30909319 -7.87401600 49.32563210
v -10.30909319 -7.87401600 -7.87401055
v 90.59640913 -7.87401600 49.32563210
v -10.30909319 99.88188152 -7.87401055
v -10.30909319 91.96850567 49.32563210
v -10.30909319 99.88188152 49.32563210
v -10.30909319 91.96850567 0.00000144
v -10.30909319 -0.00000019 0.00000144
v -10.30909319 -7.87401600 49.32563210
v -10.30909319 -0.00000019 49.32563210
v -10.30909319 -7.87401600 -7.87401055
v 83.94287318 99.88189000 36.18110000
v 63.07673281 99.88189000 0.00000106
v 63.07673281 99.88189000 36.18110000
v 83.94287318 99.88189000 0.00000106
v 63.07673281 99.88189000 0.00000106
v 83.94287318 95.90551204 0.00000106
v 63.07673281 95.90551204 0.00000106
v 83.94287318 99.88189000 0.00000106
v 63.07673281 99.88189000 0.00000106
v 63.07673281 95.90551204 36.18110000
v 63.07673281 99.88189000 36.18110000
v 63.07673281 95.90551204 0.00000106
v 83.94287318 99.88189000 36.18110000
v 63.07673281 95.90551204 36.18110000
v 83.94287318 95.90551204 36.18110000
v 63.07673281 99.88189000 36.18110000
v 83.94287318 95.90551204 0.00000106
v 83.94287318 99.88189000 36.18110000
v 83.94287318 95.90551204 36.18110000
v 83.94287318 99.88189000 0.00000106
v 83.94287318 95.90551204 0.00000106
v 63.07673281 95.90551204 36.18110000
v 63.07673281 95.90551204 0.00000106
v 83.94287318 95.90551204 36.18110000
v 90.59641784 -0.00000000 0.19684997
v 88.23421281 -0.00000000 2.55905500
v 88.23421281 -0.00000000 0.19684997
v 90.59641784 -0.00000000 2.55905500
v 90.59641784 18.40156937 2.55905500
v 88.23421281 -0.00000000 2.55905500
v 90.59641784 -0.00000000 2.55905500
v 88.23421281 18.40156937 2.55905500
v 88.23421281 18.40156937 0.19684997
v 88.23421281 -0.00000000 2.55905500
v 88.23421281 18.40156937 2.55905500
v 88.23421281 -0.00000000 0.19684997
v 88.23421281 18.40156937 0.19684997
v 90.59641784 -0.00000000 0.19684997
v 88.23421281 -0.00000000 0.19684997
v 90.59641784 18.40156937 0.19684997
v 90.59641784 -0.00000000 0.19684997
v 90.59641784 18.40156937 2.55905500
v 90.59641784 -0.00000000 2.55905500
v 90.59641784 18.40156937 0.19684997
v 90.59641784 18.40156937 2.55905500
v 88.23421281 18.40156937 0.19684997
v 88.23421281 18.40156937 2.55905500
v 90.59641784 18.40156937 0.19684997
v -0.07287219 98.30708701 1.77165963
v -2.43507722 99.88189000 1.77165963
v -0.07287219 99.88189000 1.77165963
v -2.43507722 98.30708701 1.77165963
v -2.43507722 98.30708701 33.42520162
v -0.07287219 99.88189000 33.42520162
v -2.43507722 99.88189000 33.42520162
v -0.07287219 98.30708701 33.42520162
v -0.07287219 99.88189000 1.77165963
v -2.43507722 99.88189000 33.42520162
v -0.07287219 99.88189000 33.42520162
v -2.43507722 99.88189000 1.77165963
v -0.07287219 98.30708701 1.77165963
v -0.07287219 99.88189000 33.42520162
v -0.07287219 98.30708701 33.42520162
v -0.07287219 99.88189000 1.77165963
v -2.43507722 99.88189000 1.77165963
v -2.43507722 98.30708701 33.42520162
v -2.43507722 99.88189000 33.42520162
v -2.43507722 98.30708701 1.77165963
v -2.43507722 98.30708701 33.42520162
v -0.07287219 98.30708701 1.77165963
v -0.07287219 98.30708701 33.42520162
v -2.43507722 98.30708701 1.77165963
vt 0.32226507 0.02517845
vt 0.28432145 0.06244676
vt 0.46362968 0.06771397
vt 0.27960329 0.06808250
vt 0.32189826 0.02611884
vt 0.46399625 0.06865448
vt 0.32189826 0.11658301
vt 0.46399625 0.00814204
vt 0.32263181 0.02611884
vt 0.28395475 0.06338733
vt 0.32263181 0.11658301
vt 0.28395475 0.04280797
vt 0.28468814 0.06338733
vt 0.27923675 0.06902300
vt 0.28468814 0.04280797
vt 0.27923675 0.04756025
vt 0.46326288 0.06865448
vt 0.46326288 0.00814204
vt 0.32158762 0.11752852
vt 0.46430714 0.00908754
vt 0.32158762 0.11627772
vt 0.46430714 0.08508506
vt 0.32294276 0.11752852
vt 0.28364388 0.04375348
vt 0.32294276 0.11627772
vt 0.28364388 0.06734746
vt 0.27997007 0.06902300
vt 0.27997007 0.04756025
vt 0.28499901 0.04375348
vt 0.27892587 0.04850575
vt 0.28499901 0.06734746
vt 0.27892587 0.07049926
vt 0.47628765 0.04837030
vt 0.47816721 0.08524092
vt 0.47628765 0.08542796
vt 0.26606904 0.04837030
vt 0.47976060 0.08470856
vt 0.48082550 0.08391190
vt 0.48119926 0.08297210
vt 0.48119926 0.12128246
vt 0.26115739 0.08297210
vt 0.26153139 0.08391190
vt 0.26259605 0.08470856
vt 0.26418945 0.08524092
vt 0.26606904 0.08542796
vt 0.47628765 0.11882667
vt 0.26606904 0.05459663
vt 0.47628765 0.05459663
vt 0.47816721 0.11901358
vt 0.47976060 0.11954588
vt 0.48082550 0.12034267
vt 0.26115739 0.12128246
vt 0.26153139 0.12034267
vt 0.26259605 0.11954588
vt 0.26418945 0.11901358
vt 0.26606904 0.11882667
vt 0.46295199 0.00908754
vt 0.46295199 0.08508506
vt 0.32137976 0.11723024
vt 0.46451499 0.06959552
vt 0.46451499 0.08603759
vt 0.32137976 0.03691043
vt 0.32315031 0.11723024
vt 0.28343616 0.06829999
vt 0.32315031 0.03691043
vt 0.28343616 0.01981720
vt 0.38075604 0.02814989
vt 0.34146299 0.08542796
vt 0.34146299 0.04837030
vt 0.38075604 0.08542796
vt 0.37887656 0.08524092
vt 0.34334258 0.08524092
vt 0.37728311 0.08470856
vt 0.34493591 0.08470856
vt 0.37621827 0.08391190
vt 0.34600063 0.08391190
vt 0.37584445 0.08297210
vt 0.34637458 0.08297210
vt 0.37584445 0.12128246
vt 0.34637458 0.12128246
vt 0.37621827 0.12034267
vt 0.34600063 0.12034267
vt 0.37728311 0.11954588
vt 0.34493591 0.11954588
vt 0.37887656 0.11901358
vt 0.34334258 0.11901358
vt 0.38075604 0.11882667
vt 0.34146299 0.11882667
vt 0.38075604 0.03437623
vt 0.34146299 0.05459663
vt 0.28028095 0.04850575
vt 0.28028095 0.07049926
vt 0.28520673 0.06829999
vt 0.27871802 0.07145191
vt 0.27871802 0.02091832
vt 0.28520673 0.01981720
vt 0.41620192 0.05248230
vt 0.45549510 0.02428905
vt 0.41620192 0.02428905
vt 0.45549510 0.05248230
vt 0.41415546 0.08542796
vt 0.37486218 0.02814989
vt 0.41415546 0.04837030
vt 0.37486218 0.08542796
vt 0.41227587 0.08524092
vt 0.37674189 0.08524092
vt 0.41068230 0.08470856
vt 0.37833534 0.08470856
vt 0.37939994 0.08391190
vt 0.40961758 0.08391190
vt 0.40924388 0.08297210
vt 0.37977377 0.08297210
vt 0.40924388 0.12128246
vt 0.37977377 0.12128246
vt 0.40961758 0.12034267
vt 0.37939994 0.12034267
vt 0.41068230 0.11954588
vt 0.37833534 0.11954588
vt 0.41227587 0.11901358
vt 0.37674189 0.11901358
vt 0.41415546 0.11882667
vt 0.37486218 0.11882667
vt 0.41415546 0.05459663
vt 0.37486218 0.03437623
vt 0.48411089 0.04198639
vt 0.44383093 0.03747104
vt 0.48144700 0.05215167
vt 0.29206920 0.08103564
vt 0.48374408 0.04292690
vt 0.48374408 0.03298768
vt 0.48181381 0.05309221
vt 0.48181381 0.08066723
vt 0.48447733 0.04292690
vt 0.48447733 0.03298768
vt 0.48478822 0.03393319
vt 0.48478822 0.10027973
vt 0.48343320 0.03393319
vt 0.48343320 0.10027973
vt 0.48212469 0.08161280
vt 0.48212469 0.09117321
vt 0.48322558 0.10123237
vt 0.48322558 0.03731161
vt 0.48233231 0.09212579
vt 0.48233231 0.11530437
vt 0.48499607 0.10123237
vt 0.48499607 0.03731161
vt 0.48315241 0.03826908
vt 0.48315241 0.12128246
vt 0.48240548 0.11626189
vt 0.48240548 0.12128246
vt 0.48506900 0.03826908
vt 0.48506900 0.12128246
vt 0.48315241 0.08297210
vt 0.48315241 0.07440300
vt 0.48240548 0.08297210
vt 0.48240548 0.12116622
vt 0.48506900 0.08297210
vt 0.48506900 0.07440300
vt 0.48322558 0.07536064
vt 0.48322558 0.02206478
vt 0.48233231 0.12212375
vt 0.48233231 0.03117136
vt 0.48499607 0.07536064
vt 0.48499607 0.02206478
vt 0.48343320 0.02301731
vt 0.48343320 0.08044266
vt 0.48212469 0.03212388
vt 0.48212469 0.03276300
vt 0.48478822 0.02301731
vt 0.48478822 0.08044266
vt 0.48374408 0.08138823
vt 0.48374408 0.10072824
vt 0.48181381 0.03370850
vt 0.48181381 0.09056295
vt 0.48447733 0.08138823
vt 0.48447733 0.10072824
vt 0.48411089 0.10166878
vt 0.44383093 0.10618417
vt 0.48144700 0.09150347
vt 0.29206920 0.06261945
vt 0.41620198 0.03874055
vt 0.37690881 0.06693363
vt 0.41620198 0.06693363
vt 0.37690881 0.03874055
vt 0.46362968 0.07594125
vt 0.27960329 0.07557272
vt 0.32226507 0.11847676
vt 0.28432145 0.08120834
vt 0.46399625 0.07500071
vt 0.46399625 0.10623384
vt 0.32189826 0.11753622
vt 0.32189826 0.12254867
vt 0.46326288 0.07500071
vt 0.46326288 0.10623384
vt 0.46295199 0.10528831
vt 0.46295199 0.03821209
vt 0.46430714 0.10528831
vt 0.46430714 0.03821209
vt 0.32158762 0.12160315
vt 0.32158762 0.00701949
vt 0.46451499 0.03725956
vt 0.46451499 0.04307668
vt 0.32137976 0.00606685
vt 0.32137976 0.07576183
vt 0.46274438 0.03725956
vt 0.46274438 0.04307668
vt 0.46458780 0.04211916
vt 0.46458780 0.08297210
vt 0.32130695 0.07480437
vt 0.32130695 0.08297210
vt 0.46267133 0.04211916
vt 0.46267133 0.08297210
vt 0.46458780 0.12128246
vt 0.46458780 0.07055304
vt 0.32130695 0.03786783
vt 0.32130695 0.12128246
vt 0.46267133 0.12128246
vt 0.46267133 0.07055304
vt 0.46274438 0.06959552
vt 0.46274438 0.08603759
vt 0.32322342 0.03786783
vt 0.28336323 0.02077472
vt 0.32322342 0.12128246
vt 0.28336323 0.12128246
vt 0.48954918 0.03437623
vt 0.27933057 0.11882667
vt 0.27933057 0.03437623
vt 0.27745101 0.11901358
vt 0.27585762 0.11954588
vt 0.27479295 0.12034267
vt 0.27441895 0.12128246
vt 0.49446083 0.12128246
vt 0.49408706 0.12034267
vt 0.49302216 0.11954588
vt 0.49142877 0.11901358
vt 0.48954918 0.11882667
vt 0.27745101 0.08524092
vt 0.27933057 0.02814989
vt 0.27933057 0.08542796
vt 0.48954918 0.02814989
vt 0.27585762 0.08470856
vt 0.27479295 0.08391190
vt 0.27441895 0.08297210
vt 0.49446083 0.08297210
vt 0.49408706 0.08391190
vt 0.49302216 0.08470856
vt 0.49142877 0.08524092
vt 0.48954918 0.08542796
vt 0.28048857 0.07145191
vt 0.28048857 0.02091832
vt 0.28056168 0.02187585
vt 0.28056168 0.12128246
vt 0.27864517 0.02187585
vt 0.27864517 0.12128246
vt 0.28527966 0.02077472
vt 0.28527966 0.12128246
vt 0.27864517 0.08297210
vt 0.27864517 0.09079641
vt 0.28527966 0.08297210
vt 0.28527966 0.09189754
vt 0.28056168 0.08297210
vt 0.28056168 0.09079641
vt 0.27871802 0.09175393
vt 0.27871802 0.05184527
vt 0.28520673 0.09285500
vt 0.28520673 0.05499723
vt 0.28048857 0.09175393
vt 0.28048857 0.05184527
vt 0.27892587 0.05279780
vt 0.27892587 0.06586992
vt 0.28499901 0.05594975
vt 0.28499901 0.07062229
vt 0.28028095 0.05279780
vt 0.28028095 0.06586992
vt 0.27997007 0.06681546
vt 0.27997007 0.07463215
vt 0.27923675 0.06681546
vt 0.27923675 0.07463215
vt 0.28468814 0.07156779
vt 0.28468814 0.08026789
vt 0.28054817 0.10212678
vt 0.28054817 0.01647289
vt 0.28091474 0.10306729
vt 0.30237994 0.10758261
vt 0.45270824 0.02594196
vt 0.28501199 0.12181384
vt 0.28128148 0.10212678
vt 0.28128148 0.01647289
vt 0.45234155 0.02500142
vt 0.45234155 0.03708413
vt 0.28159237 0.01552732
vt 0.28159237 0.06398965
vt 0.45203067 0.03613863
vt 0.45203067 0.03564660
vt 0.28023729 0.01552732
vt 0.28023729 0.06398965
vt 0.28002944 0.06303700
vt 0.28002944 0.00250993
vt 0.28179998 0.06303700
vt 0.28179998 0.00250993
vt 0.45182305 0.03469395
vt 0.45182305 0.03619056
vt 0.27995662 0.00155235
vt 0.27995662 0.08297210
vt 0.28187309 0.00155235
vt 0.28187309 0.08297210
vt 0.45174988 0.03523304
vt 0.45174988 0.08297210
vt 0.27995662 0.12128246
vt 0.27995662 0.11111979
vt 0.28187309 0.12128246
vt 0.28187309 0.11111979
vt 0.45174988 0.12128246
vt 0.45174988 0.07743916
vt 0.28179998 0.11016227
vt 0.28179998 0.06026003
vt 0.45182305 0.07648170
vt 0.45182305 0.08860308
vt 0.28002944 0.11016227
vt 0.28002944 0.06026003
vt 0.28159237 0.05930757
vt 0.28159237 0.09884841
vt 0.45203067 0.08765055
vt 0.45203067 0.07823714
vt 0.28023729 0.05930757
vt 0.28023729 0.09884841
vt 0.28054817 0.09790289
vt 0.28054817 0.04152847
vt 0.28128148 0.09790289
vt 0.28128148 0.04152847
vt 0.45234155 0.07729160
vt 0.45234155 0.11865377
vt 0.28091474 0.04058793
vt 0.30237994 0.03607250
vt 0.45270824 0.11771326
vt 0.28501199 0.02184137
vt 0.44419767 0.10524366
vt 0.44419767 0.11218276
vt 0.29170239 0.06167903
vt 0.29170239 0.09500007
vt 0.44346436 0.10524366
vt 0.44346436 0.11218276
vt 0.44450856 0.11123724
vt 0.44450856 0.12490030
vt 0.29139151 0.09405455
vt 0.29139151 0.03076140
vt 0.44315348 0.11123724
vt 0.44315348 0.12490030
vt 0.44294563 0.12394768
vt 0.44294563 0.07336017
vt 0.44471617 0.12394768
vt 0.44471617 0.07336017
vt 0.29118389 0.02980890
vt 0.29118389 0.04047389
vt 0.44287275 0.07240265
vt 0.44287275 0.08297210
vt 0.44478929 0.07240265
vt 0.44478929 0.08297210
vt 0.29111072 0.03951643
vt 0.29111072 0.08297210
vt 0.44287275 0.12128246
vt 0.44287275 0.04026961
vt 0.44478929 0.12128246
vt 0.44478929 0.04026961
vt 0.29111072 0.12128246
vt 0.29111072 0.07315577
vt 0.44294563 0.03931208
vt 0.44294563 0.12410530
vt 0.44471617 0.03931208
vt 0.44471617 0.12410530
vt 0.29118389 0.07219837
vt 0.29118389 0.09348825
vt 0.44315348 0.12315277
vt 0.44315348 0.00313860
vt 0.44450856 0.12315277
vt 0.44450856 0.00313860
vt 0.29139151 0.09253561
vt 0.29139151 0.02032124
vt 0.44346436 0.00219304
vt 0.44346436 0.03841155
vt 0.44419767 0.00219304
vt 0.44419767 0.03841155
vt 0.29170239 0.01937568
vt 0.29170239 0.08197621
vt 0.25774224 0.01091698
vt 0.25774224 0.05253558
vt 0.25737554 0.00997642
vt 0.26111616 0.01034501
vt 0.48213774 0.01154625
vt 0.42251213 0.04881470
vt 0.25700886 0.01091698
vt 0.25700886 0.05253558
vt 0.48250442 0.01248682
vt 0.48250442 0.05385932
vt 0.25669799 0.05348111
vt 0.25669799 0.11196090
vt 0.48281529 0.05480484
vt 0.48281529 0.11283888
vt 0.25805312 0.05348111
vt 0.25805312 0.11196090
vt 0.25826083 0.11291354
vt 0.25826083 0.00380029
vt 0.25649027 0.11291354
vt 0.25649027 0.00380029
vt 0.48302301 0.11379141
vt 0.48302301 0.00410695
vt 0.25833377 0.00475781
vt 0.25833377 0.12128246
vt 0.25641734 0.00475781
vt 0.25641734 0.12128246
vt 0.48309594 0.00506447
vt 0.48309594 0.12128246
vt 0.25833377 0.08297210
vt 0.25833377 0.10791445
vt 0.25641734 0.08297210
vt 0.25641734 0.10791445
vt 0.48309594 0.08297210
vt 0.48309594 0.10760767
vt 0.25826083 0.10887191
vt 0.25826083 0.01038367
vt 0.25649027 0.10887191
vt 0.25649027 0.01038367
vt 0.48302301 0.10856525
vt 0.48302301 0.00950575
vt 0.25805312 0.01133620
vt 0.25805312 0.06089471
vt 0.25669799 0.01133620
vt 0.25669799 0.06089471
vt 0.48281529 0.01045827
vt 0.48281529 0.05957092
vt 0.25774224 0.06184022
vt 0.25774224 0.00798237
vt 0.25700886 0.06184022
vt 0.25700886 0.00798237
vt 0.48250442 0.06051643
vt 0.48250442 0.00641254
vt 0.25737554 0.00892276
vt 0.26111616 0.00855423
vt 0.48213774 0.00735310
vt 0.42251213 0.09484048
vt 0.48108056 0.05309221
vt 0.48108056 0.08066723
vt 0.29243565 0.01937568
vt 0.29243565 0.08197621
vt 0.48076967 0.08161280
vt 0.48076967 0.09117321
vt 0.29274653 0.09253561
vt 0.29274653 0.02032124
vt 0.48056182 0.09212579
vt 0.48056182 0.11530437
vt 0.29295438 0.07219837
vt 0.29295438 0.09348825
vt 0.48048889 0.11626189
vt 0.48048889 0.12128246
vt 0.29302732 0.12128246
vt 0.29302732 0.07315577
vt 0.48048889 0.08297210
vt 0.48048889 0.12116622
vt 0.29302732 0.03951643
vt 0.29302732 0.08297210
vt 0.48056182 0.12212375
vt 0.48056182 0.03117136
vt 0.29295438 0.02980890
vt 0.29295438 0.04047389
vt 0.48076967 0.03212388
vt 0.48076967 0.03276300
vt 0.29274653 0.09405455
vt 0.29274653 0.03076140
vt 0.48108056 0.03370850
vt 0.48108056 0.09056295
vt 0.29243565 0.06167903
vt 0.29243565 0.09500007
vt 0.32263181 0.11753622
vt 0.32263181 0.12254867
vt 0.28395475 0.07156779
vt 0.28395475 0.08026789
vt 0.32294276 0.12160315
vt 0.32294276 0.00701949
vt 0.28364388 0.05594975
vt 0.28364388 0.07062229
vt 0.32315031 0.00606685
vt 0.32315031 0.07576183
vt 0.28343616 0.09285500
vt 0.28343616 0.05499723
vt 0.32322342 0.07480437
vt 0.32322342 0.08297210
vt 0.28336323 0.08297210
vt 0.28336323 0.09189754
vt 0.30201313 0.03701304
vt 0.30201313 0.06710826
vt 0.28537880 0.02278187
vt 0.28537880 0.01600005
vt 0.30274650 0.03701304
vt 0.30274650 0.06710826
vt 0.30305739 0.06805382
vt 0.30305739 0.08218043
vt 0.30170225 0.06805382
vt 0.30170225 0.08218043
vt 0.28568968 0.01694558
vt 0.28568968 0.08901301
vt 0.30149475 0.08313302
vt 0.30149475 0.11216268
vt 0.28589718 0.08996554
vt 0.28589718 0.03337569
vt 0.30326524 0.08313302
vt 0.30326524 0.11216268
vt 0.30142158 0.11312020
vt 0.30142158 0.12128246
vt 0.28597035 0.03433328
vt 0.28597035 0.12128246
vt 0.30333805 0.11312020
vt 0.30333805 0.12128246
vt 0.30142158 0.08297210
vt 0.30142158 0.12430774
vt 0.28597035 0.08297210
vt 0.28597035 0.07833892
vt 0.30333805 0.08297210
vt 0.30333805 0.12430774
vt 0.30149475 0.00061023
vt 0.30149475 0.04016413
vt 0.28589718 0.07929656
vt 0.28589718 0.03333150
vt 0.30326524 0.00061023
vt 0.30326524 0.04016413
vt 0.30170225 0.04111678
vt 0.30170225 0.04632197
vt 0.28568968 0.03428414
vt 0.28568968 0.09743018
vt 0.30305739 0.04111678
vt 0.30305739 0.04632197
vt 0.30274650 0.04726748
vt 0.30274650 0.10664210
vt 0.30201313 0.04726748
vt 0.30201313 0.10664210
vt 0.28537880 0.09837569
vt 0.28537880 0.12087330
vt 0.26148297 0.00761384
vt 0.26148297 0.02242183
vt 0.42214533 0.09389997
vt 0.42214533 0.00953555
vt 0.26074948 0.00761384
vt 0.26074948 0.02242183
vt 0.26043859 0.02147632
vt 0.26043859 0.02592200
vt 0.26179385 0.02147632
vt 0.26179385 0.02592200
vt 0.42183468 0.00859004
vt 0.42183468 0.05938853
vt 0.26200147 0.02496935
vt 0.26200147 0.03279331
vt 0.42162689 0.05843600
vt 0.42162689 0.00090262
vt 0.26023098 0.02496935
vt 0.26023098 0.03279331
vt 0.26207440 0.03183578
vt 0.26207440 0.08297210
vt 0.42155402 0.12470095
vt 0.42155402 0.08297210
vt 0.26015805 0.03183578
vt 0.26015805 0.08297210
vt 0.26207440 0.12128246
vt 0.26207440 0.08083642
vt 0.42155402 0.12128246
vt 0.42155402 0.11272710
vt 0.26015805 0.12128246
vt 0.26015805 0.08083642
vt 0.26200147 0.07987889
vt 0.26200147 0.09832768
vt 0.42162689 0.11176964
vt 0.42162689 0.06486115
vt 0.26023098 0.07987889
vt 0.26023098 0.09832768
vt 0.26179385 0.09737515
vt 0.26179385 0.09289944
vt 0.42183468 0.06390856
vt 0.42183468 0.10578572
vt 0.26043859 0.09737515
vt 0.26043859 0.09289944
vt 0.26074948 0.09195390
vt 0.26074948 0.01128551
vt 0.26148297 0.09195390
vt 0.26148297 0.01128551
vt 0.42214533 0.10484018
vt 0.42214533 0.04975524
vt 0.45307481 0.02500142
vt 0.45307481 0.03708413
vt 0.28464542 0.09837569
vt 0.28464542 0.12087330
vt 0.45338569 0.03613863
vt 0.45338569 0.03564660
vt 0.28433454 0.03428414
vt 0.28433454 0.09743018
vt 0.45359354 0.03469395
vt 0.45359354 0.03619056
vt 0.28412669 0.07929656
vt 0.28412669 0.03333150
vt 0.45366636 0.03523304
vt 0.45366636 0.08297210
vt 0.28405387 0.08297210
vt 0.28405387 0.07833892
vt 0.45366636 0.12128246
vt 0.45366636 0.07743916
vt 0.28405387 0.03433328
vt 0.28405387 0.12128246
vt 0.45359354 0.07648170
vt 0.45359354 0.08860308
vt 0.28412669 0.08996554
vt 0.28412669 0.03337569
vt 0.45338569 0.08765055
vt 0.45338569 0.07823714
vt 0.28433454 0.01694558
vt 0.28433454 0.08901301
vt 0.45307481 0.07729160
vt 0.45307481 0.11865377
vt 0.28464542 0.02278187
vt 0.28464542 0.01600005
vt 0.48177104 0.01248682
vt 0.48177104 0.05385932
vt 0.42287894 0.10484018
vt 0.42287894 0.04975524
vt 0.48146016 0.05480484
vt 0.48146016 0.11283888
vt 0.42318982 0.06390856
vt 0.42318982 0.10578572
vt 0.48125245 0.11379141
vt 0.48125245 0.00410695
vt 0.42339738 0.11176964
vt 0.42339738 0.06486115
vt 0.48117951 0.00506447
vt 0.48117951 0.12128246
vt 0.42347025 0.12128246
vt 0.42347025 0.11272710
vt 0.48117951 0.08297210
vt 0.48117951 0.10760767
vt 0.42347025 0.12470095
vt 0.42347025 0.08297210
vt 0.48125245 0.10856525
vt 0.48125245 0.00950575
vt 0.42339738 0.05843600
vt 0.42339738 0.00090262
vt 0.48146016 0.01045827
vt 0.48146016 0.05957092
vt 0.42318982 0.00859004
vt 0.42318982 0.05938853
vt 0.48177104 0.06051643
vt 0.48177104 0.00641254
vt 0.42287894 0.09389997
vt 0.42287894 0.00953555
vt 0.32226507 0.02517845
vt 0.28432145 0.06244676
vt 0.46362968 0.06771397
vt 0.27960329 0.06808250
vt 0.32189826 0.02611884
vt 0.46399625 0.06865448
vt 0.32189826 0.11658301
vt 0.46399625 0.00814204
vt 0.32263181 0.02611884
vt 0.28395475 0.06338733
vt 0.32263181 0.11658301
vt 0.28395475 0.04280797
vt 0.28468814 0.06338733
vt 0.27923675 0.06902300
vt 0.28468814 0.04280797
vt 0.27923675 0.04756025
vt 0.46326288 0.06865448
vt 0.46326288 0.00814204
vt 0.32158762 0.11752852
vt 0.46430714 0.00908754
vt 0.32158762 0.11627772
vt 0.46430714 0.08508506
vt 0.32294276 0.11752852
vt 0.28364388 0.04375348
vt 0.32294276 0.11627772
vt 0.28364388 0.06734746
vt 0.27997007 0.06902300
vt 0.27997007 0.04756025
vt 0.28499901 0.04375348
vt 0.27892587 0.04850575
vt 0.28499901 0.06734746
vt 0.27892587 0.07049926
vt 0.47628765 0.04837030
vt 0.47816721 0.08524092
vt 0.47628765 0.08542796
vt 0.26606904 0.04837030
vt 0.47976060 0.08470856
vt 0.48082550 0.08391190
vt 0.48119926 0.08297210
vt 0.48119926 0.12128246
vt 0.26115739 0.08297210
vt 0.26153139 0.08391190
vt 0.26259605 0.08470856
vt 0.26418945 0.08524092
vt 0.26606904 0.08542796
vt 0.47628765 0.11882667
vt 0.26606904 0.05459663
vt 0.47628765 0.05459663
vt 0.47816721 0.11901358
vt 0.47976060 0.11954588
vt 0.48082550 0.12034267
vt 0.26115739 0.12128246
vt 0.26153139 0.12034267
vt 0.26259605 0.11954588
vt 0.26418945 0.11901358
vt 0.26606904 0.11882667
vt 0.46295199 0.00908754
vt 0.46295199 0.08508506
vt 0.32137976 0.11723024
vt 0.46451499 0.06959552
vt 0.46451499 0.08603759
vt 0.32137976 0.03691043
vt 0.32315031 0.11723024
vt 0.28343616 0.06829999
vt 0.32315031 0.03691043
vt 0.28343616 0.01981720
vt 0.38075604 0.02814989
vt 0.34146299 0.08542796
vt 0.34146299 0.04837030
vt 0.38075604 0.08542796
vt 0.37887656 0.08524092
vt 0.34334258 0.08524092
vt 0.37728311 0.08470856
vt 0.34493591 0.08470856
vt 0.37621827 0.08391190
vt 0.34600063 0.08391190
vt 0.37584445 0.08297210
vt 0.34637458 0.08297210
vt 0.37584445 0.12128246
vt 0.34637458 0.12128246
vt 0.37621827 0.12034267
vt 0.34600063 0.12034267
vt 0.37728311 0.11954588
vt 0.34493591 0.11954588
vt 0.37887656 0.11901358
vt 0.34334258 0.11901358
vt 0.38075604 0.11882667
vt 0.34146299 0.11882667
vt 0.38075604 0.03437623
vt 0.34146299 0.05459663
vt 0.28028095 0.04850575
vt 0.28028095 0.07049926
vt 0.28520673 0.06829999
vt 0.27871802 0.07145191
vt 0.27871802 0.02091832
vt 0.28520673 0.01981720
vt 0.41620192 0.05248230
vt 0.45549510 0.02428905
vt 0.41620192 0.02428905
vt 0.45549510 0.05248230
vt 0.41415546 0.08542796
vt 0.37486218 0.02814989
vt 0.41415546 0.04837030
vt 0.37486218 0.08542796
vt 0.41227587 0.08524092
vt 0.37674189 0.08524092
vt 0.41068230 0.08470856
vt 0.37833534 0.08470856
vt 0.37939994 0.08391190
vt 0.40961758 0.08391190
vt 0.40924388 0.08297210
vt 0.37977377 0.08297210
vt 0.40924388 0.12128246
vt 0.37977377 0.12128246
vt 0.40961758 0.12034267
vt 0.37939994 0.12034267
vt 0.41068230 0.11954588
vt 0.37833534 0.11954588
vt 0.41227587 0.11901358
vt 0.37674189 0.11901358
vt 0.41415546 0.11882667
vt 0.37486218 0.11882667
vt 0.41415546 0.05459663
vt 0.37486218 0.03437623
vt 0.48411089 0.04198639
vt 0.44383093 0.03747104
vt 0.48144700 0.05215167
vt 0.29206920 0.08103564
vt 0.48374408 0.04292690
vt 0.48374408 0.03298768
vt 0.48181381 0.05309221
vt 0.48181381 0.08066723
vt 0.48447733 0.04292690
vt 0.48447733 0.03298768
vt 0.48478822 0.03393319
vt 0.48478822 0.10027973
vt 0.48343320 0.03393319
vt 0.48343320 0.10027973
vt 0.48212469 0.08161280
vt 0.48212469 0.09117321
vt 0.48322558 0.10123237
vt 0.48322558 0.03731161
vt 0.48233231 0.09212579
vt 0.48233231 0.11530437
vt 0.48499607 0.10123237
vt 0.48499607 0.03731161
vt 0.48315241 0.03826908
vt 0.48315241 0.12128246
vt 0.48240548 0.11626189
vt 0.48240548 0.12128246
vt 0.48506900 0.03826908
vt 0.48506900 0.12128246
vt 0.48315241 0.08297210
vt 0.48315241 0.07440300
vt 0.48240548 0.08297210
vt 0.48240548 0.12116622
vt 0.48506900 0.08297210
vt 0.48506900 0.07440300
vt 0.48322558 0.07536064
vt 0.48322558 0.02206478
vt 0.48233231 0.12212375
vt 0.48233231 0.03117136
vt 0.48499607 0.07536064
vt 0.48499607 0.02206478
vt 0.48343320 0.02301731
vt 0.48343320 0.08044266
vt 0.48212469 0.03212388
vt 0.48212469 0.03276300
vt 0.48478822 0.02301731
vt 0.48478822 0.08044266
vt 0.48374408 0.08138823
vt 0.48374408 0.10072824
vt 0.48181381 0.03370850
vt 0.48181381 0.09056295
vt 0.48447733 0.08138823
vt 0.48447733 0.10072824
vt 0.48411089 0.10166878
vt 0.44383093 0.10618417
vt 0.48144700 0.09150347
vt 0.29206920 0.06261945
vt 0.41620198 0.03874055
vt 0.37690881 0.06693363
vt 0.41620198 0.06693363
vt 0.37690881 0.03874055
vt 0.46362968 0.07594125
vt 0.27960329 0.07557272
vt 0.32226507 0.11847676
vt 0.28432145 0.08120834
vt 0.46399625 0.07500071
vt 0.46399625 0.10623384
vt 0.32189826 0.11753622
vt 0.32189826 0.12254867
vt 0.46326288 0.07500071
vt 0.46326288 0.10623384
vt 0.46295199 0.10528831
vt 0.46295199 0.03821209
vt 0.46430714 0.10528831
vt 0.46430714 0.03821209
vt 0.32158762 0.12160315
vt 0.32158762 0.00701949
vt 0.46451499 0.03725956
vt 0.46451499 0.04307668
vt 0.32137976 0.00606685
vt 0.32137976 0.07576183
vt 0.46274438 0.03725956
vt 0.46274438 0.04307668
vt 0.46458780 0.04211916
vt 0.46458780 0.08297210
vt 0.32130695 0.07480437
vt 0.32130695 0.08297210
vt 0.46267133 0.04211916
vt 0.46267133 0.08297210
vt 0.46458780 0.12128246
vt 0.46458780 0.07055304
vt 0.32130695 0.03786783
vt 0.32130695 0.12128246
vt 0.46267133 0.12128246
vt 0.46267133 0.07055304
vt 0.46274438 0.06959552
vt 0.46274438 0.08603759
vt 0.32322342 0.03786783
vt 0.28336323 0.02077472
vt 0.32322342 0.12128246
vt 0.28336323 0.12128246
vt 0.48954918 0.03437623
vt 0.27933057 0.11882667
vt 0.27933057 0.03437623
vt 0.27745101 0.11901358
vt 0.27585762 0.11954588
vt 0.27479295 0.12034267
vt 0.27441895 0.12128246
vt 0.49446083 0.12128246
vt 0.49408706 0.12034267
vt 0.49302216 0.11954588
vt 0.49142877 0.11901358
vt 0.48954918 0.11882667
vt 0.27745101 0.08524092
vt 0.27933057 0.02814989
vt 0.27933057 0.08542796
vt 0.48954918 0.02814989
vt 0.27585762 0.08470856
vt 0.27479295 0.08391190
vt 0.27441895 0.08297210
vt 0.49446083 0.08297210
vt 0.49408706 0.08391190
vt 0.49302216 0.08470856
vt 0.49142877 0.08524092
vt 0.48954918 0.08542796
vt 0.28048857 0.07145191
vt 0.28048857 0.02091832
vt 0.28056168 0.02187585
vt 0.28056168 0.12128246
vt 0.27864517 0.02187585
vt 0.27864517 0.12128246
vt 0.28527966 0.02077472
vt 0.28527966 0.12128246
vt 0.27864517 0.08297210
vt 0.27864517 0.09079641
vt 0.28527966 0.08297210
vt 0.28527966 0.09189754
vt 0.28056168 0.08297210
vt 0.28056168 0.09079641
vt 0.27871802 0.09175393
vt 0.27871802 0.05184527
vt 0.28520673 0.09285500
vt 0.28520673 0.05499723
vt 0.28048857 0.09175393
vt 0.28048857 0.05184527
vt 0.27892587 0.05279780
vt 0.27892587 0.06586992
vt 0.28499901 0.05594975
vt 0.28499901 0.07062229
vt 0.28028095 0.05279780
vt 0.28028095 0.06586992
vt 0.27997007 0.06681546
vt 0.27997007 0.07463215
vt 0.27923675 0.06681546
vt 0.27923675 0.07463215
vt 0.28468814 0.07156779
vt 0.28468814 0.08026789
vt 0.28054817 0.10212678
vt 0.28054817 0.01647289
vt 0.28091474 0.10306729
vt 0.30237994 0.10758261
vt 0.45270824 0.02594196
vt 0.28501199 0.12181384
vt 0.28128148 0.10212678
vt 0.28128148 0.01647289
vt 0.45234155 0.02500142
vt 0.45234155 0.03708413
vt 0.28159237 0.01552732
vt 0.28159237 0.06398965
vt 0.45203067 0.03613863
vt 0.45203067 0.03564660
vt 0.28023729 0.01552732
vt 0.28023729 0.06398965
vt 0.28002944 0.06303700
vt 0.28002944 0.00250993
vt 0.28179998 0.06303700
vt 0.28179998 0.00250993
vt 0.45182305 0.03469395
vt 0.45182305 0.03619056
vt 0.27995662 0.00155235
vt 0.27995662 0.08297210
vt 0.28187309 0.00155235
vt 0.28187309 0.08297210
vt 0.45174988 0.03523304
vt 0.45174988 0.08297210
vt 0.27995662 0.12128246
vt 0.27995662 0.11111979
vt 0.28187309 0.12128246
vt 0.28187309 0.11111979
vt 0.45174988 0.12128246
vt 0.45174988 0.07743916
vt 0.28179998 0.11016227
vt 0.28179998 0.06026003
vt 0.45182305 0.07648170
vt 0.45182305 0.08860308
vt 0.28002944 0.11016227
vt 0.28002944 0.06026003
vt 0.28159237 0.05930757
vt 0.28159237 0.09884841
vt 0.45203067 0.08765055
vt 0.45203067 0.07823714
vt 0.28023729 0.05930757
vt 0.28023729 0.09884841
vt 0.28054817 0.09790289
vt 0.28054817 0.04152847
vt 0.28128148 0.09790289
vt 0.28128148 0.04152847
vt 0.45234155 0.07729160
vt 0.45234155 0.11865377
vt 0.28091474 0.04058793
vt 0.30237994 0.03607250
vt 0.45270824 0.11771326
vt 0.28501199 0.02184137
vt 0.44419767 0.10524366
vt 0.44419767 0.11218276
vt 0.29170239 0.06167903
vt 0.29170239 0.09500007
vt 0.44346436 0.10524366
vt 0.44346436 0.11218276
vt 0.44450856 0.11123724
vt 0.44450856 0.12490030
vt 0.29139151 0.09405455
vt 0.29139151 0.03076140
vt 0.44315348 0.11123724
vt 0.44315348 0.12490030
vt 0.44294563 0.12394768
vt 0.44294563 0.07336017
vt 0.44471617 0.12394768
vt 0.44471617 0.07336017
vt 0.29118389 0.02980890
vt 0.29118389 0.04047389
vt 0.44287275 0.07240265
vt 0.44287275 0.08297210
vt 0.44478929 0.07240265
vt 0.44478929 0.08297210
vt 0.29111072 0.03951643
vt 0.29111072 0.08297210
vt 0.44287275 0.12128246
vt 0.44287275 0.04026961
vt 0.44478929 0.12128246
vt 0.44478929 0.04026961
vt 0.29111072 0.12128246
vt 0.29111072 0.07315577
vt 0.44294563 0.03931208
vt 0.44294563 0.12410530
vt 0.44471617 0.03931208
vt 0.44471617 0.12410530
vt 0.29118389 0.07219837
vt 0.29118389 0.09348825
vt 0.44315348 0.12315277
vt 0.44315348 0.00313860
vt 0.44450856 0.12315277
vt 0.44450856 0.00313860
vt 0.29139151 0.09253561
vt 0.29139151 0.02032124
vt 0.44346436 0.00219304
vt 0.44346436 0.03841155
vt 0.44419767 0.00219304
vt 0.44419767 0.03841155
vt 0.29170239 0.01937568
vt 0.29170239 0.08197621
vt 0.25774224 0.01091698
vt 0.25774224 0.05253558
vt 0.25737554 0.00997642
vt 0.26111616 0.01034501
vt 0.48213774 0.01154625
vt 0.42251213 0.04881470
vt 0.25700886 0.01091698
vt 0.25700886 0.05253558
vt 0.48250442 0.01248682
vt 0.48250442 0.05385932
vt 0.25669799 0.05348111
vt 0.25669799 0.11196090
vt 0.48281529 0.05480484
vt 0.48281529 0.11283888
vt 0.25805312 0.05348111
vt 0.25805312 0.11196090
vt 0.25826083 0.11291354
vt 0.25826083 0.00380029
vt 0.25649027 0.11291354
vt 0.25649027 0.00380029
vt 0.48302301 0.11379141
vt 0.48302301 0.00410695
vt 0.25833377 0.00475781
vt 0.25833377 0.12128246
vt 0.25641734 0.00475781
vt 0.25641734 0.12128246
vt 0.48309594 0.00506447
vt 0.48309594 0.12128246
vt 0.25833377 0.08297210
vt 0.25833377 0.10791445
vt 0.25641734 0.08297210
vt 0.25641734 0.10791445
vt 0.48309594 0.08297210
vt 0.48309594 0.10760767
vt 0.25826083 0.10887191
vt 0.25826083 0.01038367
vt 0.25649027 0.10887191
vt 0.25649027 0.01038367
vt 0.48302301 0.10856525
vt 0.48302301 0.00950575
vt 0.25805312 0.01133620
vt 0.25805312 0.06089471
vt 0.25669799 0.01133620
vt 0.25669799 0.06089471
vt 0.48281529 0.01045827
vt 0.48281529 0.05957092
vt 0.25774224 0.06184022
vt 0.25774224 0.00798237
vt 0.25700886 0.06184022
vt 0.25700886 0.00798237
vt 0.48250442 0.06051643
vt 0.48250442 0.00641254
vt 0.25737554 0.00892276
vt 0.26111616 0.00855423
vt 0.48213774 0.00735310
vt 0.42251213 0.09484048
vt 0.48108056 0.05309221
vt 0.48108056 0.08066723
vt 0.29243565 0.01937568
vt 0.29243565 0.08197621
vt 0.48076967 0.08161280
vt 0.48076967 0.09117321
vt 0.29274653 0.09253561
vt 0.29274653 0.02032124
vt 0.48056182 0.09212579
vt 0.48056182 0.11530437
vt 0.29295438 0.07219837
vt 0.29295438 0.09348825
vt 0.48048889 0.11626189
vt 0.48048889 0.12128246
vt 0.29302732 0.12128246
vt 0.29302732 0.07315577
vt 0.48048889 0.08297210
vt 0.48048889 0.12116622
vt 0.29302732 0.03951643
vt 0.29302732 0.08297210
vt 0.48056182 0.12212375
vt 0.48056182 0.03117136
vt 0.29295438 0.02980890
vt 0.29295438 0.04047389
vt 0.48076967 0.03212388
vt 0.48076967 0.03276300
vt 0.29274653 0.09405455
vt 0.29274653 0.03076140
vt 0.48108056 0.03370850
vt 0.48108056 0.09056295
vt 0.29243565 0.06167903
vt 0.29243565 0.09500007
vt 0.32263181 0.11753622
vt 0.32263181 0.12254867
vt 0.28395475 0.07156779
vt 0.28395475 0.08026789
vt 0.32294276 0.12160315
vt 0.32294276 0.00701949
vt 0.28364388 0.05594975
vt 0.28364388 0.07062229
vt 0.32315031 0.00606685
vt 0.32315031 0.07576183
vt 0.28343616 0.09285500
vt 0.28343616 0.05499723
vt 0.32322342 0.07480437
vt 0.32322342 0.08297210
vt 0.28336323 0.08297210
vt 0.28336323 0.09189754
vt 0.30201313 0.03701304
vt 0.30201313 0.06710826
vt 0.28537880 0.02278187
vt 0.28537880 0.01600005
vt 0.30274650 0.03701304
vt 0.30274650 0.06710826
vt 0.30305739 0.06805382
vt 0.30305739 0.08218043
vt 0.30170225 0.06805382
vt 0.30170225 0.08218043
vt 0.28568968 0.01694558
vt 0.28568968 0.08901301
vt 0.30149475 0.08313302
vt 0.30149475 0.11216268
vt 0.28589718 0.08996554
vt 0.28589718 0.03337569
vt 0.30326524 0.08313302
vt 0.30326524 0.11216268
vt 0.30142158 0.11312020
vt 0.30142158 0.12128246
vt 0.28597035 0.03433328
vt 0.28597035 0.12128246
vt 0.30333805 0.11312020
vt 0.30333805 0.12128246
vt 0.30142158 0.08297210
vt 0.30142158 0.12430774
vt 0.28597035 0.08297210
vt 0.28597035 0.07833892
vt 0.30333805 0.08297210
vt 0.30333805 0.12430774
vt 0.30149475 0.00061023
vt 0.30149475 0.04016413
vt 0.28589718 0.07929656
vt 0.28589718 0.03333150
vt 0.30326524 0.00061023
vt 0.30326524 0.04016413
vt 0.30170225 0.04111678
vt 0.30170225 0.04632197
vt 0.28568968 0.03428414
vt 0.28568968 0.09743018
vt 0.30305739 0.04111678
vt 0.30305739 0.04632197
vt 0.30274650 0.04726748
vt 0.30274650 0.10664210
vt 0.30201313 0.04726748
vt 0.30201313 0.10664210
vt 0.28537880 0.09837569
vt 0.28537880 0.12087330
vt 0.26148297 0.00761384
vt 0.26148297 0.02242183
vt 0.42214533 0.09389997
vt 0.42214533 0.00953555
vt 0.26074948 0.00761384
vt 0.26074948 0.02242183
vt 0.26043859 0.02147632
vt 0.26043859 0.02592200
vt 0.26179385 0.02147632
vt 0.26179385 0.02592200
vt 0.42183468 0.00859004
vt 0.42183468 0.05938853
vt 0.26200147 0.02496935
vt 0.26200147 0.03279331
vt 0.42162689 0.05843600
vt 0.42162689 0.00090262
vt 0.26023098 0.02496935
vt 0.26023098 0.03279331
vt 0.26207440 0.03183578
vt 0.26207440 0.08297210
vt 0.42155402 0.12470095
vt 0.42155402 0.08297210
vt 0.26015805 0.03183578
vt 0.26015805 0.08297210
vt 0.26207440 0.12128246
vt 0.26207440 0.08083642
vt 0.42155402 0.12128246
vt 0.42155402 0.11272710
vt 0.26015805 0.12128246
vt 0.26015805 0.08083642
vt 0.26200147 0.07987889
vt 0.26200147 0.09832768
vt 0.42162689 0.11176964
vt 0.42162689 0.06486115
vt 0.26023098 0.07987889
vt 0.26023098 0.09832768
vt 0.26179385 0.09737515
vt 0.26179385 0.09289944
vt 0.42183468 0.06390856
vt 0.42183468 0.10578572
vt 0.26043859 0.09737515
vt 0.26043859 0.09289944
vt 0.26074948 0.09195390
vt 0.26074948 0.01128551
vt 0.26148297 0.09195390
vt 0.26148297 0.01128551
vt 0.42214533 0.10484018
vt 0.42214533 0.04975524
vt 0.45307481 0.02500142
vt 0.45307481 0.03708413
vt 0.28464542 0.09837569
vt 0.28464542 0.12087330
vt 0.45338569 0.03613863
vt 0.45338569 0.03564660
vt 0.28433454 0.03428414
vt 0.28433454 0.09743018
vt 0.45359354 0.03469395
vt 0.45359354 0.03619056
vt 0.28412669 0.07929656
vt 0.28412669 0.03333150
vt 0.45366636 0.03523304
vt 0.45366636 0.08297210
vt 0.28405387 0.08297210
vt 0.28405387 0.07833892
vt 0.45366636 0.12128246
vt 0.45366636 0.07743916
vt 0.28405387 0.03433328
vt 0.28405387 0.12128246
vt 0.45359354 0.07648170
vt 0.45359354 0.08860308
vt 0.28412669 0.08996554
vt 0.28412669 0.03337569
vt 0.45338569 0.08765055
vt 0.45338569 0.07823714
vt 0.28433454 0.01694558
vt 0.28433454 0.08901301
vt 0.45307481 0.07729160
vt 0.45307481 0.11865377
vt 0.28464542 0.02278187
vt 0.28464542 0.01600005
vt 0.48177104 0.01248682
vt 0.48177104 0.05385932
vt 0.42287894 0.10484018
vt 0.42287894 0.04975524
vt 0.48146016 0.05480484
vt 0.48146016 0.11283888
vt 0.42318982 0.06390856
vt 0.42318982 0.10578572
vt 0.48125245 0.11379141
vt 0.48125245 0.00410695
vt 0.42339738 0.11176964
vt 0.42339738 0.06486115
vt 0.48117951 0.00506447
vt 0.48117951 0.12128246
vt 0.42347025 0.12128246
vt 0.42347025 0.11272710
vt 0.48117951 0.08297210
vt 0.48117951 0.10760767
vt 0.42347025 0.12470095
vt 0.42347025 0.08297210
vt 0.48125245 0.10856525
vt 0.48125245 0.00950575
vt 0.42339738 0.05843600
vt 0.42339738 0.00090262
vt 0.48146016 0.01045827
vt 0.48146016 0.05957092
vt 0.42318982 0.00859004
vt 0.42318982 0.05938853
vt 0.48177104 0.06051643
vt 0.48177104 0.00641254
vt 0.42287894 0.09389997
vt 0.42287894 0.00953555
vt 0.32226507 0.02517845
vt 0.28432145 0.06244676
vt 0.46362968 0.06771397
vt 0.27960329 0.06808250
vt 0.32189826 0.02611884
vt 0.46399625 0.06865448
vt 0.32189826 0.11658301
vt 0.46399625 0.00814204
vt 0.32263181 0.02611884
vt 0.28395475 0.06338733
vt 0.32263181 0.11658301
vt 0.28395475 0.04280797
vt 0.28468814 0.06338733
vt 0.27923675 0.06902300
vt 0.28468814 0.04280797
vt 0.27923675 0.04756025
vt 0.46326288 0.06865448
vt 0.46326288 0.00814204
vt 0.32158762 0.11752852
vt 0.46430714 0.00908754
vt 0.32158762 0.11627772
vt 0.46430714 0.08508506
vt 0.32294276 0.11752852
vt 0.28364388 0.04375348
vt 0.32294276 0.11627772
vt 0.28364388 0.06734746
vt 0.27997007 0.06902300
vt 0.27997007 0.04756025
vt 0.28499901 0.04375348
vt 0.27892587 0.04850575
vt 0.28499901 0.06734746
vt 0.27892587 0.07049926
vt 0.47628765 0.04837030
vt 0.47816721 0.08524092
vt 0.47628765 0.08542796
vt 0.26606904 0.04837030
vt 0.47976060 0.08470856
vt 0.48082550 0.08391190
vt 0.48119926 0.08297210
vt 0.48119926 0.12128246
vt 0.26115739 0.08297210
vt 0.26153139 0.08391190
vt 0.26259605 0.08470856
vt 0.26418945 0.08524092
vt 0.26606904 0.08542796
vt 0.47628765 0.11882667
vt 0.26606904 0.05459663
vt 0.47628765 0.05459663
vt 0.47816721 0.11901358
vt 0.47976060 0.11954588
vt 0.48082550 0.12034267
vt 0.26115739 0.12128246
vt 0.26153139 0.12034267
vt 0.26259605 0.11954588
vt 0.26418945 0.11901358
vt 0.26606904 0.11882667
vt 0.46295199 0.00908754
vt 0.46295199 0.08508506
vt 0.32137976 0.11723024
vt 0.46451499 0.06959552
vt 0.46451499 0.08603759
vt 0.32137976 0.03691043
vt 0.32315031 0.11723024
vt 0.28343616 0.06829999
vt 0.32315031 0.03691043
vt 0.28343616 0.01981720
vt 0.38075604 0.02814989
vt 0.34146299 0.08542796
vt 0.34146299 0.04837030
vt 0.38075604 0.08542796
vt 0.37887656 0.08524092
vt 0.34334258 0.08524092
vt 0.37728311 0.08470856
vt 0.34493591 0.08470856
vt 0.37621827 0.08391190
vt 0.34600063 0.08391190
vt 0.37584445 0.08297210
vt 0.34637458 0.08297210
vt 0.37584445 0.12128246
vt 0.34637458 0.12128246
vt 0.37621827 0.12034267
vt 0.34600063 0.12034267
vt 0.37728311 0.11954588
vt 0.34493591 0.11954588
vt 0.37887656 0.11901358
vt 0.34334258 0.11901358
vt 0.38075604 0.11882667
vt 0.34146299 0.11882667
vt 0.38075604 0.03437623
vt 0.34146299 0.05459663
vt 0.28028095 0.04850575
vt 0.28028095 0.07049926
vt 0.28520673 0.06829999
vt 0.27871802 0.07145191
vt 0.27871802 0.02091832
vt 0.28520673 0.01981720
vt 0.41620192 0.05248230
vt 0.45549510 0.02428905
vt 0.41620192 0.02428905
vt 0.45549510 0.05248230
vt 0.41415546 0.08542796
vt 0.37486218 0.02814989
vt 0.41415546 0.04837030
vt 0.37486218 0.08542796
vt 0.41227587 0.08524092
vt 0.37674189 0.08524092
vt 0.41068230 0.08470856
vt 0.37833534 0.08470856
vt 0.37939994 0.08391190
vt 0.40961758 0.08391190
vt 0.40924388 0.08297210
vt 0.37977377 0.08297210
vt 0.40924388 0.12128246
vt 0.37977377 0.12128246
vt 0.40961758 0.12034267
vt 0.37939994 0.12034267
vt 0.41068230 0.11954588
vt 0.37833534 0.11954588
vt 0.41227587 0.11901358
vt 0.37674189 0.11901358
vt 0.41415546 0.11882667
vt 0.37486218 0.11882667
vt 0.41415546 0.05459663
vt 0.37486218 0.03437623
vt 0.48411089 0.04198639
vt 0.44383093 0.03747104
vt 0.48144700 0.05215167
vt 0.29206920 0.08103564
vt 0.48374408 0.04292690
vt 0.48374408 0.03298768
vt 0.48181381 0.05309221
vt 0.48181381 0.08066723
vt 0.48447733 0.04292690
vt 0.48447733 0.03298768
vt 0.48478822 0.03393319
vt 0.48478822 0.10027973
vt 0.48343320 0.03393319
vt 0.48343320 0.10027973
vt 0.48212469 0.08161280
vt 0.48212469 0.09117321
vt 0.48322558 0.10123237
vt 0.48322558 0.03731161
vt 0.48233231 0.09212579
vt 0.48233231 0.11530437
vt 0.48499607 0.10123237
vt 0.48499607 0.03731161
vt 0.48315241 0.03826908
vt 0.48315241 0.12128246
vt 0.48240548 0.11626189
vt 0.48240548 0.12128246
vt 0.48506900 0.03826908
vt 0.48506900 0.12128246
vt 0.48315241 0.08297210
vt 0.48315241 0.07440300
vt 0.48240548 0.08297210
vt 0.48240548 0.12116622
vt 0.48506900 0.08297210
vt 0.48506900 0.07440300
vt 0.48322558 0.07536064
vt 0.48322558 0.02206478
vt 0.48233231 0.12212375
vt 0.48233231 0.03117136
vt 0.48499607 0.07536064
vt 0.48499607 0.02206478
vt 0.48343320 0.02301731
vt 0.48343320 0.08044266
vt 0.48212469 0.03212388
vt 0.48212469 0.03276300
vt 0.48478822 0.02301731
vt 0.48478822 0.08044266
vt 0.48374408 0.08138823
vt 0.48374408 0.10072824
vt 0.48181381 0.03370850
vt 0.48181381 0.09056295
vt 0.48447733 0.08138823
vt 0.48447733 0.10072824
vt 0.48411089 0.10166878
vt 0.44383093 0.10618417
vt 0.48144700 0.09150347
vt 0.29206920 0.06261945
vt 0.41620198 0.03874055
vt 0.37690881 0.06693363
vt 0.41620198 0.06693363
vt 0.37690881 0.03874055
vt 0.46362968 0.07594125
vt 0.27960329 0.07557272
vt 0.32226507 0.11847676
vt 0.28432145 0.08120834
vt 0.46399625 0.07500071
vt 0.46399625 0.10623384
vt 0.32189826 0.11753622
vt 0.32189826 0.12254867
vt 0.46326288 0.07500071
vt 0.46326288 0.10623384
vt 0.46295199 0.10528831
vt 0.46295199 0.03821209
vt 0.46430714 0.10528831
vt 0.46430714 0.03821209
vt 0.32158762 0.12160315
vt 0.32158762 0.00701949
vt 0.46451499 0.03725956
vt 0.46451499 0.04307668
vt 0.32137976 0.00606685
vt 0.32137976 0.07576183
vt 0.46274438 0.03725956
vt 0.46274438 0.04307668
vt 0.46458780 0.04211916
vt 0.46458780 0.08297210
vt 0.32130695 0.07480437
vt 0.32130695 0.08297210
vt 0.46267133 0.04211916
vt 0.46267133 0.08297210
vt 0.46458780 0.12128246
vt 0.46458780 0.07055304
vt 0.32130695 0.03786783
vt 0.32130695 0.12128246
vt 0.46267133 0.12128246
vt 0.46267133 0.07055304
vt 0.46274438 0.06959552
vt 0.46274438 0.08603759
vt 0.32322342 0.03786783
vt 0.28336323 0.02077472
vt 0.32322342 0.12128246
vt 0.28336323 0.12128246
vt 0.48954918 0.03437623
vt 0.27933057 0.11882667
vt 0.27933057 0.03437623
vt 0.27745101 0.11901358
vt 0.27585762 0.11954588
vt 0.27479295 0.12034267
vt 0.27441895 0.12128246
vt 0.49446083 0.12128246
vt 0.49408706 0.12034267
vt 0.49302216 0.11954588
vt 0.49142877 0.11901358
vt 0.48954918 0.11882667
vt 0.27745101 0.08524092
vt 0.27933057 0.02814989
vt 0.27933057 0.08542796
vt 0.48954918 0.02814989
vt 0.27585762 0.08470856
vt 0.27479295 0.08391190
vt 0.27441895 0.08297210
vt 0.49446083 0.08297210
vt 0.49408706 0.08391190
vt 0.49302216 0.08470856
vt 0.49142877 0.08524092
vt 0.48954918 0.08542796
vt 0.28048857 0.07145191
vt 0.28048857 0.02091832
vt 0.28056168 0.02187585
vt 0.28056168 0.12128246
vt 0.27864517 0.02187585
vt 0.27864517 0.12128246
vt 0.28527966 0.02077472
vt 0.28527966 0.12128246
vt 0.27864517 0.08297210
vt 0.27864517 0.09079641
vt 0.28527966 0.08297210
vt 0.28527966 0.09189754
vt 0.28056168 0.08297210
vt 0.28056168 0.09079641
vt 0.27871802 0.09175393
vt 0.27871802 0.05184527
vt 0.28520673 0.09285500
vt 0.28520673 0.05499723
vt 0.28048857 0.09175393
vt 0.28048857 0.05184527
vt 0.27892587 0.05279780
vt 0.27892587 0.06586992
vt 0.28499901 0.05594975
vt 0.28499901 0.07062229
vt 0.28028095 0.05279780
vt 0.28028095 0.06586992
vt 0.27997007 0.06681546
vt 0.27997007 0.07463215
vt 0.27923675 0.06681546
vt 0.27923675 0.07463215
vt 0.28468814 0.07156779
vt 0.28468814 0.08026789
vt 0.28054817 0.10212678
vt 0.28054817 0.01647289
vt 0.28091474 0.10306729
vt 0.30237994 0.10758261
vt 0.45270824 0.02594196
vt 0.28501199 0.12181384
vt 0.28128148 0.10212678
vt 0.28128148 0.01647289
vt 0.45234155 0.02500142
vt 0.45234155 0.03708413
vt 0.28159237 0.01552732
vt 0.28159237 0.06398965
vt 0.45203067 0.03613863
vt 0.45203067 0.03564660
vt 0.28023729 0.01552732
vt 0.28023729 0.06398965
vt 0.28002944 0.06303700
vt 0.28002944 0.00250993
vt 0.28179998 0.06303700
vt 0.28179998 0.00250993
vt 0.45182305 0.03469395
vt 0.45182305 0.03619056
vt 0.27995662 0.00155235
vt 0.27995662 0.08297210
vt 0.28187309 0.00155235
vt 0.28187309 0.08297210
vt 0.45174988 0.03523304
vt 0.45174988 0.08297210
vt 0.27995662 0.12128246
vt 0.27995662 0.11111979
vt 0.28187309 0.12128246
vt 0.28187309 0.11111979
vt 0.45174988 0.12128246
vt 0.45174988 0.07743916
vt 0.28179998 0.11016227
vt 0.28179998 0.06026003
vt 0.45182305 0.07648170
vt 0.45182305 0.08860308
vt 0.28002944 0.11016227
vt 0.28002944 0.06026003
vt 0.28159237 0.05930757
vt 0.28159237 0.09884841
vt 0.45203067 0.08765055
vt 0.45203067 0.07823714
vt 0.28023729 0.05930757
vt 0.28023729 0.09884841
vt 0.28054817 0.09790289
vt 0.28054817 0.04152847
vt 0.28128148 0.09790289
vt 0.28128148 0.04152847
vt 0.45234155 0.07729160
vt 0.45234155 0.11865377
vt 0.28091474 0.04058793
vt 0.30237994 0.03607250
vt 0.45270824 0.11771326
vt 0.28501199 0.02184137
vt 0.44419767 0.10524366
vt 0.44419767 0.11218276
vt 0.29170239 0.06167903
vt 0.29170239 0.09500007
vt 0.44346436 0.10524366
vt 0.44346436 0.11218276
vt 0.44450856 0.11123724
vt 0.44450856 0.12490030
vt 0.29139151 0.09405455
vt 0.29139151 0.03076140
vt 0.44315348 0.11123724
vt 0.44315348 0.12490030
vt 0.44294563 0.12394768
vt 0.44294563 0.07336017
vt 0.44471617 0.12394768
vt 0.44471617 0.07336017
vt 0.29118389 0.02980890
vt 0.29118389 0.04047389
vt 0.44287275 0.07240265
vt 0.44287275 0.08297210
vt 0.44478929 0.07240265
vt 0.44478929 0.08297210
vt 0.29111072 0.03951643
vt 0.29111072 0.08297210
vt 0.44287275 0.12128246
vt 0.44287275 0.04026961
vt 0.44478929 0.12128246
vt 0.44478929 0.04026961
vt 0.29111072 0.12128246
vt 0.29111072 0.07315577
vt 0.44294563 0.03931208
vt 0.44294563 0.12410530
vt 0.44471617 0.03931208
vt 0.44471617 0.12410530
vt 0.29118389 0.07219837
vt 0.29118389 0.09348825
vt 0.44315348 0.12315277
vt 0.44315348 0.00313860
vt 0.44450856 0.12315277
vt 0.44450856 0.00313860
vt 0.29139151 0.09253561
vt 0.29139151 0.02032124
vt 0.44346436 0.00219304
vt 0.44346436 0.03841155
vt 0.44419767 0.00219304
vt 0.44419767 0.03841155
vt 0.29170239 0.01937568
vt 0.29170239 0.08197621
vt 0.25774224 0.01091698
vt 0.25774224 0.05253558
vt 0.25737554 0.00997642
vt 0.26111616 0.01034501
vt 0.48213774 0.01154625
vt 0.42251213 0.04881470
vt 0.25700886 0.01091698
vt 0.25700886 0.05253558
vt 0.48250442 0.01248682
vt 0.48250442 0.05385932
vt 0.25669799 0.05348111
vt 0.25669799 0.11196090
vt 0.48281529 0.05480484
vt 0.48281529 0.11283888
vt 0.25805312 0.05348111
vt 0.25805312 0.11196090
vt 0.25826083 0.11291354
vt 0.25826083 0.00380029
vt 0.25649027 0.11291354
vt 0.25649027 0.00380029
vt 0.48302301 0.11379141
vt 0.48302301 0.00410695
vt 0.25833377 0.00475781
vt 0.25833377 0.12128246
vt 0.25641734 0.00475781
vt 0.25641734 0.12128246
vt 0.48309594 0.00506447
vt 0.48309594 0.12128246
vt 0.25833377 0.08297210
vt 0.25833377 0.10791445
vt 0.25641734 0.08297210
vt 0.25641734 0.10791445
vt 0.48309594 0.08297210
vt 0.48309594 0.10760767
vt 0.25826083 0.10887191
vt 0.25826083 0.01038367
vt 0.25649027 0.10887191
vt 0.25649027 0.01038367
vt 0.48302301 0.10856525
vt 0.48302301 0.00950575
vt 0.25805312 0.01133620
vt 0.25805312 0.06089471
vt 0.25669799 0.01133620
vt 0.25669799 0.06089471
vt 0.48281529 0.01045827
vt 0.48281529 0.05957092
vt 0.25774224 0.06184022
vt 0.25774224 0.00798237
vt 0.25700886 0.06184022
vt 0.25700886 0.00798237
vt 0.48250442 0.06051643
vt 0.48250442 0.00641254
vt 0.25737554 0.00892276
vt 0.26111616 0.00855423
vt 0.48213774 0.00735310
vt 0.42251213 0.09484048
vt 0.48108056 0.05309221
vt 0.48108056 0.08066723
vt 0.29243565 0.01937568
vt 0.29243565 0.08197621
vt 0.48076967 0.08161280
vt 0.48076967 0.09117321
vt 0.29274653 0.09253561
vt 0.29274653 0.02032124
vt 0.48056182 0.09212579
vt 0.48056182 0.11530437
vt 0.29295438 0.07219837
vt 0.29295438 0.09348825
vt 0.48048889 0.11626189
vt 0.48048889 0.12128246
vt 0.29302732 0.12128246
vt 0.29302732 0.07315577
vt 0.48048889 0.08297210
vt 0.48048889 0.12116622
vt 0.29302732 0.03951643
vt 0.29302732 0.08297210
vt 0.48056182 0.12212375
vt 0.48056182 0.03117136
vt 0.29295438 0.02980890
vt 0.29295438 0.04047389
vt 0.48076967 0.03212388
vt 0.48076967 0.03276300
vt 0.29274653 0.09405455
vt 0.29274653 0.03076140
vt 0.48108056 0.03370850
vt 0.48108056 0.09056295
vt 0.29243565 0.06167903
vt 0.29243565 0.09500007
vt 0.32263181 0.11753622
vt 0.32263181 0.12254867
vt 0.28395475 0.07156779
vt 0.28395475 0.08026789
vt 0.32294276 0.12160315
vt 0.32294276 0.00701949
vt 0.28364388 0.05594975
vt 0.28364388 0.07062229
vt 0.32315031 0.00606685
vt 0.32315031 0.07576183
vt 0.28343616 0.09285500
vt 0.28343616 0.05499723
vt 0.32322342 0.07480437
vt 0.32322342 0.08297210
vt 0.28336323 0.08297210
vt 0.28336323 0.09189754
vt 0.30201313 0.03701304
vt 0.30201313 0.06710826
vt 0.28537880 0.02278187
vt 0.28537880 0.01600005
vt 0.30274650 0.03701304
vt 0.30274650 0.06710826
vt 0.30305739 0.06805382
vt 0.30305739 0.08218043
vt 0.30170225 0.06805382
vt 0.30170225 0.08218043
vt 0.28568968 0.01694558
vt 0.28568968 0.08901301
vt 0.30149475 0.08313302
vt 0.30149475 0.11216268
vt 0.28589718 0.08996554
vt 0.28589718 0.03337569
vt 0.30326524 0.08313302
vt 0.30326524 0.11216268
vt 0.30142158 0.11312020
vt 0.30142158 0.12128246
vt 0.28597035 0.03433328
vt 0.28597035 0.12128246
vt 0.30333805 0.11312020
vt 0.30333805 0.12128246
vt 0.30142158 0.08297210
vt 0.30142158 0.12430774
vt 0.28597035 0.08297210
vt 0.28597035 0.07833892
vt 0.30333805 0.08297210
vt 0.30333805 0.12430774
vt 0.30149475 0.00061023
vt 0.30149475 0.04016413
vt 0.28589718 0.07929656
vt 0.28589718 0.03333150
vt 0.30326524 0.00061023
vt 0.30326524 0.04016413
vt 0.30170225 0.04111678
vt 0.30170225 0.04632197
vt 0.28568968 0.03428414
vt 0.28568968 0.09743018
vt 0.30305739 0.04111678
vt 0.30305739 0.04632197
vt 0.30274650 0.04726748
vt 0.30274650 0.10664210
vt 0.30201313 0.04726748
vt 0.30201313 0.10664210
vt 0.28537880 0.09837569
vt 0.28537880 0.12087330
vt 0.26148297 0.00761384
vt 0.26148297 0.02242183
vt 0.42214533 0.09389997
vt 0.42214533 0.00953555
vt 0.26074948 0.00761384
vt 0.26074948 0.02242183
vt 0.26043859 0.02147632
vt 0.26043859 0.02592200
vt 0.26179385 0.02147632
vt 0.26179385 0.02592200
vt 0.42183468 0.00859004
vt 0.42183468 0.05938853
vt 0.26200147 0.02496935
vt 0.26200147 0.03279331
vt 0.42162689 0.05843600
vt 0.42162689 0.00090262
vt 0.26023098 0.02496935
vt 0.26023098 0.03279331
vt 0.26207440 0.03183578
vt 0.26207440 0.08297210
vt 0.42155402 0.12470095
vt 0.42155402 0.08297210
vt 0.26015805 0.03183578
vt 0.26015805 0.08297210
vt 0.26207440 0.12128246
vt 0.26207440 0.08083642
vt 0.42155402 0.12128246
vt 0.42155402 0.11272710
vt 0.26015805 0.12128246
vt 0.26015805 0.08083642
vt 0.26200147 0.07987889
vt 0.26200147 0.09832768
vt 0.42162689 0.11176964
vt 0.42162689 0.06486115
vt 0.26023098 0.07987889
vt 0.26023098 0.09832768
vt 0.26179385 0.09737515
vt 0.26179385 0.09289944
vt 0.42183468 0.06390856
vt 0.42183468 0.10578572
vt 0.26043859 0.09737515
vt 0.26043859 0.09289944
vt 0.26074948 0.09195390
vt 0.26074948 0.01128551
vt 0.26148297 0.09195390
vt 0.26148297 0.01128551
vt 0.42214533 0.10484018
vt 0.42214533 0.04975524
vt 0.45307481 0.02500142
vt 0.45307481 0.03708413
vt 0.28464542 0.09837569
vt 0.28464542 0.12087330
vt 0.45338569 0.03613863
vt 0.45338569 0.03564660
vt 0.28433454 0.03428414
vt 0.28433454 0.09743018
vt 0.45359354 0.03469395
vt 0.45359354 0.03619056
vt 0.28412669 0.07929656
vt 0.28412669 0.03333150
vt 0.45366636 0.03523304
vt 0.45366636 0.08297210
vt 0.28405387 0.08297210
vt 0.28405387 0.07833892
vt 0.45366636 0.12128246
vt 0.45366636 0.07743916
vt 0.28405387 0.03433328
vt 0.28405387 0.12128246
vt 0.45359354 0.07648170
vt 0.45359354 0.08860308
vt 0.28412669 0.08996554
vt 0.28412669 0.03337569
vt 0.45338569 0.08765055
vt 0.45338569 0.07823714
vt 0.28433454 0.01694558
vt 0.28433454 0.08901301
vt 0.45307481 0.07729160
vt 0.45307481 0.11865377
vt 0.28464542 0.02278187
vt 0.28464542 0.01600005
vt 0.48177104 0.01248682
vt 0.48177104 0.05385932
vt 0.42287894 0.10484018
vt 0.42287894 0.04975524
vt 0.48146016 0.05480484
vt 0.48146016 0.11283888
vt 0.42318982 0.06390856
vt 0.42318982 0.10578572
vt 0.48125245 0.11379141
vt 0.48125245 0.00410695
vt 0.42339738 0.11176964
vt 0.42339738 0.06486115
vt 0.48117951 0.00506447
vt 0.48117951 0.12128246
vt 0.42347025 0.12128246
vt 0.42347025 0.11272710
vt 0.48117951 0.08297210
vt 0.48117951 0.10760767
vt 0.42347025 0.12470095
vt 0.42347025 0.08297210
vt 0.48125245 0.10856525
vt 0.48125245 0.00950575
vt 0.42339738 0.05843600
vt 0.42339738 0.00090262
vt 0.48146016 0.01045827
vt 0.48146016 0.05957092
vt 0.42318982 0.00859004
vt 0.42318982 0.05938853
vt 0.48177104 0.06051643
vt 0.48177104 0.00641254
vt 0.42287894 0.09389997
vt 0.42287894 0.00953555
vt 0.32226507 0.02517845
vt 0.28432145 0.06244676
vt 0.46362968 0.06771397
vt 0.27960329 0.06808250
vt 0.32189826 0.02611884
vt 0.46399625 0.06865448
vt 0.32189826 0.11658301
vt 0.46399625 0.00814204
vt 0.32263181 0.02611884
vt 0.28395475 0.06338733
vt 0.32263181 0.11658301
vt 0.28395475 0.04280797
vt 0.28468814 0.06338733
vt 0.27923675 0.06902300
vt 0.28468814 0.04280797
vt 0.27923675 0.04756025
vt 0.46326288 0.06865448
vt 0.46326288 0.00814204
vt 0.32158762 0.11752852
vt 0.46430714 0.00908754
vt 0.32158762 0.11627772
vt 0.46430714 0.08508506
vt 0.32294276 0.11752852
vt 0.28364388 0.04375348
vt 0.32294276 0.11627772
vt 0.28364388 0.06734746
vt 0.27997007 0.06902300
vt 0.27997007 0.04756025
vt 0.28499901 0.04375348
vt 0.27892587 0.04850575
vt 0.28499901 0.06734746
vt 0.27892587 0.07049926
vt 0.47628765 0.04837030
vt 0.47816721 0.08524092
vt 0.47628765 0.08542796
vt 0.26606904 0.04837030
vt 0.47976060 0.08470856
vt 0.48082550 0.08391190
vt 0.48119926 0.08297210
vt 0.48119926 0.12128246
vt 0.26115739 0.08297210
vt 0.26153139 0.08391190
vt 0.26259605 0.08470856
vt 0.26418945 0.08524092
vt 0.26606904 0.08542796
vt 0.47628765 0.11882667
vt 0.26606904 0.05459663
vt 0.47628765 0.05459663
vt 0.47816721 0.11901358
vt 0.47976060 0.11954588
vt 0.48082550 0.12034267
vt 0.26115739 0.12128246
vt 0.26153139 0.12034267
vt 0.26259605 0.11954588
vt 0.26418945 0.11901358
vt 0.26606904 0.11882667
vt 0.46295199 0.00908754
vt 0.46295199 0.08508506
vt 0.32137976 0.11723024
vt 0.46451499 0.06959552
vt 0.46451499 0.08603759
vt 0.32137976 0.03691043
vt 0.32315031 0.11723024
vt 0.28343616 0.06829999
vt 0.32315031 0.03691043
vt 0.28343616 0.01981720
vt 0.38075604 0.02814989
vt 0.34146299 0.08542796
vt 0.34146299 0.04837030
vt 0.38075604 0.08542796
vt 0.37887656 0.08524092
vt 0.34334258 0.08524092
vt 0.37728311 0.08470856
vt 0.34493591 0.08470856
vt 0.37621827 0.08391190
vt 0.34600063 0.08391190
vt 0.37584445 0.08297210
vt 0.34637458 0.08297210
vt 0.37584445 0.12128246
vt 0.34637458 0.12128246
vt 0.37621827 0.12034267
vt 0.34600063 0.12034267
vt 0.37728311 0.11954588
vt 0.34493591 0.11954588
vt 0.37887656 0.11901358
vt 0.34334258 0.11901358
vt 0.38075604 0.11882667
vt 0.34146299 0.11882667
vt 0.38075604 0.03437623
vt 0.34146299 0.05459663
vt 0.28028095 0.04850575
vt 0.28028095 0.07049926
vt 0.28520673 0.06829999
vt 0.27871802 0.07145191
vt 0.27871802 0.02091832
vt 0.28520673 0.01981720
vt 0.41620192 0.05248230
vt 0.45549510 0.02428905
vt 0.41620192 0.02428905
vt 0.45549510 0.05248230
vt 0.41415546 0.08542796
vt 0.37486218 0.02814989
vt 0.41415546 0.04837030
vt 0.37486218 0.08542796
vt 0.41227587 0.08524092
vt 0.37674189 0.08524092
vt 0.41068230 0.08470856
vt 0.37833534 0.08470856
vt 0.37939994 0.08391190
vt 0.40961758 0.08391190
vt 0.40924388 0.08297210
vt 0.37977377 0.08297210
vt 0.40924388 0.12128246
vt 0.37977377 0.12128246
vt 0.40961758 0.12034267
vt 0.37939994 0.12034267
vt 0.41068230 0.11954588
vt 0.37833534 0.11954588
vt 0.41227587 0.11901358
vt 0.37674189 0.11901358
vt 0.41415546 0.11882667
vt 0.37486218 0.11882667
vt 0.41415546 0.05459663
vt 0.37486218 0.03437623
vt 0.48411089 0.04198639
vt 0.44383093 0.03747104
vt 0.48144700 0.05215167
vt 0.29206920 0.08103564
vt 0.48374408 0.04292690
vt 0.48374408 0.03298768
vt 0.48181381 0.05309221
vt 0.48181381 0.08066723
vt 0.48447733 0.04292690
vt 0.48447733 0.03298768
vt 0.48478822 0.03393319
vt 0.48478822 0.10027973
vt 0.48343320 0.03393319
vt 0.48343320 0.10027973
vt 0.48212469 0.08161280
vt 0.48212469 0.09117321
vt 0.48322558 0.10123237
vt 0.48322558 0.03731161
vt 0.48233231 0.09212579
vt 0.48233231 0.11530437
vt 0.48499607 0.10123237
vt 0.48499607 0.03731161
vt 0.48315241 0.03826908
vt 0.48315241 0.12128246
vt 0.48240548 0.11626189
vt 0.48240548 0.12128246
vt 0.48506900 0.03826908
vt 0.48506900 0.12128246
vt 0.48315241 0.08297210
vt 0.48315241 0.07440300
vt 0.48240548 0.08297210
vt 0.48240548 0.12116622
vt 0.48506900 0.08297210
vt 0.48506900 0.07440300
vt 0.48322558 0.07536064
vt 0.48322558 0.02206478
vt 0.48233231 0.12212375
vt 0.48233231 0.03117136
vt 0.48499607 0.07536064
vt 0.48499607 0.02206478
vt 0.48343320 0.02301731
vt 0.48343320 0.08044266
vt 0.48212469 0.03212388
vt 0.48212469 0.03276300
vt 0.48478822 0.02301731
vt 0.48478822 0.08044266
vt 0.48374408 0.08138823
vt 0.48374408 0.10072824
vt 0.48181381 0.03370850
vt 0.48181381 0.09056295
vt 0.48447733 0.08138823
vt 0.48447733 0.10072824
vt 0.48411089 0.10166878
vt 0.44383093 0.10618417
vt 0.48144700 0.09150347
vt 0.29206920 0.06261945
vt 0.41620198 0.03874055
vt 0.37690881 0.06693363
vt 0.41620198 0.06693363
vt 0.37690881 0.03874055
vt 0.46362968 0.07594125
vt 0.27960329 0.07557272
vt 0.32226507 0.11847676
vt 0.28432145 0.08120834
vt 0.46399625 0.07500071
vt 0.46399625 0.10623384
vt 0.32189826 0.11753622
vt 0.32189826 0.12254867
vt 0.46326288 0.07500071
vt 0.46326288 0.10623384
vt 0.46295199 0.10528831
vt 0.46295199 0.03821209
vt 0.46430714 0.10528831
vt 0.46430714 0.03821209
vt 0.32158762 0.12160315
vt 0.32158762 0.00701949
vt 0.46451499 0.03725956
vt 0.46451499 0.04307668
vt 0.32137976 0.00606685
vt 0.32137976 0.07576183
vt 0.46274438 0.03725956
vt 0.46274438 0.04307668
vt 0.46458780 0.04211916
vt 0.46458780 0.08297210
vt 0.32130695 0.07480437
vt 0.32130695 0.08297210
vt 0.46267133 0.04211916
vt 0.46267133 0.08297210
vt 0.46458780 0.12128246
vt 0.46458780 0.07055304
vt 0.32130695 0.03786783
vt 0.32130695 0.12128246
vt 0.46267133 0.12128246
vt 0.46267133 0.07055304
vt 0.46274438 0.06959552
vt 0.46274438 0.08603759
vt 0.32322342 0.03786783
vt 0.28336323 0.02077472
vt 0.32322342 0.12128246
vt 0.28336323 0.12128246
vt 0.48954918 0.03437623
vt 0.27933057 0.11882667
vt 0.27933057 0.03437623
vt 0.27745101 0.11901358
vt 0.27585762 0.11954588
vt 0.27479295 0.12034267
vt 0.27441895 0.12128246
vt 0.49446083 0.12128246
vt 0.49408706 0.12034267
vt 0.49302216 0.11954588
vt 0.49142877 0.11901358
vt 0.48954918 0.11882667
vt 0.27745101 0.08524092
vt 0.27933057 0.02814989
vt 0.27933057 0.08542796
vt 0.48954918 0.02814989
vt 0.27585762 0.08470856
vt 0.27479295 0.08391190
vt 0.27441895 0.08297210
vt 0.49446083 0.08297210
vt 0.49408706 0.08391190
vt 0.49302216 0.08470856
vt 0.49142877 0.08524092
vt 0.48954918 0.08542796
vt 0.28048857 0.07145191
vt 0.28048857 0.02091832
vt 0.28056168 0.02187585
vt 0.28056168 0.12128246
vt 0.27864517 0.02187585
vt 0.27864517 0.12128246
vt 0.28527966 0.02077472
vt 0.28527966 0.12128246
vt 0.27864517 0.08297210
vt 0.27864517 0.09079641
vt 0.28527966 0.08297210
vt 0.28527966 0.09189754
vt 0.28056168 0.08297210
vt 0.28056168 0.09079641
vt 0.27871802 0.09175393
vt 0.27871802 0.05184527
vt 0.28520673 0.09285500
vt 0.28520673 0.05499723
vt 0.28048857 0.09175393
vt 0.28048857 0.05184527
vt 0.27892587 0.05279780
vt 0.27892587 0.06586992
vt 0.28499901 0.05594975
vt 0.28499901 0.07062229
vt 0.28028095 0.05279780
vt 0.28028095 0.06586992
vt 0.27997007 0.06681546
vt 0.27997007 0.07463215
vt 0.27923675 0.06681546
vt 0.27923675 0.07463215
vt 0.28468814 0.07156779
vt 0.28468814 0.08026789
vt 0.28054817 0.10212678
vt 0.28054817 0.01647289
vt 0.28091474 0.10306729
vt 0.30237994 0.10758261
vt 0.45270824 0.02594196
vt 0.28501199 0.12181384
vt 0.28128148 0.10212678
vt 0.28128148 0.01647289
vt 0.45234155 0.02500142
vt 0.45234155 0.03708413
vt 0.28159237 0.01552732
vt 0.28159237 0.06398965
vt 0.45203067 0.03613863
vt 0.45203067 0.03564660
vt 0.28023729 0.01552732
vt 0.28023729 0.06398965
vt 0.28002944 0.06303700
vt 0.28002944 0.00250993
vt 0.28179998 0.06303700
vt 0.28179998 0.00250993
vt 0.45182305 0.03469395
vt 0.45182305 0.03619056
vt 0.27995662 0.00155235
vt 0.27995662 0.08297210
vt 0.28187309 0.00155235
vt 0.28187309 0.08297210
vt 0.45174988 0.03523304
vt 0.45174988 0.08297210
vt 0.27995662 0.12128246
vt 0.27995662 0.11111979
vt 0.28187309 0.12128246
vt 0.28187309 0.11111979
vt 0.45174988 0.12128246
vt 0.45174988 0.07743916
vt 0.28179998 0.11016227
vt 0.28179998 0.06026003
vt 0.45182305 0.07648170
vt 0.45182305 0.08860308
vt 0.28002944 0.11016227
vt 0.28002944 0.06026003
vt 0.28159237 0.05930757
vt 0.28159237 0.09884841
vt 0.45203067 0.08765055
vt 0.45203067 0.07823714
vt 0.28023729 0.05930757
vt 0.28023729 0.09884841
vt 0.28054817 0.09790289
vt 0.28054817 0.04152847
vt 0.28128148 0.09790289
vt 0.28128148 0.04152847
vt 0.45234155 0.07729160
vt 0.45234155 0.11865377
vt 0.28091474 0.04058793
vt 0.30237994 0.03607250
vt 0.45270824 0.11771326
vt 0.28501199 0.02184137
vt 0.44419767 0.10524366
vt 0.44419767 0.11218276
vt 0.29170239 0.06167903
vt 0.29170239 0.09500007
vt 0.44346436 0.10524366
vt 0.44346436 0.11218276
vt 0.44450856 0.11123724
vt 0.44450856 0.12490030
vt 0.29139151 0.09405455
vt 0.29139151 0.03076140
vt 0.44315348 0.11123724
vt 0.44315348 0.12490030
vt 0.44294563 0.12394768
vt 0.44294563 0.07336017
vt 0.44471617 0.12394768
vt 0.44471617 0.07336017
vt 0.29118389 0.02980890
vt 0.29118389 0.04047389
vt 0.44287275 0.07240265
vt 0.44287275 0.08297210
vt 0.44478929 0.07240265
vt 0.44478929 0.08297210
vt 0.29111072 0.03951643
vt 0.29111072 0.08297210
vt 0.44287275 0.12128246
vt 0.44287275 0.04026961
vt 0.44478929 0.12128246
vt 0.44478929 0.04026961
vt 0.29111072 0.12128246
vt 0.29111072 0.07315577
vt 0.44294563 0.03931208
vt 0.44294563 0.12410530
vt 0.44471617 0.03931208
vt 0.44471617 0.12410530
vt 0.29118389 0.07219837
vt 0.29118389 0.09348825
vt 0.44315348 0.12315277
vt 0.44315348 0.00313860
vt 0.44450856 0.12315277
vt 0.44450856 0.00313860
vt 0.29139151 0.09253561
vt 0.29139151 0.02032124
vt 0.44346436 0.00219304
vt 0.44346436 0.03841155
vt 0.44419767 0.00219304
vt 0.44419767 0.03841155
vt 0.29170239 0.01937568
vt 0.29170239 0.08197621
vt 0.25774224 0.01091698
vt 0.25774224 0.05253558
vt 0.25737554 0.00997642
vt 0.26111616 0.01034501
vt 0.48213774 0.01154625
vt 0.42251213 0.04881470
vt 0.25700886 0.01091698
vt 0.25700886 0.05253558
vt 0.48250442 0.01248682
vt 0.48250442 0.05385932
vt 0.25669799 0.05348111
vt 0.25669799 0.11196090
vt 0.48281529 0.05480484
vt 0.48281529 0.11283888
vt 0.25805312 0.05348111
vt 0.25805312 0.11196090
vt 0.25826083 0.11291354
vt 0.25826083 0.00380029
vt 0.25649027 0.11291354
vt 0.25649027 0.00380029
vt 0.48302301 0.11379141
vt 0.48302301 0.00410695
vt 0.25833377 0.00475781
vt 0.25833377 0.12128246
vt 0.25641734 0.00475781
vt 0.25641734 0.12128246
vt 0.48309594 0.00506447
vt 0.48309594 0.12128246
vt 0.25833377 0.08297210
vt 0.25833377 0.10791445
vt 0.25641734 0.08297210
vt 0.25641734 0.10791445
vt 0.48309594 0.08297210
vt 0.48309594 0.10760767
vt 0.25826083 0.10887191
vt 0.25826083 0.01038367
vt 0.25649027 0.10887191
vt 0.25649027 0.01038367
vt 0.48302301 0.10856525
vt 0.48302301 0.00950575
vt 0.25805312 0.01133620
vt 0.25805312 0.06089471
vt 0.25669799 0.01133620
vt 0.25669799 0.06089471
vt 0.48281529 0.01045827
vt 0.48281529 0.05957092
vt 0.25774224 0.06184022
vt 0.25774224 0.00798237
vt 0.25700886 0.06184022
vt 0.25700886 0.00798237
vt 0.48250442 0.06051643
vt 0.48250442 0.00641254
vt 0.25737554 0.00892276
vt 0.26111616 0.00855423
vt 0.48213774 0.00735310
vt 0.42251213 0.09484048
vt 0.48108056 0.05309221
vt 0.48108056 0.08066723
vt 0.29243565 0.01937568
vt 0.29243565 0.08197621
vt 0.48076967 0.08161280
vt 0.48076967 0.09117321
vt 0.29274653 0.09253561
vt 0.29274653 0.02032124
vt 0.48056182 0.09212579
vt 0.48056182 0.11530437
vt 0.29295438 0.07219837
vt 0.29295438 0.09348825
vt 0.48048889 0.11626189
vt 0.48048889 0.12128246
vt 0.29302732 0.12128246
vt 0.29302732 0.07315577
vt 0.48048889 0.08297210
vt 0.48048889 0.12116622
vt 0.29302732 0.03951643
vt 0.29302732 0.08297210
vt 0.48056182 0.12212375
vt 0.48056182 0.03117136
vt 0.29295438 0.02980890
vt 0.29295438 0.04047389
vt 0.48076967 0.03212388
vt 0.48076967 0.03276300
vt 0.29274653 0.09405455
vt 0.29274653 0.03076140
vt 0.48108056 0.03370850
vt 0.48108056 0.09056295
vt 0.29243565 0.06167903
vt 0.29243565 0.09500007
vt 0.32263181 0.11753622
vt 0.32263181 0.12254867
vt 0.28395475 0.07156779
vt 0.28395475 0.08026789
vt 0.32294276 0.12160315
vt 0.32294276 0.00701949
vt 0.28364388 0.05594975
vt 0.28364388 0.07062229
vt 0.32315031 0.00606685
vt 0.32315031 0.07576183
vt 0.28343616 0.09285500
vt 0.28343616 0.05499723
vt 0.32322342 0.07480437
vt 0.32322342 0.08297210
vt 0.28336323 0.08297210
vt 0.28336323 0.09189754
vt 0.30201313 0.03701304
vt 0.30201313 0.06710826
vt 0.28537880 0.02278187
vt 0.28537880 0.01600005
vt 0.30274650 0.03701304
vt 0.30274650 0.06710826
vt 0.30305739 0.06805382
vt 0.30305739 0.08218043
vt 0.30170225 0.06805382
vt 0.30170225 0.08218043
vt 0.28568968 0.01694558
vt 0.28568968 0.08901301
vt 0.30149475 0.08313302
vt 0.30149475 0.11216268
vt 0.28589718 0.08996554
vt 0.28589718 0.03337569
vt 0.30326524 0.08313302
vt 0.30326524 0.11216268
vt 0.30142158 0.11312020
vt 0.30142158 0.12128246
vt 0.28597035 0.03433328
vt 0.28597035 0.12128246
vt 0.30333805 0.11312020
vt 0.30333805 0.12128246
vt 0.30142158 0.08297210
vt 0.30142158 0.12430774
vt 0.28597035 0.08297210
vt 0.28597035 0.07833892
vt 0.30333805 0.08297210
vt 0.30333805 0.12430774
vt 0.30149475 0.00061023
vt 0.30149475 0.04016413
vt 0.28589718 0.07929656
vt 0.28589718 0.03333150
vt 0.30326524 0.00061023
vt 0.30326524 0.04016413
vt 0.30170225 0.04111678
vt 0.30170225 0.04632197
vt 0.28568968 0.03428414
vt 0.28568968 0.09743018
vt 0.30305739 0.04111678
vt 0.30305739 0.04632197
vt 0.30274650 0.04726748
vt 0.30274650 0.10664210
vt 0.30201313 0.04726748
vt 0.30201313 0.10664210
vt 0.28537880 0.09837569
vt 0.28537880 0.12087330
vt 0.26148297 0.00761384
vt 0.26148297 0.02242183
vt 0.42214533 0.09389997
vt 0.42214533 0.00953555
vt 0.26074948 0.00761384
vt 0.26074948 0.02242183
vt 0.26043859 0.02147632
vt 0.26043859 0.02592200
vt 0.26179385 0.02147632
vt 0.26179385 0.02592200
vt 0.42183468 0.00859004
vt 0.42183468 0.05938853
vt 0.26200147 0.02496935
vt 0.26200147 0.03279331
vt 0.42162689 0.05843600
vt 0.42162689 0.00090262
vt 0.26023098 0.02496935
vt 0.26023098 0.03279331
vt 0.26207440 0.03183578
vt 0.26207440 0.08297210
vt 0.42155402 0.12470095
vt 0.42155402 0.08297210
vt 0.26015805 0.03183578
vt 0.26015805 0.08297210
vt 0.26207440 0.12128246
vt 0.26207440 0.08083642
vt 0.42155402 0.12128246
vt 0.42155402 0.11272710
vt 0.26015805 0.12128246
vt 0.26015805 0.08083642
vt 0.26200147 0.07987889
vt 0.26200147 0.09832768
vt 0.42162689 0.11176964
vt 0.42162689 0.06486115
vt 0.26023098 0.07987889
vt 0.26023098 0.09832768
vt 0.26179385 0.09737515
vt 0.26179385 0.09289944
vt 0.42183468 0.06390856
vt 0.42183468 0.10578572
vt 0.26043859 0.09737515
vt 0.26043859 0.09289944
vt 0.26074948 0.09195390
vt 0.26074948 0.01128551
vt 0.26148297 0.09195390
vt 0.26148297 0.01128551
vt 0.42214533 0.10484018
vt 0.42214533 0.04975524
vt 0.45307481 0.02500142
vt 0.45307481 0.03708413
vt 0.28464542 0.09837569
vt 0.28464542 0.12087330
vt 0.45338569 0.03613863
vt 0.45338569 0.03564660
vt 0.28433454 0.03428414
vt 0.28433454 0.09743018
vt 0.45359354 0.03469395
vt 0.45359354 0.03619056
vt 0.28412669 0.07929656
vt 0.28412669 0.03333150
vt 0.45366636 0.03523304
vt 0.45366636 0.08297210
vt 0.28405387 0.08297210
vt 0.28405387 0.07833892
vt 0.45366636 0.12128246
vt 0.45366636 0.07743916
vt 0.28405387 0.03433328
vt 0.28405387 0.12128246
vt 0.45359354 0.07648170
vt 0.45359354 0.08860308
vt 0.28412669 0.08996554
vt 0.28412669 0.03337569
vt 0.45338569 0.08765055
vt 0.45338569 0.07823714
vt 0.28433454 0.01694558
vt 0.28433454 0.08901301
vt 0.45307481 0.07729160
vt 0.45307481 0.11865377
vt 0.28464542 0.02278187
vt 0.28464542 0.01600005
vt 0.48177104 0.01248682
vt 0.48177104 0.05385932
vt 0.42287894 0.10484018
vt 0.42287894 0.04975524
vt 0.48146016 0.05480484
vt 0.48146016 0.11283888
vt 0.42318982 0.06390856
vt 0.42318982 0.10578572
vt 0.48125245 0.11379141
vt 0.48125245 0.00410695
vt 0.42339738 0.11176964
vt 0.42339738 0.06486115
vt 0.48117951 0.00506447
vt 0.48117951 0.12128246
vt 0.42347025 0.12128246
vt 0.42347025 0.11272710
vt 0.48117951 0.08297210
vt 0.48117951 0.10760767
vt 0.42347025 0.12470095
vt 0.42347025 0.08297210
vt 0.48125245 0.10856525
vt 0.48125245 0.00950575
vt 0.42339738 0.05843600
vt 0.42339738 0.00090262
vt 0.48146016 0.01045827
vt 0.48146016 0.05957092
vt 0.42318982 0.00859004
vt 0.42318982 0.05938853
vt 0.48177104 0.06051643
vt 0.48177104 0.00641254
vt 0.42287894 0.09389997
vt 0.42287894 0.00953555
vt 0.32226507 0.02517845
vt 0.28432145 0.06244676
vt 0.46362968 0.06771397
vt 0.27960329 0.06808250
vt 0.32189826 0.02611884
vt 0.46399625 0.06865448
vt 0.32189826 0.11658301
vt 0.46399625 0.00814204
vt 0.32263181 0.02611884
vt 0.28395475 0.06338733
vt 0.32263181 0.11658301
vt 0.28395475 0.04280797
vt 0.28468814 0.06338733
vt 0.27923675 0.06902300
vt 0.28468814 0.04280797
vt 0.27923675 0.04756025
vt 0.46326288 0.06865448
vt 0.46326288 0.00814204
vt 0.32158762 0.11752852
vt 0.46430714 0.00908754
vt 0.32158762 0.11627772
vt 0.46430714 0.08508506
vt 0.32294276 0.11752852
vt 0.28364388 0.04375348
vt 0.32294276 0.11627772
vt 0.28364388 0.06734746
vt 0.27997007 0.06902300
vt 0.27997007 0.04756025
vt 0.28499901 0.04375348
vt 0.27892587 0.04850575
vt 0.28499901 0.06734746
vt 0.27892587 0.07049926
vt 0.47628765 0.04837030
vt 0.47816721 0.08524092
vt 0.47628765 0.08542796
vt 0.26606904 0.04837030
vt 0.47976060 0.08470856
vt 0.48082550 0.08391190
vt 0.48119926 0.08297210
vt 0.48119926 0.12128246
vt 0.26115739 0.08297210
vt 0.26153139 0.08391190
vt 0.26259605 0.08470856
vt 0.26418945 0.08524092
vt 0.26606904 0.08542796
vt 0.47628765 0.11882667
vt 0.26606904 0.05459663
vt 0.47628765 0.05459663
vt 0.47816721 0.11901358
vt 0.47976060 0.11954588
vt 0.48082550 0.12034267
vt 0.26115739 0.12128246
vt 0.26153139 0.12034267
vt 0.26259605 0.11954588
vt 0.26418945 0.11901358
vt 0.26606904 0.11882667
vt 0.46295199 0.00908754
vt 0.46295199 0.08508506
vt 0.32137976 0.11723024
vt 0.46451499 0.06959552
vt 0.46451499 0.08603759
vt 0.32137976 0.03691043
vt 0.32315031 0.11723024
vt 0.28343616 0.06829999
vt 0.32315031 0.03691043
vt 0.28343616 0.01981720
vt 0.38075604 0.02814989
vt 0.34146299 0.08542796
vt 0.34146299 0.04837030
vt 0.38075604 0.08542796
vt 0.37887656 0.08524092
vt 0.34334258 0.08524092
vt 0.37728311 0.08470856
vt 0.34493591 0.08470856
vt 0.37621827 0.08391190
vt 0.34600063 0.08391190
vt 0.37584445 0.08297210
vt 0.34637458 0.08297210
vt 0.37584445 0.12128246
vt 0.34637458 0.12128246
vt 0.37621827 0.12034267
vt 0.34600063 0.12034267
vt 0.37728311 0.11954588
vt 0.34493591 0.11954588
vt 0.37887656 0.11901358
vt 0.34334258 0.11901358
vt 0.38075604 0.11882667
vt 0.34146299 0.11882667
vt 0.38075604 0.03437623
vt 0.34146299 0.05459663
vt 0.28028095 0.04850575
vt 0.28028095 0.07049926
vt 0.28520673 0.06829999
vt 0.27871802 0.07145191
vt 0.27871802 0.02091832
vt 0.28520673 0.01981720
vt 0.41620192 0.05248230
vt 0.45549510 0.02428905
vt 0.41620192 0.02428905
vt 0.45549510 0.05248230
vt 0.41415546 0.08542796
vt 0.37486218 0.02814989
vt 0.41415546 0.04837030
vt 0.37486218 0.08542796
vt 0.41227587 0.08524092
vt 0.37674189 0.08524092
vt 0.41068230 0.08470856
vt 0.37833534 0.08470856
vt 0.37939994 0.08391190
vt 0.40961758 0.08391190
vt 0.40924388 0.08297210
vt 0.37977377 0.08297210
vt 0.40924388 0.12128246
vt 0.37977377 0.12128246
vt 0.40961758 0.12034267
vt 0.37939994 0.12034267
vt 0.41068230 0.11954588
vt 0.37833534 0.11954588
vt 0.41227587 0.11901358
vt 0.37674189 0.11901358
vt 0.41415546 0.11882667
vt 0.37486218 0.11882667
vt 0.41415546 0.05459663
vt 0.37486218 0.03437623
vt 0.48411089 0.04198639
vt 0.44383093 0.03747104
vt 0.48144700 0.05215167
vt 0.29206920 0.08103564
vt 0.48374408 0.04292690
vt 0.48374408 0.03298768
vt 0.48181381 0.05309221
vt 0.48181381 0.08066723
vt 0.48447733 0.04292690
vt 0.48447733 0.03298768
vt 0.48478822 0.03393319
vt 0.48478822 0.10027973
vt 0.48343320 0.03393319
vt 0.48343320 0.10027973
vt 0.48212469 0.08161280
vt 0.48212469 0.09117321
vt 0.48322558 0.10123237
vt 0.48322558 0.03731161
vt 0.48233231 0.09212579
vt 0.48233231 0.11530437
vt 0.48499607 0.10123237
vt 0.48499607 0.03731161
vt 0.48315241 0.03826908
vt 0.48315241 0.12128246
vt 0.48240548 0.11626189
vt 0.48240548 0.12128246
vt 0.48506900 0.03826908
vt 0.48506900 0.12128246
vt 0.48315241 0.08297210
vt 0.48315241 0.07440300
vt 0.48240548 0.08297210
vt 0.48240548 0.12116622
vt 0.48506900 0.08297210
vt 0.48506900 0.07440300
vt 0.48322558 0.07536064
vt 0.48322558 0.02206478
vt 0.48233231 0.12212375
vt 0.48233231 0.03117136
vt 0.48499607 0.07536064
vt 0.48499607 0.02206478
vt 0.48343320 0.02301731
vt 0.48343320 0.08044266
vt 0.48212469 0.03212388
vt 0.48212469 0.03276300
vt 0.48478822 0.02301731
vt 0.48478822 0.08044266
vt 0.48374408 0.08138823
vt 0.48374408 0.10072824
vt 0.48181381 0.03370850
vt 0.48181381 0.09056295
vt 0.48447733 0.08138823
vt 0.48447733 0.10072824
vt 0.48411089 0.10166878
vt 0.44383093 0.10618417
vt 0.48144700 0.09150347
vt 0.29206920 0.06261945
vt 0.41620198 0.03874055
vt 0.37690881 0.06693363
vt 0.41620198 0.06693363
vt 0.37690881 0.03874055
vt 0.46362968 0.07594125
vt 0.27960329 0.07557272
vt 0.32226507 0.11847676
vt 0.28432145 0.08120834
vt 0.46399625 0.07500071
vt 0.46399625 0.10623384
vt 0.32189826 0.11753622
vt 0.32189826 0.12254867
vt 0.46326288 0.07500071
vt 0.46326288 0.10623384
vt 0.46295199 0.10528831
vt 0.46295199 0.03821209
vt 0.46430714 0.10528831
vt 0.46430714 0.03821209
vt 0.32158762 0.12160315
vt 0.32158762 0.00701949
vt 0.46451499 0.03725956
vt 0.46451499 0.04307668
vt 0.32137976 0.00606685
vt 0.32137976 0.07576183
vt 0.46274438 0.03725956
vt 0.46274438 0.04307668
vt 0.46458780 0.04211916
vt 0.46458780 0.08297210
vt 0.32130695 0.07480437
vt 0.32130695 0.08297210
vt 0.46267133 0.04211916
vt 0.46267133 0.08297210
vt 0.46458780 0.12128246
vt 0.46458780 0.07055304
vt 0.32130695 0.03786783
vt 0.32130695 0.12128246
vt 0.46267133 0.12128246
vt 0.46267133 0.07055304
vt 0.46274438 0.06959552
vt 0.46274438 0.08603759
vt 0.32322342 0.03786783
vt 0.28336323 0.02077472
vt 0.32322342 0.12128246
vt 0.28336323 0.12128246
vt 0.48954918 0.03437623
vt 0.27933057 0.11882667
vt 0.27933057 0.03437623
vt 0.27745101 0.11901358
vt 0.27585762 0.11954588
vt 0.27479295 0.12034267
vt 0.27441895 0.12128246
vt 0.49446083 0.12128246
vt 0.49408706 0.12034267
vt 0.49302216 0.11954588
vt 0.49142877 0.11901358
vt 0.48954918 0.11882667
vt 0.27745101 0.08524092
vt 0.27933057 0.02814989
vt 0.27933057 0.08542796
vt 0.48954918 0.02814989
vt 0.27585762 0.08470856
vt 0.27479295 0.08391190
vt 0.27441895 0.08297210
vt 0.49446083 0.08297210
vt 0.49408706 0.08391190
vt 0.49302216 0.08470856
vt 0.49142877 0.08524092
vt 0.48954918 0.08542796
vt 0.28048857 0.07145191
vt 0.28048857 0.02091832
vt 0.28056168 0.02187585
vt 0.28056168 0.12128246
vt 0.27864517 0.02187585
vt 0.27864517 0.12128246
vt 0.28527966 0.02077472
vt 0.28527966 0.12128246
vt 0.27864517 0.08297210
vt 0.27864517 0.09079641
vt 0.28527966 0.08297210
vt 0.28527966 0.09189754
vt 0.28056168 0.08297210
vt 0.28056168 0.09079641
vt 0.27871802 0.09175393
vt 0.27871802 0.05184527
vt 0.28520673 0.09285500
vt 0.28520673 0.05499723
vt 0.28048857 0.09175393
vt 0.28048857 0.05184527
vt 0.27892587 0.05279780
vt 0.27892587 0.06586992
vt 0.28499901 0.05594975
vt 0.28499901 0.07062229
vt 0.28028095 0.05279780
vt 0.28028095 0.06586992
vt 0.27997007 0.06681546
vt 0.27997007 0.07463215
vt 0.27923675 0.06681546
vt 0.27923675 0.07463215
vt 0.28468814 0.07156779
vt 0.28468814 0.08026789
vt 0.28054817 0.10212678
vt 0.28054817 0.01647289
vt 0.28091474 0.10306729
vt 0.30237994 0.10758261
vt 0.45270824 0.02594196
vt 0.28501199 0.12181384
vt 0.28128148 0.10212678
vt 0.28128148 0.01647289
vt 0.45234155 0.02500142
vt 0.45234155 0.03708413
vt 0.28159237 0.01552732
vt 0.28159237 0.06398965
vt 0.45203067 0.03613863
vt 0.45203067 0.03564660
vt 0.28023729 0.01552732
vt 0.28023729 0.06398965
vt 0.28002944 0.06303700
vt 0.28002944 0.00250993
vt 0.28179998 0.06303700
vt 0.28179998 0.00250993
vt 0.45182305 0.03469395
vt 0.45182305 0.03619056
vt 0.27995662 0.00155235
vt 0.27995662 0.08297210
vt 0.28187309 0.00155235
vt 0.28187309 0.08297210
vt 0.45174988 0.03523304
vt 0.45174988 0.08297210
vt 0.27995662 0.12128246
vt 0.27995662 0.11111979
vt 0.28187309 0.12128246
vt 0.28187309 0.11111979
vt 0.45174988 0.12128246
vt 0.45174988 0.07743916
vt 0.28179998 0.11016227
vt 0.28179998 0.06026003
vt 0.45182305 0.07648170
vt 0.45182305 0.08860308
vt 0.28002944 0.11016227
vt 0.28002944 0.06026003
vt 0.28159237 0.05930757
vt 0.28159237 0.09884841
vt 0.45203067 0.08765055
vt 0.45203067 0.07823714
vt 0.28023729 0.05930757
vt 0.28023729 0.09884841
vt 0.28054817 0.09790289
vt 0.28054817 0.04152847
vt 0.28128148 0.09790289
vt 0.28128148 0.04152847
vt 0.45234155 0.07729160
vt 0.45234155 0.11865377
vt 0.28091474 0.04058793
vt 0.30237994 0.03607250
vt 0.45270824 0.11771326
vt 0.28501199 0.02184137
vt 0.44419767 0.10524366
vt 0.44419767 0.11218276
vt 0.29170239 0.06167903
vt 0.29170239 0.09500007
vt 0.44346436 0.10524366
vt 0.44346436 0.11218276
vt 0.44450856 0.11123724
vt 0.44450856 0.12490030
vt 0.29139151 0.09405455
vt 0.29139151 0.03076140
vt 0.44315348 0.11123724
vt 0.44315348 0.12490030
vt 0.44294563 0.12394768
vt 0.44294563 0.07336017
vt 0.44471617 0.12394768
vt 0.44471617 0.07336017
vt 0.29118389 0.02980890
vt 0.29118389 0.04047389
vt 0.44287275 0.07240265
vt 0.44287275 0.08297210
vt 0.44478929 0.07240265
vt 0.44478929 0.08297210
vt 0.29111072 0.03951643
vt 0.29111072 0.08297210
vt 0.44287275 0.12128246
vt 0.44287275 0.04026961
vt 0.44478929 0.12128246
vt 0.44478929 0.04026961
vt 0.29111072 0.12128246
vt 0.29111072 0.07315577
vt 0.44294563 0.03931208
vt 0.44294563 0.12410530
vt 0.44471617 0.03931208
vt 0.44471617 0.12410530
vt 0.29118389 0.07219837
vt 0.29118389 0.09348825
vt 0.44315348 0.12315277
vt 0.44315348 0.00313860
vt 0.44450856 0.12315277
vt 0.44450856 0.00313860
vt 0.29139151 0.09253561
vt 0.29139151 0.02032124
vt 0.44346436 0.00219304
vt 0.44346436 0.03841155
vt 0.44419767 0.00219304
vt 0.44419767 0.03841155
vt 0.29170239 0.01937568
vt 0.29170239 0.08197621
vt 0.25774224 0.01091698
vt 0.25774224 0.05253558
vt 0.25737554 0.00997642
vt 0.26111616 0.01034501
vt 0.48213774 0.01154625
vt 0.42251213 0.04881470
vt 0.25700886 0.01091698
vt 0.25700886 0.05253558
vt 0.48250442 0.01248682
vt 0.48250442 0.05385932
vt 0.25669799 0.05348111
vt 0.25669799 0.11196090
vt 0.48281529 0.05480484
vt 0.48281529 0.11283888
vt 0.25805312 0.05348111
vt 0.25805312 0.11196090
vt 0.25826083 0.11291354
vt 0.25826083 0.00380029
vt 0.25649027 0.11291354
vt 0.25649027 0.00380029
vt 0.48302301 0.11379141
vt 0.48302301 0.00410695
vt 0.25833377 0.00475781
vt 0.25833377 0.12128246
vt 0.25641734 0.00475781
vt 0.25641734 0.12128246
vt 0.48309594 0.00506447
vt 0.48309594 0.12128246
vt 0.25833377 0.08297210
vt 0.25833377 0.10791445
vt 0.25641734 0.08297210
vt 0.25641734 0.10791445
vt 0.48309594 0.08297210
vt 0.48309594 0.10760767
vt 0.25826083 0.10887191
vt 0.25826083 0.01038367
vt 0.25649027 0.10887191
vt 0.25649027 0.01038367
vt 0.48302301 0.10856525
vt 0.48302301 0.00950575
vt 0.25805312 0.01133620
vt 0.25805312 0.06089471
vt 0.25669799 0.01133620
vt 0.25669799 0.06089471
vt 0.48281529 0.01045827
vt 0.48281529 0.05957092
vt 0.25774224 0.06184022
vt 0.25774224 0.00798237
vt 0.25700886 0.06184022
vt 0.25700886 0.00798237
vt 0.48250442 0.06051643
vt 0.48250442 0.00641254
vt 0.25737554 0.00892276
vt 0.26111616 0.00855423
vt 0.48213774 0.00735310
vt 0.42251213 0.09484048
vt 0.48108056 0.05309221
vt 0.48108056 0.08066723
vt 0.29243565 0.01937568
vt 0.29243565 0.08197621
vt 0.48076967 0.08161280
vt 0.48076967 0.09117321
vt 0.29274653 0.09253561
vt 0.29274653 0.02032124
vt 0.48056182 0.09212579
vt 0.48056182 0.11530437
vt 0.29295438 0.07219837
vt 0.29295438 0.09348825
vt 0.48048889 0.11626189
vt 0.48048889 0.12128246
vt 0.29302732 0.12128246
vt 0.29302732 0.07315577
vt 0.48048889 0.08297210
vt 0.48048889 0.12116622
vt 0.29302732 0.03951643
vt 0.29302732 0.08297210
vt 0.48056182 0.12212375
vt 0.48056182 0.03117136
vt 0.29295438 0.02980890
vt 0.29295438 0.04047389
vt 0.48076967 0.03212388
vt 0.48076967 0.03276300
vt 0.29274653 0.09405455
vt 0.29274653 0.03076140
vt 0.48108056 0.03370850
vt 0.48108056 0.09056295
vt 0.29243565 0.06167903
vt 0.29243565 0.09500007
vt 0.32263181 0.11753622
vt 0.32263181 0.12254867
vt 0.28395475 0.07156779
vt 0.28395475 0.08026789
vt 0.32294276 0.12160315
vt 0.32294276 0.00701949
vt 0.28364388 0.05594975
vt 0.28364388 0.07062229
vt 0.32315031 0.00606685
vt 0.32315031 0.07576183
vt 0.28343616 0.09285500
vt 0.28343616 0.05499723
vt 0.32322342 0.07480437
vt 0.32322342 0.08297210
vt 0.28336323 0.08297210
vt 0.28336323 0.09189754
vt 0.30201313 0.03701304
vt 0.30201313 0.06710826
vt 0.28537880 0.02278187
vt 0.28537880 0.01600005
vt 0.30274650 0.03701304
vt 0.30274650 0.06710826
vt 0.30305739 0.06805382
vt 0.30305739 0.08218043
vt 0.30170225 0.06805382
vt 0.30170225 0.08218043
vt 0.28568968 0.01694558
vt 0.28568968 0.08901301
vt 0.30149475 0.08313302
vt 0.30149475 0.11216268
vt 0.28589718 0.08996554
vt 0.28589718 0.03337569
vt 0.30326524 0.08313302
vt 0.30326524 0.11216268
vt 0.30142158 0.11312020
vt 0.30142158 0.12128246
vt 0.28597035 0.03433328
vt 0.28597035 0.12128246
vt 0.30333805 0.11312020
vt 0.30333805 0.12128246
vt 0.30142158 0.08297210
vt 0.30142158 0.12430774
vt 0.28597035 0.08297210
vt 0.28597035 0.07833892
vt 0.30333805 0.08297210
vt 0.30333805 0.12430774
vt 0.30149475 0.00061023
vt 0.30149475 0.04016413
vt 0.28589718 0.07929656
vt 0.28589718 0.03333150
vt 0.30326524 0.00061023
vt 0.30326524 0.04016413
vt 0.30170225 0.04111678
vt 0.30170225 0.04632197
vt 0.28568968 0.03428414
vt 0.28568968 0.09743018
vt 0.30305739 0.04111678
vt 0.30305739 0.04632197
vt 0.30274650 0.04726748
vt 0.30274650 0.10664210
vt 0.30201313 0.04726748
vt 0.30201313 0.10664210
vt 0.28537880 0.09837569
vt 0.28537880 0.12087330
vt 0.26148297 0.00761384
vt 0.26148297 0.02242183
vt 0.42214533 0.09389997
vt 0.42214533 0.00953555
vt 0.26074948 0.00761384
vt 0.26074948 0.02242183
vt 0.26043859 0.02147632
vt 0.26043859 0.02592200
vt 0.26179385 0.02147632
vt 0.26179385 0.02592200
vt 0.42183468 0.00859004
vt 0.42183468 0.05938853
vt 0.26200147 0.02496935
vt 0.26200147 0.03279331
vt 0.42162689 0.05843600
vt 0.42162689 0.00090262
vt 0.26023098 0.02496935
vt 0.26023098 0.03279331
vt 0.26207440 0.03183578
vt 0.26207440 0.08297210
vt 0.42155402 0.12470095
vt 0.42155402 0.08297210
vt 0.26015805 0.03183578
vt 0.26015805 0.08297210
vt 0.26207440 0.12128246
vt 0.26207440 0.08083642
vt 0.42155402 0.12128246
vt 0.42155402 0.11272710
vt 0.26015805 0.12128246
vt 0.26015805 0.08083642
vt 0.26200147 0.07987889
vt 0.26200147 0.09832768
vt 0.42162689 0.11176964
vt 0.42162689 0.06486115
vt 0.26023098 0.07987889
vt 0.26023098 0.09832768
vt 0.26179385 0.09737515
vt 0.26179385 0.09289944
vt 0.42183468 0.06390856
vt 0.42183468 0.10578572
vt 0.26043859 0.09737515
vt 0.26043859 0.09289944
vt 0.26074948 0.09195390
vt 0.26074948 0.01128551
vt 0.26148297 0.09195390
vt 0.26148297 0.01128551
vt 0.42214533 0.10484018
vt 0.42214533 0.04975524
vt 0.45307481 0.02500142
vt 0.45307481 0.03708413
vt 0.28464542 0.09837569
vt 0.28464542 0.12087330
vt 0.45338569 0.03613863
vt 0.45338569 0.03564660
vt 0.28433454 0.03428414
vt 0.28433454 0.09743018
vt 0.45359354 0.03469395
vt 0.45359354 0.03619056
vt 0.28412669 0.07929656
vt 0.28412669 0.03333150
vt 0.45366636 0.03523304
vt 0.45366636 0.08297210
vt 0.28405387 0.08297210
vt 0.28405387 0.07833892
vt 0.45366636 0.12128246
vt 0.45366636 0.07743916
vt 0.28405387 0.03433328
vt 0.28405387 0.12128246
vt 0.45359354 0.07648170
vt 0.45359354 0.08860308
vt 0.28412669 0.08996554
vt 0.28412669 0.03337569
vt 0.45338569 0.08765055
vt 0.45338569 0.07823714
vt 0.28433454 0.01694558
vt 0.28433454 0.08901301
vt 0.45307481 0.07729160
vt 0.45307481 0.11865377
vt 0.28464542 0.02278187
vt 0.28464542 0.01600005
vt 0.48177104 0.01248682
vt 0.48177104 0.05385932
vt 0.42287894 0.10484018
vt 0.42287894 0.04975524
vt 0.48146016 0.05480484
vt 0.48146016 0.11283888
vt 0.42318982 0.06390856
vt 0.42318982 0.10578572
vt 0.48125245 0.11379141
vt 0.48125245 0.00410695
vt 0.42339738 0.11176964
vt 0.42339738 0.06486115
vt 0.48117951 0.00506447
vt 0.48117951 0.12128246
vt 0.42347025 0.12128246
vt 0.42347025 0.11272710
vt 0.48117951 0.08297210
vt 0.48117951 0.10760767
vt 0.42347025 0.12470095
vt 0.42347025 0.08297210
vt 0.48125245 0.10856525
vt 0.48125245 0.00950575
vt 0.42339738 0.05843600
vt 0.42339738 0.00090262
vt 0.48146016 0.01045827
vt 0.48146016 0.05957092
vt 0.42318982 0.00859004
vt 0.42318982 0.05938853
vt 0.48177104 0.06051643
vt 0.48177104 0.00641254
vt 0.42287894 0.09389997
vt 0.42287894 0.00953555
vt 0.32226507 0.02517845
vt 0.28432145 0.06244676
vt 0.46362968 0.06771397
vt 0.27960329 0.06808250
vt 0.32189826 0.02611884
vt 0.46399625 0.06865448
vt 0.32189826 0.11658301
vt 0.46399625 0.00814204
vt 0.32263181 0.02611884
vt 0.28395475 0.06338733
vt 0.32263181 0.11658301
vt 0.28395475 0.04280797
vt 0.28468814 0.06338733
vt 0.27923675 0.06902300
vt 0.28468814 0.04280797
vt 0.27923675 0.04756025
vt 0.46326288 0.06865448
vt 0.46326288 0.00814204
vt 0.32158762 0.11752852
vt 0.46430714 0.00908754
vt 0.32158762 0.11627772
vt 0.46430714 0.08508506
vt 0.32294276 0.11752852
vt 0.28364388 0.04375348
vt 0.32294276 0.11627772
vt 0.28364388 0.06734746
vt 0.27997007 0.06902300
vt 0.27997007 0.04756025
vt 0.28499901 0.04375348
vt 0.27892587 0.04850575
vt 0.28499901 0.06734746
vt 0.27892587 0.07049926
vt 0.47628765 0.04837030
vt 0.47816721 0.08524092
vt 0.47628765 0.08542796
vt 0.26606904 0.04837030
vt 0.47976060 0.08470856
vt 0.48082550 0.08391190
vt 0.48119926 0.08297210
vt 0.48119926 0.12128246
vt 0.26115739 0.08297210
vt 0.26153139 0.08391190
vt 0.26259605 0.08470856
vt 0.26418945 0.08524092
vt 0.26606904 0.08542796
vt 0.47628765 0.11882667
vt 0.26606904 0.05459663
vt 0.47628765 0.05459663
vt 0.47816721 0.11901358
vt 0.47976060 0.11954588
vt 0.48082550 0.12034267
vt 0.26115739 0.12128246
vt 0.26153139 0.12034267
vt 0.26259605 0.11954588
vt 0.26418945 0.11901358
vt 0.26606904 0.11882667
vt 0.46295199 0.00908754
vt 0.46295199 0.08508506
vt 0.32137976 0.11723024
vt 0.46451499 0.06959552
vt 0.46451499 0.08603759
vt 0.32137976 0.03691043
vt 0.32315031 0.11723024
vt 0.28343616 0.06829999
vt 0.32315031 0.03691043
vt 0.28343616 0.01981720
vt 0.38075604 0.02814989
vt 0.34146299 0.08542796
vt 0.34146299 0.04837030
vt 0.38075604 0.08542796
vt 0.37887656 0.08524092
vt 0.34334258 0.08524092
vt 0.37728311 0.08470856
vt 0.34493591 0.08470856
vt 0.37621827 0.08391190
vt 0.34600063 0.08391190
vt 0.37584445 0.08297210
vt 0.34637458 0.08297210
vt 0.37584445 0.12128246
vt 0.34637458 0.12128246
vt 0.37621827 0.12034267
vt 0.34600063 0.12034267
vt 0.37728311 0.11954588
vt 0.34493591 0.11954588
vt 0.37887656 0.11901358
vt 0.34334258 0.11901358
vt 0.38075604 0.11882667
vt 0.34146299 0.11882667
vt 0.38075604 0.03437623
vt 0.34146299 0.05459663
vt 0.28028095 0.04850575
vt 0.28028095 0.07049926
vt 0.28520673 0.06829999
vt 0.27871802 0.07145191
vt 0.27871802 0.02091832
vt 0.28520673 0.01981720
vt 0.41620192 0.05248230
vt 0.45549510 0.02428905
vt 0.41620192 0.02428905
vt 0.45549510 0.05248230
vt 0.41415546 0.08542796
vt 0.37486218 0.02814989
vt 0.41415546 0.04837030
vt 0.37486218 0.08542796
vt 0.41227587 0.08524092
vt 0.37674189 0.08524092
vt 0.41068230 0.08470856
vt 0.37833534 0.08470856
vt 0.37939994 0.08391190
vt 0.40961758 0.08391190
vt 0.40924388 0.08297210
vt 0.37977377 0.08297210
vt 0.40924388 0.12128246
vt 0.37977377 0.12128246
vt 0.40961758 0.12034267
vt 0.37939994 0.12034267
vt 0.41068230 0.11954588
vt 0.37833534 0.11954588
vt 0.41227587 0.11901358
vt 0.37674189 0.11901358
vt 0.41415546 0.11882667
vt 0.37486218 0.11882667
vt 0.41415546 0.05459663
vt 0.37486218 0.03437623
vt 0.48411089 0.04198639
vt 0.44383093 0.03747104
vt 0.48144700 0.05215167
vt 0.29206920 0.08103564
vt 0.48374408 0.04292690
vt 0.48374408 0.03298768
vt 0.48181381 0.05309221
vt 0.48181381 0.08066723
vt 0.48447733 0.04292690
vt 0.48447733 0.03298768
vt 0.48478822 0.03393319
vt 0.48478822 0.10027973
vt 0.48343320 0.03393319
vt 0.48343320 0.10027973
vt 0.48212469 0.08161280
vt 0.48212469 0.09117321
vt 0.48322558 0.10123237
vt 0.48322558 0.03731161
vt 0.48233231 0.09212579
vt 0.48233231 0.11530437
vt 0.48499607 0.10123237
vt 0.48499607 0.03731161
vt 0.48315241 0.03826908
vt 0.48315241 0.12128246
vt 0.48240548 0.11626189
vt 0.48240548 0.12128246
vt 0.48506900 0.03826908
vt 0.48506900 0.12128246
vt 0.48315241 0.08297210
vt 0.48315241 0.07440300
vt 0.48240548 0.08297210
vt 0.48240548 0.12116622
vt 0.48506900 0.08297210
vt 0.48506900 0.07440300
vt 0.48322558 0.07536064
vt 0.48322558 0.02206478
vt 0.48233231 0.12212375
vt 0.48233231 0.03117136
vt 0.48499607 0.07536064
vt 0.48499607 0.02206478
vt 0.48343320 0.02301731
vt 0.48343320 0.08044266
vt 0.48212469 0.03212388
vt 0.48212469 0.03276300
vt 0.48478822 0.02301731
vt 0.48478822 0.08044266
vt 0.48374408 0.08138823
vt 0.48374408 0.10072824
vt 0.48181381 0.03370850
vt 0.48181381 0.09056295
vt 0.48447733 0.08138823
vt 0.48447733 0.10072824
vt 0.48411089 0.10166878
vt 0.44383093 0.10618417
vt 0.48144700 0.09150347
vt 0.29206920 0.06261945
vt 0.41620198 0.03874055
vt 0.37690881 0.06693363
vt 0.41620198 0.06693363
vt 0.37690881 0.03874055
vt 0.46362968 0.07594125
vt 0.27960329 0.07557272
vt 0.32226507 0.11847676
vt 0.28432145 0.08120834
vt 0.46399625 0.07500071
vt 0.46399625 0.10623384
vt 0.32189826 0.11753622
vt 0.32189826 0.12254867
vt 0.46326288 0.07500071
vt 0.46326288 0.10623384
vt 0.46295199 0.10528831
vt 0.46295199 0.03821209
vt 0.46430714 0.10528831
vt 0.46430714 0.03821209
vt 0.32158762 0.12160315
vt 0.32158762 0.00701949
vt 0.46451499 0.03725956
vt 0.46451499 0.04307668
vt 0.32137976 0.00606685
vt 0.32137976 0.07576183
vt 0.46274438 0.03725956
vt 0.46274438 0.04307668
vt 0.46458780 0.04211916
vt 0.46458780 0.08297210
vt 0.32130695 0.07480437
vt 0.32130695 0.08297210
vt 0.46267133 0.04211916
vt 0.46267133 0.08297210
vt 0.46458780 0.12128246
vt 0.46458780 0.07055304
vt 0.32130695 0.03786783
vt 0.32130695 0.12128246
vt 0.46267133 0.12128246
vt 0.46267133 0.07055304
vt 0.46274438 0.06959552
vt 0.46274438 0.08603759
vt 0.32322342 0.03786783
vt 0.28336323 0.02077472
vt 0.32322342 0.12128246
vt 0.28336323 0.12128246
vt 0.48954918 0.03437623
vt 0.27933057 0.11882667
vt 0.27933057 0.03437623
vt 0.27745101 0.11901358
vt 0.27585762 0.11954588
vt 0.27479295 0.12034267
vt 0.27441895 0.12128246
vt 0.49446083 0.12128246
vt 0.49408706 0.12034267
vt 0.49302216 0.11954588
vt 0.49142877 0.11901358
vt 0.48954918 0.11882667
vt 0.27745101 0.08524092
vt 0.27933057 0.02814989
vt 0.27933057 0.08542796
vt 0.48954918 0.02814989
vt 0.27585762 0.08470856
vt 0.27479295 0.08391190
vt 0.27441895 0.08297210
vt 0.49446083 0.08297210
vt 0.49408706 0.08391190
vt 0.49302216 0.08470856
vt 0.49142877 0.08524092
vt 0.48954918 0.08542796
vt 0.28048857 0.07145191
vt 0.28048857 0.02091832
vt 0.28056168 0.02187585
vt 0.28056168 0.12128246
vt 0.27864517 0.02187585
vt 0.27864517 0.12128246
vt 0.28527966 0.02077472
vt 0.28527966 0.12128246
vt 0.27864517 0.08297210
vt 0.27864517 0.09079641
vt 0.28527966 0.08297210
vt 0.28527966 0.09189754
vt 0.28056168 0.08297210
vt 0.28056168 0.09079641
vt 0.27871802 0.09175393
vt 0.27871802 0.05184527
vt 0.28520673 0.09285500
vt 0.28520673 0.05499723
vt 0.28048857 0.09175393
vt 0.28048857 0.05184527
vt 0.27892587 0.05279780
vt 0.27892587 0.06586992
vt 0.28499901 0.05594975
vt 0.28499901 0.07062229
vt 0.28028095 0.05279780
vt 0.28028095 0.06586992
vt 0.27997007 0.06681546
vt 0.27997007 0.07463215
vt 0.27923675 0.06681546
vt 0.27923675 0.07463215
vt 0.28468814 0.07156779
vt 0.28468814 0.08026789
vt 0.28054817 0.10212678
vt 0.28054817 0.01647289
vt 0.28091474 0.10306729
vt 0.30237994 0.10758261
vt 0.45270824 0.02594196
vt 0.28501199 0.12181384
vt 0.28128148 0.10212678
vt 0.28128148 0.01647289
vt 0.45234155 0.02500142
vt 0.45234155 0.03708413
vt 0.28159237 0.01552732
vt 0.28159237 0.06398965
vt 0.45203067 0.03613863
vt 0.45203067 0.03564660
vt 0.28023729 0.01552732
vt 0.28023729 0.06398965
vt 0.28002944 0.06303700
vt 0.28002944 0.00250993
vt 0.28179998 0.06303700
vt 0.28179998 0.00250993
vt 0.45182305 0.03469395
vt 0.45182305 0.03619056
vt 0.27995662 0.00155235
vt 0.27995662 0.08297210
vt 0.28187309 0.00155235
vt 0.28187309 0.08297210
vt 0.45174988 0.03523304
vt 0.45174988 0.08297210
vt 0.27995662 0.12128246
vt 0.27995662 0.11111979
vt 0.28187309 0.12128246
vt 0.28187309 0.11111979
vt 0.45174988 0.12128246
vt 0.45174988 0.07743916
vt 0.28179998 0.11016227
vt 0.28179998 0.06026003
vt 0.45182305 0.07648170
vt 0.45182305 0.08860308
vt 0.28002944 0.11016227
vt 0.28002944 0.06026003
vt 0.28159237 0.05930757
vt 0.28159237 0.09884841
vt 0.45203067 0.08765055
vt 0.45203067 0.07823714
vt 0.28023729 0.05930757
vt 0.28023729 0.09884841
vt 0.28054817 0.09790289
vt 0.28054817 0.04152847
vt 0.28128148 0.09790289
vt 0.28128148 0.04152847
vt 0.45234155 0.07729160
vt 0.45234155 0.11865377
vt 0.28091474 0.04058793
vt 0.30237994 0.03607250
vt 0.45270824 0.11771326
vt 0.28501199 0.02184137
vt 0.44419767 0.10524366
vt 0.44419767 0.11218276
vt 0.29170239 0.06167903
vt 0.29170239 0.09500007
vt 0.44346436 0.10524366
vt 0.44346436 0.11218276
vt 0.44450856 0.11123724
vt 0.44450856 0.12490030
vt 0.29139151 0.09405455
vt 0.29139151 0.03076140
vt 0.44315348 0.11123724
vt 0.44315348 0.12490030
vt 0.44294563 0.12394768
vt 0.44294563 0.07336017
vt 0.44471617 0.12394768
vt 0.44471617 0.07336017
vt 0.29118389 0.02980890
vt 0.29118389 0.04047389
vt 0.44287275 0.07240265
vt 0.44287275 0.08297210
vt 0.44478929 0.07240265
vt 0.44478929 0.08297210
vt 0.29111072 0.03951643
vt 0.29111072 0.08297210
vt 0.44287275 0.12128246
vt 0.44287275 0.04026961
vt 0.44478929 0.12128246
vt 0.44478929 0.04026961
vt 0.29111072 0.12128246
vt 0.29111072 0.07315577
vt 0.44294563 0.03931208
vt 0.44294563 0.12410530
vt 0.44471617 0.03931208
vt 0.44471617 0.12410530
vt 0.29118389 0.07219837
vt 0.29118389 0.09348825
vt 0.44315348 0.12315277
vt 0.44315348 0.00313860
vt 0.44450856 0.12315277
vt 0.44450856 0.00313860
vt 0.29139151 0.09253561
vt 0.29139151 0.02032124
vt 0.44346436 0.00219304
vt 0.44346436 0.03841155
vt 0.44419767 0.00219304
vt 0.44419767 0.03841155
vt 0.29170239 0.01937568
vt 0.29170239 0.08197621
vt 0.25774224 0.01091698
vt 0.25774224 0.05253558
vt 0.25737554 0.00997642
vt 0.26111616 0.01034501
vt 0.48213774 0.01154625
vt 0.42251213 0.04881470
vt 0.25700886 0.01091698
vt 0.25700886 0.05253558
vt 0.48250442 0.01248682
vt 0.48250442 0.05385932
vt 0.25669799 0.05348111
vt 0.25669799 0.11196090
vt 0.48281529 0.05480484
vt 0.48281529 0.11283888
vt 0.25805312 0.05348111
vt 0.25805312 0.11196090
vt 0.25826083 0.11291354
vt 0.25826083 0.00380029
vt 0.25649027 0.11291354
vt 0.25649027 0.00380029
vt 0.48302301 0.11379141
vt 0.48302301 0.00410695
vt 0.25833377 0.00475781
vt 0.25833377 0.12128246
vt 0.25641734 0.00475781
vt 0.25641734 0.12128246
vt 0.48309594 0.00506447
vt 0.48309594 0.12128246
vt 0.25833377 0.08297210
vt 0.25833377 0.10791445
vt 0.25641734 0.08297210
vt 0.25641734 0.10791445
vt 0.48309594 0.08297210
vt 0.48309594 0.10760767
vt 0.25826083 0.10887191
vt 0.25826083 0.01038367
vt 0.25649027 0.10887191
vt 0.25649027 0.01038367
vt 0.48302301 0.10856525
vt 0.48302301 0.00950575
vt 0.25805312 0.01133620
vt 0.25805312 0.06089471
vt 0.25669799 0.01133620
vt 0.25669799 0.06089471
vt 0.48281529 0.01045827
vt 0.48281529 0.05957092
vt 0.25774224 0.06184022
vt 0.25774224 0.00798237
vt 0.25700886 0.06184022
vt 0.25700886 0.00798237
vt 0.48250442 0.06051643
vt 0.48250442 0.00641254
vt 0.25737554 0.00892276
vt 0.26111616 0.00855423
vt 0.48213774 0.00735310
vt 0.42251213 0.09484048
vt 0.48108056 0.05309221
vt 0.48108056 0.08066723
vt 0.29243565 0.01937568
vt 0.29243565 0.08197621
vt 0.48076967 0.08161280
vt 0.48076967 0.09117321
vt 0.29274653 0.09253561
vt 0.29274653 0.02032124
vt 0.48056182 0.09212579
vt 0.48056182 0.11530437
vt 0.29295438 0.07219837
vt 0.29295438 0.09348825
vt 0.48048889 0.11626189
vt 0.48048889 0.12128246
vt 0.29302732 0.12128246
vt 0.29302732 0.07315577
vt 0.48048889 0.08297210
vt 0.48048889 0.12116622
vt 0.29302732 0.03951643
vt 0.29302732 0.08297210
vt 0.48056182 0.12212375
vt 0.48056182 0.03117136
vt 0.29295438 0.02980890
vt 0.29295438 0.04047389
vt 0.48076967 0.03212388
vt 0.48076967 0.03276300
vt 0.29274653 0.09405455
vt 0.29274653 0.03076140
vt 0.48108056 0.03370850
vt 0.48108056 0.09056295
vt 0.29243565 0.06167903
vt 0.29243565 0.09500007
vt 0.32263181 0.11753622
vt 0.32263181 0.12254867
vt 0.28395475 0.07156779
vt 0.28395475 0.08026789
vt 0.32294276 0.12160315
vt 0.32294276 0.00701949
vt 0.28364388 0.05594975
vt 0.28364388 0.07062229
vt 0.32315031 0.00606685
vt 0.32315031 0.07576183
vt 0.28343616 0.09285500
vt 0.28343616 0.05499723
vt 0.32322342 0.07480437
vt 0.32322342 0.08297210
vt 0.28336323 0.08297210
vt 0.28336323 0.09189754
vt 0.30201313 0.03701304
vt 0.30201313 0.06710826
vt 0.28537880 0.02278187
vt 0.28537880 0.01600005
vt 0.30274650 0.03701304
vt 0.30274650 0.06710826
vt 0.30305739 0.06805382
vt 0.30305739 0.08218043
vt 0.30170225 0.06805382
vt 0.30170225 0.08218043
vt 0.28568968 0.01694558
vt 0.28568968 0.08901301
vt 0.30149475 0.08313302
vt 0.30149475 0.11216268
vt 0.28589718 0.08996554
vt 0.28589718 0.03337569
vt 0.30326524 0.08313302
vt 0.30326524 0.11216268
vt 0.30142158 0.11312020
vt 0.30142158 0.12128246
vt 0.28597035 0.03433328
vt 0.28597035 0.12128246
vt 0.30333805 0.11312020
vt 0.30333805 0.12128246
vt 0.30142158 0.08297210
vt 0.30142158 0.12430774
vt 0.28597035 0.08297210
vt 0.28597035 0.07833892
vt 0.30333805 0.08297210
vt 0.30333805 0.12430774
vt 0.30149475 0.00061023
vt 0.30149475 0.04016413
vt 0.28589718 0.07929656
vt 0.28589718 0.03333150
vt 0.30326524 0.00061023
vt 0.30326524 0.04016413
vt 0.30170225 0.04111678
vt 0.30170225 0.04632197
vt 0.28568968 0.03428414
vt 0.28568968 0.09743018
vt 0.30305739 0.04111678
vt 0.30305739 0.04632197
vt 0.30274650 0.04726748
vt 0.30274650 0.10664210
vt 0.30201313 0.04726748
vt 0.30201313 0.10664210
vt 0.28537880 0.09837569
vt 0.28537880 0.12087330
vt 0.26148297 0.00761384
vt 0.26148297 0.02242183
vt 0.42214533 0.09389997
vt 0.42214533 0.00953555
vt 0.26074948 0.00761384
vt 0.26074948 0.02242183
vt 0.26043859 0.02147632
vt 0.26043859 0.02592200
vt 0.26179385 0.02147632
vt 0.26179385 0.02592200
vt 0.42183468 0.00859004
vt 0.42183468 0.05938853
vt 0.26200147 0.02496935
vt 0.26200147 0.03279331
vt 0.42162689 0.05843600
vt 0.42162689 0.00090262
vt 0.26023098 0.02496935
vt 0.26023098 0.03279331
vt 0.26207440 0.03183578
vt 0.26207440 0.08297210
vt 0.42155402 0.12470095
vt 0.42155402 0.08297210
vt 0.26015805 0.03183578
vt 0.26015805 0.08297210
vt 0.26207440 0.12128246
vt 0.26207440 0.08083642
vt 0.42155402 0.12128246
vt 0.42155402 0.11272710
vt 0.26015805 0.12128246
vt 0.26015805 0.08083642
vt 0.26200147 0.07987889
vt 0.26200147 0.09832768
vt 0.42162689 0.11176964
vt 0.42162689 0.06486115
vt 0.26023098 0.07987889
vt 0.26023098 0.09832768
vt 0.26179385 0.09737515
vt 0.26179385 0.09289944
vt 0.42183468 0.06390856
vt 0.42183468 0.10578572
vt 0.26043859 0.09737515
vt 0.26043859 0.09289944
vt 0.26074948 0.09195390
vt 0.26074948 0.01128551
vt 0.26148297 0.09195390
vt 0.26148297 0.01128551
vt 0.42214533 0.10484018
vt 0.42214533 0.04975524
vt 0.45307481 0.02500142
vt 0.45307481 0.03708413
vt 0.28464542 0.09837569
vt 0.28464542 0.12087330
vt 0.45338569 0.03613863
vt 0.45338569 0.03564660
vt 0.28433454 0.03428414
vt 0.28433454 0.09743018
vt 0.45359354 0.03469395
vt 0.45359354 0.03619056
vt 0.28412669 0.07929656
vt 0.28412669 0.03333150
vt 0.45366636 0.03523304
vt 0.45366636 0.08297210
vt 0.28405387 0.08297210
vt 0.28405387 0.07833892
vt 0.45366636 0.12128246
vt 0.45366636 0.07743916
vt 0.28405387 0.03433328
vt 0.28405387 0.12128246
vt 0.45359354 0.07648170
vt 0.45359354 0.08860308
vt 0.28412669 0.08996554
vt 0.28412669 0.03337569
vt 0.45338569 0.08765055
vt 0.45338569 0.07823714
vt 0.28433454 0.01694558
vt 0.28433454 0.08901301
vt 0.45307481 0.07729160
vt 0.45307481 0.11865377
vt 0.28464542 0.02278187
vt 0.28464542 0.01600005
vt 0.48177104 0.01248682
vt 0.48177104 0.05385932
vt 0.42287894 0.10484018
vt 0.42287894 0.04975524
vt 0.48146016 0.05480484
vt 0.48146016 0.11283888
vt 0.42318982 0.06390856
vt 0.42318982 0.10578572
vt 0.48125245 0.11379141
vt 0.48125245 0.00410695
vt 0.42339738 0.11176964
vt 0.42339738 0.06486115
vt 0.48117951 0.00506447
vt 0.48117951 0.12128246
vt 0.42347025 0.12128246
vt 0.42347025 0.11272710
vt 0.48117951 0.08297210
vt 0.48117951 0.10760767
vt 0.42347025 0.12470095
vt 0.42347025 0.08297210
vt 0.48125245 0.10856525
vt 0.48125245 0.00950575
vt 0.42339738 0.05843600
vt 0.42339738 0.00090262
vt 0.48146016 0.01045827
vt 0.48146016 0.05957092
vt 0.42318982 0.00859004
vt 0.42318982 0.05938853
vt 0.48177104 0.06051643
vt 0.48177104 0.00641254
vt 0.42287894 0.09389997
vt 0.42287894 0.00953555
vt 0.32226507 0.02517845
vt 0.28432145 0.06244676
vt 0.46362968 0.06771397
vt 0.27960329 0.06808250
vt 0.32189826 0.02611884
vt 0.46399625 0.06865448
vt 0.32189826 0.11658301
vt 0.46399625 0.00814204
vt 0.32263181 0.02611884
vt 0.28395475 0.06338733
vt 0.32263181 0.11658301
vt 0.28395475 0.04280797
vt 0.28468814 0.06338733
vt 0.27923675 0.06902300
vt 0.28468814 0.04280797
vt 0.27923675 0.04756025
vt 0.46326288 0.06865448
vt 0.46326288 0.00814204
vt 0.32158762 0.11752852
vt 0.46430714 0.00908754
vt 0.32158762 0.11627772
vt 0.46430714 0.08508506
vt 0.32294276 0.11752852
vt 0.28364388 0.04375348
vt 0.32294276 0.11627772
vt 0.28364388 0.06734746
vt 0.27997007 0.06902300
vt 0.27997007 0.04756025
vt 0.28499901 0.04375348
vt 0.27892587 0.04850575
vt 0.28499901 0.06734746
vt 0.27892587 0.07049926
vt 0.47628765 0.04837030
vt 0.47816721 0.08524092
vt 0.47628765 0.08542796
vt 0.26606904 0.04837030
vt 0.47976060 0.08470856
vt 0.48082550 0.08391190
vt 0.48119926 0.08297210
vt 0.48119926 0.12128246
vt 0.26115739 0.08297210
vt 0.26153139 0.08391190
vt 0.26259605 0.08470856
vt 0.26418945 0.08524092
vt 0.26606904 0.08542796
vt 0.47628765 0.11882667
vt 0.26606904 0.05459663
vt 0.47628765 0.05459663
vt 0.47816721 0.11901358
vt 0.47976060 0.11954588
vt 0.48082550 0.12034267
vt 0.26115739 0.12128246
vt 0.26153139 0.12034267
vt 0.26259605 0.11954588
vt 0.26418945 0.11901358
vt 0.26606904 0.11882667
vt 0.46295199 0.00908754
vt 0.46295199 0.08508506
vt 0.32137976 0.11723024
vt 0.46451499 0.06959552
vt 0.46451499 0.08603759
vt 0.32137976 0.03691043
vt 0.32315031 0.11723024
vt 0.28343616 0.06829999
vt 0.32315031 0.03691043
vt 0.28343616 0.01981720
vt 0.38075604 0.02814989
vt 0.34146299 0.08542796
vt 0.34146299 0.04837030
vt 0.38075604 0.08542796
vt 0.37887656 0.08524092
vt 0.34334258 0.08524092
vt 0.37728311 0.08470856
vt 0.34493591 0.08470856
vt 0.37621827 0.08391190
vt 0.34600063 0.08391190
vt 0.37584445 0.08297210
vt 0.34637458 0.08297210
vt 0.37584445 0.12128246
vt 0.34637458 0.12128246
vt 0.37621827 0.12034267
vt 0.34600063 0.12034267
vt 0.37728311 0.11954588
vt 0.34493591 0.11954588
vt 0.37887656 0.11901358
vt 0.34334258 0.11901358
vt 0.38075604 0.11882667
vt 0.34146299 0.11882667
vt 0.38075604 0.03437623
vt 0.34146299 0.05459663
vt 0.28028095 0.04850575
vt 0.28028095 0.07049926
vt 0.28520673 0.06829999
vt 0.27871802 0.07145191
vt 0.27871802 0.02091832
vt 0.28520673 0.01981720
vt 0.41620192 0.05248230
vt 0.45549510 0.02428905
vt 0.41620192 0.02428905
vt 0.45549510 0.05248230
vt 0.41415546 0.08542796
vt 0.37486218 0.02814989
vt 0.41415546 0.04837030
vt 0.37486218 0.08542796
vt 0.41227587 0.08524092
vt 0.37674189 0.08524092
vt 0.41068230 0.08470856
vt 0.37833534 0.08470856
vt 0.37939994 0.08391190
vt 0.40961758 0.08391190
vt 0.40924388 0.08297210
vt 0.37977377 0.08297210
vt 0.40924388 0.12128246
vt 0.37977377 0.12128246
vt 0.40961758 0.12034267
vt 0.37939994 0.12034267
vt 0.41068230 0.11954588
vt 0.37833534 0.11954588
vt 0.41227587 0.11901358
vt 0.37674189 0.11901358
vt 0.41415546 0.11882667
vt 0.37486218 0.11882667
vt 0.41415546 0.05459663
vt 0.37486218 0.03437623
vt 0.48411089 0.04198639
vt 0.44383093 0.03747104
vt 0.48144700 0.05215167
vt 0.29206920 0.08103564
vt 0.48374408 0.04292690
vt 0.48374408 0.03298768
vt 0.48181381 0.05309221
vt 0.48181381 0.08066723
vt 0.48447733 0.04292690
vt 0.48447733 0.03298768
vt 0.48478822 0.03393319
vt 0.48478822 0.10027973
vt 0.48343320 0.03393319
vt 0.48343320 0.10027973
vt 0.48212469 0.08161280
vt 0.48212469 0.09117321
vt 0.48322558 0.10123237
vt 0.48322558 0.03731161
vt 0.48233231 0.09212579
vt 0.48233231 0.11530437
vt 0.48499607 0.10123237
vt 0.48499607 0.03731161
vt 0.48315241 0.03826908
vt 0.48315241 0.12128246
vt 0.48240548 0.11626189
vt 0.48240548 0.12128246
vt 0.48506900 0.03826908
vt 0.48506900 0.12128246
vt 0.48315241 0.08297210
vt 0.48315241 0.07440300
vt 0.48240548 0.08297210
vt 0.48240548 0.12116622
vt 0.48506900 0.08297210
vt 0.48506900 0.07440300
vt 0.48322558 0.07536064
vt 0.48322558 0.02206478
vt 0.48233231 0.12212375
vt 0.48233231 0.03117136
vt 0.48499607 0.07536064
vt 0.48499607 0.02206478
vt 0.48343320 0.02301731
vt 0.48343320 0.08044266
vt 0.48212469 0.03212388
vt 0.48212469 0.03276300
vt 0.48478822 0.02301731
vt 0.48478822 0.08044266
vt 0.48374408 0.08138823
vt 0.48374408 0.10072824
vt 0.48181381 0.03370850
vt 0.48181381 0.09056295
vt 0.48447733 0.08138823
vt 0.48447733 0.10072824
vt 0.48411089 0.10166878
vt 0.44383093 0.10618417
vt 0.48144700 0.09150347
vt 0.29206920 0.06261945
vt 0.41620198 0.03874055
vt 0.37690881 0.06693363
vt 0.41620198 0.06693363
vt 0.37690881 0.03874055
vt 0.46362968 0.07594125
vt 0.27960329 0.07557272
vt 0.32226507 0.11847676
vt 0.28432145 0.08120834
vt 0.46399625 0.07500071
vt 0.46399625 0.10623384
vt 0.32189826 0.11753622
vt 0.32189826 0.12254867
vt 0.46326288 0.07500071
vt 0.46326288 0.10623384
vt 0.46295199 0.10528831
vt 0.46295199 0.03821209
vt 0.46430714 0.10528831
vt 0.46430714 0.03821209
vt 0.32158762 0.12160315
vt 0.32158762 0.00701949
vt 0.46451499 0.03725956
vt 0.46451499 0.04307668
vt 0.32137976 0.00606685
vt 0.32137976 0.07576183
vt 0.46274438 0.03725956
vt 0.46274438 0.04307668
vt 0.46458780 0.04211916
vt 0.46458780 0.08297210
vt 0.32130695 0.07480437
vt 0.32130695 0.08297210
vt 0.46267133 0.04211916
vt 0.46267133 0.08297210
vt 0.46458780 0.12128246
vt 0.46458780 0.07055304
vt 0.32130695 0.03786783
vt 0.32130695 0.12128246
vt 0.46267133 0.12128246
vt 0.46267133 0.07055304
vt 0.46274438 0.06959552
vt 0.46274438 0.08603759
vt 0.32322342 0.03786783
vt 0.28336323 0.02077472
vt 0.32322342 0.12128246
vt 0.28336323 0.12128246
vt 0.48954918 0.03437623
vt 0.27933057 0.11882667
vt 0.27933057 0.03437623
vt 0.27745101 0.11901358
vt 0.27585762 0.11954588
vt 0.27479295 0.12034267
vt 0.27441895 0.12128246
vt 0.49446083 0.12128246
vt 0.49408706 0.12034267
vt 0.49302216 0.11954588
vt 0.49142877 0.11901358
vt 0.48954918 0.11882667
vt 0.27745101 0.08524092
vt 0.27933057 0.02814989
vt 0.27933057 0.08542796
vt 0.48954918 0.02814989
vt 0.27585762 0.08470856
vt 0.27479295 0.08391190
vt 0.27441895 0.08297210
vt 0.49446083 0.08297210
vt 0.49408706 0.08391190
vt 0.49302216 0.08470856
vt 0.49142877 0.08524092
vt 0.48954918 0.08542796
vt 0.28048857 0.07145191
vt 0.28048857 0.02091832
vt 0.28056168 0.02187585
vt 0.28056168 0.12128246
vt 0.27864517 0.02187585
vt 0.27864517 0.12128246
vt 0.28527966 0.02077472
vt 0.28527966 0.12128246
vt 0.27864517 0.08297210
vt 0.27864517 0.09079641
vt 0.28527966 0.08297210
vt 0.28527966 0.09189754
vt 0.28056168 0.08297210
vt 0.28056168 0.09079641
vt 0.27871802 0.09175393
vt 0.27871802 0.05184527
vt 0.28520673 0.09285500
vt 0.28520673 0.05499723
vt 0.28048857 0.09175393
vt 0.28048857 0.05184527
vt 0.27892587 0.05279780
vt 0.27892587 0.06586992
vt 0.28499901 0.05594975
vt 0.28499901 0.07062229
vt 0.28028095 0.05279780
vt 0.28028095 0.06586992
vt 0.27997007 0.06681546
vt 0.27997007 0.07463215
vt 0.27923675 0.06681546
vt 0.27923675 0.07463215
vt 0.28468814 0.07156779
vt 0.28468814 0.08026789
vt 0.28054817 0.10212678
vt 0.28054817 0.01647289
vt 0.28091474 0.10306729
vt 0.30237994 0.10758261
vt 0.45270824 0.02594196
vt 0.28501199 0.12181384
vt 0.28128148 0.10212678
vt 0.28128148 0.01647289
vt 0.45234155 0.02500142
vt 0.45234155 0.03708413
vt 0.28159237 0.01552732
vt 0.28159237 0.06398965
vt 0.45203067 0.03613863
vt 0.45203067 0.03564660
vt 0.28023729 0.01552732
vt 0.28023729 0.06398965
vt 0.28002944 0.06303700
vt 0.28002944 0.00250993
vt 0.28179998 0.06303700
vt 0.28179998 0.00250993
vt 0.45182305 0.03469395
vt 0.45182305 0.03619056
vt 0.27995662 0.00155235
vt 0.27995662 0.08297210
vt 0.28187309 0.00155235
vt 0.28187309 0.08297210
vt 0.45174988 0.03523304
vt 0.45174988 0.08297210
vt 0.27995662 0.12128246
vt 0.27995662 0.11111979
vt 0.28187309 0.12128246
vt 0.28187309 0.11111979
vt 0.45174988 0.12128246
vt 0.45174988 0.07743916
vt 0.28179998 0.11016227
vt 0.28179998 0.06026003
vt 0.45182305 0.07648170
vt 0.45182305 0.08860308
vt 0.28002944 0.11016227
vt 0.28002944 0.06026003
vt 0.28159237 0.05930757
vt 0.28159237 0.09884841
vt 0.45203067 0.08765055
vt 0.45203067 0.07823714
vt 0.28023729 0.05930757
vt 0.28023729 0.09884841
vt 0.28054817 0.09790289
vt 0.28054817 0.04152847
vt 0.28128148 0.09790289
vt 0.28128148 0.04152847
vt 0.45234155 0.07729160
vt 0.45234155 0.11865377
vt 0.28091474 0.04058793
vt 0.30237994 0.03607250
vt 0.45270824 0.11771326
vt 0.28501199 0.02184137
vt 0.44419767 0.10524366
vt 0.44419767 0.11218276
vt 0.29170239 0.06167903
vt 0.29170239 0.09500007
vt 0.44346436 0.10524366
vt 0.44346436 0.11218276
vt 0.44450856 0.11123724
vt 0.44450856 0.12490030
vt 0.29139151 0.09405455
vt 0.29139151 0.03076140
vt 0.44315348 0.11123724
vt 0.44315348 0.12490030
vt 0.44294563 0.12394768
vt 0.44294563 0.07336017
vt 0.44471617 0.12394768
vt 0.44471617 0.07336017
vt 0.29118389 0.02980890
vt 0.29118389 0.04047389
vt 0.44287275 0.07240265
vt 0.44287275 0.08297210
vt 0.44478929 0.07240265
vt 0.44478929 0.08297210
vt 0.29111072 0.03951643
vt 0.29111072 0.08297210
vt 0.44287275 0.12128246
vt 0.44287275 0.04026961
vt 0.44478929 0.12128246
vt 0.44478929 0.04026961
vt 0.29111072 0.12128246
vt 0.29111072 0.07315577
vt 0.44294563 0.03931208
vt 0.44294563 0.12410530
vt 0.44471617 0.03931208
vt 0.44471617 0.12410530
vt 0.29118389 0.07219837
vt 0.29118389 0.09348825
vt 0.44315348 0.12315277
vt 0.44315348 0.00313860
vt 0.44450856 0.12315277
vt 0.44450856 0.00313860
vt 0.29139151 0.09253561
vt 0.29139151 0.02032124
vt 0.44346436 0.00219304
vt 0.44346436 0.03841155
vt 0.44419767 0.00219304
vt 0.44419767 0.03841155
vt 0.29170239 0.01937568
vt 0.29170239 0.08197621
vt 0.25774224 0.01091698
vt 0.25774224 0.05253558
vt 0.25737554 0.00997642
vt 0.26111616 0.01034501
vt 0.48213774 0.01154625
vt 0.42251213 0.04881470
vt 0.25700886 0.01091698
vt 0.25700886 0.05253558
vt 0.48250442 0.01248682
vt 0.48250442 0.05385932
vt 0.25669799 0.05348111
vt 0.25669799 0.11196090
vt 0.48281529 0.05480484
vt 0.48281529 0.11283888
vt 0.25805312 0.05348111
vt 0.25805312 0.11196090
vt 0.25826083 0.11291354
vt 0.25826083 0.00380029
vt 0.25649027 0.11291354
vt 0.25649027 0.00380029
vt 0.48302301 0.11379141
vt 0.48302301 0.00410695
vt 0.25833377 0.00475781
vt 0.25833377 0.12128246
vt 0.25641734 0.00475781
vt 0.25641734 0.12128246
vt 0.48309594 0.00506447
vt 0.48309594 0.12128246
vt 0.25833377 0.08297210
vt 0.25833377 0.10791445
vt 0.25641734 0.08297210
vt 0.25641734 0.10791445
vt 0.48309594 0.08297210
vt 0.48309594 0.10760767
vt 0.25826083 0.10887191
vt 0.25826083 0.01038367
vt 0.25649027 0.10887191
vt 0.25649027 0.01038367
vt 0.48302301 0.10856525
vt 0.48302301 0.00950575
vt 0.25805312 0.01133620
vt 0.25805312 0.06089471
vt 0.25669799 0.01133620
vt 0.25669799 0.06089471
vt 0.48281529 0.01045827
vt 0.48281529 0.05957092
vt 0.25774224 0.06184022
vt 0.25774224 0.00798237
vt 0.25700886 0.06184022
vt 0.25700886 0.00798237
vt 0.48250442 0.06051643
vt 0.48250442 0.00641254
vt 0.25737554 0.00892276
vt 0.26111616 0.00855423
vt 0.48213774 0.00735310
vt 0.42251213 0.09484048
vt 0.48108056 0.05309221
vt 0.48108056 0.08066723
vt 0.29243565 0.01937568
vt 0.29243565 0.08197621
vt 0.48076967 0.08161280
vt 0.48076967 0.09117321
vt 0.29274653 0.09253561
vt 0.29274653 0.02032124
vt 0.48056182 0.09212579
vt 0.48056182 0.11530437
vt 0.29295438 0.07219837
vt 0.29295438 0.09348825
vt 0.48048889 0.11626189
vt 0.48048889 0.12128246
vt 0.29302732 0.12128246
vt 0.29302732 0.07315577
vt 0.48048889 0.08297210
vt 0.48048889 0.12116622
vt 0.29302732 0.03951643
vt 0.29302732 0.08297210
vt 0.48056182 0.12212375
vt 0.48056182 0.03117136
vt 0.29295438 0.02980890
vt 0.29295438 0.04047389
vt 0.48076967 0.03212388
vt 0.48076967 0.03276300
vt 0.29274653 0.09405455
vt 0.29274653 0.03076140
vt 0.48108056 0.03370850
vt 0.48108056 0.09056295
vt 0.29243565 0.06167903
vt 0.29243565 0.09500007
vt 0.32263181 0.11753622
vt 0.32263181 0.12254867
vt 0.28395475 0.07156779
vt 0.28395475 0.08026789
vt 0.32294276 0.12160315
vt 0.32294276 0.00701949
vt 0.28364388 0.05594975
vt 0.28364388 0.07062229
vt 0.32315031 0.00606685
vt 0.32315031 0.07576183
vt 0.28343616 0.09285500
vt 0.28343616 0.05499723
vt 0.32322342 0.07480437
vt 0.32322342 0.08297210
vt 0.28336323 0.08297210
vt 0.28336323 0.09189754
vt 0.30201313 0.03701304
vt 0.30201313 0.06710826
vt 0.28537880 0.02278187
vt 0.28537880 0.01600005
vt 0.30274650 0.03701304
vt 0.30274650 0.06710826
vt 0.30305739 0.06805382
vt 0.30305739 0.08218043
vt 0.30170225 0.06805382
vt 0.30170225 0.08218043
vt 0.28568968 0.01694558
vt 0.28568968 0.08901301
vt 0.30149475 0.08313302
vt 0.30149475 0.11216268
vt 0.28589718 0.08996554
vt 0.28589718 0.03337569
vt 0.30326524 0.08313302
vt 0.30326524 0.11216268
vt 0.30142158 0.11312020
vt 0.30142158 0.12128246
vt 0.28597035 0.03433328
vt 0.28597035 0.12128246
vt 0.30333805 0.11312020
vt 0.30333805 0.12128246
vt 0.30142158 0.08297210
vt 0.30142158 0.12430774
vt 0.28597035 0.08297210
vt 0.28597035 0.07833892
vt 0.30333805 0.08297210
vt 0.30333805 0.12430774
vt 0.30149475 0.00061023
vt 0.30149475 0.04016413
vt 0.28589718 0.07929656
vt 0.28589718 0.03333150
vt 0.30326524 0.00061023
vt 0.30326524 0.04016413
vt 0.30170225 0.04111678
vt 0.30170225 0.04632197
vt 0.28568968 0.03428414
vt 0.28568968 0.09743018
vt 0.30305739 0.04111678
vt 0.30305739 0.04632197
vt 0.30274650 0.04726748
vt 0.30274650 0.10664210
vt 0.30201313 0.04726748
vt 0.30201313 0.10664210
vt 0.28537880 0.09837569
vt 0.28537880 0.12087330
vt 0.26148297 0.00761384
vt 0.26148297 0.02242183
vt 0.42214533 0.09389997
vt 0.42214533 0.00953555
vt 0.26074948 0.00761384
vt 0.26074948 0.02242183
vt 0.26043859 0.02147632
vt 0.26043859 0.02592200
vt 0.26179385 0.02147632
vt 0.26179385 0.02592200
vt 0.42183468 0.00859004
vt 0.42183468 0.05938853
vt 0.26200147 0.02496935
vt 0.26200147 0.03279331
vt 0.42162689 0.05843600
vt 0.42162689 0.00090262
vt 0.26023098 0.02496935
vt 0.26023098 0.03279331
vt 0.26207440 0.03183578
vt 0.26207440 0.08297210
vt 0.42155402 0.12470095
vt 0.42155402 0.08297210
vt 0.26015805 0.03183578
vt 0.26015805 0.08297210
vt 0.26207440 0.12128246
vt 0.26207440 0.08083642
vt 0.42155402 0.12128246
vt 0.42155402 0.11272710
vt 0.26015805 0.12128246
vt 0.26015805 0.08083642
vt 0.26200147 0.07987889
vt 0.26200147 0.09832768
vt 0.42162689 0.11176964
vt 0.42162689 0.06486115
vt 0.26023098 0.07987889
vt 0.26023098 0.09832768
vt 0.26179385 0.09737515
vt 0.26179385 0.09289944
vt 0.42183468 0.06390856
vt 0.42183468 0.10578572
vt 0.26043859 0.09737515
vt 0.26043859 0.09289944
vt 0.26074948 0.09195390
vt 0.26074948 0.01128551
vt 0.26148297 0.09195390
vt 0.26148297 0.01128551
vt 0.42214533 0.10484018
vt 0.42214533 0.04975524
vt 0.45307481 0.02500142
vt 0.45307481 0.03708413
vt 0.28464542 0.09837569
vt 0.28464542 0.12087330
vt 0.45338569 0.03613863
vt 0.45338569 0.03564660
vt 0.28433454 0.03428414
vt 0.28433454 0.09743018
vt 0.45359354 0.03469395
vt 0.45359354 0.03619056
vt 0.28412669 0.07929656
vt 0.28412669 0.03333150
vt 0.45366636 0.03523304
vt 0.45366636 0.08297210
vt 0.28405387 0.08297210
vt 0.28405387 0.07833892
vt 0.45366636 0.12128246
vt 0.45366636 0.07743916
vt 0.28405387 0.03433328
vt 0.28405387 0.12128246
vt 0.45359354 0.07648170
vt 0.45359354 0.08860308
vt 0.28412669 0.08996554
vt 0.28412669 0.03337569
vt 0.45338569 0.08765055
vt 0.45338569 0.07823714
vt 0.28433454 0.01694558
vt 0.28433454 0.08901301
vt 0.45307481 0.07729160
vt 0.45307481 0.11865377
vt 0.28464542 0.02278187
vt 0.28464542 0.01600005
vt 0.48177104 0.01248682
vt 0.48177104 0.05385932
vt 0.42287894 0.10484018
vt 0.42287894 0.04975524
vt 0.48146016 0.05480484
vt 0.48146016 0.11283888
vt 0.42318982 0.06390856
vt 0.42318982 0.10578572
vt 0.48125245 0.11379141
vt 0.48125245 0.00410695
vt 0.42339738 0.11176964
vt 0.42339738 0.06486115
vt 0.48117951 0.00506447
vt 0.48117951 0.12128246
vt 0.42347025 0.12128246
vt 0.42347025 0.11272710
vt 0.48117951 0.08297210
vt 0.48117951 0.10760767
vt 0.42347025 0.12470095
vt 0.42347025 0.08297210
vt 0.48125245 0.10856525
vt 0.48125245 0.00950575
vt 0.42339738 0.05843600
vt 0.42339738 0.00090262
vt 0.48146016 0.01045827
vt 0.48146016 0.05957092
vt 0.42318982 0.00859004
vt 0.42318982 0.05938853
vt 0.48177104 0.06051643
vt 0.48177104 0.00641254
vt 0.42287894 0.09389997
vt 0.42287894 0.00953555
vt 0.32226507 0.02517845
vt 0.28432145 0.06244676
vt 0.46362968 0.06771397
vt 0.27960329 0.06808250
vt 0.32189826 0.02611884
vt 0.46399625 0.06865448
vt 0.32189826 0.11658301
vt 0.46399625 0.00814204
vt 0.32263181 0.02611884
vt 0.28395475 0.06338733
vt 0.32263181 0.11658301
vt 0.28395475 0.04280797
vt 0.28468814 0.06338733
vt 0.27923675 0.06902300
vt 0.28468814 0.04280797
vt 0.27923675 0.04756025
vt 0.46326288 0.06865448
vt 0.46326288 0.00814204
vt 0.32158762 0.11752852
vt 0.46430714 0.00908754
vt 0.32158762 0.11627772
vt 0.46430714 0.08508506
vt 0.32294276 0.11752852
vt 0.28364388 0.04375348
vt 0.32294276 0.11627772
vt 0.28364388 0.06734746
vt 0.27997007 0.06902300
vt 0.27997007 0.04756025
vt 0.28499901 0.04375348
vt 0.27892587 0.04850575
vt 0.28499901 0.06734746
vt 0.27892587 0.07049926
vt 0.47628765 0.04837030
vt 0.47816721 0.08524092
vt 0.47628765 0.08542796
vt 0.26606904 0.04837030
vt 0.47976060 0.08470856
vt 0.48082550 0.08391190
vt 0.48119926 0.08297210
vt 0.48119926 0.12128246
vt 0.26115739 0.08297210
vt 0.26153139 0.08391190
vt 0.26259605 0.08470856
vt 0.26418945 0.08524092
vt 0.26606904 0.08542796
vt 0.47628765 0.11882667
vt 0.26606904 0.05459663
vt 0.47628765 0.05459663
vt 0.47816721 0.11901358
vt 0.47976060 0.11954588
vt 0.48082550 0.12034267
vt 0.26115739 0.12128246
vt 0.26153139 0.12034267
vt 0.26259605 0.11954588
vt 0.26418945 0.11901358
vt 0.26606904 0.11882667
vt 0.46295199 0.00908754
vt 0.46295199 0.08508506
vt 0.32137976 0.11723024
vt 0.46451499 0.06959552
vt 0.46451499 0.08603759
vt 0.32137976 0.03691043
vt 0.32315031 0.11723024
vt 0.28343616 0.06829999
vt 0.32315031 0.03691043
vt 0.28343616 0.01981720
vt 0.38075604 0.02814989
vt 0.34146299 0.08542796
vt 0.34146299 0.04837030
vt 0.38075604 0.08542796
vt 0.37887656 0.08524092
vt 0.34334258 0.08524092
vt 0.37728311 0.08470856
vt 0.34493591 0.08470856
vt 0.37621827 0.08391190
vt 0.34600063 0.08391190
vt 0.37584445 0.08297210
vt 0.34637458 0.08297210
vt 0.37584445 0.12128246
vt 0.34637458 0.12128246
vt 0.37621827 0.12034267
vt 0.34600063 0.12034267
vt 0.37728311 0.11954588
vt 0.34493591 0.11954588
vt 0.37887656 0.11901358
vt 0.34334258 0.11901358
vt 0.38075604 0.11882667
vt 0.34146299 0.11882667
vt 0.38075604 0.03437623
vt 0.34146299 0.05459663
vt 0.28028095 0.04850575
vt 0.28028095 0.07049926
vt 0.28520673 0.06829999
vt 0.27871802 0.07145191
vt 0.27871802 0.02091832
vt 0.28520673 0.01981720
vt 0.41620192 0.05248230
vt 0.45549510 0.02428905
vt 0.41620192 0.02428905
vt 0.45549510 0.05248230
vt 0.41415546 0.08542796
vt 0.37486218 0.02814989
vt 0.41415546 0.04837030
vt 0.37486218 0.08542796
vt 0.41227587 0.08524092
vt 0.37674189 0.08524092
vt 0.41068230 0.08470856
vt 0.37833534 0.08470856
vt 0.37939994 0.08391190
vt 0.40961758 0.08391190
vt 0.40924388 0.08297210
vt 0.37977377 0.08297210
vt 0.40924388 0.12128246
vt 0.37977377 0.12128246
vt 0.40961758 0.12034267
vt 0.37939994 0.12034267
vt 0.41068230 0.11954588
vt 0.37833534 0.11954588
vt 0.41227587 0.11901358
vt 0.37674189 0.11901358
vt 0.41415546 0.11882667
vt 0.37486218 0.11882667
vt 0.41415546 0.05459663
vt 0.37486218 0.03437623
vt 0.48411089 0.04198639
vt 0.44383093 0.03747104
vt 0.48144700 0.05215167
vt 0.29206920 0.08103564
vt 0.48374408 0.04292690
vt 0.48374408 0.03298768
vt 0.48181381 0.05309221
vt 0.48181381 0.08066723
vt 0.48447733 0.04292690
vt 0.48447733 0.03298768
vt 0.48478822 0.03393319
vt 0.48478822 0.10027973
vt 0.48343320 0.03393319
vt 0.48343320 0.10027973
vt 0.48212469 0.08161280
vt 0.48212469 0.09117321
vt 0.48322558 0.10123237
vt 0.48322558 0.03731161
vt 0.48233231 0.09212579
vt 0.48233231 0.11530437
vt 0.48499607 0.10123237
vt 0.48499607 0.03731161
vt 0.48315241 0.03826908
vt 0.48315241 0.12128246
vt 0.48240548 0.11626189
vt 0.48240548 0.12128246
vt 0.48506900 0.03826908
vt 0.48506900 0.12128246
vt 0.48315241 0.08297210
vt 0.48315241 0.07440300
vt 0.48240548 0.08297210
vt 0.48240548 0.12116622
vt 0.48506900 0.08297210
vt 0.48506900 0.07440300
vt 0.48322558 0.07536064
vt 0.48322558 0.02206478
vt 0.48233231 0.12212375
vt 0.48233231 0.03117136
vt 0.48499607 0.07536064
vt 0.48499607 0.02206478
vt 0.48343320 0.02301731
vt 0.48343320 0.08044266
vt 0.48212469 0.03212388
vt 0.48212469 0.03276300
vt 0.48478822 0.02301731
vt 0.48478822 0.08044266
vt 0.48374408 0.08138823
vt 0.48374408 0.10072824
vt 0.48181381 0.03370850
vt 0.48181381 0.09056295
vt 0.48447733 0.08138823
vt 0.48447733 0.10072824
vt 0.48411089 0.10166878
vt 0.44383093 0.10618417
vt 0.48144700 0.09150347
vt 0.29206920 0.06261945
vt 0.41620198 0.03874055
vt 0.37690881 0.06693363
vt 0.41620198 0.06693363
vt 0.37690881 0.03874055
vt 0.46362968 0.07594125
vt 0.27960329 0.07557272
vt 0.32226507 0.11847676
vt 0.28432145 0.08120834
vt 0.46399625 0.07500071
vt 0.46399625 0.10623384
vt 0.32189826 0.11753622
vt 0.32189826 0.12254867
vt 0.46326288 0.07500071
vt 0.46326288 0.10623384
vt 0.46295199 0.10528831
vt 0.46295199 0.03821209
vt 0.46430714 0.10528831
vt 0.46430714 0.03821209
vt 0.32158762 0.12160315
vt 0.32158762 0.00701949
vt 0.46451499 0.03725956
vt 0.46451499 0.04307668
vt 0.32137976 0.00606685
vt 0.32137976 0.07576183
vt 0.46274438 0.03725956
vt 0.46274438 0.04307668
vt 0.46458780 0.04211916
vt 0.46458780 0.08297210
vt 0.32130695 0.07480437
vt 0.32130695 0.08297210
vt 0.46267133 0.04211916
vt 0.46267133 0.08297210
vt 0.46458780 0.12128246
vt 0.46458780 0.07055304
vt 0.32130695 0.03786783
vt 0.32130695 0.12128246
vt 0.46267133 0.12128246
vt 0.46267133 0.07055304
vt 0.46274438 0.06959552
vt 0.46274438 0.08603759
vt 0.32322342 0.03786783
vt 0.28336323 0.02077472
vt 0.32322342 0.12128246
vt 0.28336323 0.12128246
vt 0.48954918 0.03437623
vt 0.27933057 0.11882667
vt 0.27933057 0.03437623
vt 0.27745101 0.11901358
vt 0.27585762 0.11954588
vt 0.27479295 0.12034267
vt 0.27441895 0.12128246
vt 0.49446083 0.12128246
vt 0.49408706 0.12034267
vt 0.49302216 0.11954588
vt 0.49142877 0.11901358
vt 0.48954918 0.11882667
vt 0.27745101 0.08524092
vt 0.27933057 0.02814989
vt 0.27933057 0.08542796
vt 0.48954918 0.02814989
vt 0.27585762 0.08470856
vt 0.27479295 0.08391190
vt 0.27441895 0.08297210
vt 0.49446083 0.08297210
vt 0.49408706 0.08391190
vt 0.49302216 0.08470856
vt 0.49142877 0.08524092
vt 0.48954918 0.08542796
vt 0.28048857 0.07145191
vt 0.28048857 0.02091832
vt 0.28056168 0.02187585
vt 0.28056168 0.12128246
vt 0.27864517 0.02187585
vt 0.27864517 0.12128246
vt 0.28527966 0.02077472
vt 0.28527966 0.12128246
vt 0.27864517 0.08297210
vt 0.27864517 0.09079641
vt 0.28527966 0.08297210
vt 0.28527966 0.09189754
vt 0.28056168 0.08297210
vt 0.28056168 0.09079641
vt 0.27871802 0.09175393
vt 0.27871802 0.05184527
vt 0.28520673 0.09285500
vt 0.28520673 0.05499723
vt 0.28048857 0.09175393
vt 0.28048857 0.05184527
vt 0.27892587 0.05279780
vt 0.27892587 0.06586992
vt 0.28499901 0.05594975
vt 0.28499901 0.07062229
vt 0.28028095 0.05279780
vt 0.28028095 0.06586992
vt 0.27997007 0.06681546
vt 0.27997007 0.07463215
vt 0.27923675 0.06681546
vt 0.27923675 0.07463215
vt 0.28468814 0.07156779
vt 0.28468814 0.08026789
vt 0.28054817 0.10212678
vt 0.28054817 0.01647289
vt 0.28091474 0.10306729
vt 0.30237994 0.10758261
vt 0.45270824 0.02594196
vt 0.28501199 0.12181384
vt 0.28128148 0.10212678
vt 0.28128148 0.01647289
vt 0.45234155 0.02500142
vt 0.45234155 0.03708413
vt 0.28159237 0.01552732
vt 0.28159237 0.06398965
vt 0.45203067 0.03613863
vt 0.45203067 0.03564660
vt 0.28023729 0.01552732
vt 0.28023729 0.06398965
vt 0.28002944 0.06303700
vt 0.28002944 0.00250993
vt 0.28179998 0.06303700
vt 0.28179998 0.00250993
vt 0.45182305 0.03469395
vt 0.45182305 0.03619056
vt 0.27995662 0.00155235
vt 0.27995662 0.08297210
vt 0.28187309 0.00155235
vt 0.28187309 0.08297210
vt 0.45174988 0.03523304
vt 0.45174988 0.08297210
vt 0.27995662 0.12128246
vt 0.27995662 0.11111979
vt 0.28187309 0.12128246
vt 0.28187309 0.11111979
vt 0.45174988 0.12128246
vt 0.45174988 0.07743916
vt 0.28179998 0.11016227
vt 0.28179998 0.06026003
vt 0.45182305 0.07648170
vt 0.45182305 0.08860308
vt 0.28002944 0.11016227
vt 0.28002944 0.06026003
vt 0.28159237 0.05930757
vt 0.28159237 0.09884841
vt 0.45203067 0.08765055
vt 0.45203067 0.07823714
vt 0.28023729 0.05930757
vt 0.28023729 0.09884841
vt 0.28054817 0.09790289
vt 0.28054817 0.04152847
vt 0.28128148 0.09790289
vt 0.28128148 0.04152847
vt 0.45234155 0.07729160
vt 0.45234155 0.11865377
vt 0.28091474 0.04058793
vt 0.30237994 0.03607250
vt 0.45270824 0.11771326
vt 0.28501199 0.02184137
vt 0.44419767 0.10524366
vt 0.44419767 0.11218276
vt 0.29170239 0.06167903
vt 0.29170239 0.09500007
vt 0.44346436 0.10524366
vt 0.44346436 0.11218276
vt 0.44450856 0.11123724
vt 0.44450856 0.12490030
vt 0.29139151 0.09405455
vt 0.29139151 0.03076140
vt 0.44315348 0.11123724
vt 0.44315348 0.12490030
vt 0.44294563 0.12394768
vt 0.44294563 0.07336017
vt 0.44471617 0.12394768
vt 0.44471617 0.07336017
vt 0.29118389 0.02980890
vt 0.29118389 0.04047389
vt 0.44287275 0.07240265
vt 0.44287275 0.08297210
vt 0.44478929 0.07240265
vt 0.44478929 0.08297210
vt 0.29111072 0.03951643
vt 0.29111072 0.08297210
vt 0.44287275 0.12128246
vt 0.44287275 0.04026961
vt 0.44478929 0.12128246
vt 0.44478929 0.04026961
vt 0.29111072 0.12128246
vt 0.29111072 0.07315577
vt 0.44294563 0.03931208
vt 0.44294563 0.12410530
vt 0.44471617 0.03931208
vt 0.44471617 0.12410530
vt 0.29118389 0.07219837
vt 0.29118389 0.09348825
vt 0.44315348 0.12315277
vt 0.44315348 0.00313860
vt 0.44450856 0.12315277
vt 0.44450856 0.00313860
vt 0.29139151 0.09253561
vt 0.29139151 0.02032124
vt 0.44346436 0.00219304
vt 0.44346436 0.03841155
vt 0.44419767 0.00219304
vt 0.44419767 0.03841155
vt 0.29170239 0.01937568
vt 0.29170239 0.08197621
vt 0.25774224 0.01091698
vt 0.25774224 0.05253558
vt 0.25737554 0.00997642
vt 0.26111616 0.01034501
vt 0.48213774 0.01154625
vt 0.42251213 0.04881470
vt 0.25700886 0.01091698
vt 0.25700886 0.05253558
vt 0.48250442 0.01248682
vt 0.48250442 0.05385932
vt 0.25669799 0.05348111
vt 0.25669799 0.11196090
vt 0.48281529 0.05480484
vt 0.48281529 0.11283888
vt 0.25805312 0.05348111
vt 0.25805312 0.11196090
vt 0.25826083 0.11291354
vt 0.25826083 0.00380029
vt 0.25649027 0.11291354
vt 0.25649027 0.00380029
vt 0.48302301 0.11379141
vt 0.48302301 0.00410695
vt 0.25833377 0.00475781
vt 0.25833377 0.12128246
vt 0.25641734 0.00475781
vt 0.25641734 0.12128246
vt 0.48309594 0.00506447
vt 0.48309594 0.12128246
vt 0.25833377 0.08297210
vt 0.25833377 0.10791445
vt 0.25641734 0.08297210
vt 0.25641734 0.10791445
vt 0.48309594 0.08297210
vt 0.48309594 0.10760767
vt 0.25826083 0.10887191
vt 0.25826083 0.01038367
vt 0.25649027 0.10887191
vt 0.25649027 0.01038367
vt 0.48302301 0.10856525
vt 0.48302301 0.00950575
vt 0.25805312 0.01133620
vt 0.25805312 0.06089471
vt 0.25669799 0.01133620
vt 0.25669799 0.06089471
vt 0.48281529 0.01045827
vt 0.48281529 0.05957092
vt 0.25774224 0.06184022
vt 0.25774224 0.00798237
vt 0.25700886 0.06184022
vt 0.25700886 0.00798237
vt 0.48250442 0.06051643
vt 0.48250442 0.00641254
vt 0.25737554 0.00892276
vt 0.26111616 0.00855423
vt 0.48213774 0.00735310
vt 0.42251213 0.09484048
vt 0.48108056 0.05309221
vt 0.48108056 0.08066723
vt 0.29243565 0.01937568
vt 0.29243565 0.08197621
vt 0.48076967 0.08161280
vt 0.48076967 0.09117321
vt 0.29274653 0.09253561
vt 0.29274653 0.02032124
vt 0.48056182 0.09212579
vt 0.48056182 0.11530437
vt 0.29295438 0.07219837
vt 0.29295438 0.09348825
vt 0.48048889 0.11626189
vt 0.48048889 0.12128246
vt 0.29302732 0.12128246
vt 0.29302732 0.07315577
vt 0.48048889 0.08297210
vt 0.48048889 0.12116622
vt 0.29302732 0.03951643
vt 0.29302732 0.08297210
vt 0.48056182 0.12212375
vt 0.48056182 0.03117136
vt 0.29295438 0.02980890
vt 0.29295438 0.04047389
vt 0.48076967 0.03212388
vt 0.48076967 0.03276300
vt 0.29274653 0.09405455
vt 0.29274653 0.03076140
vt 0.48108056 0.03370850
vt 0.48108056 0.09056295
vt 0.29243565 0.06167903
vt 0.29243565 0.09500007
vt 0.32263181 0.11753622
vt 0.32263181 0.12254867
vt 0.28395475 0.07156779
vt 0.28395475 0.08026789
vt 0.32294276 0.12160315
vt 0.32294276 0.00701949
vt 0.28364388 0.05594975
vt 0.28364388 0.07062229
vt 0.32315031 0.00606685
vt 0.32315031 0.07576183
vt 0.28343616 0.09285500
vt 0.28343616 0.05499723
vt 0.32322342 0.07480437
vt 0.32322342 0.08297210
vt 0.28336323 0.08297210
vt 0.28336323 0.09189754
vt 0.30201313 0.03701304
vt 0.30201313 0.06710826
vt 0.28537880 0.02278187
vt 0.28537880 0.01600005
vt 0.30274650 0.03701304
vt 0.30274650 0.06710826
vt 0.30305739 0.06805382
vt 0.30305739 0.08218043
vt 0.30170225 0.06805382
vt 0.30170225 0.08218043
vt 0.28568968 0.01694558
vt 0.28568968 0.08901301
vt 0.30149475 0.08313302
vt 0.30149475 0.11216268
vt 0.28589718 0.08996554
vt 0.28589718 0.03337569
vt 0.30326524 0.08313302
vt 0.30326524 0.11216268
vt 0.30142158 0.11312020
vt 0.30142158 0.12128246
vt 0.28597035 0.03433328
vt 0.28597035 0.12128246
vt 0.30333805 0.11312020
vt 0.30333805 0.12128246
vt 0.30142158 0.08297210
vt 0.30142158 0.12430774
vt 0.28597035 0.08297210
vt 0.28597035 0.07833892
vt 0.30333805 0.08297210
vt 0.30333805 0.12430774
vt 0.30149475 0.00061023
vt 0.30149475 0.04016413
vt 0.28589718 0.07929656
vt 0.28589718 0.03333150
vt 0.30326524 0.00061023
vt 0.30326524 0.04016413
vt 0.30170225 0.04111678
vt 0.30170225 0.04632197
vt 0.28568968 0.03428414
vt 0.28568968 0.09743018
vt 0.30305739 0.04111678
vt 0.30305739 0.04632197
vt 0.30274650 0.04726748
vt 0.30274650 0.10664210
vt 0.30201313 0.04726748
vt 0.30201313 0.10664210
vt 0.28537880 0.09837569
vt 0.28537880 0.12087330
vt 0.26148297 0.00761384
vt 0.26148297 0.02242183
vt 0.42214533 0.09389997
vt 0.42214533 0.00953555
vt 0.26074948 0.00761384
vt 0.26074948 0.02242183
vt 0.26043859 0.02147632
vt 0.26043859 0.02592200
vt 0.26179385 0.02147632
vt 0.26179385 0.02592200
vt 0.42183468 0.00859004
vt 0.42183468 0.05938853
vt 0.26200147 0.02496935
vt 0.26200147 0.03279331
vt 0.42162689 0.05843600
vt 0.42162689 0.00090262
vt 0.26023098 0.02496935
vt 0.26023098 0.03279331
vt 0.26207440 0.03183578
vt 0.26207440 0.08297210
vt 0.42155402 0.12470095
vt 0.42155402 0.08297210
vt 0.26015805 0.03183578
vt 0.26015805 0.08297210
vt 0.26207440 0.12128246
vt 0.26207440 0.08083642
vt 0.42155402 0.12128246
vt 0.42155402 0.11272710
vt 0.26015805 0.12128246
vt 0.26015805 0.08083642
vt 0.26200147 0.07987889
vt 0.26200147 0.09832768
vt 0.42162689 0.11176964
vt 0.42162689 0.06486115
vt 0.26023098 0.07987889
vt 0.26023098 0.09832768
vt 0.26179385 0.09737515
vt 0.26179385 0.09289944
vt 0.42183468 0.06390856
vt 0.42183468 0.10578572
vt 0.26043859 0.09737515
vt 0.26043859 0.09289944
vt 0.26074948 0.09195390
vt 0.26074948 0.01128551
vt 0.26148297 0.09195390
vt 0.26148297 0.01128551
vt 0.42214533 0.10484018
vt 0.42214533 0.04975524
vt 0.45307481 0.02500142
vt 0.45307481 0.03708413
vt 0.28464542 0.09837569
vt 0.28464542 0.12087330
vt 0.45338569 0.03613863
vt 0.45338569 0.03564660
vt 0.28433454 0.03428414
vt 0.28433454 0.09743018
vt 0.45359354 0.03469395
vt 0.45359354 0.03619056
vt 0.28412669 0.07929656
vt 0.28412669 0.03333150
vt 0.45366636 0.03523304
vt 0.45366636 0.08297210
vt 0.28405387 0.08297210
vt 0.28405387 0.07833892
vt 0.45366636 0.12128246
vt 0.45366636 0.07743916
vt 0.28405387 0.03433328
vt 0.28405387 0.12128246
vt 0.45359354 0.07648170
vt 0.45359354 0.08860308
vt 0.28412669 0.08996554
vt 0.28412669 0.03337569
vt 0.45338569 0.08765055
vt 0.45338569 0.07823714
vt 0.28433454 0.01694558
vt 0.28433454 0.08901301
vt 0.45307481 0.07729160
vt 0.45307481 0.11865377
vt 0.28464542 0.02278187
vt 0.28464542 0.01600005
vt 0.48177104 0.01248682
vt 0.48177104 0.05385932
vt 0.42287894 0.10484018
vt 0.42287894 0.04975524
vt 0.48146016 0.05480484
vt 0.48146016 0.11283888
vt 0.42318982 0.06390856
vt 0.42318982 0.10578572
vt 0.48125245 0.11379141
vt 0.48125245 0.00410695
vt 0.42339738 0.11176964
vt 0.42339738 0.06486115
vt 0.48117951 0.00506447
vt 0.48117951 0.12128246
vt 0.42347025 0.12128246
vt 0.42347025 0.11272710
vt 0.48117951 0.08297210
vt 0.48117951 0.10760767
vt 0.42347025 0.12470095
vt 0.42347025 0.08297210
vt 0.48125245 0.10856525
vt 0.48125245 0.00950575
vt 0.42339738 0.05843600
vt 0.42339738 0.00090262
vt 0.48146016 0.01045827
vt 0.48146016 0.05957092
vt 0.42318982 0.00859004
vt 0.42318982 0.05938853
vt 0.48177104 0.06051643
vt 0.48177104 0.00641254
vt 0.42287894 0.09389997
vt 0.42287894 0.00953555
vt 0.32226507 0.02517845
vt 0.28432145 0.06244676
vt 0.46362968 0.06771397
vt 0.27960329 0.06808250
vt 0.32189826 0.02611884
vt 0.46399625 0.06865448
vt 0.32189826 0.11658301
vt 0.46399625 0.00814204
vt 0.32263181 0.02611884
vt 0.28395475 0.06338733
vt 0.32263181 0.11658301
vt 0.28395475 0.04280797
vt 0.28468814 0.06338733
vt 0.27923675 0.06902300
vt 0.28468814 0.04280797
vt 0.27923675 0.04756025
vt 0.46326288 0.06865448
vt 0.46326288 0.00814204
vt 0.32158762 0.11752852
vt 0.46430714 0.00908754
vt 0.32158762 0.11627772
vt 0.46430714 0.08508506
vt 0.32294276 0.11752852
vt 0.28364388 0.04375348
vt 0.32294276 0.11627772
vt 0.28364388 0.06734746
vt 0.27997007 0.06902300
vt 0.27997007 0.04756025
vt 0.28499901 0.04375348
vt 0.27892587 0.04850575
vt 0.28499901 0.06734746
vt 0.27892587 0.07049926
vt 0.47628765 0.04837030
vt 0.47816721 0.08524092
vt 0.47628765 0.08542796
vt 0.26606904 0.04837030
vt 0.47976060 0.08470856
vt 0.48082550 0.08391190
vt 0.48119926 0.08297210
vt 0.48119926 0.12128246
vt 0.26115739 0.08297210
vt 0.26153139 0.08391190
vt 0.26259605 0.08470856
vt 0.26418945 0.08524092
vt 0.26606904 0.08542796
vt 0.47628765 0.11882667
vt 0.26606904 0.05459663
vt 0.47628765 0.05459663
vt 0.47816721 0.11901358
vt 0.47976060 0.11954588
vt 0.48082550 0.12034267
vt 0.26115739 0.12128246
vt 0.26153139 0.12034267
vt 0.26259605 0.11954588
vt 0.26418945 0.11901358
vt 0.26606904 0.11882667
vt 0.46295199 0.00908754
vt 0.46295199 0.08508506
vt 0.32137976 0.11723024
vt 0.46451499 0.06959552
vt 0.46451499 0.08603759
vt 0.32137976 0.03691043
vt 0.32315031 0.11723024
vt 0.28343616 0.06829999
vt 0.32315031 0.03691043
vt 0.28343616 0.01981720
vt 0.38075604 0.02814989
vt 0.34146299 0.08542796
vt 0.34146299 0.04837030
vt 0.38075604 0.08542796
vt 0.37887656 0.08524092
vt 0.34334258 0.08524092
vt 0.37728311 0.08470856
vt 0.34493591 0.08470856
vt 0.37621827 0.08391190
vt 0.34600063 0.08391190
vt 0.37584445 0.08297210
vt 0.34637458 0.08297210
vt 0.37584445 0.12128246
vt 0.34637458 0.12128246
vt 0.37621827 0.12034267
vt 0.34600063 0.12034267
vt 0.37728311 0.11954588
vt 0.34493591 0.11954588
vt 0.37887656 0.11901358
vt 0.34334258 0.11901358
vt 0.38075604 0.11882667
vt 0.34146299 0.11882667
vt 0.38075604 0.03437623
vt 0.34146299 0.05459663
vt 0.28028095 0.04850575
vt 0.28028095 0.07049926
vt 0.28520673 0.06829999
vt 0.27871802 0.07145191
vt 0.27871802 0.02091832
vt 0.28520673 0.01981720
vt 0.41620192 0.05248230
vt 0.45549510 0.02428905
vt 0.41620192 0.02428905
vt 0.45549510 0.05248230
vt 0.41415546 0.08542796
vt 0.37486218 0.02814989
vt 0.41415546 0.04837030
vt 0.37486218 0.08542796
vt 0.41227587 0.08524092
vt 0.37674189 0.08524092
vt 0.41068230 0.08470856
vt 0.37833534 0.08470856
vt 0.37939994 0.08391190
vt 0.40961758 0.08391190
vt 0.40924388 0.08297210
vt 0.37977377 0.08297210
vt 0.40924388 0.12128246
vt 0.37977377 0.12128246
vt 0.40961758 0.12034267
vt 0.37939994 0.12034267
vt 0.41068230 0.11954588
vt 0.37833534 0.11954588
vt 0.41227587 0.11901358
vt 0.37674189 0.11901358
vt 0.41415546 0.11882667
vt 0.37486218 0.11882667
vt 0.41415546 0.05459663
vt 0.37486218 0.03437623
vt 0.48411089 0.04198639
vt 0.44383093 0.03747104
vt 0.48144700 0.05215167
vt 0.29206920 0.08103564
vt 0.48374408 0.04292690
vt 0.48374408 0.03298768
vt 0.48181381 0.05309221
vt 0.48181381 0.08066723
vt 0.48447733 0.04292690
vt 0.48447733 0.03298768
vt 0.48478822 0.03393319
vt 0.48478822 0.10027973
vt 0.48343320 0.03393319
vt 0.48343320 0.10027973
vt 0.48212469 0.08161280
vt 0.48212469 0.09117321
vt 0.48322558 0.10123237
vt 0.48322558 0.03731161
vt 0.48233231 0.09212579
vt 0.48233231 0.11530437
vt 0.48499607 0.10123237
vt 0.48499607 0.03731161
vt 0.48315241 0.03826908
vt 0.48315241 0.12128246
vt 0.48240548 0.11626189
vt 0.48240548 0.12128246
vt 0.48506900 0.03826908
vt 0.48506900 0.12128246
vt 0.48315241 0.08297210
vt 0.48315241 0.07440300
vt 0.48240548 0.08297210
vt 0.48240548 0.12116622
vt 0.48506900 0.08297210
vt 0.48506900 0.07440300
vt 0.48322558 0.07536064
vt 0.48322558 0.02206478
vt 0.48233231 0.12212375
vt 0.48233231 0.03117136
vt 0.48499607 0.07536064
vt 0.48499607 0.02206478
vt 0.48343320 0.02301731
vt 0.48343320 0.08044266
vt 0.48212469 0.03212388
vt 0.48212469 0.03276300
vt 0.48478822 0.02301731
vt 0.48478822 0.08044266
vt 0.48374408 0.08138823
vt 0.48374408 0.10072824
vt 0.48181381 0.03370850
vt 0.48181381 0.09056295
vt 0.48447733 0.08138823
vt 0.48447733 0.10072824
vt 0.48411089 0.10166878
vt 0.44383093 0.10618417
vt 0.48144700 0.09150347
vt 0.29206920 0.06261945
vt 0.41620198 0.03874055
vt 0.37690881 0.06693363
vt 0.41620198 0.06693363
vt 0.37690881 0.03874055
vt 0.46362968 0.07594125
vt 0.27960329 0.07557272
vt 0.32226507 0.11847676
vt 0.28432145 0.08120834
vt 0.46399625 0.07500071
vt 0.46399625 0.10623384
vt 0.32189826 0.11753622
vt 0.32189826 0.12254867
vt 0.46326288 0.07500071
vt 0.46326288 0.10623384
vt 0.46295199 0.10528831
vt 0.46295199 0.03821209
vt 0.46430714 0.10528831
vt 0.46430714 0.03821209
vt 0.32158762 0.12160315
vt 0.32158762 0.00701949
vt 0.46451499 0.03725956
vt 0.46451499 0.04307668
vt 0.32137976 0.00606685
vt 0.32137976 0.07576183
vt 0.46274438 0.03725956
vt 0.46274438 0.04307668
vt 0.46458780 0.04211916
vt 0.46458780 0.08297210
vt 0.32130695 0.07480437
vt 0.32130695 0.08297210
vt 0.46267133 0.04211916
vt 0.46267133 0.08297210
vt 0.46458780 0.12128246
vt 0.46458780 0.07055304
vt 0.32130695 0.03786783
vt 0.32130695 0.12128246
vt 0.46267133 0.12128246
vt 0.46267133 0.07055304
vt 0.46274438 0.06959552
vt 0.46274438 0.08603759
vt 0.32322342 0.03786783
vt 0.28336323 0.02077472
vt 0.32322342 0.12128246
vt 0.28336323 0.12128246
vt 0.48954918 0.03437623
vt 0.27933057 0.11882667
vt 0.27933057 0.03437623
vt 0.27745101 0.11901358
vt 0.27585762 0.11954588
vt 0.27479295 0.12034267
vt 0.27441895 0.12128246
vt 0.49446083 0.12128246
vt 0.49408706 0.12034267
vt 0.49302216 0.11954588
vt 0.49142877 0.11901358
vt 0.48954918 0.11882667
vt 0.27745101 0.08524092
vt 0.27933057 0.02814989
vt 0.27933057 0.08542796
vt 0.48954918 0.02814989
vt 0.27585762 0.08470856
vt 0.27479295 0.08391190
vt 0.27441895 0.08297210
vt 0.49446083 0.08297210
vt 0.49408706 0.08391190
vt 0.49302216 0.08470856
vt 0.49142877 0.08524092
vt 0.48954918 0.08542796
vt 0.28048857 0.07145191
vt 0.28048857 0.02091832
vt 0.28056168 0.02187585
vt 0.28056168 0.12128246
vt 0.27864517 0.02187585
vt 0.27864517 0.12128246
vt 0.28527966 0.02077472
vt 0.28527966 0.12128246
vt 0.27864517 0.08297210
vt 0.27864517 0.09079641
vt 0.28527966 0.08297210
vt 0.28527966 0.09189754
vt 0.28056168 0.08297210
vt 0.28056168 0.09079641
vt 0.27871802 0.09175393
vt 0.27871802 0.05184527
vt 0.28520673 0.09285500
vt 0.28520673 0.05499723
vt 0.28048857 0.09175393
vt 0.28048857 0.05184527
vt 0.27892587 0.05279780
vt 0.27892587 0.06586992
vt 0.28499901 0.05594975
vt 0.28499901 0.07062229
vt 0.28028095 0.05279780
vt 0.28028095 0.06586992
vt 0.27997007 0.06681546
vt 0.27997007 0.07463215
vt 0.27923675 0.06681546
vt 0.27923675 0.07463215
vt 0.28468814 0.07156779
vt 0.28468814 0.08026789
vt 0.28054817 0.10212678
vt 0.28054817 0.01647289
vt 0.28091474 0.10306729
vt 0.30237994 0.10758261
vt 0.45270824 0.02594196
vt 0.28501199 0.12181384
vt 0.28128148 0.10212678
vt 0.28128148 0.01647289
vt 0.45234155 0.02500142
vt 0.45234155 0.03708413
vt 0.28159237 0.01552732
vt 0.28159237 0.06398965
vt 0.45203067 0.03613863
vt 0.45203067 0.03564660
vt 0.28023729 0.01552732
vt 0.28023729 0.06398965
vt 0.28002944 0.06303700
vt 0.28002944 0.00250993
vt 0.28179998 0.06303700
vt 0.28179998 0.00250993
vt 0.45182305 0.03469395
vt 0.45182305 0.03619056
vt 0.27995662 0.00155235
vt 0.27995662 0.08297210
vt 0.28187309 0.00155235
vt 0.28187309 0.08297210
vt 0.45174988 0.03523304
vt 0.45174988 0.08297210
vt 0.27995662 0.12128246
vt 0.27995662 0.11111979
vt 0.28187309 0.12128246
vt 0.28187309 0.11111979
vt 0.45174988 0.12128246
vt 0.45174988 0.07743916
vt 0.28179998 0.11016227
vt 0.28179998 0.06026003
vt 0.45182305 0.07648170
vt 0.45182305 0.08860308
vt 0.28002944 0.11016227
vt 0.28002944 0.06026003
vt 0.28159237 0.05930757
vt 0.28159237 0.09884841
vt 0.45203067 0.08765055
vt 0.45203067 0.07823714
vt 0.28023729 0.05930757
vt 0.28023729 0.09884841
vt 0.28054817 0.09790289
vt 0.28054817 0.04152847
vt 0.28128148 0.09790289
vt 0.28128148 0.04152847
vt 0.45234155 0.07729160
vt 0.45234155 0.11865377
vt 0.28091474 0.04058793
vt 0.30237994 0.03607250
vt 0.45270824 0.11771326
vt 0.28501199 0.02184137
vt 0.44419767 0.10524366
vt 0.44419767 0.11218276
vt 0.29170239 0.06167903
vt 0.29170239 0.09500007
vt 0.44346436 0.10524366
vt 0.44346436 0.11218276
vt 0.44450856 0.11123724
vt 0.44450856 0.12490030
vt 0.29139151 0.09405455
vt 0.29139151 0.03076140
vt 0.44315348 0.11123724
vt 0.44315348 0.12490030
vt 0.44294563 0.12394768
vt 0.44294563 0.07336017
vt 0.44471617 0.12394768
vt 0.44471617 0.07336017
vt 0.29118389 0.02980890
vt 0.29118389 0.04047389
vt 0.44287275 0.07240265
vt 0.44287275 0.08297210
vt 0.44478929 0.07240265
vt 0.44478929 0.08297210
vt 0.29111072 0.03951643
vt 0.29111072 0.08297210
vt 0.44287275 0.12128246
vt 0.44287275 0.04026961
vt 0.44478929 0.12128246
vt 0.44478929 0.04026961
vt 0.29111072 0.12128246
vt 0.29111072 0.07315577
vt 0.44294563 0.03931208
vt 0.44294563 0.12410530
vt 0.44471617 0.03931208
vt 0.44471617 0.12410530
vt 0.29118389 0.07219837
vt 0.29118389 0.09348825
vt 0.44315348 0.12315277
vt 0.44315348 0.00313860
vt 0.44450856 0.12315277
vt 0.44450856 0.00313860
vt 0.29139151 0.09253561
vt 0.29139151 0.02032124
vt 0.44346436 0.00219304
vt 0.44346436 0.03841155
vt 0.44419767 0.00219304
vt 0.44419767 0.03841155
vt 0.29170239 0.01937568
vt 0.29170239 0.08197621
vt 0.25774224 0.01091698
vt 0.25774224 0.05253558
vt 0.25737554 0.00997642
vt 0.26111616 0.01034501
vt 0.48213774 0.01154625
vt 0.42251213 0.04881470
vt 0.25700886 0.01091698
vt 0.25700886 0.05253558
vt 0.48250442 0.01248682
vt 0.48250442 0.05385932
vt 0.25669799 0.05348111
vt 0.25669799 0.11196090
vt 0.48281529 0.05480484
vt 0.48281529 0.11283888
vt 0.25805312 0.05348111
vt 0.25805312 0.11196090
vt 0.25826083 0.11291354
vt 0.25826083 0.00380029
vt 0.25649027 0.11291354
vt 0.25649027 0.00380029
vt 0.48302301 0.11379141
vt 0.48302301 0.00410695
vt 0.25833377 0.00475781
vt 0.25833377 0.12128246
vt 0.25641734 0.00475781
vt 0.25641734 0.12128246
vt 0.48309594 0.00506447
vt 0.48309594 0.12128246
vt 0.25833377 0.08297210
vt 0.25833377 0.10791445
vt 0.25641734 0.08297210
vt 0.25641734 0.10791445
vt 0.48309594 0.08297210
vt 0.48309594 0.10760767
vt 0.25826083 0.10887191
vt 0.25826083 0.01038367
vt 0.25649027 0.10887191
vt 0.25649027 0.01038367
vt 0.48302301 0.10856525
vt 0.48302301 0.00950575
vt 0.25805312 0.01133620
vt 0.25805312 0.06089471
vt 0.25669799 0.01133620
vt 0.25669799 0.06089471
vt 0.48281529 0.01045827
vt 0.48281529 0.05957092
vt 0.25774224 0.06184022
vt 0.25774224 0.00798237
vt 0.25700886 0.06184022
vt 0.25700886 0.00798237
vt 0.48250442 0.06051643
vt 0.48250442 0.00641254
vt 0.25737554 0.00892276
vt 0.26111616 0.00855423
vt 0.48213774 0.00735310
vt 0.42251213 0.09484048
vt 0.48108056 0.05309221
vt 0.48108056 0.08066723
vt 0.29243565 0.01937568
vt 0.29243565 0.08197621
vt 0.48076967 0.08161280
vt 0.48076967 0.09117321
vt 0.29274653 0.09253561
vt 0.29274653 0.02032124
vt 0.48056182 0.09212579
vt 0.48056182 0.11530437
vt 0.29295438 0.07219837
vt 0.29295438 0.09348825
vt 0.48048889 0.11626189
vt 0.48048889 0.12128246
vt 0.29302732 0.12128246
vt 0.29302732 0.07315577
vt 0.48048889 0.08297210
vt 0.48048889 0.12116622
vt 0.29302732 0.03951643
vt 0.29302732 0.08297210
vt 0.48056182 0.12212375
vt 0.48056182 0.03117136
vt 0.29295438 0.02980890
vt 0.29295438 0.04047389
vt 0.48076967 0.03212388
vt 0.48076967 0.03276300
vt 0.29274653 0.09405455
vt 0.29274653 0.03076140
vt 0.48108056 0.03370850
vt 0.48108056 0.09056295
vt 0.29243565 0.06167903
vt 0.29243565 0.09500007
vt 0.32263181 0.11753622
vt 0.32263181 0.12254867
vt 0.28395475 0.07156779
vt 0.28395475 0.08026789
vt 0.32294276 0.12160315
vt 0.32294276 0.00701949
vt 0.28364388 0.05594975
vt 0.28364388 0.07062229
vt 0.32315031 0.00606685
vt 0.32315031 0.07576183
vt 0.28343616 0.09285500
vt 0.28343616 0.05499723
vt 0.32322342 0.07480437
vt 0.32322342 0.08297210
vt 0.28336323 0.08297210
vt 0.28336323 0.09189754
vt 0.30201313 0.03701304
vt 0.30201313 0.06710826
vt 0.28537880 0.02278187
vt 0.28537880 0.01600005
vt 0.30274650 0.03701304
vt 0.30274650 0.06710826
vt 0.30305739 0.06805382
vt 0.30305739 0.08218043
vt 0.30170225 0.06805382
vt 0.30170225 0.08218043
vt 0.28568968 0.01694558
vt 0.28568968 0.08901301
vt 0.30149475 0.08313302
vt 0.30149475 0.11216268
vt 0.28589718 0.08996554
vt 0.28589718 0.03337569
vt 0.30326524 0.08313302
vt 0.30326524 0.11216268
vt 0.30142158 0.11312020
vt 0.30142158 0.12128246
vt 0.28597035 0.03433328
vt 0.28597035 0.12128246
vt 0.30333805 0.11312020
vt 0.30333805 0.12128246
vt 0.30142158 0.08297210
vt 0.30142158 0.12430774
vt 0.28597035 0.08297210
vt 0.28597035 0.07833892
vt 0.30333805 0.08297210
vt 0.30333805 0.12430774
vt 0.30149475 0.00061023
vt 0.30149475 0.04016413
vt 0.28589718 0.07929656
vt 0.28589718 0.03333150
vt 0.30326524 0.00061023
vt 0.30326524 0.04016413
vt 0.30170225 0.04111678
vt 0.30170225 0.04632197
vt 0.28568968 0.03428414
vt 0.28568968 0.09743018
vt 0.30305739 0.04111678
vt 0.30305739 0.04632197
vt 0.30274650 0.04726748
vt 0.30274650 0.10664210
vt 0.30201313 0.04726748
vt 0.30201313 0.10664210
vt 0.28537880 0.09837569
vt 0.28537880 0.12087330
vt 0.26148297 0.00761384
vt 0.26148297 0.02242183
vt 0.42214533 0.09389997
vt 0.42214533 0.00953555
vt 0.26074948 0.00761384
vt 0.26074948 0.02242183
vt 0.26043859 0.02147632
vt 0.26043859 0.02592200
vt 0.26179385 0.02147632
vt 0.26179385 0.02592200
vt 0.42183468 0.00859004
vt 0.42183468 0.05938853
vt 0.26200147 0.02496935
vt 0.26200147 0.03279331
vt 0.42162689 0.05843600
vt 0.42162689 0.00090262
vt 0.26023098 0.02496935
vt 0.26023098 0.03279331
vt 0.26207440 0.03183578
vt 0.26207440 0.08297210
vt 0.42155402 0.12470095
vt 0.42155402 0.08297210
vt 0.26015805 0.03183578
vt 0.26015805 0.08297210
vt 0.26207440 0.12128246
vt 0.26207440 0.08083642
vt 0.42155402 0.12128246
vt 0.42155402 0.11272710
vt 0.26015805 0.12128246
vt 0.26015805 0.08083642
vt 0.26200147 0.07987889
vt 0.26200147 0.09832768
vt 0.42162689 0.11176964
vt 0.42162689 0.06486115
vt 0.26023098 0.07987889
vt 0.26023098 0.09832768
vt 0.26179385 0.09737515
vt 0.26179385 0.09289944
vt 0.42183468 0.06390856
vt 0.42183468 0.10578572
vt 0.26043859 0.09737515
vt 0.26043859 0.09289944
vt 0.26074948 0.09195390
vt 0.26074948 0.01128551
vt 0.26148297 0.09195390
vt 0.26148297 0.01128551
vt 0.42214533 0.10484018
vt 0.42214533 0.04975524
vt 0.45307481 0.02500142
vt 0.45307481 0.03708413
vt 0.28464542 0.09837569
vt 0.28464542 0.12087330
vt 0.45338569 0.03613863
vt 0.45338569 0.03564660
vt 0.28433454 0.03428414
vt 0.28433454 0.09743018
vt 0.45359354 0.03469395
vt 0.45359354 0.03619056
vt 0.28412669 0.07929656
vt 0.28412669 0.03333150
vt 0.45366636 0.03523304
vt 0.45366636 0.08297210
vt 0.28405387 0.08297210
vt 0.28405387 0.07833892
vt 0.45366636 0.12128246
vt 0.45366636 0.07743916
vt 0.28405387 0.03433328
vt 0.28405387 0.12128246
vt 0.45359354 0.07648170
vt 0.45359354 0.08860308
vt 0.28412669 0.08996554
vt 0.28412669 0.03337569
vt 0.45338569 0.08765055
vt 0.45338569 0.07823714
vt 0.28433454 0.01694558
vt 0.28433454 0.08901301
vt 0.45307481 0.07729160
vt 0.45307481 0.11865377
vt 0.28464542 0.02278187
vt 0.28464542 0.01600005
vt 0.48177104 0.01248682
vt 0.48177104 0.05385932
vt 0.42287894 0.10484018
vt 0.42287894 0.04975524
vt 0.48146016 0.05480484
vt 0.48146016 0.11283888
vt 0.42318982 0.06390856
vt 0.42318982 0.10578572
vt 0.48125245 0.11379141
vt 0.48125245 0.00410695
vt 0.42339738 0.11176964
vt 0.42339738 0.06486115
vt 0.48117951 0.00506447
vt 0.48117951 0.12128246
vt 0.42347025 0.12128246
vt 0.42347025 0.11272710
vt 0.48117951 0.08297210
vt 0.48117951 0.10760767
vt 0.42347025 0.12470095
vt 0.42347025 0.08297210
vt 0.48125245 0.10856525
vt 0.48125245 0.00950575
vt 0.42339738 0.05843600
vt 0.42339738 0.00090262
vt 0.48146016 0.01045827
vt 0.48146016 0.05957092
vt 0.42318982 0.00859004
vt 0.42318982 0.05938853
vt 0.48177104 0.06051643
vt 0.48177104 0.00641254
vt 0.42287894 0.09389997
vt 0.42287894 0.00953555
vt 0.32226507 0.02517845
vt 0.28432145 0.06244676
vt 0.46362968 0.06771397
vt 0.27960329 0.06808250
vt 0.32189826 0.02611884
vt 0.46399625 0.06865448
vt 0.32189826 0.11658301
vt 0.46399625 0.00814204
vt 0.32263181 0.02611884
vt 0.28395475 0.06338733
vt 0.32263181 0.11658301
vt 0.28395475 0.04280797
vt 0.28468814 0.06338733
vt 0.27923675 0.06902300
vt 0.28468814 0.04280797
vt 0.27923675 0.04756025
vt 0.46326288 0.06865448
vt 0.46326288 0.00814204
vt 0.32158762 0.11752852
vt 0.46430714 0.00908754
vt 0.32158762 0.11627772
vt 0.46430714 0.08508506
vt 0.32294276 0.11752852
vt 0.28364388 0.04375348
vt 0.32294276 0.11627772
vt 0.28364388 0.06734746
vt 0.27997007 0.06902300
vt 0.27997007 0.04756025
vt 0.28499901 0.04375348
vt 0.27892587 0.04850575
vt 0.28499901 0.06734746
vt 0.27892587 0.07049926
vt 0.47628765 0.04837030
vt 0.47816721 0.08524092
vt 0.47628765 0.08542796
vt 0.26606904 0.04837030
vt 0.47976060 0.08470856
vt 0.48082550 0.08391190
vt 0.48119926 0.08297210
vt 0.48119926 0.12128246
vt 0.26115739 0.08297210
vt 0.26153139 0.08391190
vt 0.26259605 0.08470856
vt 0.26418945 0.08524092
vt 0.26606904 0.08542796
vt 0.47628765 0.11882667
vt 0.26606904 0.05459663
vt 0.47628765 0.05459663
vt 0.47816721 0.11901358
vt 0.47976060 0.11954588
vt 0.48082550 0.12034267
vt 0.26115739 0.12128246
vt 0.26153139 0.12034267
vt 0.26259605 0.11954588
vt 0.26418945 0.11901358
vt 0.26606904 0.11882667
vt 0.46295199 0.00908754
vt 0.46295199 0.08508506
vt 0.32137976 0.11723024
vt 0.46451499 0.06959552
vt 0.46451499 0.08603759
vt 0.32137976 0.03691043
vt 0.32315031 0.11723024
vt 0.28343616 0.06829999
vt 0.32315031 0.03691043
vt 0.28343616 0.01981720
vt 0.38075604 0.02814989
vt 0.34146299 0.08542796
vt 0.34146299 0.04837030
vt 0.38075604 0.08542796
vt 0.37887656 0.08524092
vt 0.34334258 0.08524092
vt 0.37728311 0.08470856
vt 0.34493591 0.08470856
vt 0.37621827 0.08391190
vt 0.34600063 0.08391190
vt 0.37584445 0.08297210
vt 0.34637458 0.08297210
vt 0.37584445 0.12128246
vt 0.34637458 0.12128246
vt 0.37621827 0.12034267
vt 0.34600063 0.12034267
vt 0.37728311 0.11954588
vt 0.34493591 0.11954588
vt 0.37887656 0.11901358
vt 0.34334258 0.11901358
vt 0.38075604 0.11882667
vt 0.34146299 0.11882667
vt 0.38075604 0.03437623
vt 0.34146299 0.05459663
vt 0.28028095 0.04850575
vt 0.28028095 0.07049926
vt 0.28520673 0.06829999
vt 0.27871802 0.07145191
vt 0.27871802 0.02091832
vt 0.28520673 0.01981720
vt 0.41620192 0.05248230
vt 0.45549510 0.02428905
vt 0.41620192 0.02428905
vt 0.45549510 0.05248230
vt 0.41415546 0.08542796
vt 0.37486218 0.02814989
vt 0.41415546 0.04837030
vt 0.37486218 0.08542796
vt 0.41227587 0.08524092
vt 0.37674189 0.08524092
vt 0.41068230 0.08470856
vt 0.37833534 0.08470856
vt 0.37939994 0.08391190
vt 0.40961758 0.08391190
vt 0.40924388 0.08297210
vt 0.37977377 0.08297210
vt 0.40924388 0.12128246
vt 0.37977377 0.12128246
vt 0.40961758 0.12034267
vt 0.37939994 0.12034267
vt 0.41068230 0.11954588
vt 0.37833534 0.11954588
vt 0.41227587 0.11901358
vt 0.37674189 0.11901358
vt 0.41415546 0.11882667
vt 0.37486218 0.11882667
vt 0.41415546 0.05459663
vt 0.37486218 0.03437623
vt 0.48411089 0.04198639
vt 0.44383093 0.03747104
vt 0.48144700 0.05215167
vt 0.29206920 0.08103564
vt 0.48374408 0.04292690
vt 0.48374408 0.03298768
vt 0.48181381 0.05309221
vt 0.48181381 0.08066723
vt 0.48447733 0.04292690
vt 0.48447733 0.03298768
vt 0.48478822 0.03393319
vt 0.48478822 0.10027973
vt 0.48343320 0.03393319
vt 0.48343320 0.10027973
vt 0.48212469 0.08161280
vt 0.48212469 0.09117321
vt 0.48322558 0.10123237
vt 0.48322558 0.03731161
vt 0.48233231 0.09212579
vt 0.48233231 0.11530437
vt 0.48499607 0.10123237
vt 0.48499607 0.03731161
vt 0.48315241 0.03826908
vt 0.48315241 0.12128246
vt 0.48240548 0.11626189
vt 0.48240548 0.12128246
vt 0.48506900 0.03826908
vt 0.48506900 0.12128246
vt 0.48315241 0.08297210
vt 0.48315241 0.07440300
vt 0.48240548 0.08297210
vt 0.48240548 0.12116622
vt 0.48506900 0.08297210
vt 0.48506900 0.07440300
vt 0.48322558 0.07536064
vt 0.48322558 0.02206478
vt 0.48233231 0.12212375
vt 0.48233231 0.03117136
vt 0.48499607 0.07536064
vt 0.48499607 0.02206478
vt 0.48343320 0.02301731
vt 0.48343320 0.08044266
vt 0.48212469 0.03212388
vt 0.48212469 0.03276300
vt 0.48478822 0.02301731
vt 0.48478822 0.08044266
vt 0.48374408 0.08138823
vt 0.48374408 0.10072824
vt 0.48181381 0.03370850
vt 0.48181381 0.09056295
vt 0.48447733 0.08138823
vt 0.48447733 0.10072824
vt 0.48411089 0.10166878
vt 0.44383093 0.10618417
vt 0.48144700 0.09150347
vt 0.29206920 0.06261945
vt 0.41620198 0.03874055
vt 0.37690881 0.06693363
vt 0.41620198 0.06693363
vt 0.37690881 0.03874055
vt 0.46362968 0.07594125
vt 0.27960329 0.07557272
vt 0.32226507 0.11847676
vt 0.28432145 0.08120834
vt 0.46399625 0.07500071
vt 0.46399625 0.10623384
vt 0.32189826 0.11753622
vt 0.32189826 0.12254867
vt 0.46326288 0.07500071
vt 0.46326288 0.10623384
vt 0.46295199 0.10528831
vt 0.46295199 0.03821209
vt 0.46430714 0.10528831
vt 0.46430714 0.03821209
vt 0.32158762 0.12160315
vt 0.32158762 0.00701949
vt 0.46451499 0.03725956
vt 0.46451499 0.04307668
vt 0.32137976 0.00606685
vt 0.32137976 0.07576183
vt 0.46274438 0.03725956
vt 0.46274438 0.04307668
vt 0.46458780 0.04211916
vt 0.46458780 0.08297210
vt 0.32130695 0.07480437
vt 0.32130695 0.08297210
vt 0.46267133 0.04211916
vt 0.46267133 0.08297210
vt 0.46458780 0.12128246
vt 0.46458780 0.07055304
vt 0.32130695 0.03786783
vt 0.32130695 0.12128246
vt 0.46267133 0.12128246
vt 0.46267133 0.07055304
vt 0.46274438 0.06959552
vt 0.46274438 0.08603759
vt 0.32322342 0.03786783
vt 0.28336323 0.02077472
vt 0.32322342 0.12128246
vt 0.28336323 0.12128246
vt 0.48954918 0.03437623
vt 0.27933057 0.11882667
vt 0.27933057 0.03437623
vt 0.27745101 0.11901358
vt 0.27585762 0.11954588
vt 0.27479295 0.12034267
vt 0.27441895 0.12128246
vt 0.49446083 0.12128246
vt 0.49408706 0.12034267
vt 0.49302216 0.11954588
vt 0.49142877 0.11901358
vt 0.48954918 0.11882667
vt 0.27745101 0.08524092
vt 0.27933057 0.02814989
vt 0.27933057 0.08542796
vt 0.48954918 0.02814989
vt 0.27585762 0.08470856
vt 0.27479295 0.08391190
vt 0.27441895 0.08297210
vt 0.49446083 0.08297210
vt 0.49408706 0.08391190
vt 0.49302216 0.08470856
vt 0.49142877 0.08524092
vt 0.48954918 0.08542796
vt 0.28048857 0.07145191
vt 0.28048857 0.02091832
vt 0.28056168 0.02187585
vt 0.28056168 0.12128246
vt 0.27864517 0.02187585
vt 0.27864517 0.12128246
vt 0.28527966 0.02077472
vt 0.28527966 0.12128246
vt 0.27864517 0.08297210
vt 0.27864517 0.09079641
vt 0.28527966 0.08297210
vt 0.28527966 0.09189754
vt 0.28056168 0.08297210
vt 0.28056168 0.09079641
vt 0.27871802 0.09175393
vt 0.27871802 0.05184527
vt 0.28520673 0.09285500
vt 0.28520673 0.05499723
vt 0.28048857 0.09175393
vt 0.28048857 0.05184527
vt 0.27892587 0.05279780
vt 0.27892587 0.06586992
vt 0.28499901 0.05594975
vt 0.28499901 0.07062229
vt 0.28028095 0.05279780
vt 0.28028095 0.06586992
vt 0.27997007 0.06681546
vt 0.27997007 0.07463215
vt 0.27923675 0.06681546
vt 0.27923675 0.07463215
vt 0.28468814 0.07156779
vt 0.28468814 0.08026789
vt 0.28054817 0.10212678
vt 0.28054817 0.01647289
vt 0.28091474 0.10306729
vt 0.30237994 0.10758261
vt 0.45270824 0.02594196
vt 0.28501199 0.12181384
vt 0.28128148 0.10212678
vt 0.28128148 0.01647289
vt 0.45234155 0.02500142
vt 0.45234155 0.03708413
vt 0.28159237 0.01552732
vt 0.28159237 0.06398965
vt 0.45203067 0.03613863
vt 0.45203067 0.03564660
vt 0.28023729 0.01552732
vt 0.28023729 0.06398965
vt 0.28002944 0.06303700
vt 0.28002944 0.00250993
vt 0.28179998 0.06303700
vt 0.28179998 0.00250993
vt 0.45182305 0.03469395
vt 0.45182305 0.03619056
vt 0.27995662 0.00155235
vt 0.27995662 0.08297210
vt 0.28187309 0.00155235
vt 0.28187309 0.08297210
vt 0.45174988 0.03523304
vt 0.45174988 0.08297210
vt 0.27995662 0.12128246
vt 0.27995662 0.11111979
vt 0.28187309 0.12128246
vt 0.28187309 0.11111979
vt 0.45174988 0.12128246
vt 0.45174988 0.07743916
vt 0.28179998 0.11016227
vt 0.28179998 0.06026003
vt 0.45182305 0.07648170
vt 0.45182305 0.08860308
vt 0.28002944 0.11016227
vt 0.28002944 0.06026003
vt 0.28159237 0.05930757
vt 0.28159237 0.09884841
vt 0.45203067 0.08765055
vt 0.45203067 0.07823714
vt 0.28023729 0.05930757
vt 0.28023729 0.09884841
vt 0.28054817 0.09790289
vt 0.28054817 0.04152847
vt 0.28128148 0.09790289
vt 0.28128148 0.04152847
vt 0.45234155 0.07729160
vt 0.45234155 0.11865377
vt 0.28091474 0.04058793
vt 0.30237994 0.03607250
vt 0.45270824 0.11771326
vt 0.28501199 0.02184137
vt 0.44419767 0.10524366
vt 0.44419767 0.11218276
vt 0.29170239 0.06167903
vt 0.29170239 0.09500007
vt 0.44346436 0.10524366
vt 0.44346436 0.11218276
vt 0.44450856 0.11123724
vt 0.44450856 0.12490030
vt 0.29139151 0.09405455
vt 0.29139151 0.03076140
vt 0.44315348 0.11123724
vt 0.44315348 0.12490030
vt 0.44294563 0.12394768
vt 0.44294563 0.07336017
vt 0.44471617 0.12394768
vt 0.44471617 0.07336017
vt 0.29118389 0.02980890
vt 0.29118389 0.04047389
vt 0.44287275 0.07240265
vt 0.44287275 0.08297210
vt 0.44478929 0.07240265
vt 0.44478929 0.08297210
vt 0.29111072 0.03951643
vt 0.29111072 0.08297210
vt 0.44287275 0.12128246
vt 0.44287275 0.04026961
vt 0.44478929 0.12128246
vt 0.44478929 0.04026961
vt 0.29111072 0.12128246
vt 0.29111072 0.07315577
vt 0.44294563 0.03931208
vt 0.44294563 0.12410530
vt 0.44471617 0.03931208
vt 0.44471617 0.12410530
vt 0.29118389 0.07219837
vt 0.29118389 0.09348825
vt 0.44315348 0.12315277
vt 0.44315348 0.00313860
vt 0.44450856 0.12315277
vt 0.44450856 0.00313860
vt 0.29139151 0.09253561
vt 0.29139151 0.02032124
vt 0.44346436 0.00219304
vt 0.44346436 0.03841155
vt 0.44419767 0.00219304
vt 0.44419767 0.03841155
vt 0.29170239 0.01937568
vt 0.29170239 0.08197621
vt 0.25774224 0.01091698
vt 0.25774224 0.05253558
vt 0.25737554 0.00997642
vt 0.26111616 0.01034501
vt 0.48213774 0.01154625
vt 0.42251213 0.04881470
vt 0.25700886 0.01091698
vt 0.25700886 0.05253558
vt 0.48250442 0.01248682
vt 0.48250442 0.05385932
vt 0.25669799 0.05348111
vt 0.25669799 0.11196090
vt 0.48281529 0.05480484
vt 0.48281529 0.11283888
vt 0.25805312 0.05348111
vt 0.25805312 0.11196090
vt 0.25826083 0.11291354
vt 0.25826083 0.00380029
vt 0.25649027 0.11291354
vt 0.25649027 0.00380029
vt 0.48302301 0.11379141
vt 0.48302301 0.00410695
vt 0.25833377 0.00475781
vt 0.25833377 0.12128246
vt 0.25641734 0.00475781
vt 0.25641734 0.12128246
vt 0.48309594 0.00506447
vt 0.48309594 0.12128246
vt 0.25833377 0.08297210
vt 0.25833377 0.10791445
vt 0.25641734 0.08297210
vt 0.25641734 0.10791445
vt 0.48309594 0.08297210
vt 0.48309594 0.10760767
vt 0.25826083 0.10887191
vt 0.25826083 0.01038367
vt 0.25649027 0.10887191
vt 0.25649027 0.01038367
vt 0.48302301 0.10856525
vt 0.48302301 0.00950575
vt 0.25805312 0.01133620
vt 0.25805312 0.06089471
vt 0.25669799 0.01133620
vt 0.25669799 0.06089471
vt 0.48281529 0.01045827
vt 0.48281529 0.05957092
vt 0.25774224 0.06184022
vt 0.25774224 0.00798237
vt 0.25700886 0.06184022
vt 0.25700886 0.00798237
vt 0.48250442 0.06051643
vt 0.48250442 0.00641254
vt 0.25737554 0.00892276
vt 0.26111616 0.00855423
vt 0.48213774 0.00735310
vt 0.42251213 0.09484048
vt 0.48108056 0.05309221
vt 0.48108056 0.08066723
vt 0.29243565 0.01937568
vt 0.29243565 0.08197621
vt 0.48076967 0.08161280
vt 0.48076967 0.09117321
vt 0.29274653 0.09253561
vt 0.29274653 0.02032124
vt 0.48056182 0.09212579
vt 0.48056182 0.11530437
vt 0.29295438 0.07219837
vt 0.29295438 0.09348825
vt 0.48048889 0.11626189
vt 0.48048889 0.12128246
vt 0.29302732 0.12128246
vt 0.29302732 0.07315577
vt 0.48048889 0.08297210
vt 0.48048889 0.12116622
vt 0.29302732 0.03951643
vt 0.29302732 0.08297210
vt 0.48056182 0.12212375
vt 0.48056182 0.03117136
vt 0.29295438 0.02980890
vt 0.29295438 0.04047389
vt 0.48076967 0.03212388
vt 0.48076967 0.03276300
vt 0.29274653 0.09405455
vt 0.29274653 0.03076140
vt 0.48108056 0.03370850
vt 0.48108056 0.09056295
vt 0.29243565 0.06167903
vt 0.29243565 0.09500007
vt 0.32263181 0.11753622
vt 0.32263181 0.12254867
vt 0.28395475 0.07156779
vt 0.28395475 0.08026789
vt 0.32294276 0.12160315
vt 0.32294276 0.00701949
vt 0.28364388 0.05594975
vt 0.28364388 0.07062229
vt 0.32315031 0.00606685
vt 0.32315031 0.07576183
vt 0.28343616 0.09285500
vt 0.28343616 0.05499723
vt 0.32322342 0.07480437
vt 0.32322342 0.08297210
vt 0.28336323 0.08297210
vt 0.28336323 0.09189754
vt 0.30201313 0.03701304
vt 0.30201313 0.06710826
vt 0.28537880 0.02278187
vt 0.28537880 0.01600005
vt 0.30274650 0.03701304
vt 0.30274650 0.06710826
vt 0.30305739 0.06805382
vt 0.30305739 0.08218043
vt 0.30170225 0.06805382
vt 0.30170225 0.08218043
vt 0.28568968 0.01694558
vt 0.28568968 0.08901301
vt 0.30149475 0.08313302
vt 0.30149475 0.11216268
vt 0.28589718 0.08996554
vt 0.28589718 0.03337569
vt 0.30326524 0.08313302
vt 0.30326524 0.11216268
vt 0.30142158 0.11312020
vt 0.30142158 0.12128246
vt 0.28597035 0.03433328
vt 0.28597035 0.12128246
vt 0.30333805 0.11312020
vt 0.30333805 0.12128246
vt 0.30142158 0.08297210
vt 0.30142158 0.12430774
vt 0.28597035 0.08297210
vt 0.28597035 0.07833892
vt 0.30333805 0.08297210
vt 0.30333805 0.12430774
vt 0.30149475 0.00061023
vt 0.30149475 0.04016413
vt 0.28589718 0.07929656
vt 0.28589718 0.03333150
vt 0.30326524 0.00061023
vt 0.30326524 0.04016413
vt 0.30170225 0.04111678
vt 0.30170225 0.04632197
vt 0.28568968 0.03428414
vt 0.28568968 0.09743018
vt 0.30305739 0.04111678
vt 0.30305739 0.04632197
vt 0.30274650 0.04726748
vt 0.30274650 0.10664210
vt 0.30201313 0.04726748
vt 0.30201313 0.10664210
vt 0.28537880 0.09837569
vt 0.28537880 0.12087330
vt 0.26148297 0.00761384
vt 0.26148297 0.02242183
vt 0.42214533 0.09389997
vt 0.42214533 0.00953555
vt 0.26074948 0.00761384
vt 0.26074948 0.02242183
vt 0.26043859 0.02147632
vt 0.26043859 0.02592200
vt 0.26179385 0.02147632
vt 0.26179385 0.02592200
vt 0.42183468 0.00859004
vt 0.42183468 0.05938853
vt 0.26200147 0.02496935
vt 0.26200147 0.03279331
vt 0.42162689 0.05843600
vt 0.42162689 0.00090262
vt 0.26023098 0.02496935
vt 0.26023098 0.03279331
vt 0.26207440 0.03183578
vt 0.26207440 0.08297210
vt 0.42155402 0.12470095
vt 0.42155402 0.08297210
vt 0.26015805 0.03183578
vt 0.26015805 0.08297210
vt 0.26207440 0.12128246
vt 0.26207440 0.08083642
vt 0.42155402 0.12128246
vt 0.42155402 0.11272710
vt 0.26015805 0.12128246
vt 0.26015805 0.08083642
vt 0.26200147 0.07987889
vt 0.26200147 0.09832768
vt 0.42162689 0.11176964
vt 0.42162689 0.06486115
vt 0.26023098 0.07987889
vt 0.26023098 0.09832768
vt 0.26179385 0.09737515
vt 0.26179385 0.09289944
vt 0.42183468 0.06390856
vt 0.42183468 0.10578572
vt 0.26043859 0.09737515
vt 0.26043859 0.09289944
vt 0.26074948 0.09195390
vt 0.26074948 0.01128551
vt 0.26148297 0.09195390
vt 0.26148297 0.01128551
vt 0.42214533 0.10484018
vt 0.42214533 0.04975524
vt 0.45307481 0.02500142
vt 0.45307481 0.03708413
vt 0.28464542 0.09837569
vt 0.28464542 0.12087330
vt 0.45338569 0.03613863
vt 0.45338569 0.03564660
vt 0.28433454 0.03428414
vt 0.28433454 0.09743018
vt 0.45359354 0.03469395
vt 0.45359354 0.03619056
vt 0.28412669 0.07929656
vt 0.28412669 0.03333150
vt 0.45366636 0.03523304
vt 0.45366636 0.08297210
vt 0.28405387 0.08297210
vt 0.28405387 0.07833892
vt 0.45366636 0.12128246
vt 0.45366636 0.07743916
vt 0.28405387 0.03433328
vt 0.28405387 0.12128246
vt 0.45359354 0.07648170
vt 0.45359354 0.08860308
vt 0.28412669 0.08996554
vt 0.28412669 0.03337569
vt 0.45338569 0.08765055
vt 0.45338569 0.07823714
vt 0.28433454 0.01694558
vt 0.28433454 0.08901301
vt 0.45307481 0.07729160
vt 0.45307481 0.11865377
vt 0.28464542 0.02278187
vt 0.28464542 0.01600005
vt 0.48177104 0.01248682
vt 0.48177104 0.05385932
vt 0.42287894 0.10484018
vt 0.42287894 0.04975524
vt 0.48146016 0.05480484
vt 0.48146016 0.11283888
vt 0.42318982 0.06390856
vt 0.42318982 0.10578572
vt 0.48125245 0.11379141
vt 0.48125245 0.00410695
vt 0.42339738 0.11176964
vt 0.42339738 0.06486115
vt 0.48117951 0.00506447
vt 0.48117951 0.12128246
vt 0.42347025 0.12128246
vt 0.42347025 0.11272710
vt 0.48117951 0.08297210
vt 0.48117951 0.10760767
vt 0.42347025 0.12470095
vt 0.42347025 0.08297210
vt 0.48125245 0.10856525
vt 0.48125245 0.00950575
vt 0.42339738 0.05843600
vt 0.42339738 0.00090262
vt 0.48146016 0.01045827
vt 0.48146016 0.05957092
vt 0.42318982 0.00859004
vt 0.42318982 0.05938853
vt 0.48177104 0.06051643
vt 0.48177104 0.00641254
vt 0.42287894 0.09389997
vt 0.42287894 0.00953555
vt 0.25329691 0.12512243
vt 0.27171751 0.00063575
vt 0.25329691 0.00063575
vt 0.27171751 0.12512243
vt 0.25329691 0.00063575
vt 0.48390070 0.12512243
vt 0.25329691 0.12512243
vt 0.48390070 0.00063575
vt 0.04223480 0.12512243
vt 0.00122070 0.11591213
vt 0.00122070 0.12512243
vt 0.04223480 0.11591213
vt 0.00122070 0.00063575
vt 0.20923099 0.12512243
vt 0.00122070 0.12512243
vt 0.20923099 0.00063575
vt 0.04223480 0.12512243
vt 0.00122070 0.00063575
vt 0.00122070 0.12512243
vt 0.04223480 0.00063575
vt 0.00122070 0.11591213
vt 0.20923099 0.12512243
vt 0.00122070 0.12512243
vt 0.20923099 0.11591213
vt 0.25329691 0.12512243
vt 0.27171751 0.00063575
vt 0.25329691 0.00063575
vt 0.27171751 0.12512243
vt 0.25329691 0.00063575
vt 0.48390070 0.12512243
vt 0.25329691 0.12512243
vt 0.48390070 0.00063575
vt 0.04223480 0.12512243
vt 0.00122070 0.11591213
vt 0.00122070 0.12512243
vt 0.04223480 0.11591213
vt 0.00122070 0.00063575
vt 0.20923099 0.12512243
vt 0.00122070 0.12512243
vt 0.20923099 0.00063575
vt 0.04223480 0.12512243
vt 0.00122070 0.00063575
vt 0.00122070 0.12512243
vt 0.04223480 0.00063575
vt 0.00122070 0.11591213
vt 0.20923099 0.12512243
vt 0.00122070 0.12512243
vt 0.20923099 0.11591213
vt 0.25329691 0.12512243
vt 0.27171751 0.00063575
vt 0.25329691 0.00063575
vt 0.27171751 0.12512243
vt 0.25329691 0.00063575
vt 0.48390070 0.12512243
vt 0.25329691 0.12512243
vt 0.48390070 0.00063575
vt 0.04223480 0.12512243
vt 0.00122070 0.11591213
vt 0.00122070 0.12512243
vt 0.04223480 0.11591213
vt 0.00122070 0.00063575
vt 0.20923099 0.12512243
vt 0.00122070 0.12512243
vt 0.20923099 0.00063575
vt 0.04223480 0.12512243
vt 0.00122070 0.00063575
vt 0.00122070 0.12512243
vt 0.04223480 0.00063575
vt 0.00122070 0.11591213
vt 0.20923099 0.12512243
vt 0.00122070 0.12512243
vt 0.20923099 0.11591213
vt 0.25329691 0.12512243
vt 0.27171751 0.00063575
vt 0.25329691 0.00063575
vt 0.27171751 0.12512243
vt 0.25329691 0.00063575
vt 0.48390070 0.12512243
vt 0.25329691 0.12512243
vt 0.48390070 0.00063575
vt 0.04223480 0.12512243
vt 0.00122070 0.11591213
vt 0.00122070 0.12512243
vt 0.04223480 0.11591213
vt 0.00122070 0.00063575
vt 0.20923099 0.12512243
vt 0.00122070 0.12512243
vt 0.20923099 0.00063575
vt 0.04223480 0.12512243
vt 0.00122070 0.00063575
vt 0.00122070 0.12512243
vt 0.04223480 0.00063575
vt 0.00122070 0.11591213
vt 0.20923099 0.12512243
vt 0.00122070 0.12512243
vt 0.20923099 0.11591213
vt 0.25329691 0.12512243
vt 0.27171751 0.00063575
vt 0.25329691 0.00063575
vt 0.27171751 0.12512243
vt 0.25329691 0.00063575
vt 0.48390070 0.12512243
vt 0.25329691 0.12512243
vt 0.48390070 0.00063575
vt 0.04223480 0.12512243
vt 0.00122070 0.11591213
vt 0.00122070 0.12512243
vt 0.04223480 0.11591213
vt 0.00122070 0.00063575
vt 0.20923099 0.12512243
vt 0.00122070 0.12512243
vt 0.20923099 0.00063575
vt 0.04223480 0.12512243
vt 0.00122070 0.00063575
vt 0.00122070 0.12512243
vt 0.04223480 0.00063575
vt 0.00122070 0.11591213
vt 0.20923099 0.12512243
vt 0.00122070 0.12512243
vt 0.20923099 0.11591213
vt 0.29234643 0.12512243
vt 0.25329691 0.10928137
vt 0.25329691 0.12512243
vt 0.29234643 0.10928137
vt 0.46327179 0.10928137
vt 0.25329691 0.12512243
vt 0.25329691 0.10928137
vt 0.46327179 0.12512243
vt 0.04223480 0.10928137
vt 0.00122070 0.12512243
vt 0.04223480 0.12512243
vt 0.00122070 0.10928137
vt 0.04223480 0.12512243
vt 0.00122070 0.10559767
vt 0.00122070 0.12512243
vt 0.04223480 0.10559767
vt 0.20923099 0.10559767
vt 0.00122070 0.12512243
vt 0.00122070 0.10559767
vt 0.20923099 0.12512243
vt 0.00122070 0.10928137
vt 0.20923099 0.12512243
vt 0.00122070 0.12512243
vt 0.20923099 0.10928137
vt 0.29234643 0.12512243
vt 0.25329691 0.10928137
vt 0.25329691 0.12512243
vt 0.29234643 0.10928137
vt 0.46327179 0.10928137
vt 0.25329691 0.12512243
vt 0.25329691 0.10928137
vt 0.46327179 0.12512243
vt 0.04223480 0.10928137
vt 0.00122070 0.12512243
vt 0.04223480 0.12512243
vt 0.00122070 0.10928137
vt 0.04223480 0.12512243
vt 0.00122070 0.10559767
vt 0.00122070 0.12512243
vt 0.04223480 0.10559767
vt 0.20923099 0.10559767
vt 0.00122070 0.12512243
vt 0.00122070 0.10559767
vt 0.20923099 0.12512243
vt 0.00122070 0.10928137
vt 0.20923099 0.12512243
vt 0.00122070 0.12512243
vt 0.20923099 0.10928137
vt 0.29234643 0.12512243
vt 0.25329691 0.10928137
vt 0.25329691 0.12512243
vt 0.29234643 0.10928137
vt 0.46327179 0.10928137
vt 0.25329691 0.12512243
vt 0.25329691 0.10928137
vt 0.46327179 0.12512243
vt 0.04223480 0.10928137
vt 0.00122070 0.12512243
vt 0.04223480 0.12512243
vt 0.00122070 0.10928137
vt 0.04223480 0.12512243
vt 0.00122070 0.10559767
vt 0.00122070 0.12512243
vt 0.04223480 0.10559767
vt 0.20923099 0.10559767
vt 0.00122070 0.12512243
vt 0.00122070 0.10559767
vt 0.20923099 0.12512243
vt 0.00122070 0.10928137
vt 0.20923099 0.12512243
vt 0.00122070 0.12512243
vt 0.20923099 0.10928137
vt 0.29234643 0.12512243
vt 0.25329691 0.10928137
vt 0.25329691 0.12512243
vt 0.29234643 0.10928137
vt 0.46327179 0.10928137
vt 0.25329691 0.12512243
vt 0.25329691 0.10928137
vt 0.46327179 0.12512243
vt 0.04223480 0.10928137
vt 0.00122070 0.12512243
vt 0.04223480 0.12512243
vt 0.00122070 0.10928137
vt 0.04223480 0.12512243
vt 0.00122070 0.10559767
vt 0.00122070 0.12512243
vt 0.04223480 0.10559767
vt 0.20923099 0.10559767
vt 0.00122070 0.12512243
vt 0.00122070 0.10559767
vt 0.20923099 0.12512243
vt 0.00122070 0.10928137
vt 0.20923099 0.12512243
vt 0.00122070 0.12512243
vt 0.20923099 0.10928137
vt 0.29234643 0.12512243
vt 0.25329691 0.10928137
vt 0.25329691 0.12512243
vt 0.29234643 0.10928137
vt 0.46327179 0.10928137
vt 0.25329691 0.12512243
vt 0.25329691 0.10928137
vt 0.46327179 0.12512243
vt 0.04223480 0.10928137
vt 0.00122070 0.12512243
vt 0.04223480 0.12512243
vt 0.00122070 0.10928137
vt 0.04223480 0.12512243
vt 0.00122070 0.10559767
vt 0.00122070 0.12512243
vt 0.04223480 0.10559767
vt 0.20923099 0.10559767
vt 0.00122070 0.12512243
vt 0.00122070 0.10559767
vt 0.20923099 0.12512243
vt 0.00122070 0.10928137
vt 0.20923099 0.12512243
vt 0.00122070 0.12512243
vt 0.20923099 0.10928137
vt 0.32226507 0.02517845
vt 0.28432145 0.06244676
vt 0.46362968 0.06771397
vt 0.27960329 0.06808250
vt 0.32189826 0.02611884
vt 0.46399625 0.06865448
vt 0.32189826 0.11658301
vt 0.46399625 0.00814204
vt 0.32263181 0.02611884
vt 0.28395475 0.06338733
vt 0.32263181 0.11658301
vt 0.28395475 0.04280797
vt 0.28468814 0.06338733
vt 0.27923675 0.06902300
vt 0.28468814 0.04280797
vt 0.27923675 0.04756025
vt 0.46326288 0.06865448
vt 0.46326288 0.00814204
vt 0.32158762 0.11752852
vt 0.46430714 0.00908754
vt 0.32158762 0.11627772
vt 0.46430714 0.08508506
vt 0.32294276 0.11752852
vt 0.28364388 0.04375348
vt 0.32294276 0.11627772
vt 0.28364388 0.06734746
vt 0.27997007 0.06902300
vt 0.27997007 0.04756025
vt 0.28499901 0.04375348
vt 0.27892587 0.04850575
vt 0.28499901 0.06734746
vt 0.27892587 0.07049926
vt 0.47628765 0.04837030
vt 0.47816721 0.08524092
vt 0.47628765 0.08542796
vt 0.26606904 0.04837030
vt 0.47976060 0.08470856
vt 0.48082550 0.08391190
vt 0.48119926 0.08297210
vt 0.48119926 0.12128246
vt 0.26115739 0.08297210
vt 0.26153139 0.08391190
vt 0.26259605 0.08470856
vt 0.26418945 0.08524092
vt 0.26606904 0.08542796
vt 0.47628765 0.11882667
vt 0.26606904 0.05459663
vt 0.47628765 0.05459663
vt 0.47816721 0.11901358
vt 0.47976060 0.11954588
vt 0.48082550 0.12034267
vt 0.26115739 0.12128246
vt 0.26153139 0.12034267
vt 0.26259605 0.11954588
vt 0.26418945 0.11901358
vt 0.26606904 0.11882667
vt 0.46295199 0.00908754
vt 0.46295199 0.08508506
vt 0.32137976 0.11723024
vt 0.46451499 0.06959552
vt 0.46451499 0.08603759
vt 0.32137976 0.03691043
vt 0.32315031 0.11723024
vt 0.28343616 0.06829999
vt 0.32315031 0.03691043
vt 0.28343616 0.01981720
vt 0.38075604 0.02814989
vt 0.34146299 0.08542796
vt 0.34146299 0.04837030
vt 0.38075604 0.08542796
vt 0.37887656 0.08524092
vt 0.34334258 0.08524092
vt 0.37728311 0.08470856
vt 0.34493591 0.08470856
vt 0.37621827 0.08391190
vt 0.34600063 0.08391190
vt 0.37584445 0.08297210
vt 0.34637458 0.08297210
vt 0.37584445 0.12128246
vt 0.34637458 0.12128246
vt 0.37621827 0.12034267
vt 0.34600063 0.12034267
vt 0.37728311 0.11954588
vt 0.34493591 0.11954588
vt 0.37887656 0.11901358
vt 0.34334258 0.11901358
vt 0.38075604 0.11882667
vt 0.34146299 0.11882667
vt 0.38075604 0.03437623
vt 0.34146299 0.05459663
vt 0.28028095 0.04850575
vt 0.28028095 0.07049926
vt 0.28520673 0.06829999
vt 0.27871802 0.07145191
vt 0.27871802 0.02091832
vt 0.28520673 0.01981720
vt 0.41620192 0.05248230
vt 0.45549510 0.02428905
vt 0.41620192 0.02428905
vt 0.45549510 0.05248230
vt 0.41415546 0.08542796
vt 0.37486218 0.02814989
vt 0.41415546 0.04837030
vt 0.37486218 0.08542796
vt 0.41227587 0.08524092
vt 0.37674189 0.08524092
vt 0.41068230 0.08470856
vt 0.37833534 0.08470856
vt 0.37939994 0.08391190
vt 0.40961758 0.08391190
vt 0.40924388 0.08297210
vt 0.37977377 0.08297210
vt 0.40924388 0.12128246
vt 0.37977377 0.12128246
vt 0.40961758 0.12034267
vt 0.37939994 0.12034267
vt 0.41068230 0.11954588
vt 0.37833534 0.11954588
vt 0.41227587 0.11901358
vt 0.37674189 0.11901358
vt 0.41415546 0.11882667
vt 0.37486218 0.11882667
vt 0.41415546 0.05459663
vt 0.37486218 0.03437623
vt 0.48411089 0.04198639
vt 0.44383093 0.03747104
vt 0.48144700 0.05215167
vt 0.29206920 0.08103564
vt 0.48374408 0.04292690
vt 0.48374408 0.03298768
vt 0.48181381 0.05309221
vt 0.48181381 0.08066723
vt 0.48447733 0.04292690
vt 0.48447733 0.03298768
vt 0.48478822 0.03393319
vt 0.48478822 0.10027973
vt 0.48343320 0.03393319
vt 0.48343320 0.10027973
vt 0.48212469 0.08161280
vt 0.48212469 0.09117321
vt 0.48322558 0.10123237
vt 0.48322558 0.03731161
vt 0.48233231 0.09212579
vt 0.48233231 0.11530437
vt 0.48499607 0.10123237
vt 0.48499607 0.03731161
vt 0.48315241 0.03826908
vt 0.48315241 0.12128246
vt 0.48240548 0.11626189
vt 0.48240548 0.12128246
vt 0.48506900 0.03826908
vt 0.48506900 0.12128246
vt 0.48315241 0.08297210
vt 0.48315241 0.07440300
vt 0.48240548 0.08297210
vt 0.48240548 0.12116622
vt 0.48506900 0.08297210
vt 0.48506900 0.07440300
vt 0.48322558 0.07536064
vt 0.48322558 0.02206478
vt 0.48233231 0.12212375
vt 0.48233231 0.03117136
vt 0.48499607 0.07536064
vt 0.48499607 0.02206478
vt 0.48343320 0.02301731
vt 0.48343320 0.08044266
vt 0.48212469 0.03212388
vt 0.48212469 0.03276300
vt 0.48478822 0.02301731
vt 0.48478822 0.08044266
vt 0.48374408 0.08138823
vt 0.48374408 0.10072824
vt 0.48181381 0.03370850
vt 0.48181381 0.09056295
vt 0.48447733 0.08138823
vt 0.48447733 0.10072824
vt 0.48411089 0.10166878
vt 0.44383093 0.10618417
vt 0.48144700 0.09150347
vt 0.29206920 0.06261945
vt 0.41620198 0.03874055
vt 0.37690881 0.06693363
vt 0.41620198 0.06693363
vt 0.37690881 0.03874055
vt 0.46362968 0.07594125
vt 0.27960329 0.07557272
vt 0.32226507 0.11847676
vt 0.28432145 0.08120834
vt 0.46399625 0.07500071
vt 0.46399625 0.10623384
vt 0.32189826 0.11753622
vt 0.32189826 0.12254867
vt 0.46326288 0.07500071
vt 0.46326288 0.10623384
vt 0.46295199 0.10528831
vt 0.46295199 0.03821209
vt 0.46430714 0.10528831
vt 0.46430714 0.03821209
vt 0.32158762 0.12160315
vt 0.32158762 0.00701949
vt 0.46451499 0.03725956
vt 0.46451499 0.04307668
vt 0.32137976 0.00606685
vt 0.32137976 0.07576183
vt 0.46274438 0.03725956
vt 0.46274438 0.04307668
vt 0.46458780 0.04211916
vt 0.46458780 0.08297210
vt 0.32130695 0.07480437
vt 0.32130695 0.08297210
vt 0.46267133 0.04211916
vt 0.46267133 0.08297210
vt 0.46458780 0.12128246
vt 0.46458780 0.07055304
vt 0.32130695 0.03786783
vt 0.32130695 0.12128246
vt 0.46267133 0.12128246
vt 0.46267133 0.07055304
vt 0.46274438 0.06959552
vt 0.46274438 0.08603759
vt 0.32322342 0.03786783
vt 0.28336323 0.02077472
vt 0.32322342 0.12128246
vt 0.28336323 0.12128246
vt 0.48954918 0.03437623
vt 0.27933057 0.11882667
vt 0.27933057 0.03437623
vt 0.27745101 0.11901358
vt 0.27585762 0.11954588
vt 0.27479295 0.12034267
vt 0.27441895 0.12128246
vt 0.49446083 0.12128246
vt 0.49408706 0.12034267
vt 0.49302216 0.11954588
vt 0.49142877 0.11901358
vt 0.48954918 0.11882667
vt 0.27745101 0.08524092
vt 0.27933057 0.02814989
vt 0.27933057 0.08542796
vt 0.48954918 0.02814989
vt 0.27585762 0.08470856
vt 0.27479295 0.08391190
vt 0.27441895 0.08297210
vt 0.49446083 0.08297210
vt 0.49408706 0.08391190
vt 0.49302216 0.08470856
vt 0.49142877 0.08524092
vt 0.48954918 0.08542796
vt 0.28048857 0.07145191
vt 0.28048857 0.02091832
vt 0.28056168 0.02187585
vt 0.28056168 0.12128246
vt 0.27864517 0.02187585
vt 0.27864517 0.12128246
vt 0.28527966 0.02077472
vt 0.28527966 0.12128246
vt 0.27864517 0.08297210
vt 0.27864517 0.09079641
vt 0.28527966 0.08297210
vt 0.28527966 0.09189754
vt 0.28056168 0.08297210
vt 0.28056168 0.09079641
vt 0.27871802 0.09175393
vt 0.27871802 0.05184527
vt 0.28520673 0.09285500
vt 0.28520673 0.05499723
vt 0.28048857 0.09175393
vt 0.28048857 0.05184527
vt 0.27892587 0.05279780
vt 0.27892587 0.06586992
vt 0.28499901 0.05594975
vt 0.28499901 0.07062229
vt 0.28028095 0.05279780
vt 0.28028095 0.06586992
vt 0.27997007 0.06681546
vt 0.27997007 0.07463215
vt 0.27923675 0.06681546
vt 0.27923675 0.07463215
vt 0.28468814 0.07156779
vt 0.28468814 0.08026789
vt 0.28054817 0.10212678
vt 0.28054817 0.01647289
vt 0.28091474 0.10306729
vt 0.30237994 0.10758261
vt 0.45270824 0.02594196
vt 0.28501199 0.12181384
vt 0.28128148 0.10212678
vt 0.28128148 0.01647289
vt 0.45234155 0.02500142
vt 0.45234155 0.03708413
vt 0.28159237 0.01552732
vt 0.28159237 0.06398965
vt 0.45203067 0.03613863
vt 0.45203067 0.03564660
vt 0.28023729 0.01552732
vt 0.28023729 0.06398965
vt 0.28002944 0.06303700
vt 0.28002944 0.00250993
vt 0.28179998 0.06303700
vt 0.28179998 0.00250993
vt 0.45182305 0.03469395
vt 0.45182305 0.03619056
vt 0.27995662 0.00155235
vt 0.27995662 0.08297210
vt 0.28187309 0.00155235
vt 0.28187309 0.08297210
vt 0.45174988 0.03523304
vt 0.45174988 0.08297210
vt 0.27995662 0.12128246
vt 0.27995662 0.11111979
vt 0.28187309 0.12128246
vt 0.28187309 0.11111979
vt 0.45174988 0.12128246
vt 0.45174988 0.07743916
vt 0.28179998 0.11016227
vt 0.28179998 0.06026003
vt 0.45182305 0.07648170
vt 0.45182305 0.08860308
vt 0.28002944 0.11016227
vt 0.28002944 0.06026003
vt 0.28159237 0.05930757
vt 0.28159237 0.09884841
vt 0.45203067 0.08765055
vt 0.45203067 0.07823714
vt 0.28023729 0.05930757
vt 0.28023729 0.09884841
vt 0.28054817 0.09790289
vt 0.28054817 0.04152847
vt 0.28128148 0.09790289
vt 0.28128148 0.04152847
vt 0.45234155 0.07729160
vt 0.45234155 0.11865377
vt 0.28091474 0.04058793
vt 0.30237994 0.03607250
vt 0.45270824 0.11771326
vt 0.28501199 0.02184137
vt 0.44419767 0.10524366
vt 0.44419767 0.11218276
vt 0.29170239 0.06167903
vt 0.29170239 0.09500007
vt 0.44346436 0.10524366
vt 0.44346436 0.11218276
vt 0.44450856 0.11123724
vt 0.44450856 0.12490030
vt 0.29139151 0.09405455
vt 0.29139151 0.03076140
vt 0.44315348 0.11123724
vt 0.44315348 0.12490030
vt 0.44294563 0.12394768
vt 0.44294563 0.07336017
vt 0.44471617 0.12394768
vt 0.44471617 0.07336017
vt 0.29118389 0.02980890
vt 0.29118389 0.04047389
vt 0.44287275 0.07240265
vt 0.44287275 0.08297210
vt 0.44478929 0.07240265
vt 0.44478929 0.08297210
vt 0.29111072 0.03951643
vt 0.29111072 0.08297210
vt 0.44287275 0.12128246
vt 0.44287275 0.04026961
vt 0.44478929 0.12128246
vt 0.44478929 0.04026961
vt 0.29111072 0.12128246
vt 0.29111072 0.07315577
vt 0.44294563 0.03931208
vt 0.44294563 0.12410530
vt 0.44471617 0.03931208
vt 0.44471617 0.12410530
vt 0.29118389 0.07219837
vt 0.29118389 0.09348825
vt 0.44315348 0.12315277
vt 0.44315348 0.00313860
vt 0.44450856 0.12315277
vt 0.44450856 0.00313860
vt 0.29139151 0.09253561
vt 0.29139151 0.02032124
vt 0.44346436 0.00219304
vt 0.44346436 0.03841155
vt 0.44419767 0.00219304
vt 0.44419767 0.03841155
vt 0.29170239 0.01937568
vt 0.29170239 0.08197621
vt 0.25774224 0.01091698
vt 0.25774224 0.05253558
vt 0.25737554 0.00997642
vt 0.26111616 0.01034501
vt 0.48213774 0.01154625
vt 0.42251213 0.04881470
vt 0.25700886 0.01091698
vt 0.25700886 0.05253558
vt 0.48250442 0.01248682
vt 0.48250442 0.05385932
vt 0.25669799 0.05348111
vt 0.25669799 0.11196090
vt 0.48281529 0.05480484
vt 0.48281529 0.11283888
vt 0.25805312 0.05348111
vt 0.25805312 0.11196090
vt 0.25826083 0.11291354
vt 0.25826083 0.00380029
vt 0.25649027 0.11291354
vt 0.25649027 0.00380029
vt 0.48302301 0.11379141
vt 0.48302301 0.00410695
vt 0.25833377 0.00475781
vt 0.25833377 0.12128246
vt 0.25641734 0.00475781
vt 0.25641734 0.12128246
vt 0.48309594 0.00506447
vt 0.48309594 0.12128246
vt 0.25833377 0.08297210
vt 0.25833377 0.10791445
vt 0.25641734 0.08297210
vt 0.25641734 0.10791445
vt 0.48309594 0.08297210
vt 0.48309594 0.10760767
vt 0.25826083 0.10887191
vt 0.25826083 0.01038367
vt 0.25649027 0.10887191
vt 0.25649027 0.01038367
vt 0.48302301 0.10856525
vt 0.48302301 0.00950575
vt 0.25805312 0.01133620
vt 0.25805312 0.06089471
vt 0.25669799 0.01133620
vt 0.25669799 0.06089471
vt 0.48281529 0.01045827
vt 0.48281529 0.05957092
vt 0.25774224 0.06184022
vt 0.25774224 0.00798237
vt 0.25700886 0.06184022
vt 0.25700886 0.00798237
vt 0.48250442 0.06051643
vt 0.48250442 0.00641254
vt 0.25737554 0.00892276
vt 0.26111616 0.00855423
vt 0.48213774 0.00735310
vt 0.42251213 0.09484048
vt 0.48108056 0.05309221
vt 0.48108056 0.08066723
vt 0.29243565 0.01937568
vt 0.29243565 0.08197621
vt 0.48076967 0.08161280
vt 0.48076967 0.09117321
vt 0.29274653 0.09253561
vt 0.29274653 0.02032124
vt 0.48056182 0.09212579
vt 0.48056182 0.11530437
vt 0.29295438 0.07219837
vt 0.29295438 0.09348825
vt 0.48048889 0.11626189
vt 0.48048889 0.12128246
vt 0.29302732 0.12128246
vt 0.29302732 0.07315577
vt 0.48048889 0.08297210
vt 0.48048889 0.12116622
vt 0.29302732 0.03951643
vt 0.29302732 0.08297210
vt 0.48056182 0.12212375
vt 0.48056182 0.03117136
vt 0.29295438 0.02980890
vt 0.29295438 0.04047389
vt 0.48076967 0.03212388
vt 0.48076967 0.03276300
vt 0.29274653 0.09405455
vt 0.29274653 0.03076140
vt 0.48108056 0.03370850
vt 0.48108056 0.09056295
vt 0.29243565 0.06167903
vt 0.29243565 0.09500007
vt 0.32263181 0.11753622
vt 0.32263181 0.12254867
vt 0.28395475 0.07156779
vt 0.28395475 0.08026789
vt 0.32294276 0.12160315
vt 0.32294276 0.00701949
vt 0.28364388 0.05594975
vt 0.28364388 0.07062229
vt 0.32315031 0.00606685
vt 0.32315031 0.07576183
vt 0.28343616 0.09285500
vt 0.28343616 0.05499723
vt 0.32322342 0.07480437
vt 0.32322342 0.08297210
vt 0.28336323 0.08297210
vt 0.28336323 0.09189754
vt 0.30201313 0.03701304
vt 0.30201313 0.06710826
vt 0.28537880 0.02278187
vt 0.28537880 0.01600005
vt 0.30274650 0.03701304
vt 0.30274650 0.06710826
vt 0.30305739 0.06805382
vt 0.30305739 0.08218043
vt 0.30170225 0.06805382
vt 0.30170225 0.08218043
vt 0.28568968 0.01694558
vt 0.28568968 0.08901301
vt 0.30149475 0.08313302
vt 0.30149475 0.11216268
vt 0.28589718 0.08996554
vt 0.28589718 0.03337569
vt 0.30326524 0.08313302
vt 0.30326524 0.11216268
vt 0.30142158 0.11312020
vt 0.30142158 0.12128246
vt 0.28597035 0.03433328
vt 0.28597035 0.12128246
vt 0.30333805 0.11312020
vt 0.30333805 0.12128246
vt 0.30142158 0.08297210
vt 0.30142158 0.12430774
vt 0.28597035 0.08297210
vt 0.28597035 0.07833892
vt 0.30333805 0.08297210
vt 0.30333805 0.12430774
vt 0.30149475 0.00061023
vt 0.30149475 0.04016413
vt 0.28589718 0.07929656
vt 0.28589718 0.03333150
vt 0.30326524 0.00061023
vt 0.30326524 0.04016413
vt 0.30170225 0.04111678
vt 0.30170225 0.04632197
vt 0.28568968 0.03428414
vt 0.28568968 0.09743018
vt 0.30305739 0.04111678
vt 0.30305739 0.04632197
vt 0.30274650 0.04726748
vt 0.30274650 0.10664210
vt 0.30201313 0.04726748
vt 0.30201313 0.10664210
vt 0.28537880 0.09837569
vt 0.28537880 0.12087330
vt 0.26148297 0.00761384
vt 0.26148297 0.02242183
vt 0.42214533 0.09389997
vt 0.42214533 0.00953555
vt 0.26074948 0.00761384
vt 0.26074948 0.02242183
vt 0.26043859 0.02147632
vt 0.26043859 0.02592200
vt 0.26179385 0.02147632
vt 0.26179385 0.02592200
vt 0.42183468 0.00859004
vt 0.42183468 0.05938853
vt 0.26200147 0.02496935
vt 0.26200147 0.03279331
vt 0.42162689 0.05843600
vt 0.42162689 0.00090262
vt 0.26023098 0.02496935
vt 0.26023098 0.03279331
vt 0.26207440 0.03183578
vt 0.26207440 0.08297210
vt 0.42155402 0.12470095
vt 0.42155402 0.08297210
vt 0.26015805 0.03183578
vt 0.26015805 0.08297210
vt 0.26207440 0.12128246
vt 0.26207440 0.08083642
vt 0.42155402 0.12128246
vt 0.42155402 0.11272710
vt 0.26015805 0.12128246
vt 0.26015805 0.08083642
vt 0.26200147 0.07987889
vt 0.26200147 0.09832768
vt 0.42162689 0.11176964
vt 0.42162689 0.06486115
vt 0.26023098 0.07987889
vt 0.26023098 0.09832768
vt 0.26179385 0.09737515
vt 0.26179385 0.09289944
vt 0.42183468 0.06390856
vt 0.42183468 0.10578572
vt 0.26043859 0.09737515
vt 0.26043859 0.09289944
vt 0.26074948 0.09195390
vt 0.26074948 0.01128551
vt 0.26148297 0.09195390
vt 0.26148297 0.01128551
vt 0.42214533 0.10484018
vt 0.42214533 0.04975524
vt 0.45307481 0.02500142
vt 0.45307481 0.03708413
vt 0.28464542 0.09837569
vt 0.28464542 0.12087330
vt 0.45338569 0.03613863
vt 0.45338569 0.03564660
vt 0.28433454 0.03428414
vt 0.28433454 0.09743018
vt 0.45359354 0.03469395
vt 0.45359354 0.03619056
vt 0.28412669 0.07929656
vt 0.28412669 0.03333150
vt 0.45366636 0.03523304
vt 0.45366636 0.08297210
vt 0.28405387 0.08297210
vt 0.28405387 0.07833892
vt 0.45366636 0.12128246
vt 0.45366636 0.07743916
vt 0.28405387 0.03433328
vt 0.28405387 0.12128246
vt 0.45359354 0.07648170
vt 0.45359354 0.08860308
vt 0.28412669 0.08996554
vt 0.28412669 0.03337569
vt 0.45338569 0.08765055
vt 0.45338569 0.07823714
vt 0.28433454 0.01694558
vt 0.28433454 0.08901301
vt 0.45307481 0.07729160
vt 0.45307481 0.11865377
vt 0.28464542 0.02278187
vt 0.28464542 0.01600005
vt 0.48177104 0.01248682
vt 0.48177104 0.05385932
vt 0.42287894 0.10484018
vt 0.42287894 0.04975524
vt 0.48146016 0.05480484
vt 0.48146016 0.11283888
vt 0.42318982 0.06390856
vt 0.42318982 0.10578572
vt 0.48125245 0.11379141
vt 0.48125245 0.00410695
vt 0.42339738 0.11176964
vt 0.42339738 0.06486115
vt 0.48117951 0.00506447
vt 0.48117951 0.12128246
vt 0.42347025 0.12128246
vt 0.42347025 0.11272710
vt 0.48117951 0.08297210
vt 0.48117951 0.10760767
vt 0.42347025 0.12470095
vt 0.42347025 0.08297210
vt 0.48125245 0.10856525
vt 0.48125245 0.00950575
vt 0.42339738 0.05843600
vt 0.42339738 0.00090262
vt 0.48146016 0.01045827
vt 0.48146016 0.05957092
vt 0.42318982 0.00859004
vt 0.42318982 0.05938853
vt 0.48177104 0.06051643
vt 0.48177104 0.00641254
vt 0.42287894 0.09389997
vt 0.42287894 0.00953555
vt 0.25329691 0.12512243
vt 0.27171751 0.00063575
vt 0.25329691 0.00063575
vt 0.27171751 0.12512243
vt 0.25329691 0.00063575
vt 0.48390070 0.12512243
vt 0.25329691 0.12512243
vt 0.48390070 0.00063575
vt 0.04223480 0.12512243
vt 0.00122070 0.11591213
vt 0.00122070 0.12512243
vt 0.04223480 0.11591213
vt 0.00122070 0.00063575
vt 0.20923099 0.12512243
vt 0.00122070 0.12512243
vt 0.20923099 0.00063575
vt 0.04223480 0.12512243
vt 0.00122070 0.00063575
vt 0.00122070 0.12512243
vt 0.04223480 0.00063575
vt 0.00122070 0.11591213
vt 0.20923099 0.12512243
vt 0.00122070 0.12512243
vt 0.20923099 0.11591213
vt 0.00122070 0.10559767
vt 0.18989024 0.12512243
vt 0.00122070 0.12512243
vt 0.18989024 0.10559767
vt 0.12573290 0.08229078
vt 0.12573290 0.03013103
vt 0.08643979 0.08229078
vt 0.08643979 0.03013103
vt 0.29234643 0.01148278
vt 0.25329691 0.06364218
vt 0.25329691 0.01148278
vt 0.29234643 0.06364218
vt 0.09515000 0.11247400
vt 0.00122070 0.12512243
vt 0.06157556 0.12512243
vt 0.03455157 0.11247400
vt 0.06482861 0.07129623
vt 0.00122070 0.08229078
vt 0.06482861 0.01913665
vt 0.00122070 0.03013103
vt 0.09515000 0.12512243
vt 0.03455157 0.10559767
vt 0.03455157 0.12512243
vt 0.09515000 0.10559767
vt 0.12573290 0.07296594
vt 0.16502600 0.07296594
vt 0.12573290 0.10326511
vt 0.16502600 0.10326511
vt 0.00122070 0.12512243
vt 0.15631580 0.11247400
vt 0.18989024 0.12512243
vt 0.21691423 0.11247400
vt 0.18663719 0.07129623
vt 0.18663719 0.01913665
vt 0.00122070 0.08229078
vt 0.00122070 0.03013103
vt 0.12573290 0.07129623
vt 0.16502600 0.07129623
vt 0.12573290 0.01913665
vt 0.16502600 0.01913665
vt 0.25329691 0.05264795
vt 0.46327179 0.12512243
vt 0.25329691 0.12512243
vt 0.46327179 0.05264795
vt 0.10690884 0.09764928
vt 0.10690884 0.05501394
vt 0.01178267 0.09975736
vt 0.01178267 0.08840683
vt 0.10608629 0.09975736
vt 0.10608629 0.08840683
vt 0.01096014 0.09764928
vt 0.01096014 0.05501394
vt 0.01178267 0.08845037
vt 0.01178267 0.08840683
vt 0.10690884 0.08634241
vt 0.10690884 0.02281445
vt 0.01096014 0.08634241
vt 0.01096014 0.02281445
vt 0.10608629 0.08845037
vt 0.10608629 0.08840683
vt 0.10925120 0.05290583
vt 0.10925120 0.07810177
vt 0.00861777 0.05290583
vt 0.00861777 0.07810177
vt 0.14455696 0.09764928
vt 0.14455696 0.05501394
vt 0.23968313 0.09975736
vt 0.23968313 0.08840683
vt 0.24050566 0.09764928
vt 0.24050566 0.05501394
vt 0.14537950 0.09975736
vt 0.14537950 0.08840683
vt 0.01178267 0.09135382
vt 0.10608629 0.09135382
vt 0.10925120 0.02070646
vt 0.10925120 0.02991181
vt 0.00861777 0.02070646
vt 0.00861777 0.02991181
vt 0.10608629 0.09135382
vt 0.01178267 0.09135382
vt 0.24050566 0.08634241
vt 0.24050566 0.02281445
vt 0.14537950 0.08845037
vt 0.14537950 0.08840683
vt 0.23968313 0.08845037
vt 0.23968313 0.08840683
vt 0.14455696 0.08634241
vt 0.14455696 0.02281445
vt 0.11275679 0.07599363
vt 0.11275679 0.02175704
vt 0.00511217 0.07599363
vt 0.00511217 0.02175704
vt 0.14221460 0.05290583
vt 0.14221460 0.07810177
vt 0.24284803 0.05290583
vt 0.24284803 0.07810177
vt 0.14537950 0.09135382
vt 0.23968313 0.09135382
vt 0.23968313 0.07268964
vt 0.23182450 0.07661894
vt 0.23968313 0.11984145
vt 0.14537950 0.07268964
vt 0.15323812 0.07661894
vt 0.15323812 0.11591213
vt 0.23182450 0.11591213
vt 0.14537950 0.11984145
vt 0.11275679 0.02780382
vt 0.11275679 0.08966912
vt 0.00511217 0.02780382
vt 0.00511217 0.08966912
vt 0.24284803 0.02070646
vt 0.24284803 0.02991181
vt 0.14221460 0.02070646
vt 0.14221460 0.02991181
vt 0.14537950 0.09135382
vt 0.23968313 0.09135382
vt 0.11689192 0.01964896
vt 0.00122070 0.01964896
vt 0.24635363 0.07599363
vt 0.24635363 0.02175704
vt 0.13870901 0.07599363
vt 0.13870901 0.02175704
vt 0.11689192 0.08756101
vt 0.00122070 0.08756101
vt 0.13870901 0.02780382
vt 0.13870901 0.08966912
vt 0.24635363 0.02780382
vt 0.24635363 0.08966912
vt 0.11689192 0.08054825
vt 0.11689192 0.09099564
vt 0.00122070 0.08300405
vt 0.11689192 0.08300405
vt 0.00122070 0.08054825
vt 0.00122070 0.09099564
vt 0.00122070 0.01964896
vt 0.13457388 0.01964896
vt 0.11689192 0.08300405
vt 0.00122070 0.08054825
vt 0.00122070 0.10230268
vt 0.00122070 0.08300405
vt 0.11689192 0.08054825
vt 0.11689192 0.10230268
vt 0.13457388 0.08756101
vt 0.00122070 0.08756101
vt 0.11614419 0.08907928
vt 0.11614419 0.04565514
vt 0.00172479 0.08907928
vt 0.00172479 0.04565514
vt 0.13457388 0.08054825
vt 0.13457388 0.09099564
vt 0.00122070 0.08300405
vt 0.00122070 0.08054825
vt 0.00122070 0.09099564
vt 0.13457388 0.08300405
vt 0.00172479 0.10038615
vt 0.00172479 0.07785451
vt 0.11614419 0.10038615
vt 0.11614419 0.07785451
vt 0.00122070 0.08054825
vt 0.00122070 0.10230268
vt 0.13457388 0.08300405
vt 0.00122070 0.08300405
vt 0.13457388 0.08054825
vt 0.13457388 0.10230268
vt 0.11401476 0.04373863
vt 0.11401476 0.06955599
vt 0.00385422 0.04373863
vt 0.00385422 0.06955599
vt 0.24974100 0.08907928
vt 0.24974100 0.04565514
vt 0.13532161 0.08907928
vt 0.13532161 0.04565514
vt 0.00385422 0.07593812
vt 0.00385422 0.11774580
vt 0.11401476 0.07593812
vt 0.11401476 0.11774580
vt 0.24974100 0.10038615
vt 0.24974100 0.07785451
vt 0.13532161 0.10038615
vt 0.13532161 0.07785451
vt 0.00704112 0.06763949
vt 0.00704112 0.01531081
vt 0.11082784 0.06763949
vt 0.11082784 0.01531081
vt 0.24761158 0.04373863
vt 0.24761158 0.06955599
vt 0.13745104 0.04373863
vt 0.13745104 0.06955599
vt 0.11082784 0.11582944
vt 0.11082784 0.07215461
vt 0.00704112 0.11582944
vt 0.00704112 0.07215461
vt 0.24761158 0.07593812
vt 0.24761158 0.11774580
vt 0.13745104 0.07593812
vt 0.13745104 0.11774580
vt 0.01080034 0.01339437
vt 0.10706865 0.01339437
vt 0.24442468 0.06763949
vt 0.24442468 0.01531081
vt 0.14063796 0.06763949
vt 0.14063796 0.01531081
vt 0.10706865 0.07023818
vt 0.01080034 0.07023818
vt 0.24442468 0.11582944
vt 0.24442468 0.07215461
vt 0.14063796 0.11582944
vt 0.14063796 0.07215461
vt 0.10706865 0.12033261
vt 0.01080034 0.07219846
vt 0.01080034 0.12033261
vt 0.10706865 0.07219846
vt 0.24066546 0.01339437
vt 0.14439715 0.01339437
vt 0.24066546 0.07023818
vt 0.14439715 0.07023818
vt 0.42756157 0.10858437
vt 0.46388075 0.10238674
vt 0.42756157 0.09330452
vt 0.46388075 0.08395993
vt 0.42568616 0.10972750
vt 0.40140787 0.11943300
vt 0.42568616 0.05989052
vt 0.40140787 0.06328102
vt 0.42781083 0.10972750
vt 0.46363148 0.10352987
vt 0.42781083 0.05989052
vt 0.46363148 0.05772539
vt 0.42593543 0.10858437
vt 0.42593543 0.09330452
vt 0.40115864 0.11828988
vt 0.40115864 0.10793800
vt 0.46550689 0.10238674
vt 0.25807988 0.10064067
vt 0.46550689 0.08395993
vt 0.25807988 0.08132719
vt 0.46575615 0.10352987
vt 0.25783062 0.10178368
vt 0.46575615 0.05772539
vt 0.25783062 0.05711545
vt 0.42630847 0.09216985
vt 0.42630847 0.12206723
vt 0.40078560 0.10680335
vt 0.40078560 0.01466482
vt 0.42718852 0.09216985
vt 0.46425379 0.08282540
vt 0.42718852 0.12206723
vt 0.46425379 0.11098591
vt 0.39928324 0.11943300
vt 0.39056692 0.00641292
vt 0.39928324 0.06328102
vt 0.39056692 0.06738074
vt 0.39953247 0.11828988
vt 0.39953247 0.10793800
vt 0.39031765 0.00526992
vt 0.39031765 0.00087702
vt 0.42559864 0.06103954
vt 0.40149540 0.06443001
vt 0.42559864 0.06041051
vt 0.40149540 0.06041051
vt 0.42789836 0.06103954
vt 0.46354395 0.05887452
vt 0.42789836 0.06041051
vt 0.46354395 0.06041051
vt 0.25970602 0.10064067
vt 0.30090169 0.10361172
vt 0.25970602 0.08132719
vt 0.30090169 0.08580681
vt 0.25995528 0.10178368
vt 0.30065242 0.10475473
vt 0.25995528 0.05711545
vt 0.30065242 0.05815332
vt 0.46513384 0.08282540
vt 0.25845292 0.08019254
vt 0.46513384 0.11098591
vt 0.25845292 0.10786364
vt 0.46584368 0.05887452
vt 0.25774309 0.05826447
vt 0.46584368 0.06041051
vt 0.25774309 0.06041051
vt 0.42674851 0.12093856
vt 0.46469381 0.10985724
vt 0.40034555 0.01353621
vt 0.25889295 0.10673511
vt 0.38950460 0.03451991
vt 0.30171477 0.11204747
vt 0.39587606 0.05593928
vt 0.33712829 0.12498552
vt 0.39990552 0.10680335
vt 0.39990552 0.01466482
vt 0.38994463 0.12449822
vt 0.38994463 0.03564853
vt 0.38844225 0.00641292
vt 0.39693837 0.01839248
vt 0.38844225 0.06738074
vt 0.39693837 0.07156568
vt 0.38869151 0.00526992
vt 0.38869151 0.00087702
vt 0.39668911 0.01724936
vt 0.39668911 0.01893917
vt 0.39919571 0.06443001
vt 0.39065445 0.06852976
vt 0.39919571 0.06041051
vt 0.39065445 0.06041051
vt 0.42559864 0.09970375
vt 0.40149540 0.09970375
vt 0.42559864 0.10998064
vt 0.40149540 0.10659013
vt 0.42789836 0.09970375
vt 0.46354395 0.09970375
vt 0.42789836 0.10998064
vt 0.46354395 0.11214564
vt 0.30277709 0.10475473
vt 0.33606597 0.11199082
vt 0.30277709 0.05815332
vt 0.33606597 0.06068124
vt 0.30252783 0.10361172
vt 0.33631524 0.11084769
vt 0.30252783 0.08580681
vt 0.33631524 0.09671710
vt 0.25933298 0.08019254
vt 0.30127473 0.08467228
vt 0.25933298 0.10786364
vt 0.30127473 0.11317600
vt 0.26004281 0.05826447
vt 0.30056490 0.05930242
vt 0.26004281 0.06041051
vt 0.30056490 0.06041051
vt 0.46584368 0.09970375
vt 0.25774309 0.09970375
vt 0.46584368 0.11214564
vt 0.25774309 0.11275570
vt 0.38906456 0.12449822
vt 0.38906456 0.03564853
vt 0.39631607 0.01780452
vt 0.39631607 0.05706789
vt 0.39481371 0.01839248
vt 0.39481371 0.07156568
vt 0.39506297 0.01724936
vt 0.39506297 0.01893917
vt 0.38835474 0.06852976
vt 0.39702590 0.07271470
vt 0.38835474 0.06041051
vt 0.39702590 0.06041051
vt 0.39919571 0.09970375
vt 0.39065445 0.09970375
vt 0.39919571 0.10659013
vt 0.39065445 0.10249041
vt 0.42568616 0.11112964
vt 0.40140787 0.10773913
vt 0.42568616 0.02205814
vt 0.40140787 0.01235264
vt 0.42781083 0.11112964
vt 0.46363148 0.11329477
vt 0.42781083 0.02205814
vt 0.46363148 0.02825575
vt 0.33819064 0.11199082
vt 0.33819064 0.06068124
vt 0.33794138 0.11084769
vt 0.33794138 0.09671710
vt 0.30215478 0.08467228
vt 0.33668828 0.09558242
vt 0.30215478 0.11317600
vt 0.33668828 0.00135824
vt 0.30286462 0.05930242
vt 0.33597844 0.06183022
vt 0.30286462 0.06041051
vt 0.33597844 0.06041051
vt 0.26004281 0.09970375
vt 0.30056490 0.09970375
vt 0.26004281 0.11275570
vt 0.30056490 0.11171774
vt 0.46575615 0.11329477
vt 0.25783062 0.11390470
vt 0.46575615 0.02825575
vt 0.25783062 0.03000192
vt 0.39543601 0.01780452
vt 0.39543601 0.05706789
vt 0.39472618 0.07271470
vt 0.39472618 0.06041051
vt 0.38835474 0.09970375
vt 0.39702590 0.09970375
vt 0.38835474 0.10249041
vt 0.39702590 0.09830548
vt 0.39928324 0.10773913
vt 0.39056692 0.10363941
vt 0.39928324 0.01235264
vt 0.39056692 0.00061680
vt 0.42593543 0.02320123
vt 0.40115864 0.01349572
vt 0.42593543 0.07484893
vt 0.40115864 0.06021538
vt 0.42756157 0.02320123
vt 0.46388075 0.02939884
vt 0.42756157 0.07484893
vt 0.46388075 0.08419342
vt 0.33756833 0.09558242
vt 0.33756833 0.00135824
vt 0.33827817 0.06183022
vt 0.33827817 0.06041051
vt 0.30286462 0.09970375
vt 0.33597844 0.09970375
vt 0.30286462 0.11171774
vt 0.33597844 0.10918993
vt 0.25995528 0.11390470
vt 0.30065242 0.11286686
vt 0.25995528 0.03000192
vt 0.30065242 0.02703082
vt 0.46550689 0.02939884
vt 0.25807988 0.03114501
vt 0.46550689 0.08419342
vt 0.25807988 0.08682623
vt 0.39472618 0.09970375
vt 0.39472618 0.09830548
vt 0.38844225 0.10363941
vt 0.39693837 0.09945448
vt 0.38844225 0.00061680
vt 0.39693837 0.11339321
vt 0.39953247 0.01349572
vt 0.39031765 0.00175989
vt 0.39953247 0.06021538
vt 0.39031765 0.04252058
vt 0.42718852 0.07598356
vt 0.46425379 0.08532804
vt 0.42718852 0.01127098
vt 0.46425379 0.02235232
vt 0.42630847 0.07598356
vt 0.40078560 0.06135001
vt 0.42630847 0.01127098
vt 0.40078560 0.11867337
vt 0.33827817 0.09970375
vt 0.33827817 0.10918993
vt 0.30277709 0.11286686
vt 0.33606597 0.11033893
vt 0.30277709 0.02703082
vt 0.33606597 0.01979478
vt 0.25970602 0.03114501
vt 0.30090169 0.02817391
vt 0.25970602 0.08682623
vt 0.30090169 0.08234653
vt 0.46513384 0.08532804
vt 0.25845292 0.08796086
vt 0.46513384 0.02235232
vt 0.25845292 0.02547448
vt 0.39481371 0.09945448
vt 0.39481371 0.11339321
vt 0.38869151 0.00175989
vt 0.39668911 0.11453621
vt 0.38869151 0.04252058
vt 0.39668911 0.02445840
vt 0.39990552 0.06135001
vt 0.38994463 0.04365522
vt 0.39990552 0.11867337
vt 0.38994463 0.09768965
vt 0.42674851 0.01239959
vt 0.46469381 0.02348093
vt 0.40034555 0.11980198
vt 0.25889295 0.02660309
vt 0.38950460 0.09881827
vt 0.30171477 0.02129077
vt 0.39587606 0.07739892
vt 0.33712829 0.00835270
vt 0.33819064 0.11033893
vt 0.33819064 0.01979478
vt 0.30252783 0.02817391
vt 0.33631524 0.02093787
vt 0.30252783 0.08234653
vt 0.33631524 0.07143632
vt 0.25933298 0.08796086
vt 0.30127473 0.08348116
vt 0.25933298 0.02547448
vt 0.30127473 0.02016215
vt 0.39506297 0.11453621
vt 0.39506297 0.02445840
vt 0.38906456 0.04365522
vt 0.39631607 0.02559304
vt 0.38906456 0.09768965
vt 0.39631607 0.07627030
vt 0.33794138 0.02093787
vt 0.33794138 0.07143632
vt 0.30215478 0.08348116
vt 0.33668828 0.07257095
vt 0.30215478 0.02016215
vt 0.33668828 0.00722407
vt 0.39543601 0.02559304
vt 0.39543601 0.07627030
vt 0.33756833 0.07257095
vt 0.33756833 0.00722407
vt 0.48632433 0.01704435
vt 0.46430439 0.02152405
vt 0.48632433 0.06613268
vt 0.46430439 0.07144502
vt 0.48507123 0.01590972
vt 0.48507123 0.10886644
vt 0.26086502 0.01511392
vt 0.26086502 0.10833860
vt 0.48544427 0.01704435
vt 0.26049198 0.01624854
vt 0.48544427 0.06613268
vt 0.26049198 0.06518896
vt 0.48669737 0.01590972
vt 0.46393135 0.02038941
vt 0.48669737 0.10886644
vt 0.46393135 0.11183750
vt 0.46518445 0.02152405
vt 0.44892234 0.02900564
vt 0.46518445 0.07144502
vt 0.44892234 0.08031720
vt 0.46555749 0.02038941
vt 0.44854930 0.02787101
vt 0.46555749 0.11183750
vt 0.44854930 0.11679967
vt 0.48694663 0.10772343
vt 0.46368208 0.11069448
vt 0.48694663 0.09747386
vt 0.46368208 0.09851169
vt 0.48482197 0.10772343
vt 0.48482197 0.09747386
vt 0.26111428 0.10719558
vt 0.26111428 0.09728946
vt 0.25923887 0.01511392
vt 0.25923887 0.10833860
vt 0.25961191 0.01624854
vt 0.25961191 0.06518896
vt 0.48588430 0.06726129
vt 0.46474443 0.07257362
vt 0.26005194 0.06631758
vt 0.44936238 0.08144581
vt 0.44207993 0.09252715
vt 0.44400581 0.10413060
vt 0.45484677 0.11448964
vt 0.47295239 0.12202722
vt 0.44980240 0.02900564
vt 0.44163992 0.03835013
vt 0.44980240 0.08031720
vt 0.44163992 0.09139854
vt 0.45017544 0.02787101
vt 0.44126688 0.03721550
vt 0.45017544 0.11679967
vt 0.44126688 0.12299729
vt 0.46580675 0.11069448
vt 0.44830004 0.11565653
vt 0.46580675 0.09851169
vt 0.44830004 0.10024518
vt 0.48703416 0.09632486
vt 0.46359456 0.09736269
vt 0.48703416 0.09970375
vt 0.46359456 0.09970375
vt 0.48473444 0.09632486
vt 0.48473444 0.09970375
vt 0.26120180 0.09614046
vt 0.26120180 0.09970375
vt 0.25898962 0.10719558
vt 0.25898962 0.09728946
vt 0.44289302 0.03721550
vt 0.44319273 0.04700028
vt 0.44289302 0.12299729
vt 0.44319273 0.00473098
vt 0.44251997 0.03835013
vt 0.44356578 0.04813490
vt 0.44251997 0.09139854
vt 0.44356578 0.10300198
vt 0.45042470 0.11565653
vt 0.44101761 0.12185414
vt 0.45042470 0.10024518
vt 0.44101761 0.10241019
vt 0.46589428 0.09736269
vt 0.44821251 0.09909618
vt 0.46589428 0.09970375
vt 0.44821251 0.09970375
vt 0.48703416 0.06041051
vt 0.46359456 0.06041051
vt 0.48703416 0.07469530
vt 0.46359456 0.07365747
vt 0.48473444 0.06041051
vt 0.48473444 0.07469530
vt 0.26120180 0.06041051
vt 0.26120180 0.07487971
vt 0.25890209 0.09614046
vt 0.25890209 0.09970375
vt 0.44481887 0.04700028
vt 0.45403369 0.05573568
vt 0.44481887 0.00473098
vt 0.45403369 0.01052462
vt 0.44444583 0.04813490
vt 0.45440674 0.05687031
vt 0.44444583 0.10300198
vt 0.45440674 0.11336103
vt 0.44314228 0.12185414
vt 0.44294347 0.00358790
vt 0.44314228 0.10241019
vt 0.44294347 0.10467726
vt 0.45051223 0.09909618
vt 0.44093008 0.10126119
vt 0.45051223 0.09970375
vt 0.44093008 0.09970375
vt 0.46589428 0.06041051
vt 0.44821251 0.06041051
vt 0.46589428 0.07365747
vt 0.44821251 0.07192398
vt 0.48694663 0.07354631
vt 0.46368208 0.07250845
vt 0.48694663 0.02406228
vt 0.46368208 0.02109108
vt 0.48482197 0.07354631
vt 0.48482197 0.02406228
vt 0.26111428 0.07373070
vt 0.26111428 0.02459000
vt 0.25890209 0.06041051
vt 0.25890209 0.07487971
vt 0.45565983 0.05573568
vt 0.47213933 0.06209183
vt 0.45565983 0.01052462
vt 0.47213933 0.01474026
vt 0.45528679 0.05687031
vt 0.47251235 0.06322646
vt 0.45528679 0.11336103
vt 0.47251235 0.12089860
vt 0.44506814 0.00358790
vt 0.45378443 0.00938153
vt 0.44506814 0.10467726
vt 0.45378443 0.10670130
vt 0.44322981 0.10126119
vt 0.44285594 0.10352826
vt 0.44322981 0.09970375
vt 0.44285594 0.09970375
vt 0.45051223 0.06041051
vt 0.44093008 0.06041051
vt 0.45051223 0.07192398
vt 0.44093008 0.06975896
vt 0.46580675 0.07250845
vt 0.44830004 0.07077499
vt 0.46580675 0.02109108
vt 0.44830004 0.01612905
vt 0.48669737 0.02291912
vt 0.46393135 0.01994807
vt 0.48669737 0.02748782
vt 0.46393135 0.02300809
vt 0.48507123 0.02291912
vt 0.48507123 0.02748782
vt 0.26086502 0.02344696
vt 0.26086502 0.02828364
vt 0.25898962 0.07373070
vt 0.25898962 0.02459000
vt 0.47339243 0.06322646
vt 0.47339243 0.12089860
vt 0.47376548 0.06209183
vt 0.47376548 0.01474026
vt 0.45590910 0.00938153
vt 0.47189007 0.01359717
vt 0.45590910 0.10670130
vt 0.47189007 0.10817392
vt 0.44515567 0.10352826
vt 0.45369690 0.10555217
vt 0.44515567 0.09970375
vt 0.45369690 0.09970375
vt 0.44322981 0.06041051
vt 0.44285594 0.06041051
vt 0.44322981 0.06975896
vt 0.44285594 0.06749190
vt 0.45042470 0.07077499
vt 0.44101761 0.06860998
vt 0.45042470 0.01612905
vt 0.44101761 0.00993141
vt 0.46555749 0.01994807
vt 0.44854930 0.01498604
vt 0.46555749 0.02300809
vt 0.44854930 0.01552647
vt 0.48632433 0.02635315
vt 0.46430439 0.02187356
vt 0.48632433 0.06720551
vt 0.46430439 0.06189318
vt 0.48544427 0.02635315
vt 0.48544427 0.06720551
vt 0.26049198 0.02714897
vt 0.26049198 0.06814923
vt 0.25923887 0.02344696
vt 0.25923887 0.02828364
vt 0.47401474 0.01359717
vt 0.47401474 0.10817392
vt 0.45599663 0.10555217
vt 0.47180254 0.10702492
vt 0.45599663 0.09970375
vt 0.47180254 0.09970375
vt 0.44515567 0.06041051
vt 0.45369690 0.06041051
vt 0.44515567 0.06749190
vt 0.45369690 0.06546799
vt 0.44314228 0.06860998
vt 0.44294347 0.06634291
vt 0.44314228 0.00993141
vt 0.44294347 0.00344187
vt 0.45017544 0.01498604
vt 0.44126688 0.00878841
vt 0.45017544 0.01552647
vt 0.44126688 0.00618200
vt 0.46518445 0.02187356
vt 0.44892234 0.01439194
vt 0.46518445 0.06189318
vt 0.44892234 0.05302098
vt 0.48588430 0.06607690
vt 0.46474443 0.06076457
vt 0.26005194 0.06702062
vt 0.44936238 0.05189238
vt 0.44207993 0.04081104
vt 0.44400581 0.02920759
vt 0.45484677 0.01884854
vt 0.47295239 0.01131097
vt 0.25961191 0.02714897
vt 0.25961191 0.06814923
vt 0.47410224 0.10702492
vt 0.47410224 0.09970375
vt 0.45599663 0.06041051
vt 0.47180254 0.06041051
vt 0.45599663 0.06546799
vt 0.47180254 0.06399524
vt 0.44506814 0.06634291
vt 0.45378443 0.06431897
vt 0.44506814 0.00344187
vt 0.45378443 0.12240405
vt 0.44289302 0.00878841
vt 0.44319273 0.00229875
vt 0.44289302 0.00618200
vt 0.44319273 0.12115314
vt 0.44980240 0.01439194
vt 0.44163992 0.00504736
vt 0.44980240 0.05302098
vt 0.44163992 0.04193966
vt 0.47410224 0.06041051
vt 0.47410224 0.06399524
vt 0.45590910 0.06431897
vt 0.47189007 0.06284625
vt 0.45590910 0.12240405
vt 0.47189007 0.11818845
vt 0.44481887 0.00229875
vt 0.45403369 0.12126093
vt 0.44481887 0.12115314
vt 0.45403369 0.11241774
vt 0.44251997 0.00504736
vt 0.44356578 0.12001849
vt 0.44251997 0.04193966
vt 0.44356578 0.03033620
vt 0.47401474 0.06284625
vt 0.47401474 0.11818845
vt 0.45565983 0.12126093
vt 0.47213933 0.11704529
vt 0.45565983 0.11241774
vt 0.47213933 0.10606154
vt 0.44444583 0.12001849
vt 0.45440674 0.11128309
vt 0.44444583 0.03033620
vt 0.45440674 0.01997716
vt 0.47376548 0.11704529
vt 0.47376548 0.10606154
vt 0.45528679 0.11128309
vt 0.47251235 0.10492689
vt 0.45528679 0.01997716
vt 0.47251235 0.01243959
vt 0.47339243 0.10492689
vt 0.47339243 0.01243959
vt 0.35527266 0.11980198
vt 0.36611362 0.09881827
vt 0.32886970 0.01239959
vt 0.35974216 0.07739892
vt 0.29092441 0.02348093
vt 0.49672527 0.02660309
vt 0.45390345 0.02129077
vt 0.41848993 0.00835270
vt 0.35571270 0.11867337
vt 0.36567358 0.09768965
vt 0.35571270 0.06135001
vt 0.36567358 0.04365522
vt 0.35483262 0.11867337
vt 0.35483262 0.06135001
vt 0.32930975 0.01127098
vt 0.32930975 0.07598356
vt 0.36655366 0.09768965
vt 0.35930215 0.07627030
vt 0.36655366 0.04365522
vt 0.35930215 0.02559304
vt 0.35608575 0.06021538
vt 0.36530056 0.04252058
vt 0.35608575 0.01349572
vt 0.36530056 0.00175989
vt 0.35445958 0.06021538
vt 0.35445958 0.01349572
vt 0.32968279 0.07484893
vt 0.32968279 0.02320123
vt 0.32842969 0.01127098
vt 0.32842969 0.07598356
vt 0.29136443 0.02235232
vt 0.29136443 0.08532804
vt 0.36018220 0.07627030
vt 0.36018220 0.02559304
vt 0.36692670 0.04252058
vt 0.35892911 0.02445840
vt 0.36692670 0.00175989
vt 0.35892911 0.11453621
vt 0.35421034 0.01235264
vt 0.35421034 0.10773913
vt 0.32993205 0.02205814
vt 0.32993205 0.11112964
vt 0.35633498 0.01235264
vt 0.36505130 0.00061680
vt 0.35633498 0.10773913
vt 0.36505130 0.10363941
vt 0.32805665 0.07484893
vt 0.32805665 0.02320123
vt 0.29173747 0.08419342
vt 0.29173747 0.02939884
vt 0.29048437 0.02235232
vt 0.29048437 0.08532804
vt 0.49716530 0.02547448
vt 0.49716530 0.08796086
vt 0.36055525 0.02445840
vt 0.36055525 0.11453621
vt 0.36717597 0.00061680
vt 0.35867984 0.11339321
vt 0.36717597 0.10363941
vt 0.35867984 0.09945448
vt 0.35412281 0.10659013
vt 0.35412281 0.09970375
vt 0.33001958 0.10998064
vt 0.33001958 0.09970375
vt 0.35642251 0.10659013
vt 0.36496377 0.10249041
vt 0.35642251 0.09970375
vt 0.36496377 0.09970375
vt 0.32780738 0.02205814
vt 0.32780738 0.11112964
vt 0.29198673 0.02825575
vt 0.29198673 0.11329477
vt 0.29011133 0.08419342
vt 0.29011133 0.02939884
vt 0.49753834 0.08682623
vt 0.49753834 0.03114501
vt 0.49628524 0.02547448
vt 0.49628524 0.08796086
vt 0.45434349 0.02016215
vt 0.45434349 0.08348116
vt 0.36080451 0.11339321
vt 0.36080451 0.09945448
vt 0.36726347 0.10249041
vt 0.35859231 0.09830548
vt 0.36726347 0.09970375
vt 0.35859231 0.09970375
vt 0.35412281 0.06041051
vt 0.35412281 0.06443001
vt 0.33001958 0.06041051
vt 0.33001958 0.06103954
vt 0.35642251 0.06041051
vt 0.36496377 0.06041051
vt 0.35642251 0.06443001
vt 0.36496377 0.06852976
vt 0.32771986 0.10998064
vt 0.32771986 0.09970375
vt 0.29207426 0.11214564
vt 0.29207426 0.09970375
vt 0.28986207 0.02825575
vt 0.28986207 0.11329477
vt 0.49778760 0.03000192
vt 0.49778760 0.11390470
vt 0.49591219 0.08682623
vt 0.49591219 0.03114501
vt 0.45471653 0.08234653
vt 0.45471653 0.02817391
vt 0.45346343 0.02016215
vt 0.45346343 0.08348116
vt 0.41892994 0.00722407
vt 0.41892994 0.07257095
vt 0.36089204 0.09830548
vt 0.36089204 0.09970375
vt 0.36726347 0.06041051
vt 0.35859231 0.06041051
vt 0.36726347 0.06852976
vt 0.35859231 0.07271470
vt 0.35633498 0.06328102
vt 0.36505130 0.06738074
vt 0.35633498 0.11943300
vt 0.36505130 0.00641292
vt 0.35421034 0.06328102
vt 0.35421034 0.11943300
vt 0.32993205 0.05989052
vt 0.32993205 0.10972750
vt 0.32771986 0.06041051
vt 0.32771986 0.06103954
vt 0.29207426 0.06041051
vt 0.29207426 0.05887452
vt 0.28977454 0.11214564
vt 0.28977454 0.09970375
vt 0.49787512 0.11275570
vt 0.49787512 0.09970375
vt 0.49566294 0.03000192
vt 0.49566294 0.11390470
vt 0.45496579 0.02703082
vt 0.45496579 0.11286686
vt 0.45309039 0.08234653
vt 0.45309039 0.02817391
vt 0.41930298 0.07143632
vt 0.41930298 0.02093787
vt 0.41804988 0.00722407
vt 0.41804988 0.07257095
vt 0.36089204 0.06041051
vt 0.36089204 0.07271470
vt 0.36717597 0.06738074
vt 0.35867984 0.07156568
vt 0.36717597 0.00641292
vt 0.35867984 0.01839248
vt 0.35608575 0.11828988
vt 0.36530056 0.00526992
vt 0.35608575 0.10793800
vt 0.36530056 0.00087702
vt 0.35445958 0.11828988
vt 0.35445958 0.10793800
vt 0.32968279 0.10858437
vt 0.32968279 0.09330452
vt 0.32780738 0.05989052
vt 0.32780738 0.10972750
vt 0.29198673 0.05772539
vt 0.29198673 0.10352987
vt 0.28977454 0.06041051
vt 0.28977454 0.05887452
vt 0.49787512 0.06041051
vt 0.49787512 0.05826447
vt 0.49557541 0.11275570
vt 0.49557541 0.09970375
vt 0.45505332 0.11171774
vt 0.45505332 0.09970375
vt 0.45284112 0.02703082
vt 0.45284112 0.11286686
vt 0.41955224 0.01979478
vt 0.41955224 0.11033893
vt 0.41767684 0.07143632
vt 0.41767684 0.02093787
vt 0.36080451 0.07156568
vt 0.36080451 0.01839248
vt 0.36692670 0.00526992
vt 0.35892911 0.01724936
vt 0.36692670 0.00087702
vt 0.35892911 0.01893917
vt 0.35483262 0.10680335
vt 0.35483262 0.01466482
vt 0.32930975 0.09216985
vt 0.32930975 0.12206723
vt 0.35571270 0.10680335
vt 0.36567358 0.12449822
vt 0.35571270 0.01466482
vt 0.36567358 0.03564853
vt 0.32805665 0.10858437
vt 0.32805665 0.09330452
vt 0.29173747 0.10238674
vt 0.29173747 0.08395993
vt 0.28986207 0.05772539
vt 0.28986207 0.10352987
vt 0.49778760 0.05711545
vt 0.49778760 0.10178368
vt 0.49557541 0.06041051
vt 0.49557541 0.05826447
vt 0.45505332 0.06041051
vt 0.45505332 0.05930242
vt 0.45275360 0.11171774
vt 0.45275360 0.09970375
vt 0.41963977 0.10918993
vt 0.41963977 0.09970375
vt 0.41742758 0.01979478
vt 0.41742758 0.11033893
vt 0.36055525 0.01724936
vt 0.36055525 0.01893917
vt 0.36655366 0.12449822
vt 0.35930215 0.01780452
vt 0.36655366 0.03564853
vt 0.35930215 0.05706789
vt 0.35527266 0.01353621
vt 0.36611362 0.03451991
vt 0.32886970 0.12093856
vt 0.35974216 0.05593928
vt 0.29092441 0.10985724
vt 0.49672527 0.10673511
vt 0.45390345 0.11204747
vt 0.41848993 0.12498552
vt 0.32842969 0.09216985
vt 0.32842969 0.12206723
vt 0.29136443 0.08282540
vt 0.29136443 0.11098591
vt 0.29011133 0.10238674
vt 0.29011133 0.08395993
vt 0.49753834 0.10064067
vt 0.49753834 0.08132719
vt 0.49566294 0.05711545
vt 0.49566294 0.10178368
vt 0.45496579 0.05815332
vt 0.45496579 0.10475473
vt 0.45275360 0.06041051
vt 0.45275360 0.05930242
vt 0.41963977 0.06041051
vt 0.41963977 0.06183022
vt 0.41734005 0.10918993
vt 0.41734005 0.09970375
vt 0.36018220 0.01780452
vt 0.36018220 0.05706789
vt 0.29048437 0.08282540
vt 0.29048437 0.11098591
vt 0.49716530 0.08019254
vt 0.49716530 0.10786364
vt 0.49591219 0.10064067
vt 0.49591219 0.08132719
vt 0.45471653 0.10361172
vt 0.45471653 0.08580681
vt 0.45284112 0.05815332
vt 0.45284112 0.10475473
vt 0.41955224 0.06068124
vt 0.41955224 0.11199082
vt 0.41734005 0.06041051
vt 0.41734005 0.06183022
vt 0.49628524 0.08019254
vt 0.49628524 0.10786364
vt 0.45434349 0.08467228
vt 0.45434349 0.11317600
vt 0.45309039 0.10361172
vt 0.45309039 0.08580681
vt 0.41930298 0.11084769
vt 0.41930298 0.09671710
vt 0.41742758 0.06068124
vt 0.41742758 0.11199082
vt 0.45346343 0.08467228
vt 0.45346343 0.11317600
vt 0.41892994 0.09558242
vt 0.41892994 0.00135824
vt 0.41767684 0.11084769
vt 0.41767684 0.09671710
vt 0.41804988 0.09558242
vt 0.41804988 0.00135824
vt 0.49856537 0.06041051
vt 0.49626565 0.09970375
vt 0.49856537 0.09970375
vt 0.49626565 0.06041051
vt 0.48675069 0.06041051
vt 0.48905041 0.09970375
vt 0.48905041 0.06041051
vt 0.48675069 0.09970375
vt 0.49635318 0.07041842
vt 0.49856537 0.07156744
vt 0.49847784 0.07041842
vt 0.49626565 0.07156744
vt 0.25935257 0.06041051
vt 0.25705285 0.09970375
vt 0.25935257 0.09970375
vt 0.25705285 0.06041051
vt 0.49856537 0.09945274
vt 0.49635318 0.10060174
vt 0.49847784 0.10060174
vt 0.49626565 0.09945274
vt 0.34804835 0.10242642
vt 0.31101070 0.10265072
vt 0.35030388 0.10265072
vt 0.31326622 0.10242642
vt 0.31517837 0.10178755
vt 0.34613621 0.10178755
vt 0.34485856 0.10083141
vt 0.31645602 0.10083141
vt 0.34440990 0.09970375
vt 0.31690467 0.09970375
vt 0.34440990 0.06041051
vt 0.31690467 0.06041051
vt 0.34485856 0.05928273
vt 0.31645602 0.05928273
vt 0.34613621 0.05832672
vt 0.31517837 0.05832672
vt 0.34804835 0.05768785
vt 0.31326622 0.05768785
vt 0.35030388 0.05746352
vt 0.31101070 0.05746352
vt 0.35030388 0.09135382
vt 0.27171751 0.08926769
vt 0.35030388 0.08926769
vt 0.27171751 0.10265072
vt 0.30875517 0.10242642
vt 0.27397304 0.10242642
vt 0.30684303 0.10178755
vt 0.27588518 0.10178755
vt 0.30556536 0.10083141
vt 0.27716284 0.10083141
vt 0.30511672 0.09970375
vt 0.27761149 0.09970375
vt 0.30511672 0.06041051
vt 0.27761149 0.06041051
vt 0.27716284 0.05928273
vt 0.30556536 0.05928273
vt 0.30684303 0.05832672
vt 0.27588518 0.05832672
vt 0.30875517 0.05768785
vt 0.27397304 0.05768785
vt 0.27171751 0.05746352
vt 0.27171751 0.09135382
vt 0.48683822 0.07004103
vt 0.48905041 0.07119004
vt 0.48896288 0.07004103
vt 0.48675069 0.07119004
vt 0.48675069 0.09983011
vt 0.48896288 0.10097912
vt 0.48905041 0.09983011
vt 0.48683822 0.10097912
vt 0.49660244 0.01396528
vt 0.49847784 0.01510829
vt 0.49822858 0.01396528
vt 0.49635318 0.01510829
vt 0.25926504 0.07041842
vt 0.25705285 0.07156744
vt 0.25935257 0.07156744
vt 0.25714038 0.07041842
vt 0.26886752 0.06041051
vt 0.26656781 0.09970375
vt 0.26886752 0.09970375
vt 0.26656781 0.06041051
vt 0.25935257 0.09945274
vt 0.25714038 0.10060174
vt 0.25926504 0.10060174
vt 0.25705285 0.09945274
vt 0.49847784 0.11667727
vt 0.49660244 0.11782041
vt 0.49822858 0.11782041
vt 0.49635318 0.11667727
vt 0.35030388 0.08926769
vt 0.27171751 0.10265072
vt 0.27171751 0.08926769
vt 0.27397304 0.10242642
vt 0.27588518 0.10178755
vt 0.27716284 0.10083141
vt 0.27761149 0.09970375
vt 0.30511672 0.09970375
vt 0.27761149 0.06041051
vt 0.30511672 0.06041051
vt 0.30556536 0.10083141
vt 0.30684303 0.10178755
vt 0.30875517 0.10242642
vt 0.31101070 0.10265072
vt 0.31326622 0.10242642
vt 0.31517837 0.10178755
vt 0.31645602 0.10083141
vt 0.31690467 0.09970375
vt 0.31690467 0.06041051
vt 0.34440990 0.09970375
vt 0.34440990 0.06041051
vt 0.34485856 0.10083141
vt 0.34613621 0.10178755
vt 0.34804835 0.10242642
vt 0.35030388 0.10265072
vt 0.27397304 0.05768785
vt 0.27171751 0.09135382
vt 0.27171751 0.05746352
vt 0.35030388 0.09135382
vt 0.27588518 0.05832672
vt 0.27716284 0.05928273
vt 0.30556536 0.05928273
vt 0.30684303 0.05832672
vt 0.30875517 0.05768785
vt 0.31101070 0.05746352
vt 0.31326622 0.05768785
vt 0.31517837 0.05832672
vt 0.31645602 0.05928273
vt 0.34485856 0.05928273
vt 0.34613621 0.05832672
vt 0.34804835 0.05768785
vt 0.35030388 0.05746352
vt 0.29033155 0.01615598
vt 0.29077156 0.01502737
vt 0.28989151 0.01502737
vt 0.28989151 0.07915119
vt 0.29114461 0.07801655
vt 0.28951846 0.07801655
vt 0.29077156 0.07915119
vt 0.29114461 0.02530212
vt 0.28926920 0.02415903
vt 0.28951846 0.02530212
vt 0.29139387 0.02415903
vt 0.29139387 0.11186357
vt 0.28918167 0.11071457
vt 0.28926920 0.11186357
vt 0.29148140 0.11071457
vt 0.29148140 0.09970375
vt 0.28918167 0.06041051
vt 0.28918167 0.09970375
vt 0.29148140 0.06041051
vt 0.29148140 0.06030560
vt 0.28926920 0.05915658
vt 0.28918167 0.06030560
vt 0.29139387 0.05915658
vt 0.29139387 0.10762661
vt 0.28951846 0.10648349
vt 0.28926920 0.10762661
vt 0.29114461 0.10648349
vt 0.29114461 0.09013684
vt 0.28989151 0.08900219
vt 0.28951846 0.09013684
vt 0.29077156 0.08900219
vt 0.29033155 0.11718216
vt 0.28989151 0.11831083
vt 0.29077156 0.11831083
vt 0.40531433 0.09135382
vt 0.48390070 0.05746352
vt 0.48390070 0.09135382
vt 0.48164518 0.05768785
vt 0.47973303 0.05832672
vt 0.47845538 0.05928273
vt 0.47800673 0.06041051
vt 0.45005286 0.05928273
vt 0.45050150 0.06041051
vt 0.44877518 0.05832672
vt 0.44686305 0.05768785
vt 0.44460751 0.05746352
vt 0.44235200 0.05768785
vt 0.44043984 0.05832672
vt 0.43916220 0.05928273
vt 0.43871354 0.06041051
vt 0.41120832 0.06041051
vt 0.41075965 0.05928273
vt 0.40948200 0.05832672
vt 0.40756986 0.05768785
vt 0.40531433 0.05746352
vt 0.48164518 0.10242642
vt 0.48390070 0.08926769
vt 0.48390070 0.10265072
vt 0.40531433 0.08926769
vt 0.47973303 0.10178755
vt 0.47845538 0.10083141
vt 0.47800673 0.09970375
vt 0.45050150 0.09970375
vt 0.45005286 0.10083141
vt 0.44877518 0.10178755
vt 0.44686305 0.10242642
vt 0.44460751 0.10265072
vt 0.44235200 0.10242642
vt 0.44043984 0.10178755
vt 0.43916220 0.10083141
vt 0.43871354 0.09970375
vt 0.41120832 0.09970375
vt 0.41075965 0.10083141
vt 0.40948200 0.10178755
vt 0.40756986 0.10242642
vt 0.40531433 0.10265072
vt 0.48834058 0.04926461
vt 0.48790055 0.04813600
vt 0.48746052 0.04926461
vt 0.48708748 0.01235892
vt 0.48834058 0.01122427
vt 0.48746052 0.01122427
vt 0.48871362 0.01235892
vt 0.48708748 0.01288515
vt 0.48896288 0.01402816
vt 0.48871362 0.01288515
vt 0.48683822 0.01402816
vt 0.48683822 0.11775741
vt 0.48871362 0.11890055
vt 0.48896288 0.11775741
vt 0.48708748 0.11890055
vt 0.48834058 0.03217327
vt 0.48708748 0.03103864
vt 0.48746052 0.03217327
vt 0.48871362 0.03103864
vt 0.48834058 0.08407359
vt 0.48746052 0.08407359
vt 0.48790055 0.08520220
vt 0.40531433 0.07661894
vt 0.48390070 0.11591213
vt 0.48390070 0.07661894
vt 0.40531433 0.11591213
vt 0.49660244 0.01398748
vt 0.49785554 0.01285284
vt 0.49697548 0.01285284
vt 0.49822858 0.01398748
vt 0.25901578 0.01396528
vt 0.25714038 0.01510829
vt 0.25926504 0.01510829
vt 0.25738964 0.01396528
vt 0.26877999 0.07004103
vt 0.26656781 0.07119004
vt 0.26886752 0.07119004
vt 0.26665534 0.07004103
vt 0.26886752 0.09983011
vt 0.26665534 0.10097912
vt 0.26877999 0.10097912
vt 0.26656781 0.09983011
vt 0.25926504 0.11667727
vt 0.25738964 0.11782041
vt 0.25901578 0.11782041
vt 0.25714038 0.11667727
vt 0.49785554 0.03054468
vt 0.49660244 0.02941005
vt 0.49697548 0.03054468
vt 0.49822858 0.02941005
vt 0.48164518 0.10242642
vt 0.44460751 0.10265072
vt 0.48390070 0.10265072
vt 0.44686305 0.10242642
vt 0.47973303 0.10178755
vt 0.44877518 0.10178755
vt 0.47845538 0.10083141
vt 0.45005286 0.10083141
vt 0.47800673 0.09970375
vt 0.45050150 0.09970375
vt 0.47800673 0.06041051
vt 0.45050150 0.06041051
vt 0.45005286 0.05928273
vt 0.47845538 0.05928273
vt 0.47973303 0.05832672
vt 0.44877518 0.05832672
vt 0.48164518 0.05768785
vt 0.44686305 0.05768785
vt 0.48390070 0.05746352
vt 0.44460751 0.05746352
vt 0.48390070 0.09135382
vt 0.40531433 0.05746352
vt 0.40531433 0.09135382
vt 0.40531433 0.08926769
vt 0.48390070 0.08926769
vt 0.40531433 0.10265072
vt 0.44235200 0.10242642
vt 0.40756986 0.10242642
vt 0.44043984 0.10178755
vt 0.40948200 0.10178755
vt 0.43916220 0.10083141
vt 0.41075965 0.10083141
vt 0.43871354 0.09970375
vt 0.41120832 0.09970375
vt 0.43871354 0.06041051
vt 0.41120832 0.06041051
vt 0.43916220 0.05928273
vt 0.41075965 0.05928273
vt 0.44043984 0.05832672
vt 0.40948200 0.05832672
vt 0.44235200 0.05768785
vt 0.40756986 0.05768785
vt 0.42615565 0.02723731
vt 0.42659566 0.02610870
vt 0.42571560 0.02610870
vt 0.42534256 0.08736104
vt 0.42659566 0.08849567
vt 0.42696871 0.08736104
vt 0.42571560 0.08849567
vt 0.42721796 0.03035664
vt 0.42534256 0.03149971
vt 0.42696871 0.03149971
vt 0.42509330 0.03035664
vt 0.42730549 0.11287959
vt 0.42509330 0.11402859
vt 0.42721796 0.11402859
vt 0.42500577 0.11287959
vt 0.42730549 0.06041051
vt 0.42500577 0.09970375
vt 0.42730549 0.09970375
vt 0.42500577 0.06041051
vt 0.42721796 0.05699157
vt 0.42500577 0.05814059
vt 0.42730549 0.05814059
vt 0.42509330 0.05699157
vt 0.42696871 0.10028585
vt 0.42509330 0.10142898
vt 0.42721796 0.10142898
vt 0.42534256 0.10028585
vt 0.42659566 0.07965772
vt 0.42534256 0.08079236
vt 0.42696871 0.08079236
vt 0.42571560 0.07965772
vt 0.42571560 0.10722951
vt 0.42659566 0.10722951
vt 0.42615565 0.10610084
vt 0.35207644 0.03705466
vt 0.35163643 0.03818327
vt 0.35251648 0.03818327
vt 0.35288953 0.00301446
vt 0.35163643 0.00187980
vt 0.35126338 0.00301446
vt 0.35251648 0.00187980
vt 0.35288953 0.00668752
vt 0.35101412 0.00783053
vt 0.35313879 0.00783053
vt 0.35126338 0.00668752
vt 0.35313879 0.06787601
vt 0.35092659 0.06902503
vt 0.35322632 0.06902503
vt 0.35101412 0.06787601
vt 0.35322632 0.06041051
vt 0.35092659 0.09970375
vt 0.35322632 0.09970375
vt 0.35092659 0.06041051
vt 0.35322632 0.10199513
vt 0.35101412 0.10314413
vt 0.35313879 0.10314413
vt 0.35092659 0.10199513
vt 0.35313879 0.12395503
vt 0.35126338 0.12509817
vt 0.35288953 0.12509817
vt 0.35101412 0.12395503
vt 0.35163643 0.04151776
vt 0.35288953 0.04038313
vt 0.35126338 0.04038313
vt 0.35251648 0.04151776
vt 0.35251648 0.09515492
vt 0.35163643 0.09515492
vt 0.35207644 0.09628353
vt 0.32260157 0.00574340
vt 0.32304161 0.00461479
vt 0.32216154 0.00461479
vt 0.32216154 0.07037064
vt 0.32341465 0.06923600
vt 0.32178848 0.06923600
vt 0.32304161 0.07037064
vt 0.32341465 0.01947852
vt 0.32153925 0.01833545
vt 0.32178848 0.01947852
vt 0.32366390 0.01833545
vt 0.32366390 0.10982918
vt 0.32145172 0.10868018
vt 0.32153925 0.10982918
vt 0.32375142 0.10868018
vt 0.32375142 0.09970375
vt 0.32145172 0.06041051
vt 0.32145172 0.09970375
vt 0.32375142 0.06041051
vt 0.32145172 0.06233998
vt 0.32366390 0.06119099
vt 0.32153925 0.06119099
vt 0.32375142 0.06233998
vt 0.32153925 0.11345021
vt 0.32341465 0.11230709
vt 0.32178848 0.11230709
vt 0.32366390 0.11345021
vt 0.32341465 0.09891742
vt 0.32216154 0.09778274
vt 0.32178848 0.09891742
vt 0.32304161 0.09778274
vt 0.32260157 0.00283894
vt 0.32216154 0.00396754
vt 0.32304161 0.00396754
vt 0.46484666 0.11831083
vt 0.46572671 0.11831083
vt 0.46528667 0.11718216
vt 0.46484666 0.08900219
vt 0.46609975 0.09013684
vt 0.46572671 0.08900219
vt 0.46447361 0.09013684
vt 0.46609975 0.10648349
vt 0.46422435 0.10762661
vt 0.46634902 0.10762661
vt 0.46447361 0.10648349
vt 0.46634902 0.05915658
vt 0.46413682 0.06030560
vt 0.46643654 0.06030560
vt 0.46422435 0.05915658
vt 0.46643654 0.06041051
vt 0.46413682 0.09970375
vt 0.46643654 0.09970375
vt 0.46413682 0.06041051
vt 0.46643654 0.11071457
vt 0.46422435 0.11186357
vt 0.46634902 0.11186357
vt 0.46413682 0.11071457
vt 0.46634902 0.02415903
vt 0.46447361 0.02530212
vt 0.46609975 0.02530212
vt 0.46422435 0.02415903
vt 0.46447361 0.07801655
vt 0.46572671 0.07915119
vt 0.46609975 0.07801655
vt 0.46484666 0.07915119
vt 0.46484666 0.01502737
vt 0.46528667 0.01615598
vt 0.46572671 0.01502737
vt 0.26815770 0.08407359
vt 0.26727763 0.08407359
vt 0.26771767 0.08520220
vt 0.26815770 0.03217327
vt 0.26690459 0.03103864
vt 0.26727763 0.03217327
vt 0.26853074 0.03103864
vt 0.26877999 0.11775741
vt 0.26690459 0.11890055
vt 0.26853074 0.11890055
vt 0.26665534 0.11775741
vt 0.26853074 0.01288515
vt 0.26665534 0.01402816
vt 0.26877999 0.01402816
vt 0.26690459 0.01288515
vt 0.26853074 0.01235892
vt 0.26727763 0.01122427
vt 0.26690459 0.01235892
vt 0.26815770 0.01122427
vt 0.26815770 0.04926461
vt 0.26771767 0.04813600
vt 0.26727763 0.04926461
vt 0.49785554 0.05119589
vt 0.49741551 0.05006729
vt 0.49697548 0.05119589
vt 0.49785554 0.08214230
vt 0.49697548 0.08214230
vt 0.49741551 0.08327090
vt 0.25738964 0.01398748
vt 0.25864274 0.01285284
vt 0.25776268 0.01285284
vt 0.25901578 0.01398748
vt 0.25864274 0.03054468
vt 0.25738964 0.02941005
vt 0.25776268 0.03054468
vt 0.25901578 0.02941005
vt 0.32946257 0.10610084
vt 0.32902256 0.10722951
vt 0.32990261 0.10722951
vt 0.32990261 0.07965772
vt 0.32864951 0.08079236
vt 0.33027566 0.08079236
vt 0.32902256 0.07965772
vt 0.33052492 0.10142898
vt 0.32864951 0.10028585
vt 0.32840025 0.10142898
vt 0.33027566 0.10028585
vt 0.33061245 0.05814059
vt 0.32840025 0.05699157
vt 0.32831272 0.05814059
vt 0.33052492 0.05699157
vt 0.32831272 0.09970375
vt 0.33061245 0.06041051
vt 0.32831272 0.06041051
vt 0.33061245 0.09970375
vt 0.32840025 0.11402859
vt 0.33061245 0.11287959
vt 0.32831272 0.11287959
vt 0.33052492 0.11402859
vt 0.32864951 0.03149971
vt 0.33052492 0.03035664
vt 0.32840025 0.03035664
vt 0.33027566 0.03149971
vt 0.32864951 0.08736104
vt 0.32990261 0.08849567
vt 0.33027566 0.08736104
vt 0.32902256 0.08849567
vt 0.32946257 0.02723731
vt 0.32990261 0.02610870
vt 0.32902256 0.02610870
vt 0.40310173 0.09515492
vt 0.40354178 0.09628353
vt 0.40398179 0.09515492
vt 0.40435484 0.04038313
vt 0.40310173 0.04151776
vt 0.40398179 0.04151776
vt 0.40272869 0.04038313
vt 0.40247943 0.12395503
vt 0.40435484 0.12509817
vt 0.40460409 0.12395503
vt 0.40272869 0.12509817
vt 0.40239190 0.10199513
vt 0.40460409 0.10314413
vt 0.40469162 0.10199513
vt 0.40247943 0.10314413
vt 0.40239190 0.06041051
vt 0.40469162 0.09970375
vt 0.40469162 0.06041051
vt 0.40239190 0.09970375
vt 0.40460409 0.06787601
vt 0.40239190 0.06902503
vt 0.40469162 0.06902503
vt 0.40247943 0.06787601
vt 0.40435484 0.00668752
vt 0.40247943 0.00783053
vt 0.40460409 0.00783053
vt 0.40272869 0.00668752
vt 0.40310173 0.00187980
vt 0.40435484 0.00301446
vt 0.40398179 0.00187980
vt 0.40272869 0.00301446
vt 0.40310173 0.03818327
vt 0.40398179 0.03818327
vt 0.40354178 0.03705466
vt 0.47573357 0.03730037
vt 0.47617361 0.03617176
vt 0.47529354 0.03617176
vt 0.47492052 0.09584685
vt 0.47617361 0.09698148
vt 0.47654666 0.09584685
vt 0.47529354 0.09698148
vt 0.47679592 0.03598474
vt 0.47492052 0.03712781
vt 0.47654666 0.03712781
vt 0.47467125 0.03598474
vt 0.47688342 0.11484573
vt 0.47467125 0.11599473
vt 0.47679592 0.11599473
vt 0.47458373 0.11484573
vt 0.47688342 0.06041051
vt 0.47458373 0.09970375
vt 0.47688342 0.09970375
vt 0.47458373 0.06041051
vt 0.47679592 0.05502542
vt 0.47458373 0.05617444
vt 0.47688342 0.05617444
vt 0.47467125 0.05502542
vt 0.47654666 0.09465773
vt 0.47467125 0.09580089
vt 0.47679592 0.09580089
vt 0.47492052 0.09465773
vt 0.47617361 0.07117196
vt 0.47492052 0.07230661
vt 0.47654666 0.07230661
vt 0.47529354 0.07117196
vt 0.47573357 0.09603778
vt 0.47529354 0.09716646
vt 0.47617361 0.09716646
vt 0.34428349 0.01851031
vt 0.34384348 0.01963893
vt 0.34472353 0.01963893
vt 0.34509658 0.11213255
vt 0.34384348 0.11099790
vt 0.34347043 0.11213255
vt 0.34472353 0.11099790
vt 0.34509658 0.12107181
vt 0.34322117 0.12221494
vt 0.34534584 0.12221494
vt 0.34347043 0.12107181
vt 0.34534584 0.06425285
vt 0.34313364 0.06540187
vt 0.34543337 0.06540187
vt 0.34322117 0.06425285
vt 0.34543337 0.06041051
vt 0.34313364 0.09970375
vt 0.34543337 0.09970375
vt 0.34313364 0.06041051
vt 0.34543337 0.10561829
vt 0.34322117 0.10676729
vt 0.34534584 0.10676729
vt 0.34313364 0.10561829
vt 0.34534584 0.00957070
vt 0.34347043 0.01071379
vt 0.34509658 0.01071379
vt 0.34322117 0.00957070
vt 0.34384348 0.05715553
vt 0.34509658 0.05602090
vt 0.34347043 0.05602090
vt 0.34472353 0.05715553
vt 0.34428349 0.11482789
vt 0.34472353 0.11369927
vt 0.34384348 0.11369927
vt 0.43257660 0.00396754
vt 0.43345668 0.00396754
vt 0.43301665 0.00283894
vt 0.43257660 0.09778274
vt 0.43382973 0.09891742
vt 0.43345668 0.09778274
vt 0.43220356 0.09891742
vt 0.43382973 0.11230709
vt 0.43195432 0.11345021
vt 0.43407896 0.11345021
vt 0.43220356 0.11230709
vt 0.43407896 0.06119099
vt 0.43186680 0.06233998
vt 0.43416649 0.06233998
vt 0.43195432 0.06119099
vt 0.43416649 0.06041051
vt 0.43186680 0.09970375
vt 0.43416649 0.09970375
vt 0.43186680 0.06041051
vt 0.43416649 0.10868018
vt 0.43195432 0.10982918
vt 0.43407896 0.10982918
vt 0.43186680 0.10868018
vt 0.43407896 0.01833545
vt 0.43220356 0.01947852
vt 0.43382973 0.01947852
vt 0.43195432 0.01833545
vt 0.43382973 0.06923600
vt 0.43257660 0.07037064
vt 0.43345668 0.07037064
vt 0.43220356 0.06923600
vt 0.43257660 0.00461479
vt 0.43301665 0.00574340
vt 0.43345668 0.00461479
vt 0.25864274 0.08214230
vt 0.25776268 0.08214230
vt 0.25820271 0.08327090
vt 0.25864274 0.05119589
vt 0.25820271 0.05006729
vt 0.25776268 0.05119589
vt 0.27988464 0.09603778
vt 0.27944460 0.09716646
vt 0.28032468 0.09716646
vt 0.28032468 0.07117196
vt 0.27907156 0.07230661
vt 0.28069770 0.07230661
vt 0.27944460 0.07117196
vt 0.28094696 0.09580089
vt 0.27907156 0.09465773
vt 0.27882229 0.09580089
vt 0.28069770 0.09465773
vt 0.28103449 0.05617444
vt 0.27882229 0.05502542
vt 0.27873479 0.05617444
vt 0.28094696 0.05502542
vt 0.27873479 0.09970375
vt 0.28103449 0.06041051
vt 0.27873479 0.06041051
vt 0.28103449 0.09970375
vt 0.27882229 0.11599473
vt 0.28103449 0.11484573
vt 0.27873479 0.11484573
vt 0.28094696 0.11599473
vt 0.27907156 0.03712781
vt 0.28094696 0.03598474
vt 0.27882229 0.03598474
vt 0.28069770 0.03712781
vt 0.27907156 0.09584685
vt 0.28032468 0.09698148
vt 0.28069770 0.09584685
vt 0.27944460 0.09698148
vt 0.27988464 0.03730037
vt 0.28032468 0.03617176
vt 0.27944460 0.03617176
vt 0.41089468 0.11369927
vt 0.41133473 0.11482789
vt 0.41177474 0.11369927
vt 0.41214778 0.05602090
vt 0.41089468 0.05715553
vt 0.41177474 0.05715553
vt 0.41052164 0.05602090
vt 0.41027238 0.00957070
vt 0.41214778 0.01071379
vt 0.41239704 0.00957070
vt 0.41052164 0.01071379
vt 0.41018485 0.10561829
vt 0.41239704 0.10676729
vt 0.41248457 0.10561829
vt 0.41027238 0.10676729
vt 0.41018485 0.06041051
vt 0.41248457 0.09970375
vt 0.41248457 0.06041051
vt 0.41018485 0.09970375
vt 0.41239704 0.06425285
vt 0.41018485 0.06540187
vt 0.41248457 0.06540187
vt 0.41027238 0.06425285
vt 0.41214778 0.12107181
vt 0.41027238 0.12221494
vt 0.41239704 0.12221494
vt 0.41052164 0.12107181
vt 0.41089468 0.11099790
vt 0.41214778 0.11213255
vt 0.41177474 0.11099790
vt 0.41052164 0.11213255
vt 0.41089468 0.01963893
vt 0.41177474 0.01963893
vt 0.41133473 0.01851031
vt 0.30740571 0.09909618
vt 0.28972393 0.09736269
vt 0.30740571 0.09970375
vt 0.28972393 0.09970375
vt 0.30519351 0.10024518
vt 0.31460060 0.10241019
vt 0.30519351 0.11565653
vt 0.31460060 0.12185414
vt 0.30731818 0.10024518
vt 0.28981146 0.09851169
vt 0.30731818 0.11565653
vt 0.28981146 0.11069448
vt 0.30510598 0.09909618
vt 0.30510598 0.09970375
vt 0.31468813 0.10126119
vt 0.31468813 0.09970375
vt 0.29202366 0.09736269
vt 0.26858406 0.09632486
vt 0.29202366 0.09970375
vt 0.26858406 0.09970375
vt 0.29193613 0.09851169
vt 0.26867158 0.09747386
vt 0.29193613 0.11069448
vt 0.26867158 0.10772343
vt 0.30740571 0.06041051
vt 0.28972393 0.06041051
vt 0.30740571 0.07192398
vt 0.28972393 0.07365747
vt 0.30510598 0.06041051
vt 0.30510598 0.07192398
vt 0.31468813 0.06041051
vt 0.31468813 0.06975896
vt 0.31247594 0.10241019
vt 0.31267475 0.10467726
vt 0.31247594 0.12185414
vt 0.31267475 0.00358790
vt 0.31238841 0.10126119
vt 0.31238841 0.09970375
vt 0.31276228 0.10352826
vt 0.31276228 0.09970375
vt 0.30544277 0.11679967
vt 0.31435134 0.12299729
vt 0.30544277 0.02787101
vt 0.31435134 0.03721550
vt 0.30706892 0.11679967
vt 0.29006073 0.11183750
vt 0.30706892 0.02787101
vt 0.29006073 0.02038941
vt 0.27088377 0.09632486
vt 0.49441641 0.09614046
vt 0.27088377 0.09970375
vt 0.49441641 0.09970375
vt 0.27079624 0.09747386
vt 0.49450394 0.09728946
vt 0.27079624 0.10772343
vt 0.49450394 0.10719558
vt 0.29202366 0.06041051
vt 0.26858406 0.06041051
vt 0.29202366 0.07365747
vt 0.26858406 0.07469530
vt 0.29168687 0.11183750
vt 0.26892084 0.10886644
vt 0.29168687 0.02038941
vt 0.26892084 0.01590972
vt 0.30731818 0.07077499
vt 0.28981146 0.07250845
vt 0.30731818 0.01612905
vt 0.28981146 0.02109108
vt 0.30519351 0.07077499
vt 0.30519351 0.01612905
vt 0.31460060 0.06860998
vt 0.31460060 0.00993141
vt 0.31238841 0.06041051
vt 0.31238841 0.06975896
vt 0.31276228 0.06041051
vt 0.31276228 0.06749190
vt 0.31055008 0.10467726
vt 0.30183379 0.10670130
vt 0.31055008 0.00358790
vt 0.30183379 0.00938153
vt 0.31046255 0.10352826
vt 0.31046255 0.09970375
vt 0.30192132 0.10555217
vt 0.30192132 0.09970375
vt 0.31272520 0.12299729
vt 0.31242548 0.00473098
vt 0.31272520 0.03721550
vt 0.31242548 0.04700028
vt 0.30669587 0.02900564
vt 0.29043377 0.02152405
vt 0.30669587 0.08031720
vt 0.29043377 0.07144502
vt 0.30581582 0.02900564
vt 0.31397830 0.03835013
vt 0.30581582 0.08031720
vt 0.31397830 0.09139854
vt 0.49662860 0.09728946
vt 0.49662860 0.10719558
vt 0.49671613 0.09614046
vt 0.49671613 0.09970375
vt 0.27088377 0.06041051
vt 0.49441641 0.06041051
vt 0.27088377 0.07469530
vt 0.49441641 0.07487971
vt 0.27054699 0.10886644
vt 0.49475320 0.10833860
vt 0.27054699 0.01590972
vt 0.49475320 0.01511392
vt 0.29193613 0.07250845
vt 0.26867158 0.07354631
vt 0.29193613 0.02109108
vt 0.26867158 0.02406228
vt 0.29131382 0.02152405
vt 0.26929388 0.01704435
vt 0.29131382 0.07144502
vt 0.26929388 0.06613268
vt 0.30706892 0.01498604
vt 0.29006073 0.01994807
vt 0.30706892 0.01552647
vt 0.29006073 0.02300809
vt 0.30544277 0.01498604
vt 0.30544277 0.01552647
vt 0.31435134 0.00878841
vt 0.31435134 0.00618200
vt 0.31247594 0.06860998
vt 0.31247594 0.00993141
vt 0.31267475 0.06634291
vt 0.31267475 0.00344187
vt 0.31046255 0.06041051
vt 0.31046255 0.06749190
vt 0.30192132 0.06041051
vt 0.30192132 0.06546799
vt 0.29962159 0.10555217
vt 0.29962159 0.09970375
vt 0.28381567 0.10702492
vt 0.28381567 0.09970375
vt 0.29970912 0.10670130
vt 0.28372814 0.10817392
vt 0.29970912 0.00938153
vt 0.28372814 0.01359717
vt 0.31079934 0.00473098
vt 0.30158453 0.01052462
vt 0.31079934 0.04700028
vt 0.30158453 0.05573568
vt 0.31309824 0.03835013
vt 0.31205244 0.04813490
vt 0.31309824 0.09139854
vt 0.31205244 0.10300198
vt 0.30625583 0.08144581
vt 0.29087379 0.07257362
vt 0.31353828 0.09252715
vt 0.26973391 0.06726129
vt 0.31161240 0.10413060
vt 0.49556627 0.06631758
vt 0.30077144 0.11448964
vt 0.28266582 0.12202722
vt 0.49671613 0.06041051
vt 0.49671613 0.07487971
vt 0.49637934 0.10833860
vt 0.49637934 0.01511392
vt 0.27079624 0.07354631
vt 0.49450394 0.07373070
vt 0.27079624 0.02406228
vt 0.49450394 0.02459000
vt 0.27017394 0.01704435
vt 0.49512624 0.01624854
vt 0.27017394 0.06613268
vt 0.49512624 0.06518896
vt 0.29168687 0.01994807
vt 0.26892084 0.02291912
vt 0.29168687 0.02300809
vt 0.26892084 0.02748782
vt 0.30581582 0.01439194
vt 0.30581582 0.05302098
vt 0.31397830 0.00504736
vt 0.31397830 0.04193966
vt 0.30669587 0.01439194
vt 0.29043377 0.02187356
vt 0.30669587 0.05302098
vt 0.29043377 0.06189318
vt 0.31272520 0.00878841
vt 0.31272520 0.00618200
vt 0.31242548 0.00229875
vt 0.31242548 0.12115314
vt 0.31055008 0.06634291
vt 0.31055008 0.00344187
vt 0.30183379 0.06431897
vt 0.30183379 0.12240405
vt 0.29962159 0.06041051
vt 0.29962159 0.06546799
vt 0.28381567 0.06041051
vt 0.28381567 0.06399524
vt 0.28151597 0.10702492
vt 0.28151597 0.09970375
vt 0.28160348 0.10817392
vt 0.28160348 0.01359717
vt 0.29995838 0.01052462
vt 0.28347888 0.01474026
vt 0.29995838 0.05573568
vt 0.28347888 0.06209183
vt 0.31117239 0.04813490
vt 0.30121148 0.05687031
vt 0.31117239 0.10300198
vt 0.30121148 0.11336103
vt 0.49662860 0.07373070
vt 0.49662860 0.02459000
vt 0.49600630 0.01624854
vt 0.49600630 0.06518896
vt 0.27054699 0.02291912
vt 0.49475320 0.02344696
vt 0.27054699 0.02748782
vt 0.49475320 0.02828364
vt 0.29131382 0.02187356
vt 0.26929388 0.02635315
vt 0.29131382 0.06189318
vt 0.26929388 0.06720551
vt 0.30625583 0.05189238
vt 0.29087379 0.06076457
vt 0.31353828 0.04081104
vt 0.26973391 0.06607690
vt 0.31161240 0.02920759
vt 0.49556627 0.06702062
vt 0.30077144 0.01884854
vt 0.28266582 0.01131097
vt 0.31309824 0.00504736
vt 0.31309824 0.04193966
vt 0.31205244 0.12001849
vt 0.31205244 0.03033620
vt 0.31079934 0.00229875
vt 0.31079934 0.12115314
vt 0.30158453 0.12126093
vt 0.30158453 0.11241774
vt 0.29970912 0.06431897
vt 0.29970912 0.12240405
vt 0.28372814 0.06284625
vt 0.28372814 0.11818845
vt 0.28151597 0.06041051
vt 0.28151597 0.06399524
vt 0.28185274 0.01474026
vt 0.28185274 0.06209183
vt 0.30033143 0.05687031
vt 0.28310586 0.06322646
vt 0.30033143 0.11336103
vt 0.28310586 0.12089860
vt 0.49637934 0.02344696
vt 0.49637934 0.02828364
vt 0.27017394 0.02635315
vt 0.49512624 0.02714897
vt 0.27017394 0.06720551
vt 0.49512624 0.06814923
vt 0.31117239 0.12001849
vt 0.31117239 0.03033620
vt 0.30121148 0.11128309
vt 0.30121148 0.01997716
vt 0.29995838 0.12126093
vt 0.29995838 0.11241774
vt 0.28347888 0.11704529
vt 0.28347888 0.10606154
vt 0.28160348 0.06284625
vt 0.28160348 0.11818845
vt 0.28222578 0.06322646
vt 0.28222578 0.12089860
vt 0.49600630 0.02714897
vt 0.49600630 0.06814923
vt 0.30033143 0.11128309
vt 0.30033143 0.01997716
vt 0.28310586 0.10492689
vt 0.28310586 0.01243959
vt 0.28185274 0.11704529
vt 0.28185274 0.10606154
vt 0.28222578 0.10492689
vt 0.28222578 0.01243959
vt 0.10690884 0.09764928
vt 0.10690884 0.05501394
vt 0.01178267 0.09975736
vt 0.01178267 0.08840683
vt 0.10608629 0.09975736
vt 0.10608629 0.08840683
vt 0.01096014 0.09764928
vt 0.01096014 0.05501394
vt 0.01178267 0.08845037
vt 0.01178267 0.08840683
vt 0.10690884 0.08634241
vt 0.10690884 0.02281445
vt 0.01096014 0.08634241
vt 0.01096014 0.02281445
vt 0.10608629 0.08845037
vt 0.10608629 0.08840683
vt 0.10925120 0.05290583
vt 0.10925120 0.07810177
vt 0.00861777 0.05290583
vt 0.00861777 0.07810177
vt 0.14455696 0.09764928
vt 0.14455696 0.05501394
vt 0.23968313 0.09975736
vt 0.23968313 0.08840683
vt 0.24050566 0.09764928
vt 0.24050566 0.05501394
vt 0.14537950 0.09975736
vt 0.14537950 0.08840683
vt 0.01178267 0.09135382
vt 0.10608629 0.09135382
vt 0.10925120 0.02070646
vt 0.10925120 0.02991181
vt 0.00861777 0.02070646
vt 0.00861777 0.02991181
vt 0.10608629 0.09135382
vt 0.01178267 0.09135382
vt 0.24050566 0.08634241
vt 0.24050566 0.02281445
vt 0.14537950 0.08845037
vt 0.14537950 0.08840683
vt 0.23968313 0.08845037
vt 0.23968313 0.08840683
vt 0.14455696 0.08634241
vt 0.14455696 0.02281445
vt 0.11275679 0.07599363
vt 0.11275679 0.02175704
vt 0.00511217 0.07599363
vt 0.00511217 0.02175704
vt 0.14221460 0.05290583
vt 0.14221460 0.07810177
vt 0.24284803 0.05290583
vt 0.24284803 0.07810177
vt 0.14537950 0.09135382
vt 0.23968313 0.09135382
vt 0.23968313 0.07268964
vt 0.23182450 0.07661894
vt 0.23968313 0.11984145
vt 0.14537950 0.07268964
vt 0.15323812 0.07661894
vt 0.15323812 0.11591213
vt 0.23182450 0.11591213
vt 0.14537950 0.11984145
vt 0.11275679 0.02780382
vt 0.11275679 0.08966912
vt 0.00511217 0.02780382
vt 0.00511217 0.08966912
vt 0.24284803 0.02070646
vt 0.24284803 0.02991181
vt 0.14221460 0.02070646
vt 0.14221460 0.02991181
vt 0.14537950 0.09135382
vt 0.23968313 0.09135382
vt 0.11689192 0.01964896
vt 0.00122070 0.01964896
vt 0.24635363 0.07599363
vt 0.24635363 0.02175704
vt 0.13870901 0.07599363
vt 0.13870901 0.02175704
vt 0.11689192 0.08756101
vt 0.00122070 0.08756101
vt 0.13870901 0.02780382
vt 0.13870901 0.08966912
vt 0.24635363 0.02780382
vt 0.24635363 0.08966912
vt 0.11689192 0.08054825
vt 0.11689192 0.09099564
vt 0.00122070 0.08300405
vt 0.11689192 0.08300405
vt 0.00122070 0.08054825
vt 0.00122070 0.09099564
vt 0.00122070 0.01964896
vt 0.13457388 0.01964896
vt 0.11689192 0.08300405
vt 0.00122070 0.08054825
vt 0.00122070 0.10230268
vt 0.00122070 0.08300405
vt 0.11689192 0.08054825
vt 0.11689192 0.10230268
vt 0.13457388 0.08756101
vt 0.00122070 0.08756101
vt 0.11614419 0.08907928
vt 0.11614419 0.04565514
vt 0.00172479 0.08907928
vt 0.00172479 0.04565514
vt 0.13457388 0.08054825
vt 0.13457388 0.09099564
vt 0.00122070 0.08300405
vt 0.00122070 0.08054825
vt 0.00122070 0.09099564
vt 0.13457388 0.08300405
vt 0.00172479 0.10038615
vt 0.00172479 0.07785451
vt 0.11614419 0.10038615
vt 0.11614419 0.07785451
vt 0.00122070 0.08054825
vt 0.00122070 0.10230268
vt 0.13457388 0.08300405
vt 0.00122070 0.08300405
vt 0.13457388 0.08054825
vt 0.13457388 0.10230268
vt 0.11401476 0.04373863
vt 0.11401476 0.06955599
vt 0.00385422 0.04373863
vt 0.00385422 0.06955599
vt 0.24974100 0.08907928
vt 0.24974100 0.04565514
vt 0.13532161 0.08907928
vt 0.13532161 0.04565514
vt 0.00385422 0.07593812
vt 0.00385422 0.11774580
vt 0.11401476 0.07593812
vt 0.11401476 0.11774580
vt 0.24974100 0.10038615
vt 0.24974100 0.07785451
vt 0.13532161 0.10038615
vt 0.13532161 0.07785451
vt 0.00704112 0.06763949
vt 0.00704112 0.01531081
vt 0.11082784 0.06763949
vt 0.11082784 0.01531081
vt 0.24761158 0.04373863
vt 0.24761158 0.06955599
vt 0.13745104 0.04373863
vt 0.13745104 0.06955599
vt 0.11082784 0.11582944
vt 0.11082784 0.07215461
vt 0.00704112 0.11582944
vt 0.00704112 0.07215461
vt 0.24761158 0.07593812
vt 0.24761158 0.11774580
vt 0.13745104 0.07593812
vt 0.13745104 0.11774580
vt 0.01080034 0.01339437
vt 0.10706865 0.01339437
vt 0.24442468 0.06763949
vt 0.24442468 0.01531081
vt 0.14063796 0.06763949
vt 0.14063796 0.01531081
vt 0.10706865 0.07023818
vt 0.01080034 0.07023818
vt 0.24442468 0.11582944
vt 0.24442468 0.07215461
vt 0.14063796 0.11582944
vt 0.14063796 0.07215461
vt 0.10706865 0.12033261
vt 0.01080034 0.07219846
vt 0.01080034 0.12033261
vt 0.10706865 0.07219846
vt 0.24066546 0.01339437
vt 0.14439715 0.01339437
vt 0.24066546 0.07023818
vt 0.14439715 0.07023818
vt 0.42756157 0.10858437
vt 0.46388075 0.10238674
vt 0.42756157 0.09330452
vt 0.46388075 0.08395993
vt 0.42568616 0.10972750
vt 0.40140787 0.11943300
vt 0.42568616 0.05989052
vt 0.40140787 0.06328102
vt 0.42781083 0.10972750
vt 0.46363148 0.10352987
vt 0.42781083 0.05989052
vt 0.46363148 0.05772539
vt 0.42593543 0.10858437
vt 0.42593543 0.09330452
vt 0.40115864 0.11828988
vt 0.40115864 0.10793800
vt 0.46550689 0.10238674
vt 0.25807988 0.10064067
vt 0.46550689 0.08395993
vt 0.25807988 0.08132719
vt 0.46575615 0.10352987
vt 0.25783062 0.10178368
vt 0.46575615 0.05772539
vt 0.25783062 0.05711545
vt 0.42630847 0.09216985
vt 0.42630847 0.12206723
vt 0.40078560 0.10680335
vt 0.40078560 0.01466482
vt 0.42718852 0.09216985
vt 0.46425379 0.08282540
vt 0.42718852 0.12206723
vt 0.46425379 0.11098591
vt 0.39928324 0.11943300
vt 0.39056692 0.00641292
vt 0.39928324 0.06328102
vt 0.39056692 0.06738074
vt 0.39953247 0.11828988
vt 0.39953247 0.10793800
vt 0.39031765 0.00526992
vt 0.39031765 0.00087702
vt 0.42559864 0.06103954
vt 0.40149540 0.06443001
vt 0.42559864 0.06041051
vt 0.40149540 0.06041051
vt 0.42789836 0.06103954
vt 0.46354395 0.05887452
vt 0.42789836 0.06041051
vt 0.46354395 0.06041051
vt 0.25970602 0.10064067
vt 0.30090169 0.10361172
vt 0.25970602 0.08132719
vt 0.30090169 0.08580681
vt 0.25995528 0.10178368
vt 0.30065242 0.10475473
vt 0.25995528 0.05711545
vt 0.30065242 0.05815332
vt 0.46513384 0.08282540
vt 0.25845292 0.08019254
vt 0.46513384 0.11098591
vt 0.25845292 0.10786364
vt 0.46584368 0.05887452
vt 0.25774309 0.05826447
vt 0.46584368 0.06041051
vt 0.25774309 0.06041051
vt 0.42674851 0.12093856
vt 0.46469381 0.10985724
vt 0.40034555 0.01353621
vt 0.25889295 0.10673511
vt 0.38950460 0.03451991
vt 0.30171477 0.11204747
vt 0.39587606 0.05593928
vt 0.33712829 0.12498552
vt 0.39990552 0.10680335
vt 0.39990552 0.01466482
vt 0.38994463 0.12449822
vt 0.38994463 0.03564853
vt 0.38844225 0.00641292
vt 0.39693837 0.01839248
vt 0.38844225 0.06738074
vt 0.39693837 0.07156568
vt 0.38869151 0.00526992
vt 0.38869151 0.00087702
vt 0.39668911 0.01724936
vt 0.39668911 0.01893917
vt 0.39919571 0.06443001
vt 0.39065445 0.06852976
vt 0.39919571 0.06041051
vt 0.39065445 0.06041051
vt 0.42559864 0.09970375
vt 0.40149540 0.09970375
vt 0.42559864 0.10998064
vt 0.40149540 0.10659013
vt 0.42789836 0.09970375
vt 0.46354395 0.09970375
vt 0.42789836 0.10998064
vt 0.46354395 0.11214564
vt 0.30277709 0.10475473
vt 0.33606597 0.11199082
vt 0.30277709 0.05815332
vt 0.33606597 0.06068124
vt 0.30252783 0.10361172
vt 0.33631524 0.11084769
vt 0.30252783 0.08580681
vt 0.33631524 0.09671710
vt 0.25933298 0.08019254
vt 0.30127473 0.08467228
vt 0.25933298 0.10786364
vt 0.30127473 0.11317600
vt 0.26004281 0.05826447
vt 0.30056490 0.05930242
vt 0.26004281 0.06041051
vt 0.30056490 0.06041051
vt 0.46584368 0.09970375
vt 0.25774309 0.09970375
vt 0.46584368 0.11214564
vt 0.25774309 0.11275570
vt 0.38906456 0.12449822
vt 0.38906456 0.03564853
vt 0.39631607 0.01780452
vt 0.39631607 0.05706789
vt 0.39481371 0.01839248
vt 0.39481371 0.07156568
vt 0.39506297 0.01724936
vt 0.39506297 0.01893917
vt 0.38835474 0.06852976
vt 0.39702590 0.07271470
vt 0.38835474 0.06041051
vt 0.39702590 0.06041051
vt 0.39919571 0.09970375
vt 0.39065445 0.09970375
vt 0.39919571 0.10659013
vt 0.39065445 0.10249041
vt 0.42568616 0.11112964
vt 0.40140787 0.10773913
vt 0.42568616 0.02205814
vt 0.40140787 0.01235264
vt 0.42781083 0.11112964
vt 0.46363148 0.11329477
vt 0.42781083 0.02205814
vt 0.46363148 0.02825575
vt 0.33819064 0.11199082
vt 0.33819064 0.06068124
vt 0.33794138 0.11084769
vt 0.33794138 0.09671710
vt 0.30215478 0.08467228
vt 0.33668828 0.09558242
vt 0.30215478 0.11317600
vt 0.33668828 0.00135824
vt 0.30286462 0.05930242
vt 0.33597844 0.06183022
vt 0.30286462 0.06041051
vt 0.33597844 0.06041051
vt 0.26004281 0.09970375
vt 0.30056490 0.09970375
vt 0.26004281 0.11275570
vt 0.30056490 0.11171774
vt 0.46575615 0.11329477
vt 0.25783062 0.11390470
vt 0.46575615 0.02825575
vt 0.25783062 0.03000192
vt 0.39543601 0.01780452
vt 0.39543601 0.05706789
vt 0.39472618 0.07271470
vt 0.39472618 0.06041051
vt 0.38835474 0.09970375
vt 0.39702590 0.09970375
vt 0.38835474 0.10249041
vt 0.39702590 0.09830548
vt 0.39928324 0.10773913
vt 0.39056692 0.10363941
vt 0.39928324 0.01235264
vt 0.39056692 0.00061680
vt 0.42593543 0.02320123
vt 0.40115864 0.01349572
vt 0.42593543 0.07484893
vt 0.40115864 0.06021538
vt 0.42756157 0.02320123
vt 0.46388075 0.02939884
vt 0.42756157 0.07484893
vt 0.46388075 0.08419342
vt 0.33756833 0.09558242
vt 0.33756833 0.00135824
vt 0.33827817 0.06183022
vt 0.33827817 0.06041051
vt 0.30286462 0.09970375
vt 0.33597844 0.09970375
vt 0.30286462 0.11171774
vt 0.33597844 0.10918993
vt 0.25995528 0.11390470
vt 0.30065242 0.11286686
vt 0.25995528 0.03000192
vt 0.30065242 0.02703082
vt 0.46550689 0.02939884
vt 0.25807988 0.03114501
vt 0.46550689 0.08419342
vt 0.25807988 0.08682623
vt 0.39472618 0.09970375
vt 0.39472618 0.09830548
vt 0.38844225 0.10363941
vt 0.39693837 0.09945448
vt 0.38844225 0.00061680
vt 0.39693837 0.11339321
vt 0.39953247 0.01349572
vt 0.39031765 0.00175989
vt 0.39953247 0.06021538
vt 0.39031765 0.04252058
vt 0.42718852 0.07598356
vt 0.46425379 0.08532804
vt 0.42718852 0.01127098
vt 0.46425379 0.02235232
vt 0.42630847 0.07598356
vt 0.40078560 0.06135001
vt 0.42630847 0.01127098
vt 0.40078560 0.11867337
vt 0.33827817 0.09970375
vt 0.33827817 0.10918993
vt 0.30277709 0.11286686
vt 0.33606597 0.11033893
vt 0.30277709 0.02703082
vt 0.33606597 0.01979478
vt 0.25970602 0.03114501
vt 0.30090169 0.02817391
vt 0.25970602 0.08682623
vt 0.30090169 0.08234653
vt 0.46513384 0.08532804
vt 0.25845292 0.08796086
vt 0.46513384 0.02235232
vt 0.25845292 0.02547448
vt 0.39481371 0.09945448
vt 0.39481371 0.11339321
vt 0.38869151 0.00175989
vt 0.39668911 0.11453621
vt 0.38869151 0.04252058
vt 0.39668911 0.02445840
vt 0.39990552 0.06135001
vt 0.38994463 0.04365522
vt 0.39990552 0.11867337
vt 0.38994463 0.09768965
vt 0.42674851 0.01239959
vt 0.46469381 0.02348093
vt 0.40034555 0.11980198
vt 0.25889295 0.02660309
vt 0.38950460 0.09881827
vt 0.30171477 0.02129077
vt 0.39587606 0.07739892
vt 0.33712829 0.00835270
vt 0.33819064 0.11033893
vt 0.33819064 0.01979478
vt 0.30252783 0.02817391
vt 0.33631524 0.02093787
vt 0.30252783 0.08234653
vt 0.33631524 0.07143632
vt 0.25933298 0.08796086
vt 0.30127473 0.08348116
vt 0.25933298 0.02547448
vt 0.30127473 0.02016215
vt 0.39506297 0.11453621
vt 0.39506297 0.02445840
vt 0.38906456 0.04365522
vt 0.39631607 0.02559304
vt 0.38906456 0.09768965
vt 0.39631607 0.07627030
vt 0.33794138 0.02093787
vt 0.33794138 0.07143632
vt 0.30215478 0.08348116
vt 0.33668828 0.07257095
vt 0.30215478 0.02016215
vt 0.33668828 0.00722407
vt 0.39543601 0.02559304
vt 0.39543601 0.07627030
vt 0.33756833 0.07257095
vt 0.33756833 0.00722407
vt 0.48632433 0.01704435
vt 0.46430439 0.02152405
vt 0.48632433 0.06613268
vt 0.46430439 0.07144502
vt 0.48507123 0.01590972
vt 0.48507123 0.10886644
vt 0.26086502 0.01511392
vt 0.26086502 0.10833860
vt 0.48544427 0.01704435
vt 0.26049198 0.01624854
vt 0.48544427 0.06613268
vt 0.26049198 0.06518896
vt 0.48669737 0.01590972
vt 0.46393135 0.02038941
vt 0.48669737 0.10886644
vt 0.46393135 0.11183750
vt 0.46518445 0.02152405
vt 0.44892234 0.02900564
vt 0.46518445 0.07144502
vt 0.44892234 0.08031720
vt 0.46555749 0.02038941
vt 0.44854930 0.02787101
vt 0.46555749 0.11183750
vt 0.44854930 0.11679967
vt 0.48694663 0.10772343
vt 0.46368208 0.11069448
vt 0.48694663 0.09747386
vt 0.46368208 0.09851169
vt 0.48482197 0.10772343
vt 0.48482197 0.09747386
vt 0.26111428 0.10719558
vt 0.26111428 0.09728946
vt 0.25923887 0.01511392
vt 0.25923887 0.10833860
vt 0.25961191 0.01624854
vt 0.25961191 0.06518896
vt 0.48588430 0.06726129
vt 0.46474443 0.07257362
vt 0.26005194 0.06631758
vt 0.44936238 0.08144581
vt 0.44207993 0.09252715
vt 0.44400581 0.10413060
vt 0.45484677 0.11448964
vt 0.47295239 0.12202722
vt 0.44980240 0.02900564
vt 0.44163992 0.03835013
vt 0.44980240 0.08031720
vt 0.44163992 0.09139854
vt 0.45017544 0.02787101
vt 0.44126688 0.03721550
vt 0.45017544 0.11679967
vt 0.44126688 0.12299729
vt 0.46580675 0.11069448
vt 0.44830004 0.11565653
vt 0.46580675 0.09851169
vt 0.44830004 0.10024518
vt 0.48703416 0.09632486
vt 0.46359456 0.09736269
vt 0.48703416 0.09970375
vt 0.46359456 0.09970375
vt 0.48473444 0.09632486
vt 0.48473444 0.09970375
vt 0.26120180 0.09614046
vt 0.26120180 0.09970375
vt 0.25898962 0.10719558
vt 0.25898962 0.09728946
vt 0.44289302 0.03721550
vt 0.44319273 0.04700028
vt 0.44289302 0.12299729
vt 0.44319273 0.00473098
vt 0.44251997 0.03835013
vt 0.44356578 0.04813490
vt 0.44251997 0.09139854
vt 0.44356578 0.10300198
vt 0.45042470 0.11565653
vt 0.44101761 0.12185414
vt 0.45042470 0.10024518
vt 0.44101761 0.10241019
vt 0.46589428 0.09736269
vt 0.44821251 0.09909618
vt 0.46589428 0.09970375
vt 0.44821251 0.09970375
vt 0.48703416 0.06041051
vt 0.46359456 0.06041051
vt 0.48703416 0.07469530
vt 0.46359456 0.07365747
vt 0.48473444 0.06041051
vt 0.48473444 0.07469530
vt 0.26120180 0.06041051
vt 0.26120180 0.07487971
vt 0.25890209 0.09614046
vt 0.25890209 0.09970375
vt 0.44481887 0.04700028
vt 0.45403369 0.05573568
vt 0.44481887 0.00473098
vt 0.45403369 0.01052462
vt 0.44444583 0.04813490
vt 0.45440674 0.05687031
vt 0.44444583 0.10300198
vt 0.45440674 0.11336103
vt 0.44314228 0.12185414
vt 0.44294347 0.00358790
vt 0.44314228 0.10241019
vt 0.44294347 0.10467726
vt 0.45051223 0.09909618
vt 0.44093008 0.10126119
vt 0.45051223 0.09970375
vt 0.44093008 0.09970375
vt 0.46589428 0.06041051
vt 0.44821251 0.06041051
vt 0.46589428 0.07365747
vt 0.44821251 0.07192398
vt 0.48694663 0.07354631
vt 0.46368208 0.07250845
vt 0.48694663 0.02406228
vt 0.46368208 0.02109108
vt 0.48482197 0.07354631
vt 0.48482197 0.02406228
vt 0.26111428 0.07373070
vt 0.26111428 0.02459000
vt 0.25890209 0.06041051
vt 0.25890209 0.07487971
vt 0.45565983 0.05573568
vt 0.47213933 0.06209183
vt 0.45565983 0.01052462
vt 0.47213933 0.01474026
vt 0.45528679 0.05687031
vt 0.47251235 0.06322646
vt 0.45528679 0.11336103
vt 0.47251235 0.12089860
vt 0.44506814 0.00358790
vt 0.45378443 0.00938153
vt 0.44506814 0.10467726
vt 0.45378443 0.10670130
vt 0.44322981 0.10126119
vt 0.44285594 0.10352826
vt 0.44322981 0.09970375
vt 0.44285594 0.09970375
vt 0.45051223 0.06041051
vt 0.44093008 0.06041051
vt 0.45051223 0.07192398
vt 0.44093008 0.06975896
vt 0.46580675 0.07250845
vt 0.44830004 0.07077499
vt 0.46580675 0.02109108
vt 0.44830004 0.01612905
vt 0.48669737 0.02291912
vt 0.46393135 0.01994807
vt 0.48669737 0.02748782
vt 0.46393135 0.02300809
vt 0.48507123 0.02291912
vt 0.48507123 0.02748782
vt 0.26086502 0.02344696
vt 0.26086502 0.02828364
vt 0.25898962 0.07373070
vt 0.25898962 0.02459000
vt 0.47339243 0.06322646
vt 0.47339243 0.12089860
vt 0.47376548 0.06209183
vt 0.47376548 0.01474026
vt 0.45590910 0.00938153
vt 0.47189007 0.01359717
vt 0.45590910 0.10670130
vt 0.47189007 0.10817392
vt 0.44515567 0.10352826
vt 0.45369690 0.10555217
vt 0.44515567 0.09970375
vt 0.45369690 0.09970375
vt 0.44322981 0.06041051
vt 0.44285594 0.06041051
vt 0.44322981 0.06975896
vt 0.44285594 0.06749190
vt 0.45042470 0.07077499
vt 0.44101761 0.06860998
vt 0.45042470 0.01612905
vt 0.44101761 0.00993141
vt 0.46555749 0.01994807
vt 0.44854930 0.01498604
vt 0.46555749 0.02300809
vt 0.44854930 0.01552647
vt 0.48632433 0.02635315
vt 0.46430439 0.02187356
vt 0.48632433 0.06720551
vt 0.46430439 0.06189318
vt 0.48544427 0.02635315
vt 0.48544427 0.06720551
vt 0.26049198 0.02714897
vt 0.26049198 0.06814923
vt 0.25923887 0.02344696
vt 0.25923887 0.02828364
vt 0.47401474 0.01359717
vt 0.47401474 0.10817392
vt 0.45599663 0.10555217
vt 0.47180254 0.10702492
vt 0.45599663 0.09970375
vt 0.47180254 0.09970375
vt 0.44515567 0.06041051
vt 0.45369690 0.06041051
vt 0.44515567 0.06749190
vt 0.45369690 0.06546799
vt 0.44314228 0.06860998
vt 0.44294347 0.06634291
vt 0.44314228 0.00993141
vt 0.44294347 0.00344187
vt 0.45017544 0.01498604
vt 0.44126688 0.00878841
vt 0.45017544 0.01552647
vt 0.44126688 0.00618200
vt 0.46518445 0.02187356
vt 0.44892234 0.01439194
vt 0.46518445 0.06189318
vt 0.44892234 0.05302098
vt 0.48588430 0.06607690
vt 0.46474443 0.06076457
vt 0.26005194 0.06702062
vt 0.44936238 0.05189238
vt 0.44207993 0.04081104
vt 0.44400581 0.02920759
vt 0.45484677 0.01884854
vt 0.47295239 0.01131097
vt 0.25961191 0.02714897
vt 0.25961191 0.06814923
vt 0.47410224 0.10702492
vt 0.47410224 0.09970375
vt 0.45599663 0.06041051
vt 0.47180254 0.06041051
vt 0.45599663 0.06546799
vt 0.47180254 0.06399524
vt 0.44506814 0.06634291
vt 0.45378443 0.06431897
vt 0.44506814 0.00344187
vt 0.45378443 0.12240405
vt 0.44289302 0.00878841
vt 0.44319273 0.00229875
vt 0.44289302 0.00618200
vt 0.44319273 0.12115314
vt 0.44980240 0.01439194
vt 0.44163992 0.00504736
vt 0.44980240 0.05302098
vt 0.44163992 0.04193966
vt 0.47410224 0.06041051
vt 0.47410224 0.06399524
vt 0.45590910 0.06431897
vt 0.47189007 0.06284625
vt 0.45590910 0.12240405
vt 0.47189007 0.11818845
vt 0.44481887 0.00229875
vt 0.45403369 0.12126093
vt 0.44481887 0.12115314
vt 0.45403369 0.11241774
vt 0.44251997 0.00504736
vt 0.44356578 0.12001849
vt 0.44251997 0.04193966
vt 0.44356578 0.03033620
vt 0.47401474 0.06284625
vt 0.47401474 0.11818845
vt 0.45565983 0.12126093
vt 0.47213933 0.11704529
vt 0.45565983 0.11241774
vt 0.47213933 0.10606154
vt 0.44444583 0.12001849
vt 0.45440674 0.11128309
vt 0.44444583 0.03033620
vt 0.45440674 0.01997716
vt 0.47376548 0.11704529
vt 0.47376548 0.10606154
vt 0.45528679 0.11128309
vt 0.47251235 0.10492689
vt 0.45528679 0.01997716
vt 0.47251235 0.01243959
vt 0.47339243 0.10492689
vt 0.47339243 0.01243959
vt 0.35527266 0.11980198
vt 0.36611362 0.09881827
vt 0.32886970 0.01239959
vt 0.35974216 0.07739892
vt 0.29092441 0.02348093
vt 0.49672527 0.02660309
vt 0.45390345 0.02129077
vt 0.41848993 0.00835270
vt 0.35571270 0.11867337
vt 0.36567358 0.09768965
vt 0.35571270 0.06135001
vt 0.36567358 0.04365522
vt 0.35483262 0.11867337
vt 0.35483262 0.06135001
vt 0.32930975 0.01127098
vt 0.32930975 0.07598356
vt 0.36655366 0.09768965
vt 0.35930215 0.07627030
vt 0.36655366 0.04365522
vt 0.35930215 0.02559304
vt 0.35608575 0.06021538
vt 0.36530056 0.04252058
vt 0.35608575 0.01349572
vt 0.36530056 0.00175989
vt 0.35445958 0.06021538
vt 0.35445958 0.01349572
vt 0.32968279 0.07484893
vt 0.32968279 0.02320123
vt 0.32842969 0.01127098
vt 0.32842969 0.07598356
vt 0.29136443 0.02235232
vt 0.29136443 0.08532804
vt 0.36018220 0.07627030
vt 0.36018220 0.02559304
vt 0.36692670 0.04252058
vt 0.35892911 0.02445840
vt 0.36692670 0.00175989
vt 0.35892911 0.11453621
vt 0.35421034 0.01235264
vt 0.35421034 0.10773913
vt 0.32993205 0.02205814
vt 0.32993205 0.11112964
vt 0.35633498 0.01235264
vt 0.36505130 0.00061680
vt 0.35633498 0.10773913
vt 0.36505130 0.10363941
vt 0.32805665 0.07484893
vt 0.32805665 0.02320123
vt 0.29173747 0.08419342
vt 0.29173747 0.02939884
vt 0.29048437 0.02235232
vt 0.29048437 0.08532804
vt 0.49716530 0.02547448
vt 0.49716530 0.08796086
vt 0.36055525 0.02445840
vt 0.36055525 0.11453621
vt 0.36717597 0.00061680
vt 0.35867984 0.11339321
vt 0.36717597 0.10363941
vt 0.35867984 0.09945448
vt 0.35412281 0.10659013
vt 0.35412281 0.09970375
vt 0.33001958 0.10998064
vt 0.33001958 0.09970375
vt 0.35642251 0.10659013
vt 0.36496377 0.10249041
vt 0.35642251 0.09970375
vt 0.36496377 0.09970375
vt 0.32780738 0.02205814
vt 0.32780738 0.11112964
vt 0.29198673 0.02825575
vt 0.29198673 0.11329477
vt 0.29011133 0.08419342
vt 0.29011133 0.02939884
vt 0.49753834 0.08682623
vt 0.49753834 0.03114501
vt 0.49628524 0.02547448
vt 0.49628524 0.08796086
vt 0.45434349 0.02016215
vt 0.45434349 0.08348116
vt 0.36080451 0.11339321
vt 0.36080451 0.09945448
vt 0.36726347 0.10249041
vt 0.35859231 0.09830548
vt 0.36726347 0.09970375
vt 0.35859231 0.09970375
vt 0.35412281 0.06041051
vt 0.35412281 0.06443001
vt 0.33001958 0.06041051
vt 0.33001958 0.06103954
vt 0.35642251 0.06041051
vt 0.36496377 0.06041051
vt 0.35642251 0.06443001
vt 0.36496377 0.06852976
vt 0.32771986 0.10998064
vt 0.32771986 0.09970375
vt 0.29207426 0.11214564
vt 0.29207426 0.09970375
vt 0.28986207 0.02825575
vt 0.28986207 0.11329477
vt 0.49778760 0.03000192
vt 0.49778760 0.11390470
vt 0.49591219 0.08682623
vt 0.49591219 0.03114501
vt 0.45471653 0.08234653
vt 0.45471653 0.02817391
vt 0.45346343 0.02016215
vt 0.45346343 0.08348116
vt 0.41892994 0.00722407
vt 0.41892994 0.07257095
vt 0.36089204 0.09830548
vt 0.36089204 0.09970375
vt 0.36726347 0.06041051
vt 0.35859231 0.06041051
vt 0.36726347 0.06852976
vt 0.35859231 0.07271470
vt 0.35633498 0.06328102
vt 0.36505130 0.06738074
vt 0.35633498 0.11943300
vt 0.36505130 0.00641292
vt 0.35421034 0.06328102
vt 0.35421034 0.11943300
vt 0.32993205 0.05989052
vt 0.32993205 0.10972750
vt 0.32771986 0.06041051
vt 0.32771986 0.06103954
vt 0.29207426 0.06041051
vt 0.29207426 0.05887452
vt 0.28977454 0.11214564
vt 0.28977454 0.09970375
vt 0.49787512 0.11275570
vt 0.49787512 0.09970375
vt 0.49566294 0.03000192
vt 0.49566294 0.11390470
vt 0.45496579 0.02703082
vt 0.45496579 0.11286686
vt 0.45309039 0.08234653
vt 0.45309039 0.02817391
vt 0.41930298 0.07143632
vt 0.41930298 0.02093787
vt 0.41804988 0.00722407
vt 0.41804988 0.07257095
vt 0.36089204 0.06041051
vt 0.36089204 0.07271470
vt 0.36717597 0.06738074
vt 0.35867984 0.07156568
vt 0.36717597 0.00641292
vt 0.35867984 0.01839248
vt 0.35608575 0.11828988
vt 0.36530056 0.00526992
vt 0.35608575 0.10793800
vt 0.36530056 0.00087702
vt 0.35445958 0.11828988
vt 0.35445958 0.10793800
vt 0.32968279 0.10858437
vt 0.32968279 0.09330452
vt 0.32780738 0.05989052
vt 0.32780738 0.10972750
vt 0.29198673 0.05772539
vt 0.29198673 0.10352987
vt 0.28977454 0.06041051
vt 0.28977454 0.05887452
vt 0.49787512 0.06041051
vt 0.49787512 0.05826447
vt 0.49557541 0.11275570
vt 0.49557541 0.09970375
vt 0.45505332 0.11171774
vt 0.45505332 0.09970375
vt 0.45284112 0.02703082
vt 0.45284112 0.11286686
vt 0.41955224 0.01979478
vt 0.41955224 0.11033893
vt 0.41767684 0.07143632
vt 0.41767684 0.02093787
vt 0.36080451 0.07156568
vt 0.36080451 0.01839248
vt 0.36692670 0.00526992
vt 0.35892911 0.01724936
vt 0.36692670 0.00087702
vt 0.35892911 0.01893917
vt 0.35483262 0.10680335
vt 0.35483262 0.01466482
vt 0.32930975 0.09216985
vt 0.32930975 0.12206723
vt 0.35571270 0.10680335
vt 0.36567358 0.12449822
vt 0.35571270 0.01466482
vt 0.36567358 0.03564853
vt 0.32805665 0.10858437
vt 0.32805665 0.09330452
vt 0.29173747 0.10238674
vt 0.29173747 0.08395993
vt 0.28986207 0.05772539
vt 0.28986207 0.10352987
vt 0.49778760 0.05711545
vt 0.49778760 0.10178368
vt 0.49557541 0.06041051
vt 0.49557541 0.05826447
vt 0.45505332 0.06041051
vt 0.45505332 0.05930242
vt 0.45275360 0.11171774
vt 0.45275360 0.09970375
vt 0.41963977 0.10918993
vt 0.41963977 0.09970375
vt 0.41742758 0.01979478
vt 0.41742758 0.11033893
vt 0.36055525 0.01724936
vt 0.36055525 0.01893917
vt 0.36655366 0.12449822
vt 0.35930215 0.01780452
vt 0.36655366 0.03564853
vt 0.35930215 0.05706789
vt 0.35527266 0.01353621
vt 0.36611362 0.03451991
vt 0.32886970 0.12093856
vt 0.35974216 0.05593928
vt 0.29092441 0.10985724
vt 0.49672527 0.10673511
vt 0.45390345 0.11204747
vt 0.41848993 0.12498552
vt 0.32842969 0.09216985
vt 0.32842969 0.12206723
vt 0.29136443 0.08282540
vt 0.29136443 0.11098591
vt 0.29011133 0.10238674
vt 0.29011133 0.08395993
vt 0.49753834 0.10064067
vt 0.49753834 0.08132719
vt 0.49566294 0.05711545
vt 0.49566294 0.10178368
vt 0.45496579 0.05815332
vt 0.45496579 0.10475473
vt 0.45275360 0.06041051
vt 0.45275360 0.05930242
vt 0.41963977 0.06041051
vt 0.41963977 0.06183022
vt 0.41734005 0.10918993
vt 0.41734005 0.09970375
vt 0.36018220 0.01780452
vt 0.36018220 0.05706789
vt 0.29048437 0.08282540
vt 0.29048437 0.11098591
vt 0.49716530 0.08019254
vt 0.49716530 0.10786364
vt 0.49591219 0.10064067
vt 0.49591219 0.08132719
vt 0.45471653 0.10361172
vt 0.45471653 0.08580681
vt 0.45284112 0.05815332
vt 0.45284112 0.10475473
vt 0.41955224 0.06068124
vt 0.41955224 0.11199082
vt 0.41734005 0.06041051
vt 0.41734005 0.06183022
vt 0.49628524 0.08019254
vt 0.49628524 0.10786364
vt 0.45434349 0.08467228
vt 0.45434349 0.11317600
vt 0.45309039 0.10361172
vt 0.45309039 0.08580681
vt 0.41930298 0.11084769
vt 0.41930298 0.09671710
vt 0.41742758 0.06068124
vt 0.41742758 0.11199082
vt 0.45346343 0.08467228
vt 0.45346343 0.11317600
vt 0.41892994 0.09558242
vt 0.41892994 0.00135824
vt 0.41767684 0.11084769
vt 0.41767684 0.09671710
vt 0.41804988 0.09558242
vt 0.41804988 0.00135824
vt 0.49856537 0.06041051
vt 0.49626565 0.09970375
vt 0.49856537 0.09970375
vt 0.49626565 0.06041051
vt 0.48675069 0.06041051
vt 0.48905041 0.09970375
vt 0.48905041 0.06041051
vt 0.48675069 0.09970375
vt 0.49635318 0.07041842
vt 0.49856537 0.07156744
vt 0.49847784 0.07041842
vt 0.49626565 0.07156744
vt 0.25935257 0.06041051
vt 0.25705285 0.09970375
vt 0.25935257 0.09970375
vt 0.25705285 0.06041051
vt 0.49856537 0.09945274
vt 0.49635318 0.10060174
vt 0.49847784 0.10060174
vt 0.49626565 0.09945274
vt 0.34804835 0.10242642
vt 0.31101070 0.10265072
vt 0.35030388 0.10265072
vt 0.31326622 0.10242642
vt 0.31517837 0.10178755
vt 0.34613621 0.10178755
vt 0.34485856 0.10083141
vt 0.31645602 0.10083141
vt 0.34440990 0.09970375
vt 0.31690467 0.09970375
vt 0.34440990 0.06041051
vt 0.31690467 0.06041051
vt 0.34485856 0.05928273
vt 0.31645602 0.05928273
vt 0.31517837 0.05832672
vt 0.34613621 0.05832672
vt 0.34804835 0.05768785
vt 0.31326622 0.05768785
vt 0.35030388 0.05746352
vt 0.31101070 0.05746352
vt 0.35030388 0.09135382
vt 0.27171751 0.09878854
vt 0.35030388 0.09878854
vt 0.27171751 0.10265072
vt 0.30875517 0.10242642
vt 0.27397304 0.10242642
vt 0.30684303 0.10178755
vt 0.27588518 0.10178755
vt 0.30556536 0.10083141
vt 0.27716284 0.10083141
vt 0.30511672 0.09970375
vt 0.27761149 0.09970375
vt 0.30511672 0.06041051
vt 0.27761149 0.06041051
vt 0.27716284 0.05928273
vt 0.30556536 0.05928273
vt 0.27588518 0.05832672
vt 0.30684303 0.05832672
vt 0.30875517 0.05768785
vt 0.27397304 0.05768785
vt 0.27171751 0.05746352
vt 0.27171751 0.09135382
vt 0.48683822 0.07004103
vt 0.48905041 0.07119004
vt 0.48896288 0.07004103
vt 0.48675069 0.07119004
vt 0.48675069 0.09983011
vt 0.48896288 0.10097912
vt 0.48905041 0.09983011
vt 0.48683822 0.10097912
vt 0.49660244 0.01396528
vt 0.49847784 0.01510829
vt 0.49822858 0.01396528
vt 0.49635318 0.01510829
vt 0.25926504 0.07041842
vt 0.25705285 0.07156744
vt 0.25935257 0.07156744
vt 0.25714038 0.07041842
vt 0.26886752 0.06041051
vt 0.26656781 0.09970375
vt 0.26886752 0.09970375
vt 0.26656781 0.06041051
vt 0.25935257 0.09945274
vt 0.25714038 0.10060174
vt 0.25926504 0.10060174
vt 0.25705285 0.09945274
vt 0.49847784 0.11667727
vt 0.49660244 0.11782041
vt 0.49822858 0.11782041
vt 0.49635318 0.11667727
vt 0.35030388 0.09878854
vt 0.27171751 0.10265072
vt 0.27171751 0.09878854
vt 0.27397304 0.10242642
vt 0.27588518 0.10178755
vt 0.27716284 0.10083141
vt 0.27761149 0.09970375
vt 0.27761149 0.06041051
vt 0.30511672 0.09970375
vt 0.30511672 0.06041051
vt 0.30556536 0.10083141
vt 0.30684303 0.10178755
vt 0.30875517 0.10242642
vt 0.31101070 0.10265072
vt 0.31326622 0.10242642
vt 0.31517837 0.10178755
vt 0.31645602 0.10083141
vt 0.31690467 0.09970375
vt 0.31690467 0.06041051
vt 0.34440990 0.09970375
vt 0.34440990 0.06041051
vt 0.34485856 0.10083141
vt 0.34613621 0.10178755
vt 0.34804835 0.10242642
vt 0.35030388 0.10265072
vt 0.27397304 0.05768785
vt 0.27171751 0.09135382
vt 0.27171751 0.05746352
vt 0.35030388 0.09135382
vt 0.27588518 0.05832672
vt 0.27716284 0.05928273
vt 0.30556536 0.05928273
vt 0.30684303 0.05832672
vt 0.30875517 0.05768785
vt 0.31101070 0.05746352
vt 0.31326622 0.05768785
vt 0.31517837 0.05832672
vt 0.31645602 0.05928273
vt 0.34485856 0.05928273
vt 0.34613621 0.05832672
vt 0.34804835 0.05768785
vt 0.35030388 0.05746352
vt 0.29033155 0.01615598
vt 0.29077156 0.01502737
vt 0.28989151 0.01502737
vt 0.28989151 0.07915119
vt 0.29114461 0.07801655
vt 0.28951846 0.07801655
vt 0.29077156 0.07915119
vt 0.29114461 0.02530212
vt 0.28926920 0.02415903
vt 0.28951846 0.02530212
vt 0.29139387 0.02415903
vt 0.29139387 0.11186357
vt 0.28918167 0.11071457
vt 0.28926920 0.11186357
vt 0.29148140 0.11071457
vt 0.29148140 0.09970375
vt 0.28918167 0.06041051
vt 0.28918167 0.09970375
vt 0.29148140 0.06041051
vt 0.29148140 0.06030560
vt 0.28926920 0.05915658
vt 0.28918167 0.06030560
vt 0.29139387 0.05915658
vt 0.29139387 0.10762661
vt 0.28951846 0.10648349
vt 0.28926920 0.10762661
vt 0.29114461 0.10648349
vt 0.29114461 0.09013684
vt 0.28989151 0.08900219
vt 0.28951846 0.09013684
vt 0.29077156 0.08900219
vt 0.29033155 0.11718216
vt 0.28989151 0.11831083
vt 0.29077156 0.11831083
vt 0.40531433 0.09135382
vt 0.48390070 0.05746352
vt 0.48390070 0.09135382
vt 0.48164518 0.05768785
vt 0.47973303 0.05832672
vt 0.47845538 0.05928273
vt 0.47800673 0.06041051
vt 0.45005286 0.05928273
vt 0.45050150 0.06041051
vt 0.44877518 0.05832672
vt 0.44686305 0.05768785
vt 0.44460751 0.05746352
vt 0.44235200 0.05768785
vt 0.44043984 0.05832672
vt 0.43916220 0.05928273
vt 0.43871354 0.06041051
vt 0.41120832 0.06041051
vt 0.41075965 0.05928273
vt 0.40948200 0.05832672
vt 0.40756986 0.05768785
vt 0.40531433 0.05746352
vt 0.48164518 0.10242642
vt 0.48390070 0.09878854
vt 0.48390070 0.10265072
vt 0.40531433 0.09878854
vt 0.47973303 0.10178755
vt 0.47845538 0.10083141
vt 0.47800673 0.09970375
vt 0.45050150 0.09970375
vt 0.45005286 0.10083141
vt 0.44877518 0.10178755
vt 0.44686305 0.10242642
vt 0.44460751 0.10265072
vt 0.44235200 0.10242642
vt 0.44043984 0.10178755
vt 0.43916220 0.10083141
vt 0.43871354 0.09970375
vt 0.41120832 0.09970375
vt 0.41075965 0.10083141
vt 0.40948200 0.10178755
vt 0.40756986 0.10242642
vt 0.40531433 0.10265072
vt 0.48834058 0.04926461
vt 0.48790055 0.04813600
vt 0.48746052 0.04926461
vt 0.48708748 0.01235892
vt 0.48834058 0.01122427
vt 0.48746052 0.01122427
vt 0.48871362 0.01235892
vt 0.48708748 0.01288515
vt 0.48896288 0.01402816
vt 0.48871362 0.01288515
vt 0.48683822 0.01402816
vt 0.48683822 0.11775741
vt 0.48871362 0.11890055
vt 0.48896288 0.11775741
vt 0.48708748 0.11890055
vt 0.48834058 0.03217327
vt 0.48708748 0.03103864
vt 0.48746052 0.03217327
vt 0.48871362 0.03103864
vt 0.48834058 0.08407359
vt 0.48746052 0.08407359
vt 0.48790055 0.08520220
vt 0.40531433 0.07661894
vt 0.48390070 0.11591213
vt 0.48390070 0.07661894
vt 0.40531433 0.11591213
vt 0.49660244 0.01398748
vt 0.49785554 0.01285284
vt 0.49697548 0.01285284
vt 0.49822858 0.01398748
vt 0.25901578 0.01396528
vt 0.25714038 0.01510829
vt 0.25926504 0.01510829
vt 0.25738964 0.01396528
vt 0.26877999 0.07004103
vt 0.26656781 0.07119004
vt 0.26886752 0.07119004
vt 0.26665534 0.07004103
vt 0.26886752 0.09983011
vt 0.26665534 0.10097912
vt 0.26877999 0.10097912
vt 0.26656781 0.09983011
vt 0.25926504 0.11667727
vt 0.25738964 0.11782041
vt 0.25901578 0.11782041
vt 0.25714038 0.11667727
vt 0.49785554 0.03054468
vt 0.49660244 0.02941005
vt 0.49697548 0.03054468
vt 0.49822858 0.02941005
vt 0.48164518 0.10242642
vt 0.44460751 0.10265072
vt 0.48390070 0.10265072
vt 0.44686305 0.10242642
vt 0.47973303 0.10178755
vt 0.44877518 0.10178755
vt 0.47845538 0.10083141
vt 0.45005286 0.10083141
vt 0.47800673 0.09970375
vt 0.45050150 0.09970375
vt 0.47800673 0.06041051
vt 0.45050150 0.06041051
vt 0.45005286 0.05928273
vt 0.47845538 0.05928273
vt 0.47973303 0.05832672
vt 0.44877518 0.05832672
vt 0.48164518 0.05768785
vt 0.44686305 0.05768785
vt 0.48390070 0.05746352
vt 0.44460751 0.05746352
vt 0.48390070 0.09135382
vt 0.40531433 0.05746352
vt 0.40531433 0.09135382
vt 0.40531433 0.09878854
vt 0.48390070 0.09878854
vt 0.40531433 0.10265072
vt 0.44235200 0.10242642
vt 0.40756986 0.10242642
vt 0.44043984 0.10178755
vt 0.40948200 0.10178755
vt 0.43916220 0.10083141
vt 0.41075965 0.10083141
vt 0.43871354 0.09970375
vt 0.41120832 0.09970375
vt 0.43871354 0.06041051
vt 0.41120832 0.06041051
vt 0.41075965 0.05928273
vt 0.43916220 0.05928273
vt 0.44043984 0.05832672
vt 0.40948200 0.05832672
vt 0.44235200 0.05768785
vt 0.40756986 0.05768785
vt 0.42615565 0.02723731
vt 0.42659566 0.02610870
vt 0.42571560 0.02610870
vt 0.42534256 0.08736104
vt 0.42659566 0.08849567
vt 0.42696871 0.08736104
vt 0.42571560 0.08849567
vt 0.42721796 0.03035664
vt 0.42534256 0.03149971
vt 0.42696871 0.03149971
vt 0.42509330 0.03035664
vt 0.42730549 0.11287959
vt 0.42509330 0.11402859
vt 0.42721796 0.11402859
vt 0.42500577 0.11287959
vt 0.42730549 0.06041051
vt 0.42500577 0.09970375
vt 0.42730549 0.09970375
vt 0.42500577 0.06041051
vt 0.42721796 0.05699157
vt 0.42500577 0.05814059
vt 0.42730549 0.05814059
vt 0.42509330 0.05699157
vt 0.42696871 0.10028585
vt 0.42509330 0.10142898
vt 0.42721796 0.10142898
vt 0.42534256 0.10028585
vt 0.42659566 0.07965772
vt 0.42534256 0.08079236
vt 0.42696871 0.08079236
vt 0.42571560 0.07965772
vt 0.42571560 0.10722951
vt 0.42659566 0.10722951
vt 0.42615565 0.10610084
vt 0.35207644 0.03705466
vt 0.35163643 0.03818327
vt 0.35251648 0.03818327
vt 0.35288953 0.00301446
vt 0.35163643 0.00187980
vt 0.35126338 0.00301446
vt 0.35251648 0.00187980
vt 0.35313879 0.00783053
vt 0.35126338 0.00668752
vt 0.35101412 0.00783053
vt 0.35288953 0.00668752
vt 0.35313879 0.06787601
vt 0.35092659 0.06902503
vt 0.35322632 0.06902503
vt 0.35101412 0.06787601
vt 0.35322632 0.06041051
vt 0.35092659 0.09970375
vt 0.35322632 0.09970375
vt 0.35092659 0.06041051
vt 0.35322632 0.10199513
vt 0.35101412 0.10314413
vt 0.35313879 0.10314413
vt 0.35092659 0.10199513
vt 0.35313879 0.12395503
vt 0.35126338 0.12509817
vt 0.35288953 0.12509817
vt 0.35101412 0.12395503
vt 0.35163643 0.04151776
vt 0.35288953 0.04038313
vt 0.35126338 0.04038313
vt 0.35251648 0.04151776
vt 0.35251648 0.09515492
vt 0.35163643 0.09515492
vt 0.35207644 0.09628353
vt 0.32260157 0.00574340
vt 0.32304161 0.00461479
vt 0.32216154 0.00461479
vt 0.32216154 0.07037064
vt 0.32341465 0.06923600
vt 0.32178848 0.06923600
vt 0.32304161 0.07037064
vt 0.32341465 0.01947852
vt 0.32153925 0.01833545
vt 0.32178848 0.01947852
vt 0.32366390 0.01833545
vt 0.32366390 0.10982918
vt 0.32145172 0.10868018
vt 0.32153925 0.10982918
vt 0.32375142 0.10868018
vt 0.32375142 0.09970375
vt 0.32145172 0.06041051
vt 0.32145172 0.09970375
vt 0.32375142 0.06041051
vt 0.32145172 0.06233998
vt 0.32366390 0.06119099
vt 0.32153925 0.06119099
vt 0.32375142 0.06233998
vt 0.32153925 0.11345021
vt 0.32341465 0.11230709
vt 0.32178848 0.11230709
vt 0.32366390 0.11345021
vt 0.32341465 0.09891742
vt 0.32216154 0.09778274
vt 0.32178848 0.09891742
vt 0.32304161 0.09778274
vt 0.32260157 0.00283894
vt 0.32216154 0.00396754
vt 0.32304161 0.00396754
vt 0.46484666 0.11831083
vt 0.46572671 0.11831083
vt 0.46528667 0.11718216
vt 0.46484666 0.08900219
vt 0.46609975 0.09013684
vt 0.46572671 0.08900219
vt 0.46447361 0.09013684
vt 0.46609975 0.10648349
vt 0.46422435 0.10762661
vt 0.46634902 0.10762661
vt 0.46447361 0.10648349
vt 0.46634902 0.05915658
vt 0.46413682 0.06030560
vt 0.46643654 0.06030560
vt 0.46422435 0.05915658
vt 0.46643654 0.06041051
vt 0.46413682 0.09970375
vt 0.46643654 0.09970375
vt 0.46413682 0.06041051
vt 0.46643654 0.11071457
vt 0.46422435 0.11186357
vt 0.46634902 0.11186357
vt 0.46413682 0.11071457
vt 0.46634902 0.02415903
vt 0.46447361 0.02530212
vt 0.46609975 0.02530212
vt 0.46422435 0.02415903
vt 0.46447361 0.07801655
vt 0.46572671 0.07915119
vt 0.46609975 0.07801655
vt 0.46484666 0.07915119
vt 0.46484666 0.01502737
vt 0.46528667 0.01615598
vt 0.46572671 0.01502737
vt 0.26815770 0.08407359
vt 0.26727763 0.08407359
vt 0.26771767 0.08520220
vt 0.26815770 0.03217327
vt 0.26690459 0.03103864
vt 0.26727763 0.03217327
vt 0.26853074 0.03103864
vt 0.26877999 0.11775741
vt 0.26690459 0.11890055
vt 0.26853074 0.11890055
vt 0.26665534 0.11775741
vt 0.26853074 0.01288515
vt 0.26665534 0.01402816
vt 0.26877999 0.01402816
vt 0.26690459 0.01288515
vt 0.26853074 0.01235892
vt 0.26727763 0.01122427
vt 0.26690459 0.01235892
vt 0.26815770 0.01122427
vt 0.26815770 0.04926461
vt 0.26771767 0.04813600
vt 0.26727763 0.04926461
vt 0.49785554 0.05119589
vt 0.49741551 0.05006729
vt 0.49697548 0.05119589
vt 0.49785554 0.08214230
vt 0.49697548 0.08214230
vt 0.49741551 0.08327090
vt 0.25738964 0.01398748
vt 0.25864274 0.01285284
vt 0.25776268 0.01285284
vt 0.25901578 0.01398748
vt 0.25864274 0.03054468
vt 0.25738964 0.02941005
vt 0.25776268 0.03054468
vt 0.25901578 0.02941005
vt 0.32946257 0.10610084
vt 0.32902256 0.10722951
vt 0.32990261 0.10722951
vt 0.32990261 0.07965772
vt 0.32864951 0.08079236
vt 0.33027566 0.08079236
vt 0.32902256 0.07965772
vt 0.33052492 0.10142898
vt 0.32864951 0.10028585
vt 0.32840025 0.10142898
vt 0.33027566 0.10028585
vt 0.33061245 0.05814059
vt 0.32840025 0.05699157
vt 0.32831272 0.05814059
vt 0.33052492 0.05699157
vt 0.32831272 0.09970375
vt 0.33061245 0.06041051
vt 0.32831272 0.06041051
vt 0.33061245 0.09970375
vt 0.32840025 0.11402859
vt 0.33061245 0.11287959
vt 0.32831272 0.11287959
vt 0.33052492 0.11402859
vt 0.32864951 0.03149971
vt 0.33052492 0.03035664
vt 0.32840025 0.03035664
vt 0.33027566 0.03149971
vt 0.32864951 0.08736104
vt 0.32990261 0.08849567
vt 0.33027566 0.08736104
vt 0.32902256 0.08849567
vt 0.32946257 0.02723731
vt 0.32990261 0.02610870
vt 0.32902256 0.02610870
vt 0.40310173 0.09515492
vt 0.40354178 0.09628353
vt 0.40398179 0.09515492
vt 0.40435484 0.04038313
vt 0.40310173 0.04151776
vt 0.40398179 0.04151776
vt 0.40272869 0.04038313
vt 0.40247943 0.12395503
vt 0.40435484 0.12509817
vt 0.40460409 0.12395503
vt 0.40272869 0.12509817
vt 0.40239190 0.10199513
vt 0.40460409 0.10314413
vt 0.40469162 0.10199513
vt 0.40247943 0.10314413
vt 0.40239190 0.06041051
vt 0.40469162 0.09970375
vt 0.40469162 0.06041051
vt 0.40239190 0.09970375
vt 0.40460409 0.06787601
vt 0.40239190 0.06902503
vt 0.40469162 0.06902503
vt 0.40247943 0.06787601
vt 0.40435484 0.00668752
vt 0.40247943 0.00783053
vt 0.40460409 0.00783053
vt 0.40272869 0.00668752
vt 0.40310173 0.00187980
vt 0.40435484 0.00301446
vt 0.40398179 0.00187980
vt 0.40272869 0.00301446
vt 0.40310173 0.03818327
vt 0.40398179 0.03818327
vt 0.40354178 0.03705466
vt 0.47573357 0.03730037
vt 0.47617361 0.03617176
vt 0.47529354 0.03617176
vt 0.47492052 0.09584685
vt 0.47617361 0.09698148
vt 0.47654666 0.09584685
vt 0.47529354 0.09698148
vt 0.47679592 0.03598474
vt 0.47492052 0.03712781
vt 0.47654666 0.03712781
vt 0.47467125 0.03598474
vt 0.47688342 0.11484573
vt 0.47467125 0.11599473
vt 0.47679592 0.11599473
vt 0.47458373 0.11484573
vt 0.47688342 0.06041051
vt 0.47458373 0.09970375
vt 0.47688342 0.09970375
vt 0.47458373 0.06041051
vt 0.47679592 0.05502542
vt 0.47458373 0.05617444
vt 0.47688342 0.05617444
vt 0.47467125 0.05502542
vt 0.47654666 0.09465773
vt 0.47467125 0.09580089
vt 0.47679592 0.09580089
vt 0.47492052 0.09465773
vt 0.47617361 0.07117196
vt 0.47492052 0.07230661
vt 0.47654666 0.07230661
vt 0.47529354 0.07117196
vt 0.47573357 0.09603778
vt 0.47529354 0.09716646
vt 0.47617361 0.09716646
vt 0.34428349 0.01851031
vt 0.34384348 0.01963893
vt 0.34472353 0.01963893
vt 0.34509658 0.11213255
vt 0.34384348 0.11099790
vt 0.34347043 0.11213255
vt 0.34472353 0.11099790
vt 0.34509658 0.12107181
vt 0.34322117 0.12221494
vt 0.34534584 0.12221494
vt 0.34347043 0.12107181
vt 0.34534584 0.06425285
vt 0.34313364 0.06540187
vt 0.34543337 0.06540187
vt 0.34322117 0.06425285
vt 0.34543337 0.06041051
vt 0.34313364 0.09970375
vt 0.34543337 0.09970375
vt 0.34313364 0.06041051
vt 0.34543337 0.10561829
vt 0.34322117 0.10676729
vt 0.34534584 0.10676729
vt 0.34313364 0.10561829
vt 0.34534584 0.00957070
vt 0.34347043 0.01071379
vt 0.34509658 0.01071379
vt 0.34322117 0.00957070
vt 0.34384348 0.05715553
vt 0.34509658 0.05602090
vt 0.34347043 0.05602090
vt 0.34472353 0.05715553
vt 0.34428349 0.11482789
vt 0.34472353 0.11369927
vt 0.34384348 0.11369927
vt 0.43257660 0.00396754
vt 0.43345668 0.00396754
vt 0.43301665 0.00283894
vt 0.43257660 0.09778274
vt 0.43382973 0.09891742
vt 0.43345668 0.09778274
vt 0.43220356 0.09891742
vt 0.43382973 0.11230709
vt 0.43195432 0.11345021
vt 0.43407896 0.11345021
vt 0.43220356 0.11230709
vt 0.43407896 0.06119099
vt 0.43186680 0.06233998
vt 0.43416649 0.06233998
vt 0.43195432 0.06119099
vt 0.43416649 0.06041051
vt 0.43186680 0.09970375
vt 0.43416649 0.09970375
vt 0.43186680 0.06041051
vt 0.43416649 0.10868018
vt 0.43195432 0.10982918
vt 0.43407896 0.10982918
vt 0.43186680 0.10868018
vt 0.43407896 0.01833545
vt 0.43220356 0.01947852
vt 0.43382973 0.01947852
vt 0.43195432 0.01833545
vt 0.43382973 0.06923600
vt 0.43257660 0.07037064
vt 0.43345668 0.07037064
vt 0.43220356 0.06923600
vt 0.43257660 0.00461479
vt 0.43301665 0.00574340
vt 0.43345668 0.00461479
vt 0.25864274 0.08214230
vt 0.25776268 0.08214230
vt 0.25820271 0.08327090
vt 0.25864274 0.05119589
vt 0.25820271 0.05006729
vt 0.25776268 0.05119589
vt 0.27988464 0.09603778
vt 0.27944460 0.09716646
vt 0.28032468 0.09716646
vt 0.28032468 0.07117196
vt 0.27907156 0.07230661
vt 0.28069770 0.07230661
vt 0.27944460 0.07117196
vt 0.28094696 0.09580089
vt 0.27907156 0.09465773
vt 0.27882229 0.09580089
vt 0.28069770 0.09465773
vt 0.28103449 0.05617444
vt 0.27882229 0.05502542
vt 0.27873479 0.05617444
vt 0.28094696 0.05502542
vt 0.27873479 0.09970375
vt 0.28103449 0.06041051
vt 0.27873479 0.06041051
vt 0.28103449 0.09970375
vt 0.27882229 0.11599473
vt 0.28103449 0.11484573
vt 0.27873479 0.11484573
vt 0.28094696 0.11599473
vt 0.27907156 0.03712781
vt 0.28094696 0.03598474
vt 0.27882229 0.03598474
vt 0.28069770 0.03712781
vt 0.27907156 0.09584685
vt 0.28032468 0.09698148
vt 0.28069770 0.09584685
vt 0.27944460 0.09698148
vt 0.27988464 0.03730037
vt 0.28032468 0.03617176
vt 0.27944460 0.03617176
vt 0.41089468 0.11369927
vt 0.41133473 0.11482789
vt 0.41177474 0.11369927
vt 0.41214778 0.05602090
vt 0.41089468 0.05715553
vt 0.41177474 0.05715553
vt 0.41052164 0.05602090
vt 0.41027238 0.00957070
vt 0.41214778 0.01071379
vt 0.41239704 0.00957070
vt 0.41052164 0.01071379
vt 0.41018485 0.10561829
vt 0.41239704 0.10676729
vt 0.41248457 0.10561829
vt 0.41027238 0.10676729
vt 0.41018485 0.06041051
vt 0.41248457 0.09970375
vt 0.41248457 0.06041051
vt 0.41018485 0.09970375
vt 0.41239704 0.06425285
vt 0.41018485 0.06540187
vt 0.41248457 0.06540187
vt 0.41027238 0.06425285
vt 0.41214778 0.12107181
vt 0.41027238 0.12221494
vt 0.41239704 0.12221494
vt 0.41052164 0.12107181
vt 0.41089468 0.11099790
vt 0.41214778 0.11213255
vt 0.41177474 0.11099790
vt 0.41052164 0.11213255
vt 0.41089468 0.01963893
vt 0.41177474 0.01963893
vt 0.41133473 0.01851031
vt 0.30740571 0.09909618
vt 0.28972393 0.09736269
vt 0.30740571 0.09970375
vt 0.28972393 0.09970375
vt 0.30519351 0.10024518
vt 0.31460060 0.10241019
vt 0.30519351 0.11565653
vt 0.31460060 0.12185414
vt 0.30731818 0.10024518
vt 0.28981146 0.09851169
vt 0.30731818 0.11565653
vt 0.28981146 0.11069448
vt 0.30510598 0.09909618
vt 0.30510598 0.09970375
vt 0.31468813 0.10126119
vt 0.31468813 0.09970375
vt 0.29202366 0.09736269
vt 0.26858406 0.09632486
vt 0.29202366 0.09970375
vt 0.26858406 0.09970375
vt 0.29193613 0.09851169
vt 0.26867158 0.09747386
vt 0.29193613 0.11069448
vt 0.26867158 0.10772343
vt 0.30740571 0.06041051
vt 0.28972393 0.06041051
vt 0.30740571 0.07192398
vt 0.28972393 0.07365747
vt 0.30510598 0.06041051
vt 0.30510598 0.07192398
vt 0.31468813 0.06041051
vt 0.31468813 0.06975896
vt 0.31247594 0.10241019
vt 0.31267475 0.10467726
vt 0.31247594 0.12185414
vt 0.31267475 0.00358790
vt 0.31238841 0.10126119
vt 0.31238841 0.09970375
vt 0.31276228 0.10352826
vt 0.31276228 0.09970375
vt 0.30544277 0.11679967
vt 0.31435134 0.12299729
vt 0.30544277 0.02787101
vt 0.31435134 0.03721550
vt 0.30706892 0.11679967
vt 0.29006073 0.11183750
vt 0.30706892 0.02787101
vt 0.29006073 0.02038941
vt 0.27088377 0.09632486
vt 0.49441641 0.09614046
vt 0.27088377 0.09970375
vt 0.49441641 0.09970375
vt 0.27079624 0.09747386
vt 0.49450394 0.09728946
vt 0.27079624 0.10772343
vt 0.49450394 0.10719558
vt 0.29202366 0.06041051
vt 0.26858406 0.06041051
vt 0.29202366 0.07365747
vt 0.26858406 0.07469530
vt 0.29168687 0.11183750
vt 0.26892084 0.10886644
vt 0.29168687 0.02038941
vt 0.26892084 0.01590972
vt 0.30731818 0.07077499
vt 0.28981146 0.07250845
vt 0.30731818 0.01612905
vt 0.28981146 0.02109108
vt 0.30519351 0.07077499
vt 0.30519351 0.01612905
vt 0.31460060 0.06860998
vt 0.31460060 0.00993141
vt 0.31238841 0.06041051
vt 0.31238841 0.06975896
vt 0.31276228 0.06041051
vt 0.31276228 0.06749190
vt 0.31055008 0.10467726
vt 0.30183379 0.10670130
vt 0.31055008 0.00358790
vt 0.30183379 0.00938153
vt 0.31046255 0.10352826
vt 0.31046255 0.09970375
vt 0.30192132 0.10555217
vt 0.30192132 0.09970375
vt 0.31272520 0.12299729
vt 0.31242548 0.00473098
vt 0.31272520 0.03721550
vt 0.31242548 0.04700028
vt 0.30669587 0.02900564
vt 0.29043377 0.02152405
vt 0.30669587 0.08031720
vt 0.29043377 0.07144502
vt 0.30581582 0.02900564
vt 0.31397830 0.03835013
vt 0.30581582 0.08031720
vt 0.31397830 0.09139854
vt 0.49662860 0.09728946
vt 0.49662860 0.10719558
vt 0.49671613 0.09614046
vt 0.49671613 0.09970375
vt 0.27088377 0.06041051
vt 0.49441641 0.06041051
vt 0.27088377 0.07469530
vt 0.49441641 0.07487971
vt 0.27054699 0.10886644
vt 0.49475320 0.10833860
vt 0.27054699 0.01590972
vt 0.49475320 0.01511392
vt 0.29193613 0.07250845
vt 0.26867158 0.07354631
vt 0.29193613 0.02109108
vt 0.26867158 0.02406228
vt 0.29131382 0.02152405
vt 0.26929388 0.01704435
vt 0.29131382 0.07144502
vt 0.26929388 0.06613268
vt 0.30706892 0.01498604
vt 0.29006073 0.01994807
vt 0.30706892 0.01552647
vt 0.29006073 0.02300809
vt 0.30544277 0.01498604
vt 0.30544277 0.01552647
vt 0.31435134 0.00878841
vt 0.31435134 0.00618200
vt 0.31247594 0.06860998
vt 0.31247594 0.00993141
vt 0.31267475 0.06634291
vt 0.31267475 0.00344187
vt 0.31046255 0.06041051
vt 0.31046255 0.06749190
vt 0.30192132 0.06041051
vt 0.30192132 0.06546799
vt 0.29962159 0.10555217
vt 0.29962159 0.09970375
vt 0.28381567 0.10702492
vt 0.28381567 0.09970375
vt 0.29970912 0.10670130
vt 0.28372814 0.10817392
vt 0.29970912 0.00938153
vt 0.28372814 0.01359717
vt 0.31079934 0.00473098
vt 0.30158453 0.01052462
vt 0.31079934 0.04700028
vt 0.30158453 0.05573568
vt 0.31309824 0.03835013
vt 0.31205244 0.04813490
vt 0.31309824 0.09139854
vt 0.31205244 0.10300198
vt 0.30625583 0.08144581
vt 0.29087379 0.07257362
vt 0.31353828 0.09252715
vt 0.26973391 0.06726129
vt 0.31161240 0.10413060
vt 0.49556627 0.06631758
vt 0.30077144 0.11448964
vt 0.28266582 0.12202722
vt 0.49671613 0.06041051
vt 0.49671613 0.07487971
vt 0.49637934 0.10833860
vt 0.49637934 0.01511392
vt 0.27079624 0.07354631
vt 0.49450394 0.07373070
vt 0.27079624 0.02406228
vt 0.49450394 0.02459000
vt 0.27017394 0.01704435
vt 0.49512624 0.01624854
vt 0.27017394 0.06613268
vt 0.49512624 0.06518896
vt 0.29168687 0.01994807
vt 0.26892084 0.02291912
vt 0.29168687 0.02300809
vt 0.26892084 0.02748782
vt 0.30581582 0.01439194
vt 0.30581582 0.05302098
vt 0.31397830 0.00504736
vt 0.31397830 0.04193966
vt 0.30669587 0.01439194
vt 0.29043377 0.02187356
vt 0.30669587 0.05302098
vt 0.29043377 0.06189318
vt 0.31272520 0.00878841
vt 0.31272520 0.00618200
vt 0.31242548 0.00229875
vt 0.31242548 0.12115314
vt 0.31055008 0.06634291
vt 0.31055008 0.00344187
vt 0.30183379 0.06431897
vt 0.30183379 0.12240405
vt 0.29962159 0.06041051
vt 0.29962159 0.06546799
vt 0.28381567 0.06041051
vt 0.28381567 0.06399524
vt 0.28151597 0.10702492
vt 0.28151597 0.09970375
vt 0.28160348 0.10817392
vt 0.28160348 0.01359717
vt 0.29995838 0.01052462
vt 0.28347888 0.01474026
vt 0.29995838 0.05573568
vt 0.28347888 0.06209183
vt 0.31117239 0.04813490
vt 0.30121148 0.05687031
vt 0.31117239 0.10300198
vt 0.30121148 0.11336103
vt 0.49662860 0.07373070
vt 0.49662860 0.02459000
vt 0.49600630 0.01624854
vt 0.49600630 0.06518896
vt 0.27054699 0.02291912
vt 0.49475320 0.02344696
vt 0.27054699 0.02748782
vt 0.49475320 0.02828364
vt 0.29131382 0.02187356
vt 0.26929388 0.02635315
vt 0.29131382 0.06189318
vt 0.26929388 0.06720551
vt 0.30625583 0.05189238
vt 0.29087379 0.06076457
vt 0.31353828 0.04081104
vt 0.26973391 0.06607690
vt 0.31161240 0.02920759
vt 0.49556627 0.06702062
vt 0.30077144 0.01884854
vt 0.28266582 0.01131097
vt 0.31309824 0.00504736
vt 0.31309824 0.04193966
vt 0.31205244 0.12001849
vt 0.31205244 0.03033620
vt 0.31079934 0.00229875
vt 0.31079934 0.12115314
vt 0.30158453 0.12126093
vt 0.30158453 0.11241774
vt 0.29970912 0.06431897
vt 0.29970912 0.12240405
vt 0.28372814 0.06284625
vt 0.28372814 0.11818845
vt 0.28151597 0.06041051
vt 0.28151597 0.06399524
vt 0.28185274 0.01474026
vt 0.28185274 0.06209183
vt 0.30033143 0.05687031
vt 0.28310586 0.06322646
vt 0.30033143 0.11336103
vt 0.28310586 0.12089860
vt 0.49637934 0.02344696
vt 0.49637934 0.02828364
vt 0.27017394 0.02635315
vt 0.49512624 0.02714897
vt 0.27017394 0.06720551
vt 0.49512624 0.06814923
vt 0.31117239 0.12001849
vt 0.31117239 0.03033620
vt 0.30121148 0.11128309
vt 0.30121148 0.01997716
vt 0.29995838 0.12126093
vt 0.29995838 0.11241774
vt 0.28347888 0.11704529
vt 0.28347888 0.10606154
vt 0.28160348 0.06284625
vt 0.28160348 0.11818845
vt 0.28222578 0.06322646
vt 0.28222578 0.12089860
vt 0.49600630 0.02714897
vt 0.49600630 0.06814923
vt 0.30033143 0.11128309
vt 0.30033143 0.01997716
vt 0.28310586 0.10492689
vt 0.28310586 0.01243959
vt 0.28185274 0.11704529
vt 0.28185274 0.10606154
vt 0.28222578 0.10492689
vt 0.28222578 0.01243959
vt 0.00122070 0.09331855
vt 0.18989024 0.12512243
vt 0.00122070 0.12512243
vt 0.18989024 0.09331855
vt 0.00122070 0.12512243
vt 0.17472503 0.11787679
vt 0.18989024 0.12512243
vt 0.23532342 0.11787679
vt 0.06482846 0.00091035
vt 0.00122070 0.01148278
vt 0.06482846 0.01148278
vt 0.00122070 0.00091035
vt 0.07674077 0.11787679
vt 0.00122070 0.12512243
vt 0.06157556 0.12512243
vt 0.01614237 0.11787679
vt 0.00122070 0.11467182
vt 0.18663733 0.12512243
vt 0.00122070 0.12512243
vt 0.18663733 0.11467182
vt 0.07674077 0.12512243
vt 0.01614237 0.09331855
vt 0.01614237 0.12512243
vt 0.07674077 0.09331855
vt 0.43380188 0.10842859
vt 0.25329691 0.01397188
vt 0.25329691 0.10842859
vt 0.43380188 0.01397188
vt 0.30167857 0.05182424
vt 0.48733878 0.07794434
vt 0.30167857 0.07794434
vt 0.48733878 0.05182424
vt 0.48925150 0.05066898
vt 0.29976585 0.05066898
vt 0.29832141 0.04926423
vt 0.49069594 0.04926423
vt 0.49159468 0.04768731
vt 0.29742266 0.04768731
vt 0.29711779 0.04601926
vt 0.49189956 0.04601926
vt 0.29742266 0.04435252
vt 0.49159468 0.04435252
vt 0.29832141 0.04277442
vt 0.49069594 0.04277442
vt 0.29976585 0.04137085
vt 0.48925150 0.04137085
vt 0.30167857 0.04021571
vt 0.48733878 0.04021571
vt 0.48733878 0.03731257
vt 0.30167857 0.03731257
vt 0.49057470 0.03535885
vt 0.29844265 0.03535885
vt 0.29491309 0.03362358
vt 0.49410425 0.03362358
vt 0.49789163 0.03212400
vt 0.29112601 0.03212400
vt 0.28711984 0.03087523
vt 0.50189751 0.03087523
vt 0.28293627 0.02988963
vt 0.25656960 0.02988963
vt 0.27861748 0.02917981
vt 0.26088815 0.02917981
vt 0.27420786 0.02874555
vt 0.26529777 0.02874555
vt 0.26975284 0.02860587
vt 0.25329691 0.10714334
vt 0.43380188 0.01136103
vt 0.25329691 0.01136103
vt 0.43380188 0.10714334
vt 0.50050512 0.10586166
vt 0.43586173 0.10586166
vt 0.43741721 0.10430405
vt 0.49894966 0.10430405
vt 0.49798180 0.10255389
vt 0.43838506 0.10255389
vt 0.43871354 0.10070479
vt 0.49765332 0.10070479
vt 0.43838506 0.09885569
vt 0.49798180 0.09885569
vt 0.49894966 0.09710551
vt 0.43741721 0.09710551
vt 0.43586173 0.09554791
vt 0.50050512 0.09554791
vt 0.43380188 0.09426622
vt 0.25329691 0.09426622
vt 0.25329691 0.09104693
vt 0.43380188 0.09104693
vt 0.49908016 0.08887963
vt 0.43728671 0.08887963
vt 0.44108780 0.08695421
vt 0.49527905 0.08695421
vt 0.49120056 0.08529042
vt 0.44516629 0.08529042
vt 0.44948043 0.08390527
vt 0.48688643 0.08390527
vt 0.45398604 0.08281294
vt 0.48238083 0.08281294
vt 0.45863698 0.08202463
vt 0.47772989 0.08202463
vt 0.46338564 0.08154839
vt 0.47298121 0.08154839
vt 0.46818343 0.08138908
vt 0.06541136 0.11002684
vt 0.00647043 0.10860673
vt 0.00647043 0.10536895
vt 0.00481300 0.11002684
vt 0.06706870 0.10860673
vt 0.06706870 0.10536895
vt 0.00481300 0.10314184
vt 0.02794401 0.12512243
vt 0.06541136 0.10314184
vt 0.21685742 0.12512243
vt 0.00848465 0.10394884
vt 0.00848465 0.10181244
vt 0.06908297 0.10394884
vt 0.06908297 0.10181244
vt 0.01074789 0.10039233
vt 0.01074789 0.09954756
vt 0.07134638 0.10039233
vt 0.07134638 0.09954756
vt 0.01313907 0.09812745
vt 0.01313907 0.09869549
vt 0.07373733 0.09812745
vt 0.07373733 0.09869549
vt 0.01553024 0.09727538
vt 0.01553024 0.09930183
vt 0.07612852 0.09727538
vt 0.07612852 0.09930183
vt 0.01779348 0.09788172
vt 0.01779348 0.10133413
vt 0.07839169 0.09788172
vt 0.07839169 0.10133413
vt 0.01980770 0.09991402
vt 0.01980770 0.10468365
vt 0.08040620 0.09991402
vt 0.08040620 0.10468365
vt 0.08206330 0.10326354
vt 0.02146513 0.10326354
vt 0.02562817 0.09086272
vt 0.08206330 0.09331855
vt 0.08622653 0.09086272
vt 0.02146513 0.09331855
vt 0.08622653 0.10157872
vt 0.02843084 0.09917675
vt 0.02843084 0.10183043
vt 0.02562817 0.10157872
vt 0.08902914 0.09917675
vt 0.08902914 0.10183043
vt 0.09151908 0.09942847
vt 0.09151908 0.10233413
vt 0.03092069 0.09942847
vt 0.03092069 0.10233413
vt 0.09367065 0.09993217
vt 0.09367065 0.10308467
vt 0.03307223 0.09993217
vt 0.03307223 0.10308467
vt 0.03486345 0.10068270
vt 0.03486345 0.10407435
vt 0.09546196 0.10068270
vt 0.09546196 0.10407435
vt 0.03627599 0.10167239
vt 0.03627599 0.10529305
vt 0.09687444 0.10167239
vt 0.09687444 0.10529305
vt 0.03729542 0.10289109
vt 0.03729542 0.10672831
vt 0.09789360 0.10289109
vt 0.09789360 0.10672831
vt 0.03791128 0.10432633
vt 0.03791128 0.10836540
vt 0.09852322 0.10432633
vt 0.09852322 0.10836540
vt 0.03811726 0.10596343
vt 0.21334854 0.01554508
vt 0.09871549 0.10596343
vt 0.15275031 0.01554508
vt 0.21355451 0.01794705
vt 0.21355451 0.01355646
vt 0.15294258 0.01794705
vt 0.15294258 0.01355646
vt 0.21417038 0.01595843
vt 0.21417038 0.01142176
vt 0.15357220 0.01595843
vt 0.15357220 0.01142176
vt 0.15459135 0.01382373
vt 0.15459135 0.00916284
vt 0.21518981 0.01382373
vt 0.21518981 0.00916284
vt 0.21660235 0.01156481
vt 0.21660235 0.00680282
vt 0.15600384 0.01156481
vt 0.15600384 0.00680282
vt 0.21839357 0.00920479
vt 0.21839357 0.00436587
vt 0.15779515 0.00920479
vt 0.15779515 0.00436587
vt 0.22054511 0.00676784
vt 0.22054511 0.00187693
vt 0.15994672 0.00676784
vt 0.15994672 0.00187693
vt 0.22303496 0.00427890
vt 0.22303496 0.12411733
vt 0.16243666 0.00427890
vt 0.16243666 0.12411733
vt 0.22583763 0.00176344
vt 0.16523927 0.00176344
vt 0.16940249 0.09331855
vt 0.22583763 0.09086272
vt 0.16523927 0.09086272
vt 0.23000066 0.09331855
vt 0.23000066 0.07832866
vt 0.17105960 0.07974878
vt 0.17105960 0.08108478
vt 0.23165810 0.07974878
vt 0.23165810 0.08108478
vt 0.16940249 0.07832866
vt 0.17307411 0.08250488
vt 0.17307411 0.08616552
vt 0.23367232 0.08250488
vt 0.23367232 0.08616552
vt 0.17533728 0.08758563
vt 0.17533728 0.09329907
vt 0.23593556 0.08758563
vt 0.23593556 0.09329907
vt 0.17772847 0.09471918
vt 0.17772847 0.10210376
vt 0.23832673 0.09471918
vt 0.23832673 0.10210376
vt 0.18011942 0.10352387
vt 0.18011942 0.11210852
vt 0.24071790 0.10352387
vt 0.24071790 0.11210852
vt 0.18238283 0.11352863
vt 0.18238283 0.12277809
vt 0.24298115 0.11352863
vt 0.24298115 0.12277809
vt 0.18439710 0.12419820
vt 0.18439710 0.00878574
vt 0.24499537 0.12419820
vt 0.24499537 0.00878574
vt 0.24665280 0.01020585
vt 0.18605444 0.01020585
vt 0.22352179 0.12512243
vt 0.24665280 0.10314184
vt 0.18605444 0.10314184
vt 0.03460838 0.12512243
vt 0.02258822 0.12512243
vt 0.00122070 0.11591213
vt 0.00122070 0.12512243
vt 0.02258822 0.11591213
vt 0.23182450 0.02028234
vt 0.00122070 0.12512243
vt 0.00122070 0.02028234
vt 0.23182450 0.12512243
vt 0.02258822 0.02028234
vt 0.00122070 0.12512243
vt 0.02258822 0.12512243
vt 0.00122070 0.02028234
vt 0.01964130 0.12512243
vt 0.00122070 0.02028234
vt 0.00122070 0.12512243
vt 0.01964130 0.02028234
vt 0.00122070 0.02028234
vt 0.22887758 0.12512243
vt 0.00122070 0.12512243
vt 0.22887758 0.02028234
vt 0.22887758 0.11591213
vt 0.00122070 0.12512243
vt 0.00122070 0.11591213
vt 0.22887758 0.12512243
vt 0.25329691 0.12512243
vt 0.27171751 0.00063575
vt 0.25329691 0.00063575
vt 0.27171751 0.12512243
vt 0.48390070 0.00063575
vt 0.25329691 0.12512243
vt 0.25329691 0.00063575
vt 0.48390070 0.12512243
vt 0.02258822 0.00063575
vt 0.00122070 0.12512243
vt 0.02258822 0.12512243
vt 0.00122070 0.00063575
vt 0.00122070 0.11591213
vt 0.22887758 0.12512243
vt 0.00122070 0.12512243
vt 0.22887758 0.11591213
vt 0.02258822 0.12512243
vt 0.00122070 0.11591213
vt 0.00122070 0.12512243
vt 0.02258822 0.11591213
vt 0.00122070 0.00063575
vt 0.22887758 0.12512243
vt 0.00122070 0.12512243
vt 0.22887758 0.00063575
vt 0.23971294 0.11591213
vt 0.10973544 0.12512243
vt 0.00122070 0.12512243
vt 0.09895957 0.11591213
vt 0.14173035 0.00063575
vt 0.00122070 0.12512243
vt 0.14173035 0.12512243
vt 0.00122070 0.00063575
vt 0.22893712 0.00063575
vt 0.00122070 0.12512243
vt 0.00122070 0.00063575
vt 0.22893712 0.12512243
vt 0.23971294 0.00063575
vt 0.09895957 0.12512243
vt 0.23971294 0.12512243
vt 0.09895957 0.00063575
vt 0.19610968 0.12512243
vt 0.21766125 0.00063575
vt 0.19610968 0.00063575
vt 0.21766125 0.12512243
vt 0.14173035 0.12512243
vt 0.01175286 0.11591213
vt 0.00122070 0.12512243
vt 0.15250623 0.11591213
vt 0.01175286 0.00063575
vt 0.12051138 0.12512243
vt 0.01175286 0.12512243
vt 0.12051138 0.00063575
vt 0.12051138 0.11591213
vt 0.00122070 0.12512243
vt 0.01175286 0.11591213
vt 0.10973544 0.12512243
vt 0.22893712 0.00063575
vt 0.00122070 0.12512243
vt 0.00122070 0.00063575
vt 0.22893712 0.12512243
vt 0.00122070 0.12512243
vt 0.13095442 0.11591213
vt 0.23971294 0.11591213
vt 0.14173035 0.12512243
vt 0.07690793 0.12512243
vt 0.05535612 0.00063575
vt 0.05535612 0.12512243
vt 0.07690793 0.00063575
vt 0.14173035 0.00063575
vt 0.00122070 0.12512243
vt 0.14173035 0.12512243
vt 0.00122070 0.00063575
vt 0.25329691 0.00767648
vt 0.29234643 0.11992756
vt 0.25329691 0.11992756
vt 0.29234643 0.00767648
vt 0.29234643 0.02042975
vt 0.25329691 0.07054031
vt 0.25329691 0.02042975
vt 0.29234643 0.07054031
vt 0.46327179 0.00767648
vt 0.25329691 0.10296250
vt 0.46327179 0.10296250
vt 0.25329691 0.00767648
vt 0.29234643 0.06687661
vt 0.25329691 0.02042975
vt 0.25329691 0.06687661
vt 0.29234643 0.02042975
vt 0.00122070 0.10559767
vt 0.20547937 0.12512243
vt 0.00122070 0.12512243
vt 0.20547937 0.10559767
vt 0.14246972 0.08843790
vt 0.20547937 0.12512243
vt 0.00122070 0.12512243
vt 0.16260573 0.08404006
vt 0.01722657 0.09282732
vt 0.04141642 0.03142186
vt 0.03543911 0.09282732
vt 0.11031908 0.09764140
vt 0.21004937 0.03142186
vt 0.08886007 0.08404006
vt 0.14114672 0.09764140
vt 0.04598643 0.12512243
vt 0.10899608 0.08843790
vt 0.00122070 0.12512243
vt 0.23423923 0.09282732
vt 0.21602669 0.09282732
vt 0.21602669 0.12512243
vt 0.23423923 0.10559767
vt 0.23423923 0.12512243
vt 0.21602669 0.10559767
vt 0.25329691 0.11431838
vt 0.46327179 0.12512243
vt 0.25329691 0.12512243
vt 0.46327179 0.11431838
vt 0.46327179 0.04549620
vt 0.25329691 0.12512243
vt 0.25329691 0.04549620
vt 0.46327179 0.12512243
vt 0.29234643 0.09906997
vt 0.25329691 0.00298952
vt 0.29234643 0.00298952
vt 0.25329691 0.09906997
vt 0.25329691 0.09981804
vt 0.46327179 0.00453199
vt 0.25329691 0.00453199
vt 0.46327179 0.09981804
vt 0.29234643 0.07191027
vt 0.25329691 0.10138020
vt 0.29234643 0.10138020
vt 0.25329691 0.07191027
vt 0.29234643 0.00453199
vt 0.25329691 0.08528506
vt 0.25329691 0.00453199
vt 0.29234643 0.08528506
vt 0.25329691 0.10975695
vt 0.29234643 0.04036696
vt 0.29234643 0.10975695
vt 0.25329691 0.04036696
vt 0.25329691 0.11984799
vt 0.46327179 0.04520273
vt 0.46327179 0.11984799
vt 0.25329691 0.04520273
vt 0.25329691 0.08164495
vt 0.46327179 0.09146824
vt 0.25329691 0.09146824
vt 0.46327179 0.08164495
vt 0.25329691 0.11984799
vt 0.46327179 0.09333335
vt 0.25329691 0.09333335
vt 0.46327179 0.11984799
vt 0.46327179 0.03707292
vt 0.25329691 0.12512243
vt 0.25329691 0.03707292
vt 0.46327179 0.12512243
vt 0.00122070 0.10559767
vt 0.17264651 0.12512243
vt 0.00122070 0.12512243
vt 0.17264651 0.10559767
vt 0.13342092 0.01927737
vt 0.05007624 0.01867753
vt 0.09114858 0.03981365
vt 0.07209355 0.11247400
vt 0.00122070 0.12512243
vt 0.00122070 0.12512243
vt 0.07881929 0.12512243
vt 0.11819717 0.10898333
vt 0.17279239 0.11247400
vt 0.00960468 0.04052331
vt 0.10298668 0.10621674
vt 0.24542542 0.03347797
vt 0.00122070 0.12512243
vt 0.20138955 0.01867753
vt 0.17264651 0.12512243
vt 0.13326863 0.10898333
vt 0.07867341 0.11247400
vt 0.17937225 0.11247400
vt 0.24186112 0.04052331
vt 0.14847912 0.10621674
vt 0.00604038 0.03347797
vt 0.11804488 0.01927737
vt 0.16031721 0.03981365
vt 0.07209355 0.12512243
vt 0.17279239 0.10559767
vt 0.17279239 0.12512243
vt 0.07209355 0.10559767
vt 0.46327179 0.08595108
vt 0.25329691 0.12512243
vt 0.25329691 0.08595108
vt 0.46327179 0.12512243
vt 0.46327179 0.10928137
vt 0.25329691 0.08595108
vt 0.25329691 0.10928137
vt 0.46327179 0.08595108
vt 0.29234643 0.12512243
vt 0.25329691 0.10928137
vt 0.25329691 0.12512243
vt 0.29234643 0.10928137
vt 0.02062363 0.10928137
vt 0.00122070 0.08595108
vt 0.02062363 0.08595108
vt 0.22887758 0.12512243
vt 0.00122070 0.12512243
vt 0.22887758 0.10928137
vt 0.22887758 0.10559767
vt 0.00122070 0.12512243
vt 0.00122070 0.10559767
vt 0.22887758 0.12512243
vt 0.00122070 0.10559767
vt 0.02062363 0.12512243
vt 0.02062363 0.10559767
vt 0.00122070 0.12512243
vt 0.02258822 0.12512243
vt 0.23084217 0.10559767
vt 0.23084217 0.12512243
vt 0.02258822 0.10559767
vt 0.02258822 0.10928137
vt 0.00122070 0.12512243
vt 0.02258822 0.12512243
vt 0.00122070 0.08595108
vt 0.23084217 0.08595108
vt 0.23084217 0.10928137
vt 0.25329691 0.10559767
vt 0.46327179 0.12512243
vt 0.25329691 0.12512243
vt 0.46327179 0.10559767
vt 0.46327179 0.10559767
vt 0.25329691 0.12512243
vt 0.25329691 0.10559767
vt 0.46327179 0.12512243
vt 0.25329691 0.09479212
vt 0.46327179 0.10559767
vt 0.25329691 0.10559767
vt 0.46327179 0.09479212
vt 0.29234643 0.10939767
vt 0.25329691 0.10559767
vt 0.25329691 0.10939767
vt 0.29234643 0.10559767
vt 0.18710232 0.12512243
vt 0.03500595 0.11542096
vt 0.00122070 0.12512243
vt 0.18330222 0.03062579
vt 0.01535934 0.09840652
vt 0.06436347 0.10559767
vt 0.00122070 0.12512243
vt 0.00122070 0.10559767
vt 0.06436347 0.12512243
vt 0.06436347 0.12512243
vt 0.21645985 0.11542096
vt 0.06816358 0.03062579
vt 0.00122070 0.12512243
vt 0.23610645 0.09840652
vt 0.29234643 0.02767794
vt 0.25329691 0.07514541
vt 0.25329691 0.02767794
vt 0.29234643 0.07514541
vt 0.25329691 0.01129396
vt 0.29234643 0.08671165
vt 0.25329691 0.08671165
vt 0.29234643 0.01129396
vt 0.25329691 0.02651022
vt 0.46327179 0.09688685
vt 0.25329691 0.09688685
vt 0.46327179 0.02651022
vt 0.46327179 0.12512243
vt 0.25329691 0.11390130
vt 0.46327179 0.11390130
vt 0.25329691 0.12512243
vt 0.46327179 0.08595108
vt 0.25329691 0.12512243
vt 0.25329691 0.08595108
vt 0.46327179 0.12512243
vt 0.09426303 0.07502467
vt 0.00122070 0.12512243
vt 0.14173035 0.12512243
vt 0.04027022 0.09121536
vt 0.02062363 0.08554388
vt 0.04223480 0.11273350
vt 0.10973544 0.10559767
vt 0.00122070 0.12512243
vt 0.00122070 0.10559767
vt 0.10973544 0.12512243
vt 0.21119558 0.09121536
vt 0.10973544 0.12512243
vt 0.00122070 0.12512243
vt 0.15720277 0.07502467
vt 0.23084217 0.08554388
vt 0.20923099 0.11273350
vt 0.46327179 0.10805349
vt 0.25329691 0.12512243
vt 0.25329691 0.10805349
vt 0.46327179 0.12512243
vt 0.29234643 0.12512243
vt 0.25329691 0.11255721
vt 0.25329691 0.12512243
vt 0.29234643 0.11255721
vt 0.25329691 0.01791479
vt 0.46327179 0.08829147
vt 0.25329691 0.08829147
vt 0.46327179 0.01791479
vt 0.46327179 0.08536756
vt 0.25329691 0.10805349
vt 0.25329691 0.08536756
vt 0.46327179 0.10805349
vt 0.06188133 0.11255721
vt 0.00122070 0.12512243
vt 0.06188133 0.12512243
vt 0.04027022 0.10805349
vt 0.04027022 0.08536756
vt 0.00122070 0.10805349
vt 0.04027022 0.12512243
vt 0.00122070 0.10559767
vt 0.00122070 0.12512243
vt 0.04027022 0.10559767
vt 0.18958447 0.10559767
vt 0.00122070 0.12512243
vt 0.00122070 0.10559767
vt 0.18958447 0.12512243
vt 0.00122070 0.10805349
vt 0.18958447 0.12512243
vt 0.00122070 0.12512243
vt 0.21119558 0.10805349
vt 0.18958447 0.11255721
vt 0.21119558 0.08536756
vt 0.25455268 0.23873900
vt 0.00122094 0.34686853
vt 0.25455268 0.34686853
vt 0.05974314 0.25343039
vt 0.20489518 0.23873900
vt 0.05974314 0.22390051
vt 0.20489518 0.22390051
vt 0.00122094 0.25343039
vt 0.00122094 0.39425112
vt 0.05092821 0.60231385
vt 0.00122094 0.46257545
vt 0.14158958 0.39425112
vt 0.09938086 0.60231385
vt 0.09938086 0.48755104
vt 0.14158958 0.46257545
vt 0.05092821 0.48755104
vt 0.50537360 0.00061047
vt 0.50537360 0.00061047
vt 0.50537360 0.00061047
vt 0.50537360 0.00061047
vt 0.50537360 0.00061047
vt 0.50537360 0.00061047
vt 0.50537360 0.00061047
vt 0.50537360 0.00061047
vt 0.50537360 0.00061047
vt 0.50537360 0.00061047
vt 0.50537360 0.00061047
vt 0.50537360 0.00061047
vt 0.50537360 0.00061047
vt 0.50537360 0.00061047
vt 0.50537360 0.00061047
vt 0.50537360 0.00061047
vt 0.50537360 0.00061047
vt 0.50537360 0.00061047
vt 0.50537360 0.00061047
vt 0.50537360 0.00061047
vt 0.50537360 0.00061047
vt 0.50537360 0.00061047
vt 0.50537360 0.00061047
vt 0.50537360 0.00061047
vt 0.14158958 0.39425112
vt 0.00122094 0.48755104
vt 0.00122094 0.39425112
vt 0.14158958 0.48755104
vt 0.62634633 0.06262267
vt 0.54621706 0.00060999
vt 0.54621706 0.06262267
vt 0.62634680 0.00060999
vt 0.62634680 0.01293938
vt 0.50830376 0.01293938
vt 0.54621706 0.00982640
vt 0.54621706 0.01293938
vt 0.50830376 0.01293938
vt 0.62634633 0.00982640
vt 0.50830376 0.00982640
vt 0.61389630 0.06262267
vt 0.50830376 0.06262267
vt 0.61389630 0.00982640
vt 0.52673657 0.00982640
vt 0.50830376 0.01293938
vt 0.52673657 0.01293938
vt 0.50830376 0.00982640
vt 0.52673657 0.00060999
vt 0.50830376 0.06262267
vt 0.52673657 0.06262267
vt 0.50830376 0.00060999
vt 0.61389630 0.00360138
vt 0.50830376 0.04366602
vt 0.50830376 0.00360138
vt 0.61389630 0.04366602
vt 0.51428654 0.00982640
vt 0.59441581 0.01293938
vt 0.59441581 0.00982640
vt 0.51428607 0.01293938
vt 0.51428607 0.00060999
vt 0.59441581 0.06262267
vt 0.59441581 0.00060999
vt 0.51428654 0.06262267
vt 0.60693510 0.18862999
vt 0.50341857 0.16903700
vt 0.50341857 0.18862999
vt 0.60693510 0.16903700
vt 0.50341857 0.18862999
vt 0.52392737 0.16903720
vt 0.50341857 0.16903720
vt 0.52392737 0.18862999
vt 0.58825792 0.18862999
vt 0.50341857 0.16903720
vt 0.50341857 0.18862999
vt 0.58825792 0.16903720
vt 0.60693510 0.18862999
vt 0.50341857 0.16903720
vt 0.60693510 0.16903720
vt 0.50341857 0.18862999
vt 0.54260456 0.16903720
vt 0.50341857 0.18862999
vt 0.50341857 0.16903720
vt 0.54260456 0.18862999
vt 0.52392737 0.16903700
vt 0.50341857 0.18862999
vt 0.50341857 0.16903700
vt 0.52392737 0.18862999
vt 0.44362519 0.09577437
vt 0.25329691 0.12512243
vt 0.25329691 0.09577437
vt 0.44362519 0.12512243
vt 0.31199303 0.02042975
vt 0.25329691 0.12512243
vt 0.31199303 0.12512243
vt 0.25329691 0.02042975
vt 0.44362519 0.02042975
vt 0.25329691 0.12512243
vt 0.25329691 0.02042975
vt 0.44362519 0.12512243
vt 0.25329691 0.02042975
vt 0.44362519 0.12512243
vt 0.25329691 0.12512243
vt 0.44362519 0.02042975
vt 0.31199303 0.12512243
vt 0.25329691 0.02042975
vt 0.25329691 0.12512243
vt 0.31199303 0.02042975
vt 0.31199303 0.12512243
vt 0.25329691 0.09577437
vt 0.25329691 0.12512243
vt 0.31199303 0.09577437
vt 0.29234643 0.12512243
vt 0.25329691 0.09577437
vt 0.25329691 0.12512243
vt 0.29234643 0.09577437
vt 0.46327179 0.09577437
vt 0.25329691 0.12512243
vt 0.25329691 0.09577437
vt 0.46327179 0.12512243
vt 0.02258822 0.12512243
vt 0.23084217 0.09577437
vt 0.23084217 0.12512243
vt 0.02258822 0.09577437
vt 0.22887758 0.10559767
vt 0.02062363 0.12512243
vt 0.02062363 0.10559767
vt 0.22887758 0.12512243
vt 0.02258822 0.12512243
vt 0.23084217 0.10559767
vt 0.23084217 0.12512243
vt 0.02258822 0.10559767
vt 0.02062363 0.09577437
vt 0.22887758 0.12512243
vt 0.02062363 0.12512243
vt 0.22887758 0.09577437
f 1/1 5/5 9/9
f 2/2 10/10 13/13
f 17/17 6/6 3/3
f 11/11 19/19 23/23
f 19/19 11/11 7/7
f 4/4 14/14 27/27
f 15/15 24/24 29/29
f 24/24 15/15 12/12
f 33/33 34/34 35/35
f 34/34 33/33 36/36
f 34/34 36/36 37/37
f 37/37 36/36 38/38
f 38/38 36/36 39/39
f 39/39 36/36 40/40
f 40/40 36/36 41/41
f 41/41 36/36 42/42
f 42/42 36/36 43/43
f 43/43 36/36 44/44
f 44/44 36/36 45/45
f 46/46 47/47 48/48
f 47/47 46/46 49/49
f 47/47 49/49 50/50
f 47/47 50/50 51/51
f 47/47 51/51 40/40
f 47/47 40/40 52/52
f 52/52 40/40 41/41
f 47/47 52/52 53/53
f 47/47 53/53 54/54
f 47/47 54/54 55/55
f 47/47 55/55 56/56
f 8/8 57/57 20/20
f 57/57 8/8 18/18
f 25/25 59/59 63/63
f 59/59 25/25 21/21
f 67/67 68/68 69/69
f 68/68 67/67 70/70
f 68/68 70/70 71/71
f 68/68 71/71 72/72
f 72/72 71/71 73/73
f 72/72 73/73 74/74
f 74/74 73/73 75/75
f 74/74 75/75 76/76
f 76/76 75/75 77/77
f 76/76 77/77 78/78
f 78/78 77/77 79/79
f 78/78 79/79 80/80
f 80/80 79/79 81/81
f 80/80 81/81 82/82
f 82/82 81/81 83/83
f 82/82 83/83 84/84
f 84/84 83/83 85/85
f 84/84 85/85 86/86
f 86/86 85/85 87/87
f 86/86 87/87 88/88
f 88/88 87/87 89/89
f 88/88 89/89 90/90
f 28/28 30/30 91/91
f 30/30 28/28 16/16
f 93/93 26/26 64/64
f 26/26 93/93 31/31
f 97/97 98/98 99/99
f 98/98 97/97 100/100
f 101/101 102/102 103/103
f 102/102 101/101 104/104
f 104/104 101/101 105/105
f 104/104 105/105 106/106
f 106/106 105/105 107/107
f 106/106 107/107 108/108
f 108/108 107/107 109/109
f 109/109 107/107 110/110
f 109/109 110/110 111/111
f 109/109 111/111 112/112
f 112/112 111/111 113/113
f 112/112 113/113 114/114
f 114/114 113/113 115/115
f 114/114 115/115 116/116
f 116/116 115/115 117/117
f 116/116 117/117 118/118
f 118/118 117/117 119/119
f 118/118 119/119 120/120
f 120/120 119/119 121/121
f 120/120 121/121 122/122
f 122/122 121/121 123/123
f 122/122 123/123 124/124
f 125/125 129/129 133/133
f 135/135 130/130 137/137
f 130/130 135/135 134/134
f 136/136 141/141 145/145
f 141/141 136/136 138/138
f 146/146 147/147 151/151
f 147/147 146/146 142/142
f 152/152 153/153 157/157
f 153/153 152/152 148/148
f 158/158 159/159 163/163
f 159/159 158/158 154/154
f 164/164 165/165 169/169
f 165/165 164/164 160/160
f 171/171 170/170 166/166
f 170/170 171/171 175/175
f 176/176 172/172 177/177
f 181/181 182/182 183/183
f 182/182 181/181 184/184
f 185/185 189/189 193/193
f 195/195 190/190 197/197
f 190/190 195/195 194/194
f 201/201 196/196 198/198
f 196/196 201/201 205/205
f 207/207 206/206 202/202
f 206/206 207/207 211/211
f 213/213 212/212 208/208
f 212/212 213/213 217/217
f 60/60 218/218 214/214
f 218/218 60/60 219/219
f 22/22 220/220 61/61
f 220/220 22/22 58/58
f 65/65 215/215 221/221
f 215/215 65/65 62/62
f 225/225 226/226 227/227
f 226/226 225/225 228/228
f 228/228 225/225 229/229
f 229/229 225/225 230/230
f 230/230 225/225 231/231
f 231/231 225/225 232/232
f 232/232 225/225 233/233
f 233/233 225/225 234/234
f 234/234 225/225 235/235
f 235/235 225/225 236/236
f 237/237 238/238 239/239
f 238/238 237/237 240/240
f 240/240 237/237 241/241
f 240/240 241/241 242/242
f 240/240 242/242 243/243
f 240/240 243/243 231/231
f 240/240 231/231 244/244
f 244/244 231/231 232/232
f 240/240 244/244 245/245
f 240/240 245/245 246/246
f 240/240 246/246 247/247
f 240/240 247/247 248/248
f 249/249 32/32 94/94
f 32/32 249/249 92/92
f 251/251 95/95 253/253
f 95/95 251/251 250/250
f 257/257 252/252 254/254
f 252/252 257/257 261/261
f 263/263 262/262 258/258
f 262/262 263/263 267/267
f 269/269 268/268 264/264
f 268/268 269/269 273/273
f 270/270 275/275 274/274
f 275/275 270/270 277/277
f 186/186 276/276 278/278
f 281/281 283/283 287/287
f 291/291 282/282 288/288
f 282/282 291/291 295/295
f 297/297 292/292 299/299
f 292/292 297/297 296/296
f 303/303 300/300 305/305
f 300/300 303/303 298/298
f 309/309 306/306 311/311
f 306/306 309/309 304/304
f 315/315 310/310 312/312
f 310/310 315/315 319/319
f 321/321 320/320 316/316
f 320/320 321/321 325/325
f 327/327 322/322 329/329
f 322/322 327/327 326/326
f 328/328 330/330 333/333
f 255/255 66/66 222/222
f 66/66 255/255 96/96
f 178/178 337/337 341/341
f 342/342 343/343 347/347
f 343/343 342/342 338/338
f 344/344 349/349 348/348
f 349/349 344/344 351/351
f 352/352 355/355 350/350
f 355/355 352/352 357/357
f 358/358 361/361 356/356
f 361/361 358/358 363/363
f 364/364 367/367 362/362
f 367/367 364/364 369/369
f 370/370 373/373 368/368
f 373/373 370/370 375/375
f 376/376 379/379 374/374
f 379/379 376/376 381/381
f 126/126 380/380 382/382
f 385/385 387/387 391/391
f 395/395 386/386 392/392
f 386/386 395/395 399/399
f 396/396 401/401 400/400
f 401/401 396/396 403/403
f 404/404 407/407 402/402
f 407/407 404/404 409/409
f 410/410 413/413 408/408
f 413/413 410/410 415/415
f 416/416 419/419 414/414
f 419/419 416/416 421/421
f 422/422 425/425 420/420
f 425/425 422/422 427/427
f 431/431 428/428 433/433
f 428/428 431/431 426/426
f 432/432 434/434 437/437
f 127/127 441/441 131/131
f 139/139 442/442 445/445
f 442/442 139/139 132/132
f 140/140 449/449 143/143
f 449/449 140/140 446/446
f 144/144 453/453 149/149
f 453/453 144/144 450/450
f 150/150 457/457 155/155
f 457/457 150/150 454/454
f 156/156 461/461 161/161
f 461/461 156/156 458/458
f 162/162 465/465 167/167
f 465/465 162/162 462/462
f 469/469 168/168 466/466
f 168/168 469/469 173/173
f 179/179 174/174 470/470
f 187/187 473/473 191/191
f 199/199 474/474 477/477
f 474/474 199/199 192/192
f 481/481 200/200 478/478
f 200/200 481/481 203/203
f 485/485 204/204 482/482
f 204/204 485/485 209/209
f 223/223 210/210 486/486
f 210/210 223/223 216/216
f 489/489 493/493 334/334
f 490/490 495/495 494/494
f 495/495 490/490 497/497
f 496/496 501/501 505/505
f 501/501 496/496 498/498
f 506/506 507/507 511/511
f 507/507 506/506 502/502
f 512/512 513/513 517/517
f 513/513 512/512 508/508
f 518/518 519/519 523/523
f 519/519 518/518 514/514
f 524/524 525/525 529/529
f 525/525 524/524 520/520
f 526/526 531/531 530/530
f 531/531 526/526 533/533
f 534/534 284/284 532/532
f 537/537 541/541 438/438
f 538/538 543/543 542/542
f 543/543 538/538 545/545
f 549/549 544/544 546/546
f 544/544 549/549 553/553
f 555/555 554/554 550/550
f 554/554 555/555 559/559
f 561/561 560/560 556/556
f 560/560 561/561 565/565
f 567/567 566/566 562/562
f 566/566 567/567 571/571
f 573/573 572/572 568/568
f 572/572 573/573 577/577
f 574/574 579/579 578/578
f 579/579 574/574 581/581
f 582/582 388/388 580/580
f 487/487 256/256 224/224
f 256/256 487/487 259/259
f 483/483 260/260 488/488
f 260/260 483/483 265/265
f 479/479 266/266 484/484
f 266/266 479/479 271/271
f 480/480 279/279 272/272
f 279/279 480/480 475/475
f 188/188 280/280 476/476
f 289/289 285/285 585/585
f 589/589 290/290 586/586
f 290/290 589/589 293/293
f 301/301 590/590 593/593
f 590/590 301/301 294/294
f 307/307 594/594 597/597
f 594/594 307/307 302/302
f 313/313 598/598 601/601
f 598/598 313/313 308/308
f 605/605 314/314 602/602
f 314/314 605/605 317/317
f 609/609 318/318 606/606
f 318/318 609/609 323/323
f 331/331 610/610 613/613
f 610/610 331/331 324/324
f 332/332 614/614 335/335
f 180/180 471/471 339/339
f 340/340 467/467 345/345
f 467/467 340/340 472/472
f 468/468 353/353 346/346
f 353/353 468/468 463/463
f 464/464 359/359 354/354
f 359/359 464/464 459/459
f 460/460 365/365 360/360
f 365/365 460/460 455/455
f 366/366 451/451 371/371
f 451/451 366/366 456/456
f 372/372 447/447 377/377
f 447/447 372/372 452/452
f 448/448 383/383 378/378
f 383/383 448/448 443/443
f 128/128 384/384 444/444
f 393/393 389/389 617/617
f 621/621 394/394 618/618
f 394/394 621/621 397/397
f 622/622 405/405 398/398
f 405/405 622/622 625/625
f 626/626 411/411 406/406
f 411/411 626/626 629/629
f 630/630 417/417 412/412
f 417/417 630/630 633/633
f 418/418 637/637 423/423
f 637/637 418/418 634/634
f 424/424 641/641 429/429
f 641/641 424/424 638/638
f 435/435 642/642 645/645
f 642/642 435/435 430/430
f 436/436 646/646 439/439
f 615/615 491/491 336/336
f 616/616 499/499 492/492
f 499/499 616/616 611/611
f 500/500 607/607 503/503
f 607/607 500/500 612/612
f 504/504 603/603 509/509
f 603/603 504/504 608/608
f 510/510 599/599 515/515
f 599/599 510/510 604/604
f 516/516 595/595 521/521
f 595/595 516/516 600/600
f 522/522 591/591 527/527
f 591/591 522/522 596/596
f 528/528 587/587 535/535
f 587/587 528/528 592/592
f 588/588 286/286 536/536
f 647/647 539/539 440/440
f 648/648 547/547 540/540
f 547/547 648/648 643/643
f 639/639 548/548 644/644
f 548/548 639/639 551/551
f 635/635 552/552 640/640
f 552/552 635/635 557/557
f 631/631 558/558 636/636
f 558/558 631/631 563/563
f 627/627 564/564 632/632
f 564/564 627/627 569/569
f 623/623 570/570 628/628
f 570/570 623/623 575/575
f 576/576 619/619 583/583
f 619/619 576/576 624/624
f 620/620 390/390 584/584
f 649/649 653/653 657/657
f 650/650 658/658 661/661
f 665/665 654/654 651/651
f 659/659 667/667 671/671
f 667/667 659/659 655/655
f 652/652 662/662 675/675
f 663/663 672/672 677/677
f 672/672 663/663 660/660
f 681/681 682/682 683/683
f 682/682 681/681 684/684
f 682/682 684/684 685/685
f 685/685 684/684 686/686
f 686/686 684/684 687/687
f 687/687 684/684 688/688
f 688/688 684/684 689/689
f 689/689 684/684 690/690
f 690/690 684/684 691/691
f 691/691 684/684 692/692
f 692/692 684/684 693/693
f 694/694 695/695 696/696
f 695/695 694/694 697/697
f 695/695 697/697 698/698
f 695/695 698/698 699/699
f 695/695 699/699 688/688
f 695/695 688/688 700/700
f 700/700 688/688 689/689
f 695/695 700/700 701/701
f 695/695 701/701 702/702
f 695/695 702/702 703/703
f 695/695 703/703 704/704
f 656/656 705/705 668/668
f 705/705 656/656 666/666
f 673/673 707/707 711/711
f 707/707 673/673 669/669
f 715/715 716/716 717/717
f 716/716 715/715 718/718
f 716/716 718/718 719/719
f 716/716 719/719 720/720
f 720/720 719/719 721/721
f 720/720 721/721 722/722
f 722/722 721/721 723/723
f 722/722 723/723 724/724
f 724/724 723/723 725/725
f 724/724 725/725 726/726
f 726/726 725/725 727/727
f 726/726 727/727 728/728
f 728/728 727/727 729/729
f 728/728 729/729 730/730
f 730/730 729/729 731/731
f 730/730 731/731 732/732
f 732/732 731/731 733/733
f 732/732 733/733 734/734
f 734/734 733/733 735/735
f 734/734 735/735 736/736
f 736/736 735/735 737/737
f 736/736 737/737 738/738
f 676/676 678/678 739/739
f 678/678 676/676 664/664
f 741/741 674/674 712/712
f 674/674 741/741 679/679
f 745/745 746/746 747/747
f 746/746 745/745 748/748
f 749/749 750/750 751/751
f 750/750 749/749 752/752
f 752/752 749/749 753/753
f 752/752 753/753 754/754
f 754/754 753/753 755/755
f 754/754 755/755 756/756
f 756/756 755/755 757/757
f 757/757 755/755 758/758
f 757/757 758/758 759/759
f 757/757 759/759 760/760
f 760/760 759/759 761/761
f 760/760 761/761 762/762
f 762/762 761/761 763/763
f 762/762 763/763 764/764
f 764/764 763/763 765/765
f 764/764 765/765 766/766
f 766/766 765/765 767/767
f 766/766 767/767 768/768
f 768/768 767/767 769/769
f 768/768 769/769 770/770
f 770/770 769/769 771/771
f 770/770 771/771 772/772
f 773/773 777/777 781/781
f 783/783 778/778 785/785
f 778/778 783/783 782/782
f 784/784 789/789 793/793
f 789/789 784/784 786/786
f 794/794 795/795 799/799
f 795/795 794/794 790/790
f 800/800 801/801 805/805
f 801/801 800/800 796/796
f 806/806 807/807 811/811
f 807/807 806/806 802/802
f 812/812 813/813 817/817
f 813/813 812/812 808/808
f 819/819 818/818 814/814
f 818/818 819/819 823/823
f 824/824 820/820 825/825
f 829/829 830/830 831/831
f 830/830 829/829 832/832
f 833/833 837/837 841/841
f 843/843 838/838 845/845
f 838/838 843/843 842/842
f 849/849 844/844 846/846
f 844/844 849/849 853/853
f 855/855 854/854 850/850
f 854/854 855/855 859/859
f 861/861 860/860 856/856
f 860/860 861/861 865/865
f 708/708 866/866 862/862
f 866/866 708/708 867/867
f 670/670 868/868 709/709
f 868/868 670/670 706/706
f 713/713 863/863 869/869
f 863/863 713/713 710/710
f 873/873 874/874 875/875
f 874/874 873/873 876/876
f 876/876 873/873 877/877
f 877/877 873/873 878/878
f 878/878 873/873 879/879
f 879/879 873/873 880/880
f 880/880 873/873 881/881
f 881/881 873/873 882/882
f 882/882 873/873 883/883
f 883/883 873/873 884/884
f 885/885 886/886 887/887
f 886/886 885/885 888/888
f 888/888 885/885 889/889
f 888/888 889/889 890/890
f 888/888 890/890 891/891
f 888/888 891/891 879/879
f 888/888 879/879 892/892
f 892/892 879/879 880/880
f 888/888 892/892 893/893
f 888/888 893/893 894/894
f 888/888 894/894 895/895
f 888/888 895/895 896/896
f 897/897 680/680 742/742
f 680/680 897/897 740/740
f 899/899 743/743 901/901
f 743/743 899/899 898/898
f 905/905 900/900 902/902
f 900/900 905/905 909/909
f 911/911 910/910 906/906
f 910/910 911/911 915/915
f 917/917 916/916 912/912
f 916/916 917/917 921/921
f 918/918 923/923 922/922
f 923/923 918/918 925/925
f 834/834 924/924 926/926
f 929/929 931/931 935/935
f 939/939 930/930 936/936
f 930/930 939/939 943/943
f 945/945 940/940 947/947
f 940/940 945/945 944/944
f 951/951 948/948 953/953
f 948/948 951/951 946/946
f 957/957 954/954 959/959
f 954/954 957/957 952/952
f 963/963 958/958 960/960
f 958/958 963/963 967/967
f 969/969 968/968 964/964
f 968/968 969/969 973/973
f 975/975 970/970 977/977
f 970/970 975/975 974/974
f 976/976 978/978 981/981
f 903/903 714/714 870/870
f 714/714 903/903 744/744
f 826/826 985/985 989/989
f 990/990 991/991 995/995
f 991/991 990/990 986/986
f 992/992 997/997 996/996
f 997/997 992/992 999/999
f 1000/1000 1003/1003 998/998
f 1003/1003 1000/1000 1005/1005
f 1006/1006 1009/1009 1004/1004
f 1009/1009 1006/1006 1011/1011
f 1012/1012 1015/1015 1010/1010
f 1015/1015 1012/1012 1017/1017
f 1018/1018 1021/1021 1016/1016
f 1021/1021 1018/1018 1023/1023
f 1024/1024 1027/1027 1022/1022
f 1027/1027 1024/1024 1029/1029
f 774/774 1028/1028 1030/1030
f 1033/1033 1035/1035 1039/1039
f 1043/1043 1034/1034 1040/1040
f 1034/1034 1043/1043 1047/1047
f 1044/1044 1049/1049 1048/1048
f 1049/1049 1044/1044 1051/1051
f 1052/1052 1055/1055 1050/1050
f 1055/1055 1052/1052 1057/1057
f 1058/1058 1061/1061 1056/1056
f 1061/1061 1058/1058 1063/1063
f 1064/1064 1067/1067 1062/1062
f 1067/1067 1064/1064 1069/1069
f 1070/1070 1073/1073 1068/1068
f 1073/1073 1070/1070 1075/1075
f 1079/1079 1076/1076 1081/1081
f 1076/1076 1079/1079 1074/1074
f 1080/1080 1082/1082 1085/1085
f 775/775 1089/1089 779/779
f 787/787 1090/1090 1093/1093
f 1090/1090 787/787 780/780
f 788/788 1097/1097 791/791
f 1097/1097 788/788 1094/1094
f 792/792 1101/1101 797/797
f 1101/1101 792/792 1098/1098
f 798/798 1105/1105 803/803
f 1105/1105 798/798 1102/1102
f 804/804 1109/1109 809/809
f 1109/1109 804/804 1106/1106
f 810/810 1113/1113 815/815
f 1113/1113 810/810 1110/1110
f 1117/1117 816/816 1114/1114
f 816/816 1117/1117 821/821
f 827/827 822/822 1118/1118
f 835/835 1121/1121 839/839
f 847/847 1122/1122 1125/1125
f 1122/1122 847/847 840/840
f 1129/1129 848/848 1126/1126
f 848/848 1129/1129 851/851
f 1133/1133 852/852 1130/1130
f 852/852 1133/1133 857/857
f 871/871 858/858 1134/1134
f 858/858 871/871 864/864
f 1137/1137 1141/1141 982/982
f 1138/1138 1143/1143 1142/1142
f 1143/1143 1138/1138 1145/1145
f 1144/1144 1149/1149 1153/1153
f 1149/1149 1144/1144 1146/1146
f 1154/1154 1155/1155 1159/1159
f 1155/1155 1154/1154 1150/1150
f 1160/1160 1161/1161 1165/1165
f 1161/1161 1160/1160 1156/1156
f 1166/1166 1167/1167 1171/1171
f 1167/1167 1166/1166 1162/1162
f 1172/1172 1173/1173 1177/1177
f 1173/1173 1172/1172 1168/1168
f 1174/1174 1179/1179 1178/1178
f 1179/1179 1174/1174 1181/1181
f 1182/1182 932/932 1180/1180
f 1185/1185 1189/1189 1086/1086
f 1186/1186 1191/1191 1190/1190
f 1191/1191 1186/1186 1193/1193
f 1197/1197 1192/1192 1194/1194
f 1192/1192 1197/1197 1201/1201
f 1203/1203 1202/1202 1198/1198
f 1202/1202 1203/1203 1207/1207
f 1209/1209 1208/1208 1204/1204
f 1208/1208 1209/1209 1213/1213
f 1215/1215 1214/1214 1210/1210
f 1214/1214 1215/1215 1219/1219
f 1221/1221 1220/1220 1216/1216
f 1220/1220 1221/1221 1225/1225
f 1222/1222 1227/1227 1226/1226
f 1227/1227 1222/1222 1229/1229
f 1230/1230 1036/1036 1228/1228
f 1135/1135 904/904 872/872
f 904/904 1135/1135 907/907
f 1131/1131 908/908 1136/1136
f 908/908 1131/1131 913/913
f 1127/1127 914/914 1132/1132
f 914/914 1127/1127 919/919
f 1128/1128 927/927 920/920
f 927/927 1128/1128 1123/1123
f 836/836 928/928 1124/1124
f 937/937 933/933 1233/1233
f 1237/1237 938/938 1234/1234
f 938/938 1237/1237 941/941
f 949/949 1238/1238 1241/1241
f 1238/1238 949/949 942/942
f 955/955 1242/1242 1245/1245
f 1242/1242 955/955 950/950
f 961/961 1246/1246 1249/1249
f 1246/1246 961/961 956/956
f 1253/1253 962/962 1250/1250
f 962/962 1253/1253 965/965
f 1257/1257 966/966 1254/1254
f 966/966 1257/1257 971/971
f 979/979 1258/1258 1261/1261
f 1258/1258 979/979 972/972
f 980/980 1262/1262 983/983
f 828/828 1119/1119 987/987
f 988/988 1115/1115 993/993
f 1115/1115 988/988 1120/1120
f 1116/1116 1001/1001 994/994
f 1001/1001 1116/1116 1111/1111
f 1112/1112 1007/1007 1002/1002
f 1007/1007 1112/1112 1107/1107
f 1108/1108 1013/1013 1008/1008
f 1013/1013 1108/1108 1103/1103
f 1014/1014 1099/1099 1019/1019
f 1099/1099 1014/1014 1104/1104
f 1020/1020 1095/1095 1025/1025
f 1095/1095 1020/1020 1100/1100
f 1096/1096 1031/1031 1026/1026
f 1031/1031 1096/1096 1091/1091
f 776/776 1032/1032 1092/1092
f 1041/1041 1037/1037 1265/1265
f 1269/1269 1042/1042 1266/1266
f 1042/1042 1269/1269 1045/1045
f 1270/1270 1053/1053 1046/1046
f 1053/1053 1270/1270 1273/1273
f 1274/1274 1059/1059 1054/1054
f 1059/1059 1274/1274 1277/1277
f 1278/1278 1065/1065 1060/1060
f 1065/1065 1278/1278 1281/1281
f 1066/1066 1285/1285 1071/1071
f 1285/1285 1066/1066 1282/1282
f 1072/1072 1289/1289 1077/1077
f 1289/1289 1072/1072 1286/1286
f 1083/1083 1290/1290 1293/1293
f 1290/1290 1083/1083 1078/1078
f 1084/1084 1294/1294 1087/1087
f 1263/1263 1139/1139 984/984
f 1264/1264 1147/1147 1140/1140
f 1147/1147 1264/1264 1259/1259
f 1148/1148 1255/1255 1151/1151
f 1255/1255 1148/1148 1260/1260
f 1152/1152 1251/1251 1157/1157
f 1251/1251 1152/1152 1256/1256
f 1158/1158 1247/1247 1163/1163
f 1247/1247 1158/1158 1252/1252
f 1164/1164 1243/1243 1169/1169
f 1243/1243 1164/1164 1248/1248
f 1170/1170 1239/1239 1175/1175
f 1239/1239 1170/1170 1244/1244
f 1176/1176 1235/1235 1183/1183
f 1235/1235 1176/1176 1240/1240
f 1236/1236 934/934 1184/1184
f 1295/1295 1187/1187 1088/1088
f 1296/1296 1195/1195 1188/1188
f 1195/1195 1296/1296 1291/1291
f 1287/1287 1196/1196 1292/1292
f 1196/1196 1287/1287 1199/1199
f 1283/1283 1200/1200 1288/1288
f 1200/1200 1283/1283 1205/1205
f 1279/1279 1206/1206 1284/1284
f 1206/1206 1279/1279 1211/1211
f 1275/1275 1212/1212 1280/1280
f 1212/1212 1275/1275 1217/1217
f 1271/1271 1218/1218 1276/1276
f 1218/1218 1271/1271 1223/1223
f 1224/1224 1267/1267 1231/1231
f 1267/1267 1224/1224 1272/1272
f 1268/1268 1038/1038 1232/1232
f 1297/1297 1301/1301 1305/1305
f 1298/1298 1306/1306 1309/1309
f 1313/1313 1302/1302 1299/1299
f 1307/1307 1315/1315 1319/1319
f 1315/1315 1307/1307 1303/1303
f 1300/1300 1310/1310 1323/1323
f 1311/1311 1320/1320 1325/1325
f 1320/1320 1311/1311 1308/1308
f 1329/1329 1330/1330 1331/1331
f 1330/1330 1329/1329 1332/1332
f 1330/1330 1332/1332 1333/1333
f 1333/1333 1332/1332 1334/1334
f 1334/1334 1332/1332 1335/1335
f 1335/1335 1332/1332 1336/1336
f 1336/1336 1332/1332 1337/1337
f 1337/1337 1332/1332 1338/1338
f 1338/1338 1332/1332 1339/1339
f 1339/1339 1332/1332 1340/1340
f 1340/1340 1332/1332 1341/1341
f 1342/1342 1343/1343 1344/1344
f 1343/1343 1342/1342 1345/1345
f 1343/1343 1345/1345 1346/1346
f 1343/1343 1346/1346 1347/1347
f 1343/1343 1347/1347 1336/1336
f 1343/1343 1336/1336 1348/1348
f 1348/1348 1336/1336 1337/1337
f 1343/1343 1348/1348 1349/1349
f 1343/1343 1349/1349 1350/1350
f 1343/1343 1350/1350 1351/1351
f 1343/1343 1351/1351 1352/1352
f 1304/1304 1353/1353 1316/1316
f 1353/1353 1304/1304 1314/1314
f 1321/1321 1355/1355 1359/1359
f 1355/1355 1321/1321 1317/1317
f 1363/1363 1364/1364 1365/1365
f 1364/1364 1363/1363 1366/1366
f 1364/1364 1366/1366 1367/1367
f 1364/1364 1367/1367 1368/1368
f 1368/1368 1367/1367 1369/1369
f 1368/1368 1369/1369 1370/1370
f 1370/1370 1369/1369 1371/1371
f 1370/1370 1371/1371 1372/1372
f 1372/1372 1371/1371 1373/1373
f 1372/1372 1373/1373 1374/1374
f 1374/1374 1373/1373 1375/1375
f 1374/1374 1375/1375 1376/1376
f 1376/1376 1375/1375 1377/1377
f 1376/1376 1377/1377 1378/1378
f 1378/1378 1377/1377 1379/1379
f 1378/1378 1379/1379 1380/1380
f 1380/1380 1379/1379 1381/1381
f 1380/1380 1381/1381 1382/1382
f 1382/1382 1381/1381 1383/1383
f 1382/1382 1383/1383 1384/1384
f 1384/1384 1383/1383 1385/1385
f 1384/1384 1385/1385 1386/1386
f 1324/1324 1326/1326 1387/1387
f 1326/1326 1324/1324 1312/1312
f 1389/1389 1322/1322 1360/1360
f 1322/1322 1389/1389 1327/1327
f 1393/1393 1394/1394 1395/1395
f 1394/1394 1393/1393 1396/1396
f 1397/1397 1398/1398 1399/1399
f 1398/1398 1397/1397 1400/1400
f 1400/1400 1397/1397 1401/1401
f 1400/1400 1401/1401 1402/1402
f 1402/1402 1401/1401 1403/1403
f 1402/1402 1403/1403 1404/1404
f 1404/1404 1403/1403 1405/1405
f 1405/1405 1403/1403 1406/1406
f 1405/1405 1406/1406 1407/1407
f 1405/1405 1407/1407 1408/1408
f 1408/1408 1407/1407 1409/1409
f 1408/1408 1409/1409 1410/1410
f 1410/1410 1409/1409 1411/1411
f 1410/1410 1411/1411 1412/1412
f 1412/1412 1411/1411 1413/1413
f 1412/1412 1413/1413 1414/1414
f 1414/1414 1413/1413 1415/1415
f 1414/1414 1415/1415 1416/1416
f 1416/1416 1415/1415 1417/1417
f 1416/1416 1417/1417 1418/1418
f 1418/1418 1417/1417 1419/1419
f 1418/1418 1419/1419 1420/1420
f 1421/1421 1425/1425 1429/1429
f 1431/1431 1426/1426 1433/1433
f 1426/1426 1431/1431 1430/1430
f 1432/1432 1437/1437 1441/1441
f 1437/1437 1432/1432 1434/1434
f 1442/1442 1443/1443 1447/1447
f 1443/1443 1442/1442 1438/1438
f 1448/1448 1449/1449 1453/1453
f 1449/1449 1448/1448 1444/1444
f 1454/1454 1455/1455 1459/1459
f 1455/1455 1454/1454 1450/1450
f 1460/1460 1461/1461 1465/1465
f 1461/1461 1460/1460 1456/1456
f 1467/1467 1466/1466 1462/1462
f 1466/1466 1467/1467 1471/1471
f 1472/1472 1468/1468 1473/1473
f 1477/1477 1478/1478 1479/1479
f 1478/1478 1477/1477 1480/1480
f 1481/1481 1485/1485 1489/1489
f 1491/1491 1486/1486 1493/1493
f 1486/1486 1491/1491 1490/1490
f 1497/1497 1492/1492 1494/1494
f 1492/1492 1497/1497 1501/1501
f 1503/1503 1502/1502 1498/1498
f 1502/1502 1503/1503 1507/1507
f 1509/1509 1508/1508 1504/1504
f 1508/1508 1509/1509 1513/1513
f 1356/1356 1514/1514 1510/1510
f 1514/1514 1356/1356 1515/1515
f 1318/1318 1516/1516 1357/1357
f 1516/1516 1318/1318 1354/1354
f 1361/1361 1511/1511 1517/1517
f 1511/1511 1361/1361 1358/1358
f 1521/1521 1522/1522 1523/1523
f 1522/1522 1521/1521 1524/1524
f 1524/1524 1521/1521 1525/1525
f 1525/1525 1521/1521 1526/1526
f 1526/1526 1521/1521 1527/1527
f 1527/1527 1521/1521 1528/1528
f 1528/1528 1521/1521 1529/1529
f 1529/1529 1521/1521 1530/1530
f 1530/1530 1521/1521 1531/1531
f 1531/1531 1521/1521 1532/1532
f 1533/1533 1534/1534 1535/1535
f 1534/1534 1533/1533 1536/1536
f 1536/1536 1533/1533 1537/1537
f 1536/1536 1537/1537 1538/1538
f 1536/1536 1538/1538 1539/1539
f 1536/1536 1539/1539 1527/1527
f 1536/1536 1527/1527 1540/1540
f 1540/1540 1527/1527 1528/1528
f 1536/1536 1540/1540 1541/1541
f 1536/1536 1541/1541 1542/1542
f 1536/1536 1542/1542 1543/1543
f 1536/1536 1543/1543 1544/1544
f 1545/1545 1328/1328 1390/1390
f 1328/1328 1545/1545 1388/1388
f 1547/1547 1391/1391 1549/1549
f 1391/1391 1547/1547 1546/1546
f 1553/1553 1548/1548 1550/1550
f 1548/1548 1553/1553 1557/1557
f 1559/1559 1558/1558 1554/1554
f 1558/1558 1559/1559 1563/1563
f 1565/1565 1564/1564 1560/1560
f 1564/1564 1565/1565 1569/1569
f 1566/1566 1571/1571 1570/1570
f 1571/1571 1566/1566 1573/1573
f 1482/1482 1572/1572 1574/1574
f 1577/1577 1579/1579 1583/1583
f 1587/1587 1578/1578 1584/1584
f 1578/1578 1587/1587 1591/1591
f 1593/1593 1588/1588 1595/1595
f 1588/1588 1593/1593 1592/1592
f 1599/1599 1596/1596 1601/1601
f 1596/1596 1599/1599 1594/1594
f 1605/1605 1602/1602 1607/1607
f 1602/1602 1605/1605 1600/1600
f 1611/1611 1606/1606 1608/1608
f 1606/1606 1611/1611 1615/1615
f 1617/1617 1616/1616 1612/1612
f 1616/1616 1617/1617 1621/1621
f 1623/1623 1618/1618 1625/1625
f 1618/1618 1623/1623 1622/1622
f 1624/1624 1626/1626 1629/1629
f 1551/1551 1362/1362 1518/1518
f 1362/1362 1551/1551 1392/1392
f 1474/1474 1633/1633 1637/1637
f 1638/1638 1639/1639 1643/1643
f 1639/1639 1638/1638 1634/1634
f 1640/1640 1645/1645 1644/1644
f 1645/1645 1640/1640 1647/1647
f 1648/1648 1651/1651 1646/1646
f 1651/1651 1648/1648 1653/1653
f 1654/1654 1657/1657 1652/1652
f 1657/1657 1654/1654 1659/1659
f 1660/1660 1663/1663 1658/1658
f 1663/1663 1660/1660 1665/1665
f 1666/1666 1669/1669 1664/1664
f 1669/1669 1666/1666 1671/1671
f 1672/1672 1675/1675 1670/1670
f 1675/1675 1672/1672 1677/1677
f 1422/1422 1676/1676 1678/1678
f 1681/1681 1683/1683 1687/1687
f 1691/1691 1682/1682 1688/1688
f 1682/1682 1691/1691 1695/1695
f 1692/1692 1697/1697 1696/1696
f 1697/1697 1692/1692 1699/1699
f 1700/1700 1703/1703 1698/1698
f 1703/1703 1700/1700 1705/1705
f 1706/1706 1709/1709 1704/1704
f 1709/1709 1706/1706 1711/1711
f 1712/1712 1715/1715 1710/1710
f 1715/1715 1712/1712 1717/1717
f 1718/1718 1721/1721 1716/1716
f 1721/1721 1718/1718 1723/1723
f 1727/1727 1724/1724 1729/1729
f 1724/1724 1727/1727 1722/1722
f 1728/1728 1730/1730 1733/1733
f 1423/1423 1737/1737 1427/1427
f 1435/1435 1738/1738 1741/1741
f 1738/1738 1435/1435 1428/1428
f 1436/1436 1745/1745 1439/1439
f 1745/1745 1436/1436 1742/1742
f 1440/1440 1749/1749 1445/1445
f 1749/1749 1440/1440 1746/1746
f 1446/1446 1753/1753 1451/1451
f 1753/1753 1446/1446 1750/1750
f 1452/1452 1757/1757 1457/1457
f 1757/1757 1452/1452 1754/1754
f 1458/1458 1761/1761 1463/1463
f 1761/1761 1458/1458 1758/1758
f 1765/1765 1464/1464 1762/1762
f 1464/1464 1765/1765 1469/1469
f 1475/1475 1470/1470 1766/1766
f 1483/1483 1769/1769 1487/1487
f 1495/1495 1770/1770 1773/1773
f 1770/1770 1495/1495 1488/1488
f 1777/1777 1496/1496 1774/1774
f 1496/1496 1777/1777 1499/1499
f 1781/1781 1500/1500 1778/1778
f 1500/1500 1781/1781 1505/1505
f 1519/1519 1506/1506 1782/1782
f 1506/1506 1519/1519 1512/1512
f 1785/1785 1789/1789 1630/1630
f 1786/1786 1791/1791 1790/1790
f 1791/1791 1786/1786 1793/1793
f 1792/1792 1797/1797 1801/1801
f 1797/1797 1792/1792 1794/1794
f 1802/1802 1803/1803 1807/1807
f 1803/1803 1802/1802 1798/1798
f 1808/1808 1809/1809 1813/1813
f 1809/1809 1808/1808 1804/1804
f 1814/1814 1815/1815 1819/1819
f 1815/1815 1814/1814 1810/1810
f 1820/1820 1821/1821 1825/1825
f 1821/1821 1820/1820 1816/1816
f 1822/1822 1827/1827 1826/1826
f 1827/1827 1822/1822 1829/1829
f 1830/1830 1580/1580 1828/1828
f 1833/1833 1837/1837 1734/1734
f 1834/1834 1839/1839 1838/1838
f 1839/1839 1834/1834 1841/1841
f 1845/1845 1840/1840 1842/1842
f 1840/1840 1845/1845 1849/1849
f 1851/1851 1850/1850 1846/1846
f 1850/1850 1851/1851 1855/1855
f 1857/1857 1856/1856 1852/1852
f 1856/1856 1857/1857 1861/1861
f 1863/1863 1862/1862 1858/1858
f 1862/1862 1863/1863 1867/1867
f 1869/1869 1868/1868 1864/1864
f 1868/1868 1869/1869 1873/1873
f 1870/1870 1875/1875 1874/1874
f 1875/1875 1870/1870 1877/1877
f 1878/1878 1684/1684 1876/1876
f 1783/1783 1552/1552 1520/1520
f 1552/1552 1783/1783 1555/1555
f 1779/1779 1556/1556 1784/1784
f 1556/1556 1779/1779 1561/1561
f 1775/1775 1562/1562 1780/1780
f 1562/1562 1775/1775 1567/1567
f 1776/1776 1575/1575 1568/1568
f 1575/1575 1776/1776 1771/1771
f 1484/1484 1576/1576 1772/1772
f 1585/1585 1581/1581 1881/1881
f 1885/1885 1586/1586 1882/1882
f 1586/1586 1885/1885 1589/1589
f 1597/1597 1886/1886 1889/1889
f 1886/1886 1597/1597 1590/1590
f 1603/1603 1890/1890 1893/1893
f 1890/1890 1603/1603 1598/1598
f 1609/1609 1894/1894 1897/1897
f 1894/1894 1609/1609 1604/1604
f 1901/1901 1610/1610 1898/1898
f 1610/1610 1901/1901 1613/1613
f 1905/1905 1614/1614 1902/1902
f 1614/1614 1905/1905 1619/1619
f 1627/1627 1906/1906 1909/1909
f 1906/1906 1627/1627 1620/1620
f 1628/1628 1910/1910 1631/1631
f 1476/1476 1767/1767 1635/1635
f 1636/1636 1763/1763 1641/1641
f 1763/1763 1636/1636 1768/1768
f 1764/1764 1649/1649 1642/1642
f 1649/1649 1764/1764 1759/1759
f 1760/1760 1655/1655 1650/1650
f 1655/1655 1760/1760 1755/1755
f 1756/1756 1661/1661 1656/1656
f 1661/1661 1756/1756 1751/1751
f 1662/1662 1747/1747 1667/1667
f 1747/1747 1662/1662 1752/1752
f 1668/1668 1743/1743 1673/1673
f 1743/1743 1668/1668 1748/1748
f 1744/1744 1679/1679 1674/1674
f 1679/1679 1744/1744 1739/1739
f 1424/1424 1680/1680 1740/1740
f 1689/1689 1685/1685 1913/1913
f 1917/1917 1690/1690 1914/1914
f 1690/1690 1917/1917 1693/1693
f 1918/1918 1701/1701 1694/1694
f 1701/1701 1918/1918 1921/1921
f 1922/1922 1707/1707 1702/1702
f 1707/1707 1922/1922 1925/1925
f 1926/1926 1713/1713 1708/1708
f 1713/1713 1926/1926 1929/1929
f 1714/1714 1933/1933 1719/1719
f 1933/1933 1714/1714 1930/1930
f 1720/1720 1937/1937 1725/1725
f 1937/1937 1720/1720 1934/1934
f 1731/1731 1938/1938 1941/1941
f 1938/1938 1731/1731 1726/1726
f 1732/1732 1942/1942 1735/1735
f 1911/1911 1787/1787 1632/1632
f 1912/1912 1795/1795 1788/1788
f 1795/1795 1912/1912 1907/1907
f 1796/1796 1903/1903 1799/1799
f 1903/1903 1796/1796 1908/1908
f 1800/1800 1899/1899 1805/1805
f 1899/1899 1800/1800 1904/1904
f 1806/1806 1895/1895 1811/1811
f 1895/1895 1806/1806 1900/1900
f 1812/1812 1891/1891 1817/1817
f 1891/1891 1812/1812 1896/1896
f 1818/1818 1887/1887 1823/1823
f 1887/1887 1818/1818 1892/1892
f 1824/1824 1883/1883 1831/1831
f 1883/1883 1824/1824 1888/1888
f 1884/1884 1582/1582 1832/1832
f 1943/1943 1835/1835 1736/1736
f 1944/1944 1843/1843 1836/1836
f 1843/1843 1944/1944 1939/1939
f 1935/1935 1844/1844 1940/1940
f 1844/1844 1935/1935 1847/1847
f 1931/1931 1848/1848 1936/1936
f 1848/1848 1931/1931 1853/1853
f 1927/1927 1854/1854 1932/1932
f 1854/1854 1927/1927 1859/1859
f 1923/1923 1860/1860 1928/1928
f 1860/1860 1923/1923 1865/1865
f 1919/1919 1866/1866 1924/1924
f 1866/1866 1919/1919 1871/1871
f 1872/1872 1915/1915 1879/1879
f 1915/1915 1872/1872 1920/1920
f 1916/1916 1686/1686 1880/1880
f 1945/1945 1949/1949 1953/1953
f 1946/1946 1954/1954 1957/1957
f 1961/1961 1950/1950 1947/1947
f 1955/1955 1963/1963 1967/1967
f 1963/1963 1955/1955 1951/1951
f 1948/1948 1958/1958 1971/1971
f 1959/1959 1968/1968 1973/1973
f 1968/1968 1959/1959 1956/1956
f 1977/1977 1978/1978 1979/1979
f 1978/1978 1977/1977 1980/1980
f 1978/1978 1980/1980 1981/1981
f 1981/1981 1980/1980 1982/1982
f 1982/1982 1980/1980 1983/1983
f 1983/1983 1980/1980 1984/1984
f 1984/1984 1980/1980 1985/1985
f 1985/1985 1980/1980 1986/1986
f 1986/1986 1980/1980 1987/1987
f 1987/1987 1980/1980 1988/1988
f 1988/1988 1980/1980 1989/1989
f 1990/1990 1991/1991 1992/1992
f 1991/1991 1990/1990 1993/1993
f 1991/1991 1993/1993 1994/1994
f 1991/1991 1994/1994 1995/1995
f 1991/1991 1995/1995 1984/1984
f 1991/1991 1984/1984 1996/1996
f 1996/1996 1984/1984 1985/1985
f 1991/1991 1996/1996 1997/1997
f 1991/1991 1997/1997 1998/1998
f 1991/1991 1998/1998 1999/1999
f 1991/1991 1999/1999 2000/2000
f 1952/1952 2001/2001 1964/1964
f 2001/2001 1952/1952 1962/1962
f 1969/1969 2003/2003 2007/2007
f 2003/2003 1969/1969 1965/1965
f 2011/2011 2012/2012 2013/2013
f 2012/2012 2011/2011 2014/2014
f 2012/2012 2014/2014 2015/2015
f 2012/2012 2015/2015 2016/2016
f 2016/2016 2015/2015 2017/2017
f 2016/2016 2017/2017 2018/2018
f 2018/2018 2017/2017 2019/2019
f 2018/2018 2019/2019 2020/2020
f 2020/2020 2019/2019 2021/2021
f 2020/2020 2021/2021 2022/2022
f 2022/2022 2021/2021 2023/2023
f 2022/2022 2023/2023 2024/2024
f 2024/2024 2023/2023 2025/2025
f 2024/2024 2025/2025 2026/2026
f 2026/2026 2025/2025 2027/2027
f 2026/2026 2027/2027 2028/2028
f 2028/2028 2027/2027 2029/2029
f 2028/2028 2029/2029 2030/2030
f 2030/2030 2029/2029 2031/2031
f 2030/2030 2031/2031 2032/2032
f 2032/2032 2031/2031 2033/2033
f 2032/2032 2033/2033 2034/2034
f 1972/1972 1974/1974 2035/2035
f 1974/1974 1972/1972 1960/1960
f 2037/2037 1970/1970 2008/2008
f 1970/1970 2037/2037 1975/1975
f 2041/2041 2042/2042 2043/2043
f 2042/2042 2041/2041 2044/2044
f 2045/2045 2046/2046 2047/2047
f 2046/2046 2045/2045 2048/2048
f 2048/2048 2045/2045 2049/2049
f 2048/2048 2049/2049 2050/2050
f 2050/2050 2049/2049 2051/2051
f 2050/2050 2051/2051 2052/2052
f 2052/2052 2051/2051 2053/2053
f 2053/2053 2051/2051 2054/2054
f 2053/2053 2054/2054 2055/2055
f 2053/2053 2055/2055 2056/2056
f 2056/2056 2055/2055 2057/2057
f 2056/2056 2057/2057 2058/2058
f 2058/2058 2057/2057 2059/2059
f 2058/2058 2059/2059 2060/2060
f 2060/2060 2059/2059 2061/2061
f 2060/2060 2061/2061 2062/2062
f 2062/2062 2061/2061 2063/2063
f 2062/2062 2063/2063 2064/2064
f 2064/2064 2063/2063 2065/2065
f 2064/2064 2065/2065 2066/2066
f 2066/2066 2065/2065 2067/2067
f 2066/2066 2067/2067 2068/2068
f 2069/2069 2073/2073 2077/2077
f 2079/2079 2074/2074 2081/2081
f 2074/2074 2079/2079 2078/2078
f 2080/2080 2085/2085 2089/2089
f 2085/2085 2080/2080 2082/2082
f 2090/2090 2091/2091 2095/2095
f 2091/2091 2090/2090 2086/2086
f 2096/2096 2097/2097 2101/2101
f 2097/2097 2096/2096 2092/2092
f 2102/2102 2103/2103 2107/2107
f 2103/2103 2102/2102 2098/2098
f 2108/2108 2109/2109 2113/2113
f 2109/2109 2108/2108 2104/2104
f 2115/2115 2114/2114 2110/2110
f 2114/2114 2115/2115 2119/2119
f 2120/2120 2116/2116 2121/2121
f 2125/2125 2126/2126 2127/2127
f 2126/2126 2125/2125 2128/2128
f 2129/2129 2133/2133 2137/2137
f 2139/2139 2134/2134 2141/2141
f 2134/2134 2139/2139 2138/2138
f 2145/2145 2140/2140 2142/2142
f 2140/2140 2145/2145 2149/2149
f 2151/2151 2150/2150 2146/2146
f 2150/2150 2151/2151 2155/2155
f 2157/2157 2156/2156 2152/2152
f 2156/2156 2157/2157 2161/2161
f 2004/2004 2162/2162 2158/2158
f 2162/2162 2004/2004 2163/2163
f 1966/1966 2164/2164 2005/2005
f 2164/2164 1966/1966 2002/2002
f 2009/2009 2159/2159 2165/2165
f 2159/2159 2009/2009 2006/2006
f 2169/2169 2170/2170 2171/2171
f 2170/2170 2169/2169 2172/2172
f 2172/2172 2169/2169 2173/2173
f 2173/2173 2169/2169 2174/2174
f 2174/2174 2169/2169 2175/2175
f 2175/2175 2169/2169 2176/2176
f 2176/2176 2169/2169 2177/2177
f 2177/2177 2169/2169 2178/2178
f 2178/2178 2169/2169 2179/2179
f 2179/2179 2169/2169 2180/2180
f 2181/2181 2182/2182 2183/2183
f 2182/2182 2181/2181 2184/2184
f 2184/2184 2181/2181 2185/2185
f 2184/2184 2185/2185 2186/2186
f 2184/2184 2186/2186 2187/2187
f 2184/2184 2187/2187 2175/2175
f 2184/2184 2175/2175 2188/2188
f 2188/2188 2175/2175 2176/2176
f 2184/2184 2188/2188 2189/2189
f 2184/2184 2189/2189 2190/2190
f 2184/2184 2190/2190 2191/2191
f 2184/2184 2191/2191 2192/2192
f 2193/2193 1976/1976 2038/2038
f 1976/1976 2193/2193 2036/2036
f 2195/2195 2039/2039 2197/2197
f 2039/2039 2195/2195 2194/2194
f 2201/2201 2196/2196 2198/2198
f 2196/2196 2201/2201 2205/2205
f 2207/2207 2206/2206 2202/2202
f 2206/2206 2207/2207 2211/2211
f 2213/2213 2212/2212 2208/2208
f 2212/2212 2213/2213 2217/2217
f 2214/2214 2219/2219 2218/2218
f 2219/2219 2214/2214 2221/2221
f 2130/2130 2220/2220 2222/2222
f 2225/2225 2227/2227 2231/2231
f 2235/2235 2226/2226 2232/2232
f 2226/2226 2235/2235 2239/2239
f 2241/2241 2236/2236 2243/2243
f 2236/2236 2241/2241 2240/2240
f 2247/2247 2244/2244 2249/2249
f 2244/2244 2247/2247 2242/2242
f 2253/2253 2250/2250 2255/2255
f 2250/2250 2253/2253 2248/2248
f 2259/2259 2254/2254 2256/2256
f 2254/2254 2259/2259 2263/2263
f 2265/2265 2264/2264 2260/2260
f 2264/2264 2265/2265 2269/2269
f 2271/2271 2266/2266 2273/2273
f 2266/2266 2271/2271 2270/2270
f 2272/2272 2274/2274 2277/2277
f 2199/2199 2010/2010 2166/2166
f 2010/2010 2199/2199 2040/2040
f 2122/2122 2281/2281 2285/2285
f 2286/2286 2287/2287 2291/2291
f 2287/2287 2286/2286 2282/2282
f 2288/2288 2293/2293 2292/2292
f 2293/2293 2288/2288 2295/2295
f 2296/2296 2299/2299 2294/2294
f 2299/2299 2296/2296 2301/2301
f 2302/2302 2305/2305 2300/2300
f 2305/2305 2302/2302 2307/2307
f 2308/2308 2311/2311 2306/2306
f 2311/2311 2308/2308 2313/2313
f 2314/2314 2317/2317 2312/2312
f 2317/2317 2314/2314 2319/2319
f 2320/2320 2323/2323 2318/2318
f 2323/2323 2320/2320 2325/2325
f 2070/2070 2324/2324 2326/2326
f 2329/2329 2331/2331 2335/2335
f 2339/2339 2330/2330 2336/2336
f 2330/2330 2339/2339 2343/2343
f 2340/2340 2345/2345 2344/2344
f 2345/2345 2340/2340 2347/2347
f 2348/2348 2351/2351 2346/2346
f 2351/2351 2348/2348 2353/2353
f 2354/2354 2357/2357 2352/2352
f 2357/2357 2354/2354 2359/2359
f 2360/2360 2363/2363 2358/2358
f 2363/2363 2360/2360 2365/2365
f 2366/2366 2369/2369 2364/2364
f 2369/2369 2366/2366 2371/2371
f 2375/2375 2372/2372 2377/2377
f 2372/2372 2375/2375 2370/2370
f 2376/2376 2378/2378 2381/2381
f 2071/2071 2385/2385 2075/2075
f 2083/2083 2386/2386 2389/2389
f 2386/2386 2083/2083 2076/2076
f 2084/2084 2393/2393 2087/2087
f 2393/2393 2084/2084 2390/2390
f 2088/2088 2397/2397 2093/2093
f 2397/2397 2088/2088 2394/2394
f 2094/2094 2401/2401 2099/2099
f 2401/2401 2094/2094 2398/2398
f 2100/2100 2405/2405 2105/2105
f 2405/2405 2100/2100 2402/2402
f 2106/2106 2409/2409 2111/2111
f 2409/2409 2106/2106 2406/2406
f 2413/2413 2112/2112 2410/2410
f 2112/2112 2413/2413 2117/2117
f 2123/2123 2118/2118 2414/2414
f 2131/2131 2417/2417 2135/2135
f 2143/2143 2418/2418 2421/2421
f 2418/2418 2143/2143 2136/2136
f 2425/2425 2144/2144 2422/2422
f 2144/2144 2425/2425 2147/2147
f 2429/2429 2148/2148 2426/2426
f 2148/2148 2429/2429 2153/2153
f 2167/2167 2154/2154 2430/2430
f 2154/2154 2167/2167 2160/2160
f 2433/2433 2437/2437 2278/2278
f 2434/2434 2439/2439 2438/2438
f 2439/2439 2434/2434 2441/2441
f 2440/2440 2445/2445 2449/2449
f 2445/2445 2440/2440 2442/2442
f 2450/2450 2451/2451 2455/2455
f 2451/2451 2450/2450 2446/2446
f 2456/2456 2457/2457 2461/2461
f 2457/2457 2456/2456 2452/2452
f 2462/2462 2463/2463 2467/2467
f 2463/2463 2462/2462 2458/2458
f 2468/2468 2469/2469 2473/2473
f 2469/2469 2468/2468 2464/2464
f 2470/2470 2475/2475 2474/2474
f 2475/2475 2470/2470 2477/2477
f 2478/2478 2228/2228 2476/2476
f 2481/2481 2485/2485 2382/2382
f 2482/2482 2487/2487 2486/2486
f 2487/2487 2482/2482 2489/2489
f 2493/2493 2488/2488 2490/2490
f 2488/2488 2493/2493 2497/2497
f 2499/2499 2498/2498 2494/2494
f 2498/2498 2499/2499 2503/2503
f 2505/2505 2504/2504 2500/2500
f 2504/2504 2505/2505 2509/2509
f 2511/2511 2510/2510 2506/2506
f 2510/2510 2511/2511 2515/2515
f 2517/2517 2516/2516 2512/2512
f 2516/2516 2517/2517 2521/2521
f 2518/2518 2523/2523 2522/2522
f 2523/2523 2518/2518 2525/2525
f 2526/2526 2332/2332 2524/2524
f 2431/2431 2200/2200 2168/2168
f 2200/2200 2431/2431 2203/2203
f 2427/2427 2204/2204 2432/2432
f 2204/2204 2427/2427 2209/2209
f 2423/2423 2210/2210 2428/2428
f 2210/2210 2423/2423 2215/2215
f 2424/2424 2223/2223 2216/2216
f 2223/2223 2424/2424 2419/2419
f 2132/2132 2224/2224 2420/2420
f 2233/2233 2229/2229 2529/2529
f 2533/2533 2234/2234 2530/2530
f 2234/2234 2533/2533 2237/2237
f 2245/2245 2534/2534 2537/2537
f 2534/2534 2245/2245 2238/2238
f 2251/2251 2538/2538 2541/2541
f 2538/2538 2251/2251 2246/2246
f 2257/2257 2542/2542 2545/2545
f 2542/2542 2257/2257 2252/2252
f 2549/2549 2258/2258 2546/2546
f 2258/2258 2549/2549 2261/2261
f 2553/2553 2262/2262 2550/2550
f 2262/2262 2553/2553 2267/2267
f 2275/2275 2554/2554 2557/2557
f 2554/2554 2275/2275 2268/2268
f 2276/2276 2558/2558 2279/2279
f 2124/2124 2415/2415 2283/2283
f 2284/2284 2411/2411 2289/2289
f 2411/2411 2284/2284 2416/2416
f 2412/2412 2297/2297 2290/2290
f 2297/2297 2412/2412 2407/2407
f 2408/2408 2303/2303 2298/2298
f 2303/2303 2408/2408 2403/2403
f 2404/2404 2309/2309 2304/2304
f 2309/2309 2404/2404 2399/2399
f 2310/2310 2395/2395 2315/2315
f 2395/2395 2310/2310 2400/2400
f 2316/2316 2391/2391 2321/2321
f 2391/2391 2316/2316 2396/2396
f 2392/2392 2327/2327 2322/2322
f 2327/2327 2392/2392 2387/2387
f 2072/2072 2328/2328 2388/2388
f 2337/2337 2333/2333 2561/2561
f 2565/2565 2338/2338 2562/2562
f 2338/2338 2565/2565 2341/2341
f 2566/2566 2349/2349 2342/2342
f 2349/2349 2566/2566 2569/2569
f 2570/2570 2355/2355 2350/2350
f 2355/2355 2570/2570 2573/2573
f 2574/2574 2361/2361 2356/2356
f 2361/2361 2574/2574 2577/2577
f 2362/2362 2581/2581 2367/2367
f 2581/2581 2362/2362 2578/2578
f 2368/2368 2585/2585 2373/2373
f 2585/2585 2368/2368 2582/2582
f 2379/2379 2586/2586 2589/2589
f 2586/2586 2379/2379 2374/2374
f 2380/2380 2590/2590 2383/2383
f 2559/2559 2435/2435 2280/2280
f 2560/2560 2443/2443 2436/2436
f 2443/2443 2560/2560 2555/2555
f 2444/2444 2551/2551 2447/2447
f 2551/2551 2444/2444 2556/2556
f 2448/2448 2547/2547 2453/2453
f 2547/2547 2448/2448 2552/2552
f 2454/2454 2543/2543 2459/2459
f 2543/2543 2454/2454 2548/2548
f 2460/2460 2539/2539 2465/2465
f 2539/2539 2460/2460 2544/2544
f 2466/2466 2535/2535 2471/2471
f 2535/2535 2466/2466 2540/2540
f 2472/2472 2531/2531 2479/2479
f 2531/2531 2472/2472 2536/2536
f 2532/2532 2230/2230 2480/2480
f 2591/2591 2483/2483 2384/2384
f 2592/2592 2491/2491 2484/2484
f 2491/2491 2592/2592 2587/2587
f 2583/2583 2492/2492 2588/2588
f 2492/2492 2583/2583 2495/2495
f 2579/2579 2496/2496 2584/2584
f 2496/2496 2579/2579 2501/2501
f 2575/2575 2502/2502 2580/2580
f 2502/2502 2575/2575 2507/2507
f 2571/2571 2508/2508 2576/2576
f 2508/2508 2571/2571 2513/2513
f 2567/2567 2514/2514 2572/2572
f 2514/2514 2567/2567 2519/2519
f 2520/2520 2563/2563 2527/2527
f 2563/2563 2520/2520 2568/2568
f 2564/2564 2334/2334 2528/2528
f 2593/2593 2597/2597 2601/2601
f 2594/2594 2602/2602 2605/2605
f 2609/2609 2598/2598 2595/2595
f 2603/2603 2611/2611 2615/2615
f 2611/2611 2603/2603 2599/2599
f 2596/2596 2606/2606 2619/2619
f 2607/2607 2616/2616 2621/2621
f 2616/2616 2607/2607 2604/2604
f 2625/2625 2626/2626 2627/2627
f 2626/2626 2625/2625 2628/2628
f 2626/2626 2628/2628 2629/2629
f 2629/2629 2628/2628 2630/2630
f 2630/2630 2628/2628 2631/2631
f 2631/2631 2628/2628 2632/2632
f 2632/2632 2628/2628 2633/2633
f 2633/2633 2628/2628 2634/2634
f 2634/2634 2628/2628 2635/2635
f 2635/2635 2628/2628 2636/2636
f 2636/2636 2628/2628 2637/2637
f 2638/2638 2639/2639 2640/2640
f 2639/2639 2638/2638 2641/2641
f 2639/2639 2641/2641 2642/2642
f 2639/2639 2642/2642 2643/2643
f 2639/2639 2643/2643 2632/2632
f 2639/2639 2632/2632 2644/2644
f 2644/2644 2632/2632 2633/2633
f 2639/2639 2644/2644 2645/2645
f 2639/2639 2645/2645 2646/2646
f 2639/2639 2646/2646 2647/2647
f 2639/2639 2647/2647 2648/2648
f 2600/2600 2649/2649 2612/2612
f 2649/2649 2600/2600 2610/2610
f 2617/2617 2651/2651 2655/2655
f 2651/2651 2617/2617 2613/2613
f 2659/2659 2660/2660 2661/2661
f 2660/2660 2659/2659 2662/2662
f 2660/2660 2662/2662 2663/2663
f 2660/2660 2663/2663 2664/2664
f 2664/2664 2663/2663 2665/2665
f 2664/2664 2665/2665 2666/2666
f 2666/2666 2665/2665 2667/2667
f 2666/2666 2667/2667 2668/2668
f 2668/2668 2667/2667 2669/2669
f 2668/2668 2669/2669 2670/2670
f 2670/2670 2669/2669 2671/2671
f 2670/2670 2671/2671 2672/2672
f 2672/2672 2671/2671 2673/2673
f 2672/2672 2673/2673 2674/2674
f 2674/2674 2673/2673 2675/2675
f 2674/2674 2675/2675 2676/2676
f 2676/2676 2675/2675 2677/2677
f 2676/2676 2677/2677 2678/2678
f 2678/2678 2677/2677 2679/2679
f 2678/2678 2679/2679 2680/2680
f 2680/2680 2679/2679 2681/2681
f 2680/2680 2681/2681 2682/2682
f 2620/2620 2622/2622 2683/2683
f 2622/2622 2620/2620 2608/2608
f 2685/2685 2618/2618 2656/2656
f 2618/2618 2685/2685 2623/2623
f 2689/2689 2690/2690 2691/2691
f 2690/2690 2689/2689 2692/2692
f 2693/2693 2694/2694 2695/2695
f 2694/2694 2693/2693 2696/2696
f 2696/2696 2693/2693 2697/2697
f 2696/2696 2697/2697 2698/2698
f 2698/2698 2697/2697 2699/2699
f 2698/2698 2699/2699 2700/2700
f 2700/2700 2699/2699 2701/2701
f 2701/2701 2699/2699 2702/2702
f 2701/2701 2702/2702 2703/2703
f 2701/2701 2703/2703 2704/2704
f 2704/2704 2703/2703 2705/2705
f 2704/2704 2705/2705 2706/2706
f 2706/2706 2705/2705 2707/2707
f 2706/2706 2707/2707 2708/2708
f 2708/2708 2707/2707 2709/2709
f 2708/2708 2709/2709 2710/2710
f 2710/2710 2709/2709 2711/2711
f 2710/2710 2711/2711 2712/2712
f 2712/2712 2711/2711 2713/2713
f 2712/2712 2713/2713 2714/2714
f 2714/2714 2713/2713 2715/2715
f 2714/2714 2715/2715 2716/2716
f 2717/2717 2721/2721 2725/2725
f 2727/2727 2722/2722 2729/2729
f 2722/2722 2727/2727 2726/2726
f 2728/2728 2733/2733 2737/2737
f 2733/2733 2728/2728 2730/2730
f 2738/2738 2739/2739 2743/2743
f 2739/2739 2738/2738 2734/2734
f 2744/2744 2745/2745 2749/2749
f 2745/2745 2744/2744 2740/2740
f 2750/2750 2751/2751 2755/2755
f 2751/2751 2750/2750 2746/2746
f 2756/2756 2757/2757 2761/2761
f 2757/2757 2756/2756 2752/2752
f 2763/2763 2762/2762 2758/2758
f 2762/2762 2763/2763 2767/2767
f 2768/2768 2764/2764 2769/2769
f 2773/2773 2774/2774 2775/2775
f 2774/2774 2773/2773 2776/2776
f 2777/2777 2781/2781 2785/2785
f 2787/2787 2782/2782 2789/2789
f 2782/2782 2787/2787 2786/2786
f 2793/2793 2788/2788 2790/2790
f 2788/2788 2793/2793 2797/2797
f 2799/2799 2798/2798 2794/2794
f 2798/2798 2799/2799 2803/2803
f 2805/2805 2804/2804 2800/2800
f 2804/2804 2805/2805 2809/2809
f 2652/2652 2810/2810 2806/2806
f 2810/2810 2652/2652 2811/2811
f 2614/2614 2812/2812 2653/2653
f 2812/2812 2614/2614 2650/2650
f 2657/2657 2807/2807 2813/2813
f 2807/2807 2657/2657 2654/2654
f 2817/2817 2818/2818 2819/2819
f 2818/2818 2817/2817 2820/2820
f 2820/2820 2817/2817 2821/2821
f 2821/2821 2817/2817 2822/2822
f 2822/2822 2817/2817 2823/2823
f 2823/2823 2817/2817 2824/2824
f 2824/2824 2817/2817 2825/2825
f 2825/2825 2817/2817 2826/2826
f 2826/2826 2817/2817 2827/2827
f 2827/2827 2817/2817 2828/2828
f 2829/2829 2830/2830 2831/2831
f 2830/2830 2829/2829 2832/2832
f 2832/2832 2829/2829 2833/2833
f 2832/2832 2833/2833 2834/2834
f 2832/2832 2834/2834 2835/2835
f 2832/2832 2835/2835 2823/2823
f 2832/2832 2823/2823 2836/2836
f 2836/2836 2823/2823 2824/2824
f 2832/2832 2836/2836 2837/2837
f 2832/2832 2837/2837 2838/2838
f 2832/2832 2838/2838 2839/2839
f 2832/2832 2839/2839 2840/2840
f 2841/2841 2624/2624 2686/2686
f 2624/2624 2841/2841 2684/2684
f 2843/2843 2687/2687 2845/2845
f 2687/2687 2843/2843 2842/2842
f 2849/2849 2844/2844 2846/2846
f 2844/2844 2849/2849 2853/2853
f 2855/2855 2854/2854 2850/2850
f 2854/2854 2855/2855 2859/2859
f 2861/2861 2860/2860 2856/2856
f 2860/2860 2861/2861 2865/2865
f 2862/2862 2867/2867 2866/2866
f 2867/2867 2862/2862 2869/2869
f 2778/2778 2868/2868 2870/2870
f 2873/2873 2875/2875 2879/2879
f 2883/2883 2874/2874 2880/2880
f 2874/2874 2883/2883 2887/2887
f 2889/2889 2884/2884 2891/2891
f 2884/2884 2889/2889 2888/2888
f 2895/2895 2892/2892 2897/2897
f 2892/2892 2895/2895 2890/2890
f 2901/2901 2898/2898 2903/2903
f 2898/2898 2901/2901 2896/2896
f 2907/2907 2902/2902 2904/2904
f 2902/2902 2907/2907 2911/2911
f 2913/2913 2912/2912 2908/2908
f 2912/2912 2913/2913 2917/2917
f 2919/2919 2914/2914 2921/2921
f 2914/2914 2919/2919 2918/2918
f 2920/2920 2922/2922 2925/2925
f 2847/2847 2658/2658 2814/2814
f 2658/2658 2847/2847 2688/2688
f 2770/2770 2929/2929 2933/2933
f 2934/2934 2935/2935 2939/2939
f 2935/2935 2934/2934 2930/2930
f 2936/2936 2941/2941 2940/2940
f 2941/2941 2936/2936 2943/2943
f 2944/2944 2947/2947 2942/2942
f 2947/2947 2944/2944 2949/2949
f 2950/2950 2953/2953 2948/2948
f 2953/2953 2950/2950 2955/2955
f 2956/2956 2959/2959 2954/2954
f 2959/2959 2956/2956 2961/2961
f 2962/2962 2965/2965 2960/2960
f 2965/2965 2962/2962 2967/2967
f 2968/2968 2971/2971 2966/2966
f 2971/2971 2968/2968 2973/2973
f 2718/2718 2972/2972 2974/2974
f 2977/2977 2979/2979 2983/2983
f 2987/2987 2978/2978 2984/2984
f 2978/2978 2987/2987 2991/2991
f 2988/2988 2993/2993 2992/2992
f 2993/2993 2988/2988 2995/2995
f 2996/2996 2999/2999 2994/2994
f 2999/2999 2996/2996 3001/3001
f 3002/3002 3005/3005 3000/3000
f 3005/3005 3002/3002 3007/3007
f 3008/3008 3011/3011 3006/3006
f 3011/3011 3008/3008 3013/3013
f 3014/3014 3017/3017 3012/3012
f 3017/3017 3014/3014 3019/3019
f 3023/3023 3020/3020 3025/3025
f 3020/3020 3023/3023 3018/3018
f 3024/3024 3026/3026 3029/3029
f 2719/2719 3033/3033 2723/2723
f 2731/2731 3034/3034 3037/3037
f 3034/3034 2731/2731 2724/2724
f 2732/2732 3041/3041 2735/2735
f 3041/3041 2732/2732 3038/3038
f 2736/2736 3045/3045 2741/2741
f 3045/3045 2736/2736 3042/3042
f 2742/2742 3049/3049 2747/2747
f 3049/3049 2742/2742 3046/3046
f 2748/2748 3053/3053 2753/2753
f 3053/3053 2748/2748 3050/3050
f 2754/2754 3057/3057 2759/2759
f 3057/3057 2754/2754 3054/3054
f 3061/3061 2760/2760 3058/3058
f 2760/2760 3061/3061 2765/2765
f 2771/2771 2766/2766 3062/3062
f 2779/2779 3065/3065 2783/2783
f 2791/2791 3066/3066 3069/3069
f 3066/3066 2791/2791 2784/2784
f 3073/3073 2792/2792 3070/3070
f 2792/2792 3073/3073 2795/2795
f 3077/3077 2796/2796 3074/3074
f 2796/2796 3077/3077 2801/2801
f 2815/2815 2802/2802 3078/3078
f 2802/2802 2815/2815 2808/2808
f 3081/3081 3085/3085 2926/2926
f 3082/3082 3087/3087 3086/3086
f 3087/3087 3082/3082 3089/3089
f 3088/3088 3093/3093 3097/3097
f 3093/3093 3088/3088 3090/3090
f 3098/3098 3099/3099 3103/3103
f 3099/3099 3098/3098 3094/3094
f 3104/3104 3105/3105 3109/3109
f 3105/3105 3104/3104 3100/3100
f 3110/3110 3111/3111 3115/3115
f 3111/3111 3110/3110 3106/3106
f 3116/3116 3117/3117 3121/3121
f 3117/3117 3116/3116 3112/3112
f 3118/3118 3123/3123 3122/3122
f 3123/3123 3118/3118 3125/3125
f 3126/3126 2876/2876 3124/3124
f 3129/3129 3133/3133 3030/3030
f 3130/3130 3135/3135 3134/3134
f 3135/3135 3130/3130 3137/3137
f 3141/3141 3136/3136 3138/3138
f 3136/3136 3141/3141 3145/3145
f 3147/3147 3146/3146 3142/3142
f 3146/3146 3147/3147 3151/3151
f 3153/3153 3152/3152 3148/3148
f 3152/3152 3153/3153 3157/3157
f 3159/3159 3158/3158 3154/3154
f 3158/3158 3159/3159 3163/3163
f 3165/3165 3164/3164 3160/3160
f 3164/3164 3165/3165 3169/3169
f 3166/3166 3171/3171 3170/3170
f 3171/3171 3166/3166 3173/3173
f 3174/3174 2980/2980 3172/3172
f 3079/3079 2848/2848 2816/2816
f 2848/2848 3079/3079 2851/2851
f 3075/3075 2852/2852 3080/3080
f 2852/2852 3075/3075 2857/2857
f 3071/3071 2858/2858 3076/3076
f 2858/2858 3071/3071 2863/2863
f 3072/3072 2871/2871 2864/2864
f 2871/2871 3072/3072 3067/3067
f 2780/2780 2872/2872 3068/3068
f 2881/2881 2877/2877 3177/3177
f 3181/3181 2882/2882 3178/3178
f 2882/2882 3181/3181 2885/2885
f 2893/2893 3182/3182 3185/3185
f 3182/3182 2893/2893 2886/2886
f 2899/2899 3186/3186 3189/3189
f 3186/3186 2899/2899 2894/2894
f 2905/2905 3190/3190 3193/3193
f 3190/3190 2905/2905 2900/2900
f 3197/3197 2906/2906 3194/3194
f 2906/2906 3197/3197 2909/2909
f 3201/3201 2910/2910 3198/3198
f 2910/2910 3201/3201 2915/2915
f 2923/2923 3202/3202 3205/3205
f 3202/3202 2923/2923 2916/2916
f 2924/2924 3206/3206 2927/2927
f 2772/2772 3063/3063 2931/2931
f 2932/2932 3059/3059 2937/2937
f 3059/3059 2932/2932 3064/3064
f 3060/3060 2945/2945 2938/2938
f 2945/2945 3060/3060 3055/3055
f 3056/3056 2951/2951 2946/2946
f 2951/2951 3056/3056 3051/3051
f 3052/3052 2957/2957 2952/2952
f 2957/2957 3052/3052 3047/3047
f 2958/2958 3043/3043 2963/2963
f 3043/3043 2958/2958 3048/3048
f 2964/2964 3039/3039 2969/2969
f 3039/3039 2964/2964 3044/3044
f 3040/3040 2975/2975 2970/2970
f 2975/2975 3040/3040 3035/3035
f 2720/2720 2976/2976 3036/3036
f 2985/2985 2981/2981 3209/3209
f 3213/3213 2986/2986 3210/3210
f 2986/2986 3213/3213 2989/2989
f 3214/3214 2997/2997 2990/2990
f 2997/2997 3214/3214 3217/3217
f 3218/3218 3003/3003 2998/2998
f 3003/3003 3218/3218 3221/3221
f 3222/3222 3009/3009 3004/3004
f 3009/3009 3222/3222 3225/3225
f 3010/3010 3229/3229 3015/3015
f 3229/3229 3010/3010 3226/3226
f 3016/3016 3233/3233 3021/3021
f 3233/3233 3016/3016 3230/3230
f 3027/3027 3234/3234 3237/3237
f 3234/3234 3027/3027 3022/3022
f 3028/3028 3238/3238 3031/3031
f 3207/3207 3083/3083 2928/2928
f 3208/3208 3091/3091 3084/3084
f 3091/3091 3208/3208 3203/3203
f 3092/3092 3199/3199 3095/3095
f 3199/3199 3092/3092 3204/3204
f 3096/3096 3195/3195 3101/3101
f 3195/3195 3096/3096 3200/3200
f 3102/3102 3191/3191 3107/3107
f 3191/3191 3102/3102 3196/3196
f 3108/3108 3187/3187 3113/3113
f 3187/3187 3108/3108 3192/3192
f 3114/3114 3183/3183 3119/3119
f 3183/3183 3114/3114 3188/3188
f 3120/3120 3179/3179 3127/3127
f 3179/3179 3120/3120 3184/3184
f 3180/3180 2878/2878 3128/3128
f 3239/3239 3131/3131 3032/3032
f 3240/3240 3139/3139 3132/3132
f 3139/3139 3240/3240 3235/3235
f 3231/3231 3140/3140 3236/3236
f 3140/3140 3231/3231 3143/3143
f 3227/3227 3144/3144 3232/3232
f 3144/3144 3227/3227 3149/3149
f 3223/3223 3150/3150 3228/3228
f 3150/3150 3223/3223 3155/3155
f 3219/3219 3156/3156 3224/3224
f 3156/3156 3219/3219 3161/3161
f 3215/3215 3162/3162 3220/3220
f 3162/3162 3215/3215 3167/3167
f 3168/3168 3211/3211 3175/3175
f 3211/3211 3168/3168 3216/3216
f 3212/3212 2982/2982 3176/3176
f 3241/3241 3245/3245 3249/3249
f 3242/3242 3250/3250 3253/3253
f 3257/3257 3246/3246 3243/3243
f 3251/3251 3259/3259 3263/3263
f 3259/3259 3251/3251 3247/3247
f 3244/3244 3254/3254 3267/3267
f 3255/3255 3264/3264 3269/3269
f 3264/3264 3255/3255 3252/3252
f 3273/3273 3274/3274 3275/3275
f 3274/3274 3273/3273 3276/3276
f 3274/3274 3276/3276 3277/3277
f 3277/3277 3276/3276 3278/3278
f 3278/3278 3276/3276 3279/3279
f 3279/3279 3276/3276 3280/3280
f 3280/3280 3276/3276 3281/3281
f 3281/3281 3276/3276 3282/3282
f 3282/3282 3276/3276 3283/3283
f 3283/3283 3276/3276 3284/3284
f 3284/3284 3276/3276 3285/3285
f 3286/3286 3287/3287 3288/3288
f 3287/3287 3286/3286 3289/3289
f 3287/3287 3289/3289 3290/3290
f 3287/3287 3290/3290 3291/3291
f 3287/3287 3291/3291 3280/3280
f 3287/3287 3280/3280 3292/3292
f 3292/3292 3280/3280 3281/3281
f 3287/3287 3292/3292 3293/3293
f 3287/3287 3293/3293 3294/3294
f 3287/3287 3294/3294 3295/3295
f 3287/3287 3295/3295 3296/3296
f 3248/3248 3297/3297 3260/3260
f 3297/3297 3248/3248 3258/3258
f 3265/3265 3299/3299 3303/3303
f 3299/3299 3265/3265 3261/3261
f 3307/3307 3308/3308 3309/3309
f 3308/3308 3307/3307 3310/3310
f 3308/3308 3310/3310 3311/3311
f 3308/3308 3311/3311 3312/3312
f 3312/3312 3311/3311 3313/3313
f 3312/3312 3313/3313 3314/3314
f 3314/3314 3313/3313 3315/3315
f 3314/3314 3315/3315 3316/3316
f 3316/3316 3315/3315 3317/3317
f 3316/3316 3317/3317 3318/3318
f 3318/3318 3317/3317 3319/3319
f 3318/3318 3319/3319 3320/3320
f 3320/3320 3319/3319 3321/3321
f 3320/3320 3321/3321 3322/3322
f 3322/3322 3321/3321 3323/3323
f 3322/3322 3323/3323 3324/3324
f 3324/3324 3323/3323 3325/3325
f 3324/3324 3325/3325 3326/3326
f 3326/3326 3325/3325 3327/3327
f 3326/3326 3327/3327 3328/3328
f 3328/3328 3327/3327 3329/3329
f 3328/3328 3329/3329 3330/3330
f 3268/3268 3270/3270 3331/3331
f 3270/3270 3268/3268 3256/3256
f 3333/3333 3266/3266 3304/3304
f 3266/3266 3333/3333 3271/3271
f 3337/3337 3338/3338 3339/3339
f 3338/3338 3337/3337 3340/3340
f 3341/3341 3342/3342 3343/3343
f 3342/3342 3341/3341 3344/3344
f 3344/3344 3341/3341 3345/3345
f 3344/3344 3345/3345 3346/3346
f 3346/3346 3345/3345 3347/3347
f 3346/3346 3347/3347 3348/3348
f 3348/3348 3347/3347 3349/3349
f 3349/3349 3347/3347 3350/3350
f 3349/3349 3350/3350 3351/3351
f 3349/3349 3351/3351 3352/3352
f 3352/3352 3351/3351 3353/3353
f 3352/3352 3353/3353 3354/3354
f 3354/3354 3353/3353 3355/3355
f 3354/3354 3355/3355 3356/3356
f 3356/3356 3355/3355 3357/3357
f 3356/3356 3357/3357 3358/3358
f 3358/3358 3357/3357 3359/3359
f 3358/3358 3359/3359 3360/3360
f 3360/3360 3359/3359 3361/3361
f 3360/3360 3361/3361 3362/3362
f 3362/3362 3361/3361 3363/3363
f 3362/3362 3363/3363 3364/3364
f 3365/3365 3369/3369 3373/3373
f 3375/3375 3370/3370 3377/3377
f 3370/3370 3375/3375 3374/3374
f 3376/3376 3381/3381 3385/3385
f 3381/3381 3376/3376 3378/3378
f 3386/3386 3387/3387 3391/3391
f 3387/3387 3386/3386 3382/3382
f 3392/3392 3393/3393 3397/3397
f 3393/3393 3392/3392 3388/3388
f 3398/3398 3399/3399 3403/3403
f 3399/3399 3398/3398 3394/3394
f 3404/3404 3405/3405 3409/3409
f 3405/3405 3404/3404 3400/3400
f 3411/3411 3410/3410 3406/3406
f 3410/3410 3411/3411 3415/3415
f 3416/3416 3412/3412 3417/3417
f 3421/3421 3422/3422 3423/3423
f 3422/3422 3421/3421 3424/3424
f 3425/3425 3429/3429 3433/3433
f 3435/3435 3430/3430 3437/3437
f 3430/3430 3435/3435 3434/3434
f 3441/3441 3436/3436 3438/3438
f 3436/3436 3441/3441 3445/3445
f 3447/3447 3446/3446 3442/3442
f 3446/3446 3447/3447 3451/3451
f 3453/3453 3452/3452 3448/3448
f 3452/3452 3453/3453 3457/3457
f 3300/3300 3458/3458 3454/3454
f 3458/3458 3300/3300 3459/3459
f 3262/3262 3460/3460 3301/3301
f 3460/3460 3262/3262 3298/3298
f 3305/3305 3455/3455 3461/3461
f 3455/3455 3305/3305 3302/3302
f 3465/3465 3466/3466 3467/3467
f 3466/3466 3465/3465 3468/3468
f 3468/3468 3465/3465 3469/3469
f 3469/3469 3465/3465 3470/3470
f 3470/3470 3465/3465 3471/3471
f 3471/3471 3465/3465 3472/3472
f 3472/3472 3465/3465 3473/3473
f 3473/3473 3465/3465 3474/3474
f 3474/3474 3465/3465 3475/3475
f 3475/3475 3465/3465 3476/3476
f 3477/3477 3478/3478 3479/3479
f 3478/3478 3477/3477 3480/3480
f 3480/3480 3477/3477 3481/3481
f 3480/3480 3481/3481 3482/3482
f 3480/3480 3482/3482 3483/3483
f 3480/3480 3483/3483 3471/3471
f 3480/3480 3471/3471 3484/3484
f 3484/3484 3471/3471 3472/3472
f 3480/3480 3484/3484 3485/3485
f 3480/3480 3485/3485 3486/3486
f 3480/3480 3486/3486 3487/3487
f 3480/3480 3487/3487 3488/3488
f 3489/3489 3272/3272 3334/3334
f 3272/3272 3489/3489 3332/3332
f 3491/3491 3335/3335 3493/3493
f 3335/3335 3491/3491 3490/3490
f 3497/3497 3492/3492 3494/3494
f 3492/3492 3497/3497 3501/3501
f 3503/3503 3502/3502 3498/3498
f 3502/3502 3503/3503 3507/3507
f 3509/3509 3508/3508 3504/3504
f 3508/3508 3509/3509 3513/3513
f 3510/3510 3515/3515 3514/3514
f 3515/3515 3510/3510 3517/3517
f 3426/3426 3516/3516 3518/3518
f 3521/3521 3523/3523 3527/3527
f 3531/3531 3522/3522 3528/3528
f 3522/3522 3531/3531 3535/3535
f 3537/3537 3532/3532 3539/3539
f 3532/3532 3537/3537 3536/3536
f 3543/3543 3540/3540 3545/3545
f 3540/3540 3543/3543 3538/3538
f 3549/3549 3546/3546 3551/3551
f 3546/3546 3549/3549 3544/3544
f 3555/3555 3550/3550 3552/3552
f 3550/3550 3555/3555 3559/3559
f 3561/3561 3560/3560 3556/3556
f 3560/3560 3561/3561 3565/3565
f 3567/3567 3562/3562 3569/3569
f 3562/3562 3567/3567 3566/3566
f 3568/3568 3570/3570 3573/3573
f 3495/3495 3306/3306 3462/3462
f 3306/3306 3495/3495 3336/3336
f 3418/3418 3577/3577 3581/3581
f 3582/3582 3583/3583 3587/3587
f 3583/3583 3582/3582 3578/3578
f 3584/3584 3589/3589 3588/3588
f 3589/3589 3584/3584 3591/3591
f 3592/3592 3595/3595 3590/3590
f 3595/3595 3592/3592 3597/3597
f 3598/3598 3601/3601 3596/3596
f 3601/3601 3598/3598 3603/3603
f 3604/3604 3607/3607 3602/3602
f 3607/3607 3604/3604 3609/3609
f 3610/3610 3613/3613 3608/3608
f 3613/3613 3610/3610 3615/3615
f 3616/3616 3619/3619 3614/3614
f 3619/3619 3616/3616 3621/3621
f 3366/3366 3620/3620 3622/3622
f 3625/3625 3627/3627 3631/3631
f 3635/3635 3626/3626 3632/3632
f 3626/3626 3635/3635 3639/3639
f 3636/3636 3641/3641 3640/3640
f 3641/3641 3636/3636 3643/3643
f 3644/3644 3647/3647 3642/3642
f 3647/3647 3644/3644 3649/3649
f 3650/3650 3653/3653 3648/3648
f 3653/3653 3650/3650 3655/3655
f 3656/3656 3659/3659 3654/3654
f 3659/3659 3656/3656 3661/3661
f 3662/3662 3665/3665 3660/3660
f 3665/3665 3662/3662 3667/3667
f 3671/3671 3668/3668 3673/3673
f 3668/3668 3671/3671 3666/3666
f 3672/3672 3674/3674 3677/3677
f 3367/3367 3681/3681 3371/3371
f 3379/3379 3682/3682 3685/3685
f 3682/3682 3379/3379 3372/3372
f 3380/3380 3689/3689 3383/3383
f 3689/3689 3380/3380 3686/3686
f 3384/3384 3693/3693 3389/3389
f 3693/3693 3384/3384 3690/3690
f 3390/3390 3697/3697 3395/3395
f 3697/3697 3390/3390 3694/3694
f 3396/3396 3701/3701 3401/3401
f 3701/3701 3396/3396 3698/3698
f 3402/3402 3705/3705 3407/3407
f 3705/3705 3402/3402 3702/3702
f 3709/3709 3408/3408 3706/3706
f 3408/3408 3709/3709 3413/3413
f 3419/3419 3414/3414 3710/3710
f 3427/3427 3713/3713 3431/3431
f 3439/3439 3714/3714 3717/3717
f 3714/3714 3439/3439 3432/3432
f 3721/3721 3440/3440 3718/3718
f 3440/3440 3721/3721 3443/3443
f 3725/3725 3444/3444 3722/3722
f 3444/3444 3725/3725 3449/3449
f 3463/3463 3450/3450 3726/3726
f 3450/3450 3463/3463 3456/3456
f 3729/3729 3733/3733 3574/3574
f 3730/3730 3735/3735 3734/3734
f 3735/3735 3730/3730 3737/3737
f 3736/3736 3741/3741 3745/3745
f 3741/3741 3736/3736 3738/3738
f 3746/3746 3747/3747 3751/3751
f 3747/3747 3746/3746 3742/3742
f 3752/3752 3753/3753 3757/3757
f 3753/3753 3752/3752 3748/3748
f 3758/3758 3759/3759 3763/3763
f 3759/3759 3758/3758 3754/3754
f 3764/3764 3765/3765 3769/3769
f 3765/3765 3764/3764 3760/3760
f 3766/3766 3771/3771 3770/3770
f 3771/3771 3766/3766 3773/3773
f 3774/3774 3524/3524 3772/3772
f 3777/3777 3781/3781 3678/3678
f 3778/3778 3783/3783 3782/3782
f 3783/3783 3778/3778 3785/3785
f 3789/3789 3784/3784 3786/3786
f 3784/3784 3789/3789 3793/3793
f 3795/3795 3794/3794 3790/3790
f 3794/3794 3795/3795 3799/3799
f 3801/3801 3800/3800 3796/3796
f 3800/3800 3801/3801 3805/3805
f 3807/3807 3806/3806 3802/3802
f 3806/3806 3807/3807 3811/3811
f 3813/3813 3812/3812 3808/3808
f 3812/3812 3813/3813 3817/3817
f 3814/3814 3819/3819 3818/3818
f 3819/3819 3814/3814 3821/3821
f 3822/3822 3628/3628 3820/3820
f 3727/3727 3496/3496 3464/3464
f 3496/3496 3727/3727 3499/3499
f 3723/3723 3500/3500 3728/3728
f 3500/3500 3723/3723 3505/3505
f 3719/3719 3506/3506 3724/3724
f 3506/3506 3719/3719 3511/3511
f 3720/3720 3519/3519 3512/3512
f 3519/3519 3720/3720 3715/3715
f 3428/3428 3520/3520 3716/3716
f 3529/3529 3525/3525 3825/3825
f 3829/3829 3530/3530 3826/3826
f 3530/3530 3829/3829 3533/3533
f 3541/3541 3830/3830 3833/3833
f 3830/3830 3541/3541 3534/3534
f 3547/3547 3834/3834 3837/3837
f 3834/3834 3547/3547 3542/3542
f 3553/3553 3838/3838 3841/3841
f 3838/3838 3553/3553 3548/3548
f 3845/3845 3554/3554 3842/3842
f 3554/3554 3845/3845 3557/3557
f 3849/3849 3558/3558 3846/3846
f 3558/3558 3849/3849 3563/3563
f 3571/3571 3850/3850 3853/3853
f 3850/3850 3571/3571 3564/3564
f 3572/3572 3854/3854 3575/3575
f 3420/3420 3711/3711 3579/3579
f 3580/3580 3707/3707 3585/3585
f 3707/3707 3580/3580 3712/3712
f 3708/3708 3593/3593 3586/3586
f 3593/3593 3708/3708 3703/3703
f 3704/3704 3599/3599 3594/3594
f 3599/3599 3704/3704 3699/3699
f 3700/3700 3605/3605 3600/3600
f 3605/3605 3700/3700 3695/3695
f 3606/3606 3691/3691 3611/3611
f 3691/3691 3606/3606 3696/3696
f 3612/3612 3687/3687 3617/3617
f 3687/3687 3612/3612 3692/3692
f 3688/3688 3623/3623 3618/3618
f 3623/3623 3688/3688 3683/3683
f 3368/3368 3624/3624 3684/3684
f 3633/3633 3629/3629 3857/3857
f 3861/3861 3634/3634 3858/3858
f 3634/3634 3861/3861 3637/3637
f 3862/3862 3645/3645 3638/3638
f 3645/3645 3862/3862 3865/3865
f 3866/3866 3651/3651 3646/3646
f 3651/3651 3866/3866 3869/3869
f 3870/3870 3657/3657 3652/3652
f 3657/3657 3870/3870 3873/3873
f 3658/3658 3877/3877 3663/3663
f 3877/3877 3658/3658 3874/3874
f 3664/3664 3881/3881 3669/3669
f 3881/3881 3664/3664 3878/3878
f 3675/3675 3882/3882 3885/3885
f 3882/3882 3675/3675 3670/3670
f 3676/3676 3886/3886 3679/3679
f 3855/3855 3731/3731 3576/3576
f 3856/3856 3739/3739 3732/3732
f 3739/3739 3856/3856 3851/3851
f 3740/3740 3847/3847 3743/3743
f 3847/3847 3740/3740 3852/3852
f 3744/3744 3843/3843 3749/3749
f 3843/3843 3744/3744 3848/3848
f 3750/3750 3839/3839 3755/3755
f 3839/3839 3750/3750 3844/3844
f 3756/3756 3835/3835 3761/3761
f 3835/3835 3756/3756 3840/3840
f 3762/3762 3831/3831 3767/3767
f 3831/3831 3762/3762 3836/3836
f 3768/3768 3827/3827 3775/3775
f 3827/3827 3768/3768 3832/3832
f 3828/3828 3526/3526 3776/3776
f 3887/3887 3779/3779 3680/3680
f 3888/3888 3787/3787 3780/3780
f 3787/3787 3888/3888 3883/3883
f 3879/3879 3788/3788 3884/3884
f 3788/3788 3879/3879 3791/3791
f 3875/3875 3792/3792 3880/3880
f 3792/3792 3875/3875 3797/3797
f 3871/3871 3798/3798 3876/3876
f 3798/3798 3871/3871 3803/3803
f 3867/3867 3804/3804 3872/3872
f 3804/3804 3867/3867 3809/3809
f 3863/3863 3810/3810 3868/3868
f 3810/3810 3863/3863 3815/3815
f 3816/3816 3859/3859 3823/3823
f 3859/3859 3816/3816 3864/3864
f 3860/3860 3630/3630 3824/3824
f 3889/3889 3893/3893 3897/3897
f 3890/3890 3898/3898 3901/3901
f 3905/3905 3894/3894 3891/3891
f 3899/3899 3907/3907 3911/3911
f 3907/3907 3899/3899 3895/3895
f 3892/3892 3902/3902 3915/3915
f 3903/3903 3912/3912 3917/3917
f 3912/3912 3903/3903 3900/3900
f 3921/3921 3922/3922 3923/3923
f 3922/3922 3921/3921 3924/3924
f 3922/3922 3924/3924 3925/3925
f 3925/3925 3924/3924 3926/3926
f 3926/3926 3924/3924 3927/3927
f 3927/3927 3924/3924 3928/3928
f 3928/3928 3924/3924 3929/3929
f 3929/3929 3924/3924 3930/3930
f 3930/3930 3924/3924 3931/3931
f 3931/3931 3924/3924 3932/3932
f 3932/3932 3924/3924 3933/3933
f 3934/3934 3935/3935 3936/3936
f 3935/3935 3934/3934 3937/3937
f 3935/3935 3937/3937 3938/3938
f 3935/3935 3938/3938 3939/3939
f 3935/3935 3939/3939 3928/3928
f 3935/3935 3928/3928 3940/3940
f 3940/3940 3928/3928 3929/3929
f 3935/3935 3940/3940 3941/3941
f 3935/3935 3941/3941 3942/3942
f 3935/3935 3942/3942 3943/3943
f 3935/3935 3943/3943 3944/3944
f 3896/3896 3945/3945 3908/3908
f 3945/3945 3896/3896 3906/3906
f 3913/3913 3947/3947 3951/3951
f 3947/3947 3913/3913 3909/3909
f 3955/3955 3956/3956 3957/3957
f 3956/3956 3955/3955 3958/3958
f 3956/3956 3958/3958 3959/3959
f 3956/3956 3959/3959 3960/3960
f 3960/3960 3959/3959 3961/3961
f 3960/3960 3961/3961 3962/3962
f 3962/3962 3961/3961 3963/3963
f 3962/3962 3963/3963 3964/3964
f 3964/3964 3963/3963 3965/3965
f 3964/3964 3965/3965 3966/3966
f 3966/3966 3965/3965 3967/3967
f 3966/3966 3967/3967 3968/3968
f 3968/3968 3967/3967 3969/3969
f 3968/3968 3969/3969 3970/3970
f 3970/3970 3969/3969 3971/3971
f 3970/3970 3971/3971 3972/3972
f 3972/3972 3971/3971 3973/3973
f 3972/3972 3973/3973 3974/3974
f 3974/3974 3973/3973 3975/3975
f 3974/3974 3975/3975 3976/3976
f 3976/3976 3975/3975 3977/3977
f 3976/3976 3977/3977 3978/3978
f 3916/3916 3918/3918 3979/3979
f 3918/3918 3916/3916 3904/3904
f 3981/3981 3914/3914 3952/3952
f 3914/3914 3981/3981 3919/3919
f 3985/3985 3986/3986 3987/3987
f 3986/3986 3985/3985 3988/3988
f 3989/3989 3990/3990 3991/3991
f 3990/3990 3989/3989 3992/3992
f 3992/3992 3989/3989 3993/3993
f 3992/3992 3993/3993 3994/3994
f 3994/3994 3993/3993 3995/3995
f 3994/3994 3995/3995 3996/3996
f 3996/3996 3995/3995 3997/3997
f 3997/3997 3995/3995 3998/3998
f 3997/3997 3998/3998 3999/3999
f 3997/3997 3999/3999 4000/4000
f 4000/4000 3999/3999 4001/4001
f 4000/4000 4001/4001 4002/4002
f 4002/4002 4001/4001 4003/4003
f 4002/4002 4003/4003 4004/4004
f 4004/4004 4003/4003 4005/4005
f 4004/4004 4005/4005 4006/4006
f 4006/4006 4005/4005 4007/4007
f 4006/4006 4007/4007 4008/4008
f 4008/4008 4007/4007 4009/4009
f 4008/4008 4009/4009 4010/4010
f 4010/4010 4009/4009 4011/4011
f 4010/4010 4011/4011 4012/4012
f 4013/4013 4017/4017 4021/4021
f 4023/4023 4018/4018 4025/4025
f 4018/4018 4023/4023 4022/4022
f 4024/4024 4029/4029 4033/4033
f 4029/4029 4024/4024 4026/4026
f 4034/4034 4035/4035 4039/4039
f 4035/4035 4034/4034 4030/4030
f 4040/4040 4041/4041 4045/4045
f 4041/4041 4040/4040 4036/4036
f 4046/4046 4047/4047 4051/4051
f 4047/4047 4046/4046 4042/4042
f 4052/4052 4053/4053 4057/4057
f 4053/4053 4052/4052 4048/4048
f 4059/4059 4058/4058 4054/4054
f 4058/4058 4059/4059 4063/4063
f 4064/4064 4060/4060 4065/4065
f 4069/4069 4070/4070 4071/4071
f 4070/4070 4069/4069 4072/4072
f 4073/4073 4077/4077 4081/4081
f 4083/4083 4078/4078 4085/4085
f 4078/4078 4083/4083 4082/4082
f 4089/4089 4084/4084 4086/4086
f 4084/4084 4089/4089 4093/4093
f 4095/4095 4094/4094 4090/4090
f 4094/4094 4095/4095 4099/4099
f 4101/4101 4100/4100 4096/4096
f 4100/4100 4101/4101 4105/4105
f 3948/3948 4106/4106 4102/4102
f 4106/4106 3948/3948 4107/4107
f 3910/3910 4108/4108 3949/3949
f 4108/4108 3910/3910 3946/3946
f 3953/3953 4103/4103 4109/4109
f 4103/4103 3953/3953 3950/3950
f 4113/4113 4114/4114 4115/4115
f 4114/4114 4113/4113 4116/4116
f 4116/4116 4113/4113 4117/4117
f 4117/4117 4113/4113 4118/4118
f 4118/4118 4113/4113 4119/4119
f 4119/4119 4113/4113 4120/4120
f 4120/4120 4113/4113 4121/4121
f 4121/4121 4113/4113 4122/4122
f 4122/4122 4113/4113 4123/4123
f 4123/4123 4113/4113 4124/4124
f 4125/4125 4126/4126 4127/4127
f 4126/4126 4125/4125 4128/4128
f 4128/4128 4125/4125 4129/4129
f 4128/4128 4129/4129 4130/4130
f 4128/4128 4130/4130 4131/4131
f 4128/4128 4131/4131 4119/4119
f 4128/4128 4119/4119 4132/4132
f 4132/4132 4119/4119 4120/4120
f 4128/4128 4132/4132 4133/4133
f 4128/4128 4133/4133 4134/4134
f 4128/4128 4134/4134 4135/4135
f 4128/4128 4135/4135 4136/4136
f 4137/4137 3920/3920 3982/3982
f 3920/3920 4137/4137 3980/3980
f 4139/4139 3983/3983 4141/4141
f 3983/3983 4139/4139 4138/4138
f 4145/4145 4140/4140 4142/4142
f 4140/4140 4145/4145 4149/4149
f 4151/4151 4150/4150 4146/4146
f 4150/4150 4151/4151 4155/4155
f 4157/4157 4156/4156 4152/4152
f 4156/4156 4157/4157 4161/4161
f 4158/4158 4163/4163 4162/4162
f 4163/4163 4158/4158 4165/4165
f 4074/4074 4164/4164 4166/4166
f 4169/4169 4171/4171 4175/4175
f 4179/4179 4170/4170 4176/4176
f 4170/4170 4179/4179 4183/4183
f 4185/4185 4180/4180 4187/4187
f 4180/4180 4185/4185 4184/4184
f 4191/4191 4188/4188 4193/4193
f 4188/4188 4191/4191 4186/4186
f 4197/4197 4194/4194 4199/4199
f 4194/4194 4197/4197 4192/4192
f 4203/4203 4198/4198 4200/4200
f 4198/4198 4203/4203 4207/4207
f 4209/4209 4208/4208 4204/4204
f 4208/4208 4209/4209 4213/4213
f 4215/4215 4210/4210 4217/4217
f 4210/4210 4215/4215 4214/4214
f 4216/4216 4218/4218 4221/4221
f 4143/4143 3954/3954 4110/4110
f 3954/3954 4143/4143 3984/3984
f 4066/4066 4225/4225 4229/4229
f 4230/4230 4231/4231 4235/4235
f 4231/4231 4230/4230 4226/4226
f 4232/4232 4237/4237 4236/4236
f 4237/4237 4232/4232 4239/4239
f 4240/4240 4243/4243 4238/4238
f 4243/4243 4240/4240 4245/4245
f 4246/4246 4249/4249 4244/4244
f 4249/4249 4246/4246 4251/4251
f 4252/4252 4255/4255 4250/4250
f 4255/4255 4252/4252 4257/4257
f 4258/4258 4261/4261 4256/4256
f 4261/4261 4258/4258 4263/4263
f 4264/4264 4267/4267 4262/4262
f 4267/4267 4264/4264 4269/4269
f 4014/4014 4268/4268 4270/4270
f 4273/4273 4275/4275 4279/4279
f 4283/4283 4274/4274 4280/4280
f 4274/4274 4283/4283 4287/4287
f 4284/4284 4289/4289 4288/4288
f 4289/4289 4284/4284 4291/4291
f 4292/4292 4295/4295 4290/4290
f 4295/4295 4292/4292 4297/4297
f 4298/4298 4301/4301 4296/4296
f 4301/4301 4298/4298 4303/4303
f 4304/4304 4307/4307 4302/4302
f 4307/4307 4304/4304 4309/4309
f 4310/4310 4313/4313 4308/4308
f 4313/4313 4310/4310 4315/4315
f 4319/4319 4316/4316 4321/4321
f 4316/4316 4319/4319 4314/4314
f 4320/4320 4322/4322 4325/4325
f 4015/4015 4329/4329 4019/4019
f 4027/4027 4330/4330 4333/4333
f 4330/4330 4027/4027 4020/4020
f 4028/4028 4337/4337 4031/4031
f 4337/4337 4028/4028 4334/4334
f 4032/4032 4341/4341 4037/4037
f 4341/4341 4032/4032 4338/4338
f 4038/4038 4345/4345 4043/4043
f 4345/4345 4038/4038 4342/4342
f 4044/4044 4349/4349 4049/4049
f 4349/4349 4044/4044 4346/4346
f 4050/4050 4353/4353 4055/4055
f 4353/4353 4050/4050 4350/4350
f 4357/4357 4056/4056 4354/4354
f 4056/4056 4357/4357 4061/4061
f 4067/4067 4062/4062 4358/4358
f 4075/4075 4361/4361 4079/4079
f 4087/4087 4362/4362 4365/4365
f 4362/4362 4087/4087 4080/4080
f 4369/4369 4088/4088 4366/4366
f 4088/4088 4369/4369 4091/4091
f 4373/4373 4092/4092 4370/4370
f 4092/4092 4373/4373 4097/4097
f 4111/4111 4098/4098 4374/4374
f 4098/4098 4111/4111 4104/4104
f 4377/4377 4381/4381 4222/4222
f 4378/4378 4383/4383 4382/4382
f 4383/4383 4378/4378 4385/4385
f 4384/4384 4389/4389 4393/4393
f 4389/4389 4384/4384 4386/4386
f 4394/4394 4395/4395 4399/4399
f 4395/4395 4394/4394 4390/4390
f 4400/4400 4401/4401 4405/4405
f 4401/4401 4400/4400 4396/4396
f 4406/4406 4407/4407 4411/4411
f 4407/4407 4406/4406 4402/4402
f 4412/4412 4413/4413 4417/4417
f 4413/4413 4412/4412 4408/4408
f 4414/4414 4419/4419 4418/4418
f 4419/4419 4414/4414 4421/4421
f 4422/4422 4172/4172 4420/4420
f 4425/4425 4429/4429 4326/4326
f 4426/4426 4431/4431 4430/4430
f 4431/4431 4426/4426 4433/4433
f 4437/4437 4432/4432 4434/4434
f 4432/4432 4437/4437 4441/4441
f 4443/4443 4442/4442 4438/4438
f 4442/4442 4443/4443 4447/4447
f 4449/4449 4448/4448 4444/4444
f 4448/4448 4449/4449 4453/4453
f 4455/4455 4454/4454 4450/4450
f 4454/4454 4455/4455 4459/4459
f 4461/4461 4460/4460 4456/4456
f 4460/4460 4461/4461 4465/4465
f 4462/4462 4467/4467 4466/4466
f 4467/4467 4462/4462 4469/4469
f 4470/4470 4276/4276 4468/4468
f 4375/4375 4144/4144 4112/4112
f 4144/4144 4375/4375 4147/4147
f 4371/4371 4148/4148 4376/4376
f 4148/4148 4371/4371 4153/4153
f 4367/4367 4154/4154 4372/4372
f 4154/4154 4367/4367 4159/4159
f 4368/4368 4167/4167 4160/4160
f 4167/4167 4368/4368 4363/4363
f 4076/4076 4168/4168 4364/4364
f 4177/4177 4173/4173 4473/4473
f 4477/4477 4178/4178 4474/4474
f 4178/4178 4477/4477 4181/4181
f 4189/4189 4478/4478 4481/4481
f 4478/4478 4189/4189 4182/4182
f 4195/4195 4482/4482 4485/4485
f 4482/4482 4195/4195 4190/4190
f 4201/4201 4486/4486 4489/4489
f 4486/4486 4201/4201 4196/4196
f 4493/4493 4202/4202 4490/4490
f 4202/4202 4493/4493 4205/4205
f 4497/4497 4206/4206 4494/4494
f 4206/4206 4497/4497 4211/4211
f 4219/4219 4498/4498 4501/4501
f 4498/4498 4219/4219 4212/4212
f 4220/4220 4502/4502 4223/4223
f 4068/4068 4359/4359 4227/4227
f 4228/4228 4355/4355 4233/4233
f 4355/4355 4228/4228 4360/4360
f 4356/4356 4241/4241 4234/4234
f 4241/4241 4356/4356 4351/4351
f 4352/4352 4247/4247 4242/4242
f 4247/4247 4352/4352 4347/4347
f 4348/4348 4253/4253 4248/4248
f 4253/4253 4348/4348 4343/4343
f 4254/4254 4339/4339 4259/4259
f 4339/4339 4254/4254 4344/4344
f 4260/4260 4335/4335 4265/4265
f 4335/4335 4260/4260 4340/4340
f 4336/4336 4271/4271 4266/4266
f 4271/4271 4336/4336 4331/4331
f 4016/4016 4272/4272 4332/4332
f 4281/4281 4277/4277 4505/4505
f 4509/4509 4282/4282 4506/4506
f 4282/4282 4509/4509 4285/4285
f 4510/4510 4293/4293 4286/4286
f 4293/4293 4510/4510 4513/4513
f 4514/4514 4299/4299 4294/4294
f 4299/4299 4514/4514 4517/4517
f 4518/4518 4305/4305 4300/4300
f 4305/4305 4518/4518 4521/4521
f 4306/4306 4525/4525 4311/4311
f 4525/4525 4306/4306 4522/4522
f 4312/4312 4529/4529 4317/4317
f 4529/4529 4312/4312 4526/4526
f 4323/4323 4530/4530 4533/4533
f 4530/4530 4323/4323 4318/4318
f 4324/4324 4534/4534 4327/4327
f 4503/4503 4379/4379 4224/4224
f 4504/4504 4387/4387 4380/4380
f 4387/4387 4504/4504 4499/4499
f 4388/4388 4495/4495 4391/4391
f 4495/4495 4388/4388 4500/4500
f 4392/4392 4491/4491 4397/4397
f 4491/4491 4392/4392 4496/4496
f 4398/4398 4487/4487 4403/4403
f 4487/4487 4398/4398 4492/4492
f 4404/4404 4483/4483 4409/4409
f 4483/4483 4404/4404 4488/4488
f 4410/4410 4479/4479 4415/4415
f 4479/4479 4410/4410 4484/4484
f 4416/4416 4475/4475 4423/4423
f 4475/4475 4416/4416 4480/4480
f 4476/4476 4174/4174 4424/4424
f 4535/4535 4427/4427 4328/4328
f 4536/4536 4435/4435 4428/4428
f 4435/4435 4536/4536 4531/4531
f 4527/4527 4436/4436 4532/4532
f 4436/4436 4527/4527 4439/4439
f 4523/4523 4440/4440 4528/4528
f 4440/4440 4523/4523 4445/4445
f 4519/4519 4446/4446 4524/4524
f 4446/4446 4519/4519 4451/4451
f 4515/4515 4452/4452 4520/4520
f 4452/4452 4515/4515 4457/4457
f 4511/4511 4458/4458 4516/4516
f 4458/4458 4511/4511 4463/4463
f 4464/4464 4507/4507 4471/4471
f 4507/4507 4464/4464 4512/4512
f 4508/4508 4278/4278 4472/4472
f 4537/4537 4541/4541 4545/4545
f 4538/4538 4546/4546 4549/4549
f 4553/4553 4542/4542 4539/4539
f 4547/4547 4555/4555 4559/4559
f 4555/4555 4547/4547 4543/4543
f 4540/4540 4550/4550 4563/4563
f 4551/4551 4560/4560 4565/4565
f 4560/4560 4551/4551 4548/4548
f 4569/4569 4570/4570 4571/4571
f 4570/4570 4569/4569 4572/4572
f 4570/4570 4572/4572 4573/4573
f 4573/4573 4572/4572 4574/4574
f 4574/4574 4572/4572 4575/4575
f 4575/4575 4572/4572 4576/4576
f 4576/4576 4572/4572 4577/4577
f 4577/4577 4572/4572 4578/4578
f 4578/4578 4572/4572 4579/4579
f 4579/4579 4572/4572 4580/4580
f 4580/4580 4572/4572 4581/4581
f 4582/4582 4583/4583 4584/4584
f 4583/4583 4582/4582 4585/4585
f 4583/4583 4585/4585 4586/4586
f 4583/4583 4586/4586 4587/4587
f 4583/4583 4587/4587 4576/4576
f 4583/4583 4576/4576 4588/4588
f 4588/4588 4576/4576 4577/4577
f 4583/4583 4588/4588 4589/4589
f 4583/4583 4589/4589 4590/4590
f 4583/4583 4590/4590 4591/4591
f 4583/4583 4591/4591 4592/4592
f 4544/4544 4593/4593 4556/4556
f 4593/4593 4544/4544 4554/4554
f 4561/4561 4595/4595 4599/4599
f 4595/4595 4561/4561 4557/4557
f 4603/4603 4604/4604 4605/4605
f 4604/4604 4603/4603 4606/4606
f 4604/4604 4606/4606 4607/4607
f 4604/4604 4607/4607 4608/4608
f 4608/4608 4607/4607 4609/4609
f 4608/4608 4609/4609 4610/4610
f 4610/4610 4609/4609 4611/4611
f 4610/4610 4611/4611 4612/4612
f 4612/4612 4611/4611 4613/4613
f 4612/4612 4613/4613 4614/4614
f 4614/4614 4613/4613 4615/4615
f 4614/4614 4615/4615 4616/4616
f 4616/4616 4615/4615 4617/4617
f 4616/4616 4617/4617 4618/4618
f 4618/4618 4617/4617 4619/4619
f 4618/4618 4619/4619 4620/4620
f 4620/4620 4619/4619 4621/4621
f 4620/4620 4621/4621 4622/4622
f 4622/4622 4621/4621 4623/4623
f 4622/4622 4623/4623 4624/4624
f 4624/4624 4623/4623 4625/4625
f 4624/4624 4625/4625 4626/4626
f 4564/4564 4566/4566 4627/4627
f 4566/4566 4564/4564 4552/4552
f 4629/4629 4562/4562 4600/4600
f 4562/4562 4629/4629 4567/4567
f 4633/4633 4634/4634 4635/4635
f 4634/4634 4633/4633 4636/4636
f 4637/4637 4638/4638 4639/4639
f 4638/4638 4637/4637 4640/4640
f 4640/4640 4637/4637 4641/4641
f 4640/4640 4641/4641 4642/4642
f 4642/4642 4641/4641 4643/4643
f 4642/4642 4643/4643 4644/4644
f 4644/4644 4643/4643 4645/4645
f 4645/4645 4643/4643 4646/4646
f 4645/4645 4646/4646 4647/4647
f 4645/4645 4647/4647 4648/4648
f 4648/4648 4647/4647 4649/4649
f 4648/4648 4649/4649 4650/4650
f 4650/4650 4649/4649 4651/4651
f 4650/4650 4651/4651 4652/4652
f 4652/4652 4651/4651 4653/4653
f 4652/4652 4653/4653 4654/4654
f 4654/4654 4653/4653 4655/4655
f 4654/4654 4655/4655 4656/4656
f 4656/4656 4655/4655 4657/4657
f 4656/4656 4657/4657 4658/4658
f 4658/4658 4657/4657 4659/4659
f 4658/4658 4659/4659 4660/4660
f 4661/4661 4665/4665 4669/4669
f 4671/4671 4666/4666 4673/4673
f 4666/4666 4671/4671 4670/4670
f 4672/4672 4677/4677 4681/4681
f 4677/4677 4672/4672 4674/4674
f 4682/4682 4683/4683 4687/4687
f 4683/4683 4682/4682 4678/4678
f 4688/4688 4689/4689 4693/4693
f 4689/4689 4688/4688 4684/4684
f 4694/4694 4695/4695 4699/4699
f 4695/4695 4694/4694 4690/4690
f 4700/4700 4701/4701 4705/4705
f 4701/4701 4700/4700 4696/4696
f 4707/4707 4706/4706 4702/4702
f 4706/4706 4707/4707 4711/4711
f 4712/4712 4708/4708 4713/4713
f 4717/4717 4718/4718 4719/4719
f 4718/4718 4717/4717 4720/4720
f 4721/4721 4725/4725 4729/4729
f 4731/4731 4726/4726 4733/4733
f 4726/4726 4731/4731 4730/4730
f 4737/4737 4732/4732 4734/4734
f 4732/4732 4737/4737 4741/4741
f 4743/4743 4742/4742 4738/4738
f 4742/4742 4743/4743 4747/4747
f 4749/4749 4748/4748 4744/4744
f 4748/4748 4749/4749 4753/4753
f 4596/4596 4754/4754 4750/4750
f 4754/4754 4596/4596 4755/4755
f 4558/4558 4756/4756 4597/4597
f 4756/4756 4558/4558 4594/4594
f 4601/4601 4751/4751 4757/4757
f 4751/4751 4601/4601 4598/4598
f 4761/4761 4762/4762 4763/4763
f 4762/4762 4761/4761 4764/4764
f 4764/4764 4761/4761 4765/4765
f 4765/4765 4761/4761 4766/4766
f 4766/4766 4761/4761 4767/4767
f 4767/4767 4761/4761 4768/4768
f 4768/4768 4761/4761 4769/4769
f 4769/4769 4761/4761 4770/4770
f 4770/4770 4761/4761 4771/4771
f 4771/4771 4761/4761 4772/4772
f 4773/4773 4774/4774 4775/4775
f 4774/4774 4773/4773 4776/4776
f 4776/4776 4773/4773 4777/4777
f 4776/4776 4777/4777 4778/4778
f 4776/4776 4778/4778 4779/4779
f 4776/4776 4779/4779 4767/4767
f 4776/4776 4767/4767 4780/4780
f 4780/4780 4767/4767 4768/4768
f 4776/4776 4780/4780 4781/4781
f 4776/4776 4781/4781 4782/4782
f 4776/4776 4782/4782 4783/4783
f 4776/4776 4783/4783 4784/4784
f 4785/4785 4568/4568 4630/4630
f 4568/4568 4785/4785 4628/4628
f 4787/4787 4631/4631 4789/4789
f 4631/4631 4787/4787 4786/4786
f 4793/4793 4788/4788 4790/4790
f 4788/4788 4793/4793 4797/4797
f 4799/4799 4798/4798 4794/4794
f 4798/4798 4799/4799 4803/4803
f 4805/4805 4804/4804 4800/4800
f 4804/4804 4805/4805 4809/4809
f 4806/4806 4811/4811 4810/4810
f 4811/4811 4806/4806 4813/4813
f 4722/4722 4812/4812 4814/4814
f 4817/4817 4819/4819 4823/4823
f 4827/4827 4818/4818 4824/4824
f 4818/4818 4827/4827 4831/4831
f 4833/4833 4828/4828 4835/4835
f 4828/4828 4833/4833 4832/4832
f 4839/4839 4836/4836 4841/4841
f 4836/4836 4839/4839 4834/4834
f 4845/4845 4842/4842 4847/4847
f 4842/4842 4845/4845 4840/4840
f 4851/4851 4846/4846 4848/4848
f 4846/4846 4851/4851 4855/4855
f 4857/4857 4856/4856 4852/4852
f 4856/4856 4857/4857 4861/4861
f 4863/4863 4858/4858 4865/4865
f 4858/4858 4863/4863 4862/4862
f 4864/4864 4866/4866 4869/4869
f 4791/4791 4602/4602 4758/4758
f 4602/4602 4791/4791 4632/4632
f 4714/4714 4873/4873 4877/4877
f 4878/4878 4879/4879 4883/4883
f 4879/4879 4878/4878 4874/4874
f 4880/4880 4885/4885 4884/4884
f 4885/4885 4880/4880 4887/4887
f 4888/4888 4891/4891 4886/4886
f 4891/4891 4888/4888 4893/4893
f 4894/4894 4897/4897 4892/4892
f 4897/4897 4894/4894 4899/4899
f 4900/4900 4903/4903 4898/4898
f 4903/4903 4900/4900 4905/4905
f 4906/4906 4909/4909 4904/4904
f 4909/4909 4906/4906 4911/4911
f 4912/4912 4915/4915 4910/4910
f 4915/4915 4912/4912 4917/4917
f 4662/4662 4916/4916 4918/4918
f 4921/4921 4923/4923 4927/4927
f 4931/4931 4922/4922 4928/4928
f 4922/4922 4931/4931 4935/4935
f 4932/4932 4937/4937 4936/4936
f 4937/4937 4932/4932 4939/4939
f 4940/4940 4943/4943 4938/4938
f 4943/4943 4940/4940 4945/4945
f 4946/4946 4949/4949 4944/4944
f 4949/4949 4946/4946 4951/4951
f 4952/4952 4955/4955 4950/4950
f 4955/4955 4952/4952 4957/4957
f 4958/4958 4961/4961 4956/4956
f 4961/4961 4958/4958 4963/4963
f 4967/4967 4964/4964 4969/4969
f 4964/4964 4967/4967 4962/4962
f 4968/4968 4970/4970 4973/4973
f 4663/4663 4977/4977 4667/4667
f 4675/4675 4978/4978 4981/4981
f 4978/4978 4675/4675 4668/4668
f 4676/4676 4985/4985 4679/4679
f 4985/4985 4676/4676 4982/4982
f 4680/4680 4989/4989 4685/4685
f 4989/4989 4680/4680 4986/4986
f 4686/4686 4993/4993 4691/4691
f 4993/4993 4686/4686 4990/4990
f 4692/4692 4997/4997 4697/4697
f 4997/4997 4692/4692 4994/4994
f 4698/4698 5001/5001 4703/4703
f 5001/5001 4698/4698 4998/4998
f 5005/5005 4704/4704 5002/5002
f 4704/4704 5005/5005 4709/4709
f 4715/4715 4710/4710 5006/5006
f 4723/4723 5009/5009 4727/4727
f 4735/4735 5010/5010 5013/5013
f 5010/5010 4735/4735 4728/4728
f 5017/5017 4736/4736 5014/5014
f 4736/4736 5017/5017 4739/4739
f 5021/5021 4740/4740 5018/5018
f 4740/4740 5021/5021 4745/4745
f 4759/4759 4746/4746 5022/5022
f 4746/4746 4759/4759 4752/4752
f 5025/5025 5029/5029 4870/4870
f 5026/5026 5031/5031 5030/5030
f 5031/5031 5026/5026 5033/5033
f 5032/5032 5037/5037 5041/5041
f 5037/5037 5032/5032 5034/5034
f 5042/5042 5043/5043 5047/5047
f 5043/5043 5042/5042 5038/5038
f 5048/5048 5049/5049 5053/5053
f 5049/5049 5048/5048 5044/5044
f 5054/5054 5055/5055 5059/5059
f 5055/5055 5054/5054 5050/5050
f 5060/5060 5061/5061 5065/5065
f 5061/5061 5060/5060 5056/5056
f 5062/5062 5067/5067 5066/5066
f 5067/5067 5062/5062 5069/5069
f 5070/5070 4820/4820 5068/5068
f 5073/5073 5077/5077 4974/4974
f 5074/5074 5079/5079 5078/5078
f 5079/5079 5074/5074 5081/5081
f 5085/5085 5080/5080 5082/5082
f 5080/5080 5085/5085 5089/5089
f 5091/5091 5090/5090 5086/5086
f 5090/5090 5091/5091 5095/5095
f 5097/5097 5096/5096 5092/5092
f 5096/5096 5097/5097 5101/5101
f 5103/5103 5102/5102 5098/5098
f 5102/5102 5103/5103 5107/5107
f 5109/5109 5108/5108 5104/5104
f 5108/5108 5109/5109 5113/5113
f 5110/5110 5115/5115 5114/5114
f 5115/5115 5110/5110 5117/5117
f 5118/5118 4924/4924 5116/5116
f 5023/5023 4792/4792 4760/4760
f 4792/4792 5023/5023 4795/4795
f 5019/5019 4796/4796 5024/5024
f 4796/4796 5019/5019 4801/4801
f 5015/5015 4802/4802 5020/5020
f 4802/4802 5015/5015 4807/4807
f 5016/5016 4815/4815 4808/4808
f 4815/4815 5016/5016 5011/5011
f 4724/4724 4816/4816 5012/5012
f 4825/4825 4821/4821 5121/5121
f 5125/5125 4826/4826 5122/5122
f 4826/4826 5125/5125 4829/4829
f 4837/4837 5126/5126 5129/5129
f 5126/5126 4837/4837 4830/4830
f 4843/4843 5130/5130 5133/5133
f 5130/5130 4843/4843 4838/4838
f 4849/4849 5134/5134 5137/5137
f 5134/5134 4849/4849 4844/4844
f 5141/5141 4850/4850 5138/5138
f 4850/4850 5141/5141 4853/4853
f 5145/5145 4854/4854 5142/5142
f 4854/4854 5145/5145 4859/4859
f 4867/4867 5146/5146 5149/5149
f 5146/5146 4867/4867 4860/4860
f 4868/4868 5150/5150 4871/4871
f 4716/4716 5007/5007 4875/4875
f 4876/4876 5003/5003 4881/4881
f 5003/5003 4876/4876 5008/5008
f 5004/5004 4889/4889 4882/4882
f 4889/4889 5004/5004 4999/4999
f 5000/5000 4895/4895 4890/4890
f 4895/4895 5000/5000 4995/4995
f 4996/4996 4901/4901 4896/4896
f 4901/4901 4996/4996 4991/4991
f 4902/4902 4987/4987 4907/4907
f 4987/4987 4902/4902 4992/4992
f 4908/4908 4983/4983 4913/4913
f 4983/4983 4908/4908 4988/4988
f 4984/4984 4919/4919 4914/4914
f 4919/4919 4984/4984 4979/4979
f 4664/4664 4920/4920 4980/4980
f 4929/4929 4925/4925 5153/5153
f 5157/5157 4930/4930 5154/5154
f 4930/4930 5157/5157 4933/4933
f 5158/5158 4941/4941 4934/4934
f 4941/4941 5158/5158 5161/5161
f 5162/5162 4947/4947 4942/4942
f 4947/4947 5162/5162 5165/5165
f 5166/5166 4953/4953 4948/4948
f 4953/4953 5166/5166 5169/5169
f 4954/4954 5173/5173 4959/4959
f 5173/5173 4954/4954 5170/5170
f 4960/4960 5177/5177 4965/4965
f 5177/5177 4960/4960 5174/5174
f 4971/4971 5178/5178 5181/5181
f 5178/5178 4971/4971 4966/4966
f 4972/4972 5182/5182 4975/4975
f 5151/5151 5027/5027 4872/4872
f 5152/5152 5035/5035 5028/5028
f 5035/5035 5152/5152 5147/5147
f 5036/5036 5143/5143 5039/5039
f 5143/5143 5036/5036 5148/5148
f 5040/5040 5139/5139 5045/5045
f 5139/5139 5040/5040 5144/5144
f 5046/5046 5135/5135 5051/5051
f 5135/5135 5046/5046 5140/5140
f 5052/5052 5131/5131 5057/5057
f 5131/5131 5052/5052 5136/5136
f 5058/5058 5127/5127 5063/5063
f 5127/5127 5058/5058 5132/5132
f 5064/5064 5123/5123 5071/5071
f 5123/5123 5064/5064 5128/5128
f 5124/5124 4822/4822 5072/5072
f 5183/5183 5075/5075 4976/4976
f 5184/5184 5083/5083 5076/5076
f 5083/5083 5184/5184 5179/5179
f 5175/5175 5084/5084 5180/5180
f 5084/5084 5175/5175 5087/5087
f 5171/5171 5088/5088 5176/5176
f 5088/5088 5171/5171 5093/5093
f 5167/5167 5094/5094 5172/5172
f 5094/5094 5167/5167 5099/5099
f 5163/5163 5100/5100 5168/5168
f 5100/5100 5163/5163 5105/5105
f 5159/5159 5106/5106 5164/5164
f 5106/5106 5159/5159 5111/5111
f 5112/5112 5155/5155 5119/5119
f 5155/5155 5112/5112 5160/5160
f 5156/5156 4926/4926 5120/5120
f 5185/5185 5189/5189 5193/5193
f 5186/5186 5194/5194 5197/5197
f 5201/5201 5190/5190 5187/5187
f 5195/5195 5203/5203 5207/5207
f 5203/5203 5195/5195 5191/5191
f 5188/5188 5198/5198 5211/5211
f 5199/5199 5208/5208 5213/5213
f 5208/5208 5199/5199 5196/5196
f 5217/5217 5218/5218 5219/5219
f 5218/5218 5217/5217 5220/5220
f 5218/5218 5220/5220 5221/5221
f 5221/5221 5220/5220 5222/5222
f 5222/5222 5220/5220 5223/5223
f 5223/5223 5220/5220 5224/5224
f 5224/5224 5220/5220 5225/5225
f 5225/5225 5220/5220 5226/5226
f 5226/5226 5220/5220 5227/5227
f 5227/5227 5220/5220 5228/5228
f 5228/5228 5220/5220 5229/5229
f 5230/5230 5231/5231 5232/5232
f 5231/5231 5230/5230 5233/5233
f 5231/5231 5233/5233 5234/5234
f 5231/5231 5234/5234 5235/5235
f 5231/5231 5235/5235 5224/5224
f 5231/5231 5224/5224 5236/5236
f 5236/5236 5224/5224 5225/5225
f 5231/5231 5236/5236 5237/5237
f 5231/5231 5237/5237 5238/5238
f 5231/5231 5238/5238 5239/5239
f 5231/5231 5239/5239 5240/5240
f 5192/5192 5241/5241 5204/5204
f 5241/5241 5192/5192 5202/5202
f 5209/5209 5243/5243 5247/5247
f 5243/5243 5209/5209 5205/5205
f 5251/5251 5252/5252 5253/5253
f 5252/5252 5251/5251 5254/5254
f 5252/5252 5254/5254 5255/5255
f 5252/5252 5255/5255 5256/5256
f 5256/5256 5255/5255 5257/5257
f 5256/5256 5257/5257 5258/5258
f 5258/5258 5257/5257 5259/5259
f 5258/5258 5259/5259 5260/5260
f 5260/5260 5259/5259 5261/5261
f 5260/5260 5261/5261 5262/5262
f 5262/5262 5261/5261 5263/5263
f 5262/5262 5263/5263 5264/5264
f 5264/5264 5263/5263 5265/5265
f 5264/5264 5265/5265 5266/5266
f 5266/5266 5265/5265 5267/5267
f 5266/5266 5267/5267 5268/5268
f 5268/5268 5267/5267 5269/5269
f 5268/5268 5269/5269 5270/5270
f 5270/5270 5269/5269 5271/5271
f 5270/5270 5271/5271 5272/5272
f 5272/5272 5271/5271 5273/5273
f 5272/5272 5273/5273 5274/5274
f 5212/5212 5214/5214 5275/5275
f 5214/5214 5212/5212 5200/5200
f 5277/5277 5210/5210 5248/5248
f 5210/5210 5277/5277 5215/5215
f 5281/5281 5282/5282 5283/5283
f 5282/5282 5281/5281 5284/5284
f 5285/5285 5286/5286 5287/5287
f 5286/5286 5285/5285 5288/5288
f 5288/5288 5285/5285 5289/5289
f 5288/5288 5289/5289 5290/5290
f 5290/5290 5289/5289 5291/5291
f 5290/5290 5291/5291 5292/5292
f 5292/5292 5291/5291 5293/5293
f 5293/5293 5291/5291 5294/5294
f 5293/5293 5294/5294 5295/5295
f 5293/5293 5295/5295 5296/5296
f 5296/5296 5295/5295 5297/5297
f 5296/5296 5297/5297 5298/5298
f 5298/5298 5297/5297 5299/5299
f 5298/5298 5299/5299 5300/5300
f 5300/5300 5299/5299 5301/5301
f 5300/5300 5301/5301 5302/5302
f 5302/5302 5301/5301 5303/5303
f 5302/5302 5303/5303 5304/5304
f 5304/5304 5303/5303 5305/5305
f 5304/5304 5305/5305 5306/5306
f 5306/5306 5305/5305 5307/5307
f 5306/5306 5307/5307 5308/5308
f 5309/5309 5313/5313 5317/5317
f 5319/5319 5314/5314 5321/5321
f 5314/5314 5319/5319 5318/5318
f 5320/5320 5325/5325 5329/5329
f 5325/5325 5320/5320 5322/5322
f 5330/5330 5331/5331 5335/5335
f 5331/5331 5330/5330 5326/5326
f 5336/5336 5337/5337 5341/5341
f 5337/5337 5336/5336 5332/5332
f 5342/5342 5343/5343 5347/5347
f 5343/5343 5342/5342 5338/5338
f 5348/5348 5349/5349 5353/5353
f 5349/5349 5348/5348 5344/5344
f 5355/5355 5354/5354 5350/5350
f 5354/5354 5355/5355 5359/5359
f 5360/5360 5356/5356 5361/5361
f 5365/5365 5366/5366 5367/5367
f 5366/5366 5365/5365 5368/5368
f 5369/5369 5373/5373 5377/5377
f 5379/5379 5374/5374 5381/5381
f 5374/5374 5379/5379 5378/5378
f 5385/5385 5380/5380 5382/5382
f 5380/5380 5385/5385 5389/5389
f 5391/5391 5390/5390 5386/5386
f 5390/5390 5391/5391 5395/5395
f 5397/5397 5396/5396 5392/5392
f 5396/5396 5397/5397 5401/5401
f 5244/5244 5402/5402 5398/5398
f 5402/5402 5244/5244 5403/5403
f 5206/5206 5404/5404 5245/5245
f 5404/5404 5206/5206 5242/5242
f 5249/5249 5399/5399 5405/5405
f 5399/5399 5249/5249 5246/5246
f 5409/5409 5410/5410 5411/5411
f 5410/5410 5409/5409 5412/5412
f 5412/5412 5409/5409 5413/5413
f 5413/5413 5409/5409 5414/5414
f 5414/5414 5409/5409 5415/5415
f 5415/5415 5409/5409 5416/5416
f 5416/5416 5409/5409 5417/5417
f 5417/5417 5409/5409 5418/5418
f 5418/5418 5409/5409 5419/5419
f 5419/5419 5409/5409 5420/5420
f 5421/5421 5422/5422 5423/5423
f 5422/5422 5421/5421 5424/5424
f 5424/5424 5421/5421 5425/5425
f 5424/5424 5425/5425 5426/5426
f 5424/5424 5426/5426 5427/5427
f 5424/5424 5427/5427 5415/5415
f 5424/5424 5415/5415 5428/5428
f 5428/5428 5415/5415 5416/5416
f 5424/5424 5428/5428 5429/5429
f 5424/5424 5429/5429 5430/5430
f 5424/5424 5430/5430 5431/5431
f 5424/5424 5431/5431 5432/5432
f 5433/5433 5216/5216 5278/5278
f 5216/5216 5433/5433 5276/5276
f 5435/5435 5279/5279 5437/5437
f 5279/5279 5435/5435 5434/5434
f 5441/5441 5436/5436 5438/5438
f 5436/5436 5441/5441 5445/5445
f 5447/5447 5446/5446 5442/5442
f 5446/5446 5447/5447 5451/5451
f 5453/5453 5452/5452 5448/5448
f 5452/5452 5453/5453 5457/5457
f 5454/5454 5459/5459 5458/5458
f 5459/5459 5454/5454 5461/5461
f 5370/5370 5460/5460 5462/5462
f 5465/5465 5467/5467 5471/5471
f 5475/5475 5466/5466 5472/5472
f 5466/5466 5475/5475 5479/5479
f 5481/5481 5476/5476 5483/5483
f 5476/5476 5481/5481 5480/5480
f 5487/5487 5484/5484 5489/5489
f 5484/5484 5487/5487 5482/5482
f 5493/5493 5490/5490 5495/5495
f 5490/5490 5493/5493 5488/5488
f 5499/5499 5494/5494 5496/5496
f 5494/5494 5499/5499 5503/5503
f 5505/5505 5504/5504 5500/5500
f 5504/5504 5505/5505 5509/5509
f 5511/5511 5506/5506 5513/5513
f 5506/5506 5511/5511 5510/5510
f 5512/5512 5514/5514 5517/5517
f 5439/5439 5250/5250 5406/5406
f 5250/5250 5439/5439 5280/5280
f 5362/5362 5521/5521 5525/5525
f 5526/5526 5527/5527 5531/5531
f 5527/5527 5526/5526 5522/5522
f 5528/5528 5533/5533 5532/5532
f 5533/5533 5528/5528 5535/5535
f 5536/5536 5539/5539 5534/5534
f 5539/5539 5536/5536 5541/5541
f 5542/5542 5545/5545 5540/5540
f 5545/5545 5542/5542 5547/5547
f 5548/5548 5551/5551 5546/5546
f 5551/5551 5548/5548 5553/5553
f 5554/5554 5557/5557 5552/5552
f 5557/5557 5554/5554 5559/5559
f 5560/5560 5563/5563 5558/5558
f 5563/5563 5560/5560 5565/5565
f 5310/5310 5564/5564 5566/5566
f 5569/5569 5571/5571 5575/5575
f 5579/5579 5570/5570 5576/5576
f 5570/5570 5579/5579 5583/5583
f 5580/5580 5585/5585 5584/5584
f 5585/5585 5580/5580 5587/5587
f 5588/5588 5591/5591 5586/5586
f 5591/5591 5588/5588 5593/5593
f 5594/5594 5597/5597 5592/5592
f 5597/5597 5594/5594 5599/5599
f 5600/5600 5603/5603 5598/5598
f 5603/5603 5600/5600 5605/5605
f 5606/5606 5609/5609 5604/5604
f 5609/5609 5606/5606 5611/5611
f 5615/5615 5612/5612 5617/5617
f 5612/5612 5615/5615 5610/5610
f 5616/5616 5618/5618 5621/5621
f 5311/5311 5625/5625 5315/5315
f 5323/5323 5626/5626 5629/5629
f 5626/5626 5323/5323 5316/5316
f 5324/5324 5633/5633 5327/5327
f 5633/5633 5324/5324 5630/5630
f 5328/5328 5637/5637 5333/5333
f 5637/5637 5328/5328 5634/5634
f 5334/5334 5641/5641 5339/5339
f 5641/5641 5334/5334 5638/5638
f 5340/5340 5645/5645 5345/5345
f 5645/5645 5340/5340 5642/5642
f 5346/5346 5649/5649 5351/5351
f 5649/5649 5346/5346 5646/5646
f 5653/5653 5352/5352 5650/5650
f 5352/5352 5653/5653 5357/5357
f 5363/5363 5358/5358 5654/5654
f 5371/5371 5657/5657 5375/5375
f 5383/5383 5658/5658 5661/5661
f 5658/5658 5383/5383 5376/5376
f 5665/5665 5384/5384 5662/5662
f 5384/5384 5665/5665 5387/5387
f 5669/5669 5388/5388 5666/5666
f 5388/5388 5669/5669 5393/5393
f 5407/5407 5394/5394 5670/5670
f 5394/5394 5407/5407 5400/5400
f 5673/5673 5677/5677 5518/5518
f 5674/5674 5679/5679 5678/5678
f 5679/5679 5674/5674 5681/5681
f 5680/5680 5685/5685 5689/5689
f 5685/5685 5680/5680 5682/5682
f 5690/5690 5691/5691 5695/5695
f 5691/5691 5690/5690 5686/5686
f 5696/5696 5697/5697 5701/5701
f 5697/5697 5696/5696 5692/5692
f 5702/5702 5703/5703 5707/5707
f 5703/5703 5702/5702 5698/5698
f 5708/5708 5709/5709 5713/5713
f 5709/5709 5708/5708 5704/5704
f 5710/5710 5715/5715 5714/5714
f 5715/5715 5710/5710 5717/5717
f 5718/5718 5468/5468 5716/5716
f 5721/5721 5725/5725 5622/5622
f 5722/5722 5727/5727 5726/5726
f 5727/5727 5722/5722 5729/5729
f 5733/5733 5728/5728 5730/5730
f 5728/5728 5733/5733 5737/5737
f 5739/5739 5738/5738 5734/5734
f 5738/5738 5739/5739 5743/5743
f 5745/5745 5744/5744 5740/5740
f 5744/5744 5745/5745 5749/5749
f 5751/5751 5750/5750 5746/5746
f 5750/5750 5751/5751 5755/5755
f 5757/5757 5756/5756 5752/5752
f 5756/5756 5757/5757 5761/5761
f 5758/5758 5763/5763 5762/5762
f 5763/5763 5758/5758 5765/5765
f 5766/5766 5572/5572 5764/5764
f 5671/5671 5440/5440 5408/5408
f 5440/5440 5671/5671 5443/5443
f 5667/5667 5444/5444 5672/5672
f 5444/5444 5667/5667 5449/5449
f 5663/5663 5450/5450 5668/5668
f 5450/5450 5663/5663 5455/5455
f 5664/5664 5463/5463 5456/5456
f 5463/5463 5664/5664 5659/5659
f 5372/5372 5464/5464 5660/5660
f 5473/5473 5469/5469 5769/5769
f 5773/5773 5474/5474 5770/5770
f 5474/5474 5773/5773 5477/5477
f 5485/5485 5774/5774 5777/5777
f 5774/5774 5485/5485 5478/5478
f 5491/5491 5778/5778 5781/5781
f 5778/5778 5491/5491 5486/5486
f 5497/5497 5782/5782 5785/5785
f 5782/5782 5497/5497 5492/5492
f 5789/5789 5498/5498 5786/5786
f 5498/5498 5789/5789 5501/5501
f 5793/5793 5502/5502 5790/5790
f 5502/5502 5793/5793 5507/5507
f 5515/5515 5794/5794 5797/5797
f 5794/5794 5515/5515 5508/5508
f 5516/5516 5798/5798 5519/5519
f 5364/5364 5655/5655 5523/5523
f 5524/5524 5651/5651 5529/5529
f 5651/5651 5524/5524 5656/5656
f 5652/5652 5537/5537 5530/5530
f 5537/5537 5652/5652 5647/5647
f 5648/5648 5543/5543 5538/5538
f 5543/5543 5648/5648 5643/5643
f 5644/5644 5549/5549 5544/5544
f 5549/5549 5644/5644 5639/5639
f 5550/5550 5635/5635 5555/5555
f 5635/5635 5550/5550 5640/5640
f 5556/5556 5631/5631 5561/5561
f 5631/5631 5556/5556 5636/5636
f 5632/5632 5567/5567 5562/5562
f 5567/5567 5632/5632 5627/5627
f 5312/5312 5568/5568 5628/5628
f 5577/5577 5573/5573 5801/5801
f 5805/5805 5578/5578 5802/5802
f 5578/5578 5805/5805 5581/5581
f 5806/5806 5589/5589 5582/5582
f 5589/5589 5806/5806 5809/5809
f 5810/5810 5595/5595 5590/5590
f 5595/5595 5810/5810 5813/5813
f 5814/5814 5601/5601 5596/5596
f 5601/5601 5814/5814 5817/5817
f 5602/5602 5821/5821 5607/5607
f 5821/5821 5602/5602 5818/5818
f 5608/5608 5825/5825 5613/5613
f 5825/5825 5608/5608 5822/5822
f 5619/5619 5826/5826 5829/5829
f 5826/5826 5619/5619 5614/5614
f 5620/5620 5830/5830 5623/5623
f 5799/5799 5675/5675 5520/5520
f 5800/5800 5683/5683 5676/5676
f 5683/5683 5800/5800 5795/5795
f 5684/5684 5791/5791 5687/5687
f 5791/5791 5684/5684 5796/5796
f 5688/5688 5787/5787 5693/5693
f 5787/5787 5688/5688 5792/5792
f 5694/5694 5783/5783 5699/5699
f 5783/5783 5694/5694 5788/5788
f 5700/5700 5779/5779 5705/5705
f 5779/5779 5700/5700 5784/5784
f 5706/5706 5775/5775 5711/5711
f 5775/5775 5706/5706 5780/5780
f 5712/5712 5771/5771 5719/5719
f 5771/5771 5712/5712 5776/5776
f 5772/5772 5470/5470 5720/5720
f 5831/5831 5723/5723 5624/5624
f 5832/5832 5731/5731 5724/5724
f 5731/5731 5832/5832 5827/5827
f 5823/5823 5732/5732 5828/5828
f 5732/5732 5823/5823 5735/5735
f 5819/5819 5736/5736 5824/5824
f 5736/5736 5819/5819 5741/5741
f 5815/5815 5742/5742 5820/5820
f 5742/5742 5815/5815 5747/5747
f 5811/5811 5748/5748 5816/5816
f 5748/5748 5811/5811 5753/5753
f 5807/5807 5754/5754 5812/5812
f 5754/5754 5807/5807 5759/5759
f 5760/5760 5803/5803 5767/5767
f 5803/5803 5760/5760 5808/5808
f 5804/5804 5574/5574 5768/5768
f 5833/5833 5837/5837 5841/5841
f 5834/5834 5842/5842 5845/5845
f 5849/5849 5838/5838 5835/5835
f 5843/5843 5851/5851 5855/5855
f 5851/5851 5843/5843 5839/5839
f 5836/5836 5846/5846 5859/5859
f 5847/5847 5856/5856 5861/5861
f 5856/5856 5847/5847 5844/5844
f 5865/5865 5866/5866 5867/5867
f 5866/5866 5865/5865 5868/5868
f 5866/5866 5868/5868 5869/5869
f 5869/5869 5868/5868 5870/5870
f 5870/5870 5868/5868 5871/5871
f 5871/5871 5868/5868 5872/5872
f 5872/5872 5868/5868 5873/5873
f 5873/5873 5868/5868 5874/5874
f 5874/5874 5868/5868 5875/5875
f 5875/5875 5868/5868 5876/5876
f 5876/5876 5868/5868 5877/5877
f 5878/5878 5879/5879 5880/5880
f 5879/5879 5878/5878 5881/5881
f 5879/5879 5881/5881 5882/5882
f 5879/5879 5882/5882 5883/5883
f 5879/5879 5883/5883 5872/5872
f 5879/5879 5872/5872 5884/5884
f 5884/5884 5872/5872 5873/5873
f 5879/5879 5884/5884 5885/5885
f 5879/5879 5885/5885 5886/5886
f 5879/5879 5886/5886 5887/5887
f 5879/5879 5887/5887 5888/5888
f 5840/5840 5889/5889 5852/5852
f 5889/5889 5840/5840 5850/5850
f 5857/5857 5891/5891 5895/5895
f 5891/5891 5857/5857 5853/5853
f 5899/5899 5900/5900 5901/5901
f 5900/5900 5899/5899 5902/5902
f 5900/5900 5902/5902 5903/5903
f 5900/5900 5903/5903 5904/5904
f 5904/5904 5903/5903 5905/5905
f 5904/5904 5905/5905 5906/5906
f 5906/5906 5905/5905 5907/5907
f 5906/5906 5907/5907 5908/5908
f 5908/5908 5907/5907 5909/5909
f 5908/5908 5909/5909 5910/5910
f 5910/5910 5909/5909 5911/5911
f 5910/5910 5911/5911 5912/5912
f 5912/5912 5911/5911 5913/5913
f 5912/5912 5913/5913 5914/5914
f 5914/5914 5913/5913 5915/5915
f 5914/5914 5915/5915 5916/5916
f 5916/5916 5915/5915 5917/5917
f 5916/5916 5917/5917 5918/5918
f 5918/5918 5917/5917 5919/5919
f 5918/5918 5919/5919 5920/5920
f 5920/5920 5919/5919 5921/5921
f 5920/5920 5921/5921 5922/5922
f 5860/5860 5862/5862 5923/5923
f 5862/5862 5860/5860 5848/5848
f 5925/5925 5858/5858 5896/5896
f 5858/5858 5925/5925 5863/5863
f 5929/5929 5930/5930 5931/5931
f 5930/5930 5929/5929 5932/5932
f 5933/5933 5934/5934 5935/5935
f 5934/5934 5933/5933 5936/5936
f 5936/5936 5933/5933 5937/5937
f 5936/5936 5937/5937 5938/5938
f 5938/5938 5937/5937 5939/5939
f 5938/5938 5939/5939 5940/5940
f 5940/5940 5939/5939 5941/5941
f 5941/5941 5939/5939 5942/5942
f 5941/5941 5942/5942 5943/5943
f 5941/5941 5943/5943 5944/5944
f 5944/5944 5943/5943 5945/5945
f 5944/5944 5945/5945 5946/5946
f 5946/5946 5945/5945 5947/5947
f 5946/5946 5947/5947 5948/5948
f 5948/5948 5947/5947 5949/5949
f 5948/5948 5949/5949 5950/5950
f 5950/5950 5949/5949 5951/5951
f 5950/5950 5951/5951 5952/5952
f 5952/5952 5951/5951 5953/5953
f 5952/5952 5953/5953 5954/5954
f 5954/5954 5953/5953 5955/5955
f 5954/5954 5955/5955 5956/5956
f 5957/5957 5961/5961 5965/5965
f 5967/5967 5962/5962 5969/5969
f 5962/5962 5967/5967 5966/5966
f 5968/5968 5973/5973 5977/5977
f 5973/5973 5968/5968 5970/5970
f 5978/5978 5979/5979 5983/5983
f 5979/5979 5978/5978 5974/5974
f 5984/5984 5985/5985 5989/5989
f 5985/5985 5984/5984 5980/5980
f 5990/5990 5991/5991 5995/5995
f 5991/5991 5990/5990 5986/5986
f 5996/5996 5997/5997 6001/6001
f 5997/5997 5996/5996 5992/5992
f 6003/6003 6002/6002 5998/5998
f 6002/6002 6003/6003 6007/6007
f 6008/6008 6004/6004 6009/6009
f 6013/6013 6014/6014 6015/6015
f 6014/6014 6013/6013 6016/6016
f 6017/6017 6021/6021 6025/6025
f 6027/6027 6022/6022 6029/6029
f 6022/6022 6027/6027 6026/6026
f 6033/6033 6028/6028 6030/6030
f 6028/6028 6033/6033 6037/6037
f 6039/6039 6038/6038 6034/6034
f 6038/6038 6039/6039 6043/6043
f 6045/6045 6044/6044 6040/6040
f 6044/6044 6045/6045 6049/6049
f 5892/5892 6050/6050 6046/6046
f 6050/6050 5892/5892 6051/6051
f 5854/5854 6052/6052 5893/5893
f 6052/6052 5854/5854 5890/5890
f 5897/5897 6047/6047 6053/6053
f 6047/6047 5897/5897 5894/5894
f 6057/6057 6058/6058 6059/6059
f 6058/6058 6057/6057 6060/6060
f 6060/6060 6057/6057 6061/6061
f 6061/6061 6057/6057 6062/6062
f 6062/6062 6057/6057 6063/6063
f 6063/6063 6057/6057 6064/6064
f 6064/6064 6057/6057 6065/6065
f 6065/6065 6057/6057 6066/6066
f 6066/6066 6057/6057 6067/6067
f 6067/6067 6057/6057 6068/6068
f 6069/6069 6070/6070 6071/6071
f 6070/6070 6069/6069 6072/6072
f 6072/6072 6069/6069 6073/6073
f 6072/6072 6073/6073 6074/6074
f 6072/6072 6074/6074 6075/6075
f 6072/6072 6075/6075 6063/6063
f 6072/6072 6063/6063 6076/6076
f 6076/6076 6063/6063 6064/6064
f 6072/6072 6076/6076 6077/6077
f 6072/6072 6077/6077 6078/6078
f 6072/6072 6078/6078 6079/6079
f 6072/6072 6079/6079 6080/6080
f 6081/6081 5864/5864 5926/5926
f 5864/5864 6081/6081 5924/5924
f 6083/6083 5927/5927 6085/6085
f 5927/5927 6083/6083 6082/6082
f 6089/6089 6084/6084 6086/6086
f 6084/6084 6089/6089 6093/6093
f 6095/6095 6094/6094 6090/6090
f 6094/6094 6095/6095 6099/6099
f 6101/6101 6100/6100 6096/6096
f 6100/6100 6101/6101 6105/6105
f 6102/6102 6107/6107 6106/6106
f 6107/6107 6102/6102 6109/6109
f 6018/6018 6108/6108 6110/6110
f 6113/6113 6115/6115 6119/6119
f 6123/6123 6114/6114 6120/6120
f 6114/6114 6123/6123 6127/6127
f 6129/6129 6124/6124 6131/6131
f 6124/6124 6129/6129 6128/6128
f 6135/6135 6132/6132 6137/6137
f 6132/6132 6135/6135 6130/6130
f 6141/6141 6138/6138 6143/6143
f 6138/6138 6141/6141 6136/6136
f 6147/6147 6142/6142 6144/6144
f 6142/6142 6147/6147 6151/6151
f 6153/6153 6152/6152 6148/6148
f 6152/6152 6153/6153 6157/6157
f 6159/6159 6154/6154 6161/6161
f 6154/6154 6159/6159 6158/6158
f 6160/6160 6162/6162 6165/6165
f 6087/6087 5898/5898 6054/6054
f 5898/5898 6087/6087 5928/5928
f 6010/6010 6169/6169 6173/6173
f 6174/6174 6175/6175 6179/6179
f 6175/6175 6174/6174 6170/6170
f 6176/6176 6181/6181 6180/6180
f 6181/6181 6176/6176 6183/6183
f 6184/6184 6187/6187 6182/6182
f 6187/6187 6184/6184 6189/6189
f 6190/6190 6193/6193 6188/6188
f 6193/6193 6190/6190 6195/6195
f 6196/6196 6199/6199 6194/6194
f 6199/6199 6196/6196 6201/6201
f 6202/6202 6205/6205 6200/6200
f 6205/6205 6202/6202 6207/6207
f 6208/6208 6211/6211 6206/6206
f 6211/6211 6208/6208 6213/6213
f 5958/5958 6212/6212 6214/6214
f 6217/6217 6219/6219 6223/6223
f 6227/6227 6218/6218 6224/6224
f 6218/6218 6227/6227 6231/6231
f 6228/6228 6233/6233 6232/6232
f 6233/6233 6228/6228 6235/6235
f 6236/6236 6239/6239 6234/6234
f 6239/6239 6236/6236 6241/6241
f 6242/6242 6245/6245 6240/6240
f 6245/6245 6242/6242 6247/6247
f 6248/6248 6251/6251 6246/6246
f 6251/6251 6248/6248 6253/6253
f 6254/6254 6257/6257 6252/6252
f 6257/6257 6254/6254 6259/6259
f 6263/6263 6260/6260 6265/6265
f 6260/6260 6263/6263 6258/6258
f 6264/6264 6266/6266 6269/6269
f 5959/5959 6273/6273 5963/5963
f 5971/5971 6274/6274 6277/6277
f 6274/6274 5971/5971 5964/5964
f 5972/5972 6281/6281 5975/5975
f 6281/6281 5972/5972 6278/6278
f 5976/5976 6285/6285 5981/5981
f 6285/6285 5976/5976 6282/6282
f 5982/5982 6289/6289 5987/5987
f 6289/6289 5982/5982 6286/6286
f 5988/5988 6293/6293 5993/5993
f 6293/6293 5988/5988 6290/6290
f 5994/5994 6297/6297 5999/5999
f 6297/6297 5994/5994 6294/6294
f 6301/6301 6000/6000 6298/6298
f 6000/6000 6301/6301 6005/6005
f 6011/6011 6006/6006 6302/6302
f 6019/6019 6305/6305 6023/6023
f 6031/6031 6306/6306 6309/6309
f 6306/6306 6031/6031 6024/6024
f 6313/6313 6032/6032 6310/6310
f 6032/6032 6313/6313 6035/6035
f 6317/6317 6036/6036 6314/6314
f 6036/6036 6317/6317 6041/6041
f 6055/6055 6042/6042 6318/6318
f 6042/6042 6055/6055 6048/6048
f 6321/6321 6325/6325 6166/6166
f 6322/6322 6327/6327 6326/6326
f 6327/6327 6322/6322 6329/6329
f 6328/6328 6333/6333 6337/6337
f 6333/6333 6328/6328 6330/6330
f 6338/6338 6339/6339 6343/6343
f 6339/6339 6338/6338 6334/6334
f 6344/6344 6345/6345 6349/6349
f 6345/6345 6344/6344 6340/6340
f 6350/6350 6351/6351 6355/6355
f 6351/6351 6350/6350 6346/6346
f 6356/6356 6357/6357 6361/6361
f 6357/6357 6356/6356 6352/6352
f 6358/6358 6363/6363 6362/6362
f 6363/6363 6358/6358 6365/6365
f 6366/6366 6116/6116 6364/6364
f 6369/6369 6373/6373 6270/6270
f 6370/6370 6375/6375 6374/6374
f 6375/6375 6370/6370 6377/6377
f 6381/6381 6376/6376 6378/6378
f 6376/6376 6381/6381 6385/6385
f 6387/6387 6386/6386 6382/6382
f 6386/6386 6387/6387 6391/6391
f 6393/6393 6392/6392 6388/6388
f 6392/6392 6393/6393 6397/6397
f 6399/6399 6398/6398 6394/6394
f 6398/6398 6399/6399 6403/6403
f 6405/6405 6404/6404 6400/6400
f 6404/6404 6405/6405 6409/6409
f 6406/6406 6411/6411 6410/6410
f 6411/6411 6406/6406 6413/6413
f 6414/6414 6220/6220 6412/6412
f 6319/6319 6088/6088 6056/6056
f 6088/6088 6319/6319 6091/6091
f 6315/6315 6092/6092 6320/6320
f 6092/6092 6315/6315 6097/6097
f 6311/6311 6098/6098 6316/6316
f 6098/6098 6311/6311 6103/6103
f 6312/6312 6111/6111 6104/6104
f 6111/6111 6312/6312 6307/6307
f 6020/6020 6112/6112 6308/6308
f 6121/6121 6117/6117 6417/6417
f 6421/6421 6122/6122 6418/6418
f 6122/6122 6421/6421 6125/6125
f 6133/6133 6422/6422 6425/6425
f 6422/6422 6133/6133 6126/6126
f 6139/6139 6426/6426 6429/6429
f 6426/6426 6139/6139 6134/6134
f 6145/6145 6430/6430 6433/6433
f 6430/6430 6145/6145 6140/6140
f 6437/6437 6146/6146 6434/6434
f 6146/6146 6437/6437 6149/6149
f 6441/6441 6150/6150 6438/6438
f 6150/6150 6441/6441 6155/6155
f 6163/6163 6442/6442 6445/6445
f 6442/6442 6163/6163 6156/6156
f 6164/6164 6446/6446 6167/6167
f 6012/6012 6303/6303 6171/6171
f 6172/6172 6299/6299 6177/6177
f 6299/6299 6172/6172 6304/6304
f 6300/6300 6185/6185 6178/6178
f 6185/6185 6300/6300 6295/6295
f 6296/6296 6191/6191 6186/6186
f 6191/6191 6296/6296 6291/6291
f 6292/6292 6197/6197 6192/6192
f 6197/6197 6292/6292 6287/6287
f 6198/6198 6283/6283 6203/6203
f 6283/6283 6198/6198 6288/6288
f 6204/6204 6279/6279 6209/6209
f 6279/6279 6204/6204 6284/6284
f 6280/6280 6215/6215 6210/6210
f 6215/6215 6280/6280 6275/6275
f 5960/5960 6216/6216 6276/6276
f 6225/6225 6221/6221 6449/6449
f 6453/6453 6226/6226 6450/6450
f 6226/6226 6453/6453 6229/6229
f 6454/6454 6237/6237 6230/6230
f 6237/6237 6454/6454 6457/6457
f 6458/6458 6243/6243 6238/6238
f 6243/6243 6458/6458 6461/6461
f 6462/6462 6249/6249 6244/6244
f 6249/6249 6462/6462 6465/6465
f 6250/6250 6469/6469 6255/6255
f 6469/6469 6250/6250 6466/6466
f 6256/6256 6473/6473 6261/6261
f 6473/6473 6256/6256 6470/6470
f 6267/6267 6474/6474 6477/6477
f 6474/6474 6267/6267 6262/6262
f 6268/6268 6478/6478 6271/6271
f 6447/6447 6323/6323 6168/6168
f 6448/6448 6331/6331 6324/6324
f 6331/6331 6448/6448 6443/6443
f 6332/6332 6439/6439 6335/6335
f 6439/6439 6332/6332 6444/6444
f 6336/6336 6435/6435 6341/6341
f 6435/6435 6336/6336 6440/6440
f 6342/6342 6431/6431 6347/6347
f 6431/6431 6342/6342 6436/6436
f 6348/6348 6427/6427 6353/6353
f 6427/6427 6348/6348 6432/6432
f 6354/6354 6423/6423 6359/6359
f 6423/6423 6354/6354 6428/6428
f 6360/6360 6419/6419 6367/6367
f 6419/6419 6360/6360 6424/6424
f 6420/6420 6118/6118 6368/6368
f 6479/6479 6371/6371 6272/6272
f 6480/6480 6379/6379 6372/6372
f 6379/6379 6480/6480 6475/6475
f 6471/6471 6380/6380 6476/6476
f 6380/6380 6471/6471 6383/6383
f 6467/6467 6384/6384 6472/6472
f 6384/6384 6467/6467 6389/6389
f 6463/6463 6390/6390 6468/6468
f 6390/6390 6463/6463 6395/6395
f 6459/6459 6396/6396 6464/6464
f 6396/6396 6459/6459 6401/6401
f 6455/6455 6402/6402 6460/6460
f 6402/6402 6455/6455 6407/6407
f 6408/6408 6451/6451 6415/6415
f 6451/6451 6408/6408 6456/6456
f 6452/6452 6222/6222 6416/6416
f 6481/6481 6482/6482 6483/6483
f 6482/6482 6481/6481 6484/6484
f 6485/6485 6486/6486 6487/6487
f 6486/6486 6485/6485 6488/6488
f 6489/6489 6490/6490 6491/6491
f 6490/6490 6489/6489 6492/6492
f 6493/6493 6494/6494 6495/6495
f 6494/6494 6493/6493 6496/6496
f 6497/6497 6498/6498 6499/6499
f 6498/6498 6497/6497 6500/6500
f 6501/6501 6502/6502 6503/6503
f 6502/6502 6501/6501 6504/6504
f 6505/6505 6506/6506 6507/6507
f 6506/6506 6505/6505 6508/6508
f 6509/6509 6510/6510 6511/6511
f 6510/6510 6509/6509 6512/6512
f 6513/6513 6514/6514 6515/6515
f 6514/6514 6513/6513 6516/6516
f 6517/6517 6518/6518 6519/6519
f 6518/6518 6517/6517 6520/6520
f 6521/6521 6522/6522 6523/6523
f 6522/6522 6521/6521 6524/6524
f 6525/6525 6526/6526 6527/6527
f 6526/6526 6525/6525 6528/6528
f 6529/6529 6530/6530 6531/6531
f 6530/6530 6529/6529 6532/6532
f 6533/6533 6534/6534 6535/6535
f 6534/6534 6533/6533 6536/6536
f 6537/6537 6538/6538 6539/6539
f 6538/6538 6537/6537 6540/6540
f 6541/6541 6542/6542 6543/6543
f 6542/6542 6541/6541 6544/6544
f 6545/6545 6546/6546 6547/6547
f 6546/6546 6545/6545 6548/6548
f 6549/6549 6550/6550 6551/6551
f 6550/6550 6549/6549 6552/6552
f 6553/6553 6554/6554 6555/6555
f 6554/6554 6553/6553 6556/6556
f 6557/6557 6558/6558 6559/6559
f 6558/6558 6557/6557 6560/6560
f 6561/6561 6562/6562 6563/6563
f 6562/6562 6561/6561 6564/6564
f 6565/6565 6566/6566 6567/6567
f 6566/6566 6565/6565 6568/6568
f 6569/6569 6570/6570 6571/6571
f 6570/6570 6569/6569 6572/6572
f 6573/6573 6574/6574 6575/6575
f 6574/6574 6573/6573 6576/6576
f 6577/6577 6578/6578 6579/6579
f 6578/6578 6577/6577 6580/6580
f 6581/6581 6582/6582 6583/6583
f 6582/6582 6581/6581 6584/6584
f 6585/6585 6586/6586 6587/6587
f 6586/6586 6585/6585 6588/6588
f 6589/6589 6590/6590 6591/6591
f 6590/6590 6589/6589 6592/6592
f 6593/6593 6594/6594 6595/6595
f 6594/6594 6593/6593 6596/6596
f 6597/6597 6598/6598 6599/6599
f 6598/6598 6597/6597 6600/6600
f 6601/6601 6602/6602 6603/6603
f 6602/6602 6601/6601 6604/6604
f 6605/6605 6606/6606 6607/6607
f 6606/6606 6605/6605 6608/6608
f 6609/6609 6610/6610 6611/6611
f 6610/6610 6609/6609 6612/6612
f 6613/6613 6614/6614 6615/6615
f 6614/6614 6613/6613 6616/6616
f 6617/6617 6618/6618 6619/6619
f 6618/6618 6617/6617 6620/6620
f 6621/6621 6622/6622 6623/6623
f 6622/6622 6621/6621 6624/6624
f 6625/6625 6626/6626 6627/6627
f 6626/6626 6625/6625 6628/6628
f 6629/6629 6630/6630 6631/6631
f 6630/6630 6629/6629 6632/6632
f 6633/6633 6634/6634 6635/6635
f 6634/6634 6633/6633 6636/6636
f 6637/6637 6638/6638 6639/6639
f 6638/6638 6637/6637 6640/6640
f 6641/6641 6642/6642 6643/6643
f 6642/6642 6641/6641 6644/6644
f 6645/6645 6646/6646 6647/6647
f 6646/6646 6645/6645 6648/6648
f 6649/6649 6650/6650 6651/6651
f 6650/6650 6649/6649 6652/6652
f 6653/6653 6654/6654 6655/6655
f 6654/6654 6653/6653 6656/6656
f 6657/6657 6658/6658 6659/6659
f 6658/6658 6657/6657 6660/6660
f 6661/6661 6662/6662 6663/6663
f 6662/6662 6661/6661 6664/6664
f 6665/6665 6666/6666 6667/6667
f 6666/6666 6665/6665 6668/6668
f 6669/6669 6670/6670 6671/6671
f 6670/6670 6669/6669 6672/6672
f 6673/6673 6674/6674 6675/6675
f 6674/6674 6673/6673 6676/6676
f 6677/6677 6678/6678 6679/6679
f 6678/6678 6677/6677 6680/6680
f 6681/6681 6682/6682 6683/6683
f 6682/6682 6681/6681 6684/6684
f 6685/6685 6686/6686 6687/6687
f 6686/6686 6685/6685 6688/6688
f 6689/6689 6690/6690 6691/6691
f 6690/6690 6689/6689 6692/6692
f 6693/6693 6694/6694 6695/6695
f 6694/6694 6693/6693 6696/6696
f 6697/6697 6698/6698 6699/6699
f 6698/6698 6697/6697 6700/6700
f 6701/6701 6702/6702 6703/6703
f 6702/6702 6701/6701 6704/6704
f 6705/6705 6706/6706 6707/6707
f 6706/6706 6705/6705 6708/6708
f 6709/6709 6710/6710 6711/6711
f 6710/6710 6709/6709 6712/6712
f 6713/6713 6714/6714 6715/6715
f 6714/6714 6713/6713 6716/6716
f 6717/6717 6718/6718 6719/6719
f 6718/6718 6717/6717 6720/6720
f 6721/6721 6725/6725 6729/6729
f 6722/6722 6730/6730 6733/6733
f 6737/6737 6726/6726 6723/6723
f 6731/6731 6739/6739 6743/6743
f 6739/6739 6731/6731 6727/6727
f 6724/6724 6734/6734 6747/6747
f 6735/6735 6744/6744 6749/6749
f 6744/6744 6735/6735 6732/6732
f 6753/6753 6754/6754 6755/6755
f 6754/6754 6753/6753 6756/6756
f 6754/6754 6756/6756 6757/6757
f 6757/6757 6756/6756 6758/6758
f 6758/6758 6756/6756 6759/6759
f 6759/6759 6756/6756 6760/6760
f 6760/6760 6756/6756 6761/6761
f 6761/6761 6756/6756 6762/6762
f 6762/6762 6756/6756 6763/6763
f 6763/6763 6756/6756 6764/6764
f 6764/6764 6756/6756 6765/6765
f 6766/6766 6767/6767 6768/6768
f 6767/6767 6766/6766 6769/6769
f 6767/6767 6769/6769 6770/6770
f 6767/6767 6770/6770 6771/6771
f 6767/6767 6771/6771 6760/6760
f 6767/6767 6760/6760 6772/6772
f 6772/6772 6760/6760 6761/6761
f 6767/6767 6772/6772 6773/6773
f 6767/6767 6773/6773 6774/6774
f 6767/6767 6774/6774 6775/6775
f 6767/6767 6775/6775 6776/6776
f 6728/6728 6777/6777 6740/6740
f 6777/6777 6728/6728 6738/6738
f 6745/6745 6779/6779 6783/6783
f 6779/6779 6745/6745 6741/6741
f 6787/6787 6788/6788 6789/6789
f 6788/6788 6787/6787 6790/6790
f 6788/6788 6790/6790 6791/6791
f 6788/6788 6791/6791 6792/6792
f 6792/6792 6791/6791 6793/6793
f 6792/6792 6793/6793 6794/6794
f 6794/6794 6793/6793 6795/6795
f 6794/6794 6795/6795 6796/6796
f 6796/6796 6795/6795 6797/6797
f 6796/6796 6797/6797 6798/6798
f 6798/6798 6797/6797 6799/6799
f 6798/6798 6799/6799 6800/6800
f 6800/6800 6799/6799 6801/6801
f 6800/6800 6801/6801 6802/6802
f 6802/6802 6801/6801 6803/6803
f 6802/6802 6803/6803 6804/6804
f 6804/6804 6803/6803 6805/6805
f 6804/6804 6805/6805 6806/6806
f 6806/6806 6805/6805 6807/6807
f 6806/6806 6807/6807 6808/6808
f 6808/6808 6807/6807 6809/6809
f 6808/6808 6809/6809 6810/6810
f 6748/6748 6750/6750 6811/6811
f 6750/6750 6748/6748 6736/6736
f 6813/6813 6746/6746 6784/6784
f 6746/6746 6813/6813 6751/6751
f 6817/6817 6818/6818 6819/6819
f 6818/6818 6817/6817 6820/6820
f 6821/6821 6822/6822 6823/6823
f 6822/6822 6821/6821 6824/6824
f 6824/6824 6821/6821 6825/6825
f 6824/6824 6825/6825 6826/6826
f 6826/6826 6825/6825 6827/6827
f 6826/6826 6827/6827 6828/6828
f 6828/6828 6827/6827 6829/6829
f 6829/6829 6827/6827 6830/6830
f 6829/6829 6830/6830 6831/6831
f 6829/6829 6831/6831 6832/6832
f 6832/6832 6831/6831 6833/6833
f 6832/6832 6833/6833 6834/6834
f 6834/6834 6833/6833 6835/6835
f 6834/6834 6835/6835 6836/6836
f 6836/6836 6835/6835 6837/6837
f 6836/6836 6837/6837 6838/6838
f 6838/6838 6837/6837 6839/6839
f 6838/6838 6839/6839 6840/6840
f 6840/6840 6839/6839 6841/6841
f 6840/6840 6841/6841 6842/6842
f 6842/6842 6841/6841 6843/6843
f 6842/6842 6843/6843 6844/6844
f 6845/6845 6849/6849 6853/6853
f 6855/6855 6850/6850 6857/6857
f 6850/6850 6855/6855 6854/6854
f 6856/6856 6861/6861 6865/6865
f 6861/6861 6856/6856 6858/6858
f 6866/6866 6867/6867 6871/6871
f 6867/6867 6866/6866 6862/6862
f 6872/6872 6873/6873 6877/6877
f 6873/6873 6872/6872 6868/6868
f 6878/6878 6879/6879 6883/6883
f 6879/6879 6878/6878 6874/6874
f 6884/6884 6885/6885 6889/6889
f 6885/6885 6884/6884 6880/6880
f 6891/6891 6890/6890 6886/6886
f 6890/6890 6891/6891 6895/6895
f 6896/6896 6892/6892 6897/6897
f 6901/6901 6902/6902 6903/6903
f 6902/6902 6901/6901 6904/6904
f 6905/6905 6909/6909 6913/6913
f 6915/6915 6910/6910 6917/6917
f 6910/6910 6915/6915 6914/6914
f 6921/6921 6916/6916 6918/6918
f 6916/6916 6921/6921 6925/6925
f 6927/6927 6926/6926 6922/6922
f 6926/6926 6927/6927 6931/6931
f 6933/6933 6932/6932 6928/6928
f 6932/6932 6933/6933 6937/6937
f 6780/6780 6938/6938 6934/6934
f 6938/6938 6780/6780 6939/6939
f 6742/6742 6940/6940 6781/6781
f 6940/6940 6742/6742 6778/6778
f 6785/6785 6935/6935 6941/6941
f 6935/6935 6785/6785 6782/6782
f 6945/6945 6946/6946 6947/6947
f 6946/6946 6945/6945 6948/6948
f 6948/6948 6945/6945 6949/6949
f 6949/6949 6945/6945 6950/6950
f 6950/6950 6945/6945 6951/6951
f 6951/6951 6945/6945 6952/6952
f 6952/6952 6945/6945 6953/6953
f 6953/6953 6945/6945 6954/6954
f 6954/6954 6945/6945 6955/6955
f 6955/6955 6945/6945 6956/6956
f 6957/6957 6958/6958 6959/6959
f 6958/6958 6957/6957 6960/6960
f 6960/6960 6957/6957 6961/6961
f 6960/6960 6961/6961 6962/6962
f 6960/6960 6962/6962 6963/6963
f 6960/6960 6963/6963 6951/6951
f 6960/6960 6951/6951 6964/6964
f 6964/6964 6951/6951 6952/6952
f 6960/6960 6964/6964 6965/6965
f 6960/6960 6965/6965 6966/6966
f 6960/6960 6966/6966 6967/6967
f 6960/6960 6967/6967 6968/6968
f 6969/6969 6752/6752 6814/6814
f 6752/6752 6969/6969 6812/6812
f 6971/6971 6815/6815 6973/6973
f 6815/6815 6971/6971 6970/6970
f 6977/6977 6972/6972 6974/6974
f 6972/6972 6977/6977 6981/6981
f 6983/6983 6982/6982 6978/6978
f 6982/6982 6983/6983 6987/6987
f 6989/6989 6988/6988 6984/6984
f 6988/6988 6989/6989 6993/6993
f 6990/6990 6995/6995 6994/6994
f 6995/6995 6990/6990 6997/6997
f 6906/6906 6996/6996 6998/6998
f 7001/7001 7003/7003 7007/7007
f 7011/7011 7002/7002 7008/7008
f 7002/7002 7011/7011 7015/7015
f 7017/7017 7012/7012 7019/7019
f 7012/7012 7017/7017 7016/7016
f 7023/7023 7020/7020 7025/7025
f 7020/7020 7023/7023 7018/7018
f 7029/7029 7026/7026 7031/7031
f 7026/7026 7029/7029 7024/7024
f 7035/7035 7030/7030 7032/7032
f 7030/7030 7035/7035 7039/7039
f 7041/7041 7040/7040 7036/7036
f 7040/7040 7041/7041 7045/7045
f 7047/7047 7042/7042 7049/7049
f 7042/7042 7047/7047 7046/7046
f 7048/7048 7050/7050 7053/7053
f 6975/6975 6786/6786 6942/6942
f 6786/6786 6975/6975 6816/6816
f 6898/6898 7057/7057 7061/7061
f 7062/7062 7063/7063 7067/7067
f 7063/7063 7062/7062 7058/7058
f 7064/7064 7069/7069 7068/7068
f 7069/7069 7064/7064 7071/7071
f 7072/7072 7075/7075 7070/7070
f 7075/7075 7072/7072 7077/7077
f 7078/7078 7081/7081 7076/7076
f 7081/7081 7078/7078 7083/7083
f 7084/7084 7087/7087 7082/7082
f 7087/7087 7084/7084 7089/7089
f 7090/7090 7093/7093 7088/7088
f 7093/7093 7090/7090 7095/7095
f 7096/7096 7099/7099 7094/7094
f 7099/7099 7096/7096 7101/7101
f 6846/6846 7100/7100 7102/7102
f 7105/7105 7107/7107 7111/7111
f 7115/7115 7106/7106 7112/7112
f 7106/7106 7115/7115 7119/7119
f 7116/7116 7121/7121 7120/7120
f 7121/7121 7116/7116 7123/7123
f 7124/7124 7127/7127 7122/7122
f 7127/7127 7124/7124 7129/7129
f 7130/7130 7133/7133 7128/7128
f 7133/7133 7130/7130 7135/7135
f 7136/7136 7139/7139 7134/7134
f 7139/7139 7136/7136 7141/7141
f 7142/7142 7145/7145 7140/7140
f 7145/7145 7142/7142 7147/7147
f 7151/7151 7148/7148 7153/7153
f 7148/7148 7151/7151 7146/7146
f 7152/7152 7154/7154 7157/7157
f 6847/6847 7161/7161 6851/6851
f 6859/6859 7162/7162 7165/7165
f 7162/7162 6859/6859 6852/6852
f 6860/6860 7169/7169 6863/6863
f 7169/7169 6860/6860 7166/7166
f 6864/6864 7173/7173 6869/6869
f 7173/7173 6864/6864 7170/7170
f 6870/6870 7177/7177 6875/6875
f 7177/7177 6870/6870 7174/7174
f 6876/6876 7181/7181 6881/6881
f 7181/7181 6876/6876 7178/7178
f 6882/6882 7185/7185 6887/6887
f 7185/7185 6882/6882 7182/7182
f 7189/7189 6888/6888 7186/7186
f 6888/6888 7189/7189 6893/6893
f 6899/6899 6894/6894 7190/7190
f 6907/6907 7193/7193 6911/6911
f 6919/6919 7194/7194 7197/7197
f 7194/7194 6919/6919 6912/6912
f 7201/7201 6920/6920 7198/7198
f 6920/6920 7201/7201 6923/6923
f 7205/7205 6924/6924 7202/7202
f 6924/6924 7205/7205 6929/6929
f 6943/6943 6930/6930 7206/7206
f 6930/6930 6943/6943 6936/6936
f 7209/7209 7213/7213 7054/7054
f 7210/7210 7215/7215 7214/7214
f 7215/7215 7210/7210 7217/7217
f 7216/7216 7221/7221 7225/7225
f 7221/7221 7216/7216 7218/7218
f 7226/7226 7227/7227 7231/7231
f 7227/7227 7226/7226 7222/7222
f 7232/7232 7233/7233 7237/7237
f 7233/7233 7232/7232 7228/7228
f 7238/7238 7239/7239 7243/7243
f 7239/7239 7238/7238 7234/7234
f 7244/7244 7245/7245 7249/7249
f 7245/7245 7244/7244 7240/7240
f 7246/7246 7251/7251 7250/7250
f 7251/7251 7246/7246 7253/7253
f 7254/7254 7004/7004 7252/7252
f 7257/7257 7261/7261 7158/7158
f 7258/7258 7263/7263 7262/7262
f 7263/7263 7258/7258 7265/7265
f 7269/7269 7264/7264 7266/7266
f 7264/7264 7269/7269 7273/7273
f 7275/7275 7274/7274 7270/7270
f 7274/7274 7275/7275 7279/7279
f 7281/7281 7280/7280 7276/7276
f 7280/7280 7281/7281 7285/7285
f 7287/7287 7286/7286 7282/7282
f 7286/7286 7287/7287 7291/7291
f 7293/7293 7292/7292 7288/7288
f 7292/7292 7293/7293 7297/7297
f 7294/7294 7299/7299 7298/7298
f 7299/7299 7294/7294 7301/7301
f 7302/7302 7108/7108 7300/7300
f 7207/7207 6976/6976 6944/6944
f 6976/6976 7207/7207 6979/6979
f 7203/7203 6980/6980 7208/7208
f 6980/6980 7203/7203 6985/6985
f 7199/7199 6986/6986 7204/7204
f 6986/6986 7199/7199 6991/6991
f 7200/7200 6999/6999 6992/6992
f 6999/6999 7200/7200 7195/7195
f 6908/6908 7000/7000 7196/7196
f 7009/7009 7005/7005 7305/7305
f 7309/7309 7010/7010 7306/7306
f 7010/7010 7309/7309 7013/7013
f 7021/7021 7310/7310 7313/7313
f 7310/7310 7021/7021 7014/7014
f 7027/7027 7314/7314 7317/7317
f 7314/7314 7027/7027 7022/7022
f 7033/7033 7318/7318 7321/7321
f 7318/7318 7033/7033 7028/7028
f 7325/7325 7034/7034 7322/7322
f 7034/7034 7325/7325 7037/7037
f 7329/7329 7038/7038 7326/7326
f 7038/7038 7329/7329 7043/7043
f 7051/7051 7330/7330 7333/7333
f 7330/7330 7051/7051 7044/7044
f 7052/7052 7334/7334 7055/7055
f 6900/6900 7191/7191 7059/7059
f 7060/7060 7187/7187 7065/7065
f 7187/7187 7060/7060 7192/7192
f 7188/7188 7073/7073 7066/7066
f 7073/7073 7188/7188 7183/7183
f 7184/7184 7079/7079 7074/7074
f 7079/7079 7184/7184 7179/7179
f 7180/7180 7085/7085 7080/7080
f 7085/7085 7180/7180 7175/7175
f 7086/7086 7171/7171 7091/7091
f 7171/7171 7086/7086 7176/7176
f 7092/7092 7167/7167 7097/7097
f 7167/7167 7092/7092 7172/7172
f 7168/7168 7103/7103 7098/7098
f 7103/7103 7168/7168 7163/7163
f 6848/6848 7104/7104 7164/7164
f 7113/7113 7109/7109 7337/7337
f 7341/7341 7114/7114 7338/7338
f 7114/7114 7341/7341 7117/7117
f 7342/7342 7125/7125 7118/7118
f 7125/7125 7342/7342 7345/7345
f 7346/7346 7131/7131 7126/7126
f 7131/7131 7346/7346 7349/7349
f 7350/7350 7137/7137 7132/7132
f 7137/7137 7350/7350 7353/7353
f 7138/7138 7357/7357 7143/7143
f 7357/7357 7138/7138 7354/7354
f 7144/7144 7361/7361 7149/7149
f 7361/7361 7144/7144 7358/7358
f 7155/7155 7362/7362 7365/7365
f 7362/7362 7155/7155 7150/7150
f 7156/7156 7366/7366 7159/7159
f 7335/7335 7211/7211 7056/7056
f 7336/7336 7219/7219 7212/7212
f 7219/7219 7336/7336 7331/7331
f 7220/7220 7327/7327 7223/7223
f 7327/7327 7220/7220 7332/7332
f 7224/7224 7323/7323 7229/7229
f 7323/7323 7224/7224 7328/7328
f 7230/7230 7319/7319 7235/7235
f 7319/7319 7230/7230 7324/7324
f 7236/7236 7315/7315 7241/7241
f 7315/7315 7236/7236 7320/7320
f 7242/7242 7311/7311 7247/7247
f 7311/7311 7242/7242 7316/7316
f 7248/7248 7307/7307 7255/7255
f 7307/7307 7248/7248 7312/7312
f 7308/7308 7006/7006 7256/7256
f 7367/7367 7259/7259 7160/7160
f 7368/7368 7267/7267 7260/7260
f 7267/7267 7368/7368 7363/7363
f 7359/7359 7268/7268 7364/7364
f 7268/7268 7359/7359 7271/7271
f 7355/7355 7272/7272 7360/7360
f 7272/7272 7355/7355 7277/7277
f 7351/7351 7278/7278 7356/7356
f 7278/7278 7351/7351 7283/7283
f 7347/7347 7284/7284 7352/7352
f 7284/7284 7347/7347 7289/7289
f 7343/7343 7290/7290 7348/7348
f 7290/7290 7343/7343 7295/7295
f 7296/7296 7339/7339 7303/7303
f 7339/7339 7296/7296 7344/7344
f 7340/7340 7110/7110 7304/7304
f 7369/7369 7370/7370 7371/7371
f 7370/7370 7369/7369 7372/7372
f 7373/7373 7374/7374 7375/7375
f 7374/7374 7373/7373 7376/7376
f 7377/7377 7378/7378 7379/7379
f 7378/7378 7377/7377 7380/7380
f 7381/7381 7382/7382 7383/7383
f 7382/7382 7381/7381 7384/7384
f 7385/7385 7386/7386 7387/7387
f 7386/7386 7385/7385 7388/7388
f 7389/7389 7390/7390 7391/7391
f 7390/7390 7389/7389 7392/7392
f 7393/7393 7394/7394 7395/7395
f 7394/7394 7393/7393 7396/7396
f 7397/7397 7398/7398 7399/7399
f 7400/7400 7399/7399 7398/7398
f 7401/7401 7402/7402 7403/7403
f 7402/7402 7401/7401 7404/7404
f 7405/7405 7406/7406 7407/7407
f 7406/7406 7405/7405 7408/7408
f 7409/7409 7410/7410 7411/7411
f 7412/7412 7411/7411 7410/7410
f 7413/7413 7414/7414 7415/7415
f 7414/7414 7413/7413 7416/7416
f 7417/7417 7418/7418 7419/7419
f 7420/7420 7419/7419 7418/7418
f 7421/7421 7422/7422 7423/7423
f 7422/7422 7421/7421 7424/7424
f 7425/7425 7426/7426 7427/7427
f 7428/7428 7427/7427 7426/7426
f 7429/7429 7430/7430 7431/7431
f 7432/7432 7431/7431 7430/7430
f 7433/7433 7434/7434 7435/7435
f 7434/7434 7433/7433 7436/7436
f 7437/7437 7439/7439 7441/7441
f 7439/7439 7437/7437 7443/7443
f 7445/7445 7447/7447 7449/7449
f 7447/7447 7445/7445 7451/7451
f 7453/7453 7444/7444 7438/7438
f 7444/7444 7453/7453 7455/7455
f 7457/7457 7459/7459 7461/7461
f 7459/7459 7457/7457 7463/7463
f 7442/7442 7465/7465 7466/7466
f 7465/7465 7442/7442 7440/7440
f 7450/7450 7467/7467 7469/7469
f 7467/7467 7450/7450 7448/7448
f 7471/7471 7446/7446 7472/7472
f 7446/7446 7471/7471 7452/7452
f 7473/7473 7475/7475 7477/7477
f 7475/7475 7473/7473 7479/7479
f 7456/7456 7481/7481 7483/7483
f 7481/7481 7456/7456 7454/7454
f 7485/7485 7462/7462 7487/7487
f 7462/7462 7485/7485 7458/7458
f 7460/7460 7489/7489 7490/7490
f 7489/7489 7460/7460 7464/7464
f 7491/7491 7492/7492 7493/7493
f 7492/7492 7491/7491 7494/7494
f 7492/7492 7494/7494 7495/7495
f 7495/7495 7494/7494 7496/7496
f 7493/7493 7497/7497 7498/7498
f 7497/7497 7493/7493 7492/7492
f 7498/7498 7497/7497 7496/7496
f 7498/7498 7496/7496 7494/7494
f 7499/7499 7470/7470 7468/7468
f 7470/7470 7499/7499 7501/7501
f 7503/7503 7480/7480 7474/7474
f 7480/7480 7503/7503 7505/7505
f 7478/7478 7507/7507 7508/7508
f 7507/7507 7478/7478 7476/7476
f 7484/7484 7509/7509 7510/7510
f 7509/7509 7484/7484 7482/7482
f 7486/7486 7511/7511 7513/7513
f 7511/7511 7486/7486 7488/7488
f 7515/7515 7502/7502 7500/7500
f 7502/7502 7515/7515 7516/7516
f 7517/7517 7504/7504 7519/7519
f 7504/7504 7517/7517 7506/7506
f 7521/7521 7523/7523 7524/7524
f 7523/7523 7521/7521 7525/7525
f 7514/7514 7527/7527 7528/7528
f 7527/7527 7514/7514 7512/7512
f 7529/7529 7530/7530 7532/7532
f 7530/7530 7529/7529 7533/7533
f 7535/7535 7520/7520 7536/7536
f 7520/7520 7535/7535 7518/7518
f 7537/7537 7526/7526 7522/7522
f 7526/7526 7537/7537 7539/7539
f 7541/7541 7543/7543 7544/7544
f 7543/7543 7541/7541 7546/7546
f 7534/7534 7547/7547 7531/7531
f 7547/7547 7534/7534 7549/7549
f 7551/7551 7553/7553 7554/7554
f 7553/7553 7551/7551 7555/7555
f 7557/7557 7540/7540 7538/7538
f 7540/7540 7557/7557 7559/7559
f 7561/7561 7542/7542 7545/7545
f 7542/7542 7561/7561 7563/7563
f 7550/7550 7565/7565 7548/7548
f 7565/7565 7550/7550 7567/7567
f 7569/7569 7556/7556 7552/7552
f 7556/7556 7569/7569 7571/7571
f 7558/7558 7573/7573 7560/7560
f 7573/7573 7558/7558 7575/7575
f 7577/7577 7564/7564 7562/7562
f 7564/7564 7577/7577 7579/7579
f 7566/7566 7581/7581 7583/7583
f 7581/7581 7566/7566 7568/7568
f 7585/7585 7572/7572 7570/7570
f 7572/7572 7585/7585 7587/7587
f 7576/7576 7589/7589 7574/7574
f 7589/7589 7576/7576 7590/7590
f 7591/7591 7580/7580 7578/7578
f 7580/7580 7591/7591 7593/7593
f 7584/7584 7595/7595 7596/7596
f 7595/7595 7584/7584 7582/7582
f 7597/7597 7588/7588 7586/7586
f 7588/7588 7597/7597 7599/7599
f 7601/7601 7602/7602 7603/7603
f 7602/7602 7601/7601 7604/7604
f 7605/7605 7594/7594 7592/7592
f 7594/7594 7605/7605 7606/7606
f 7607/7607 7600/7600 7598/7598
f 7600/7600 7607/7607 7608/7608
f 7609/7609 7613/7613 7617/7617
f 7613/7613 7609/7609 7621/7621
f 7625/7625 7618/7618 7629/7629
f 7618/7618 7625/7625 7610/7610
f 7633/7633 7611/7611 7637/7637
f 7611/7611 7633/7633 7622/7622
f 7623/7623 7641/7641 7614/7614
f 7641/7641 7623/7623 7645/7645
f 7619/7619 7649/7649 7653/7653
f 7649/7649 7619/7619 7615/7615
f 7657/7657 7630/7630 7661/7661
f 7630/7630 7657/7657 7626/7626
f 7665/7665 7612/7612 7627/7627
f 7612/7612 7665/7665 7638/7638
f 7631/7631 7654/7654 7669/7669
f 7654/7654 7631/7631 7620/7620
f 7634/7634 7639/7639 7673/7673
f 7681/7681 7624/7624 7635/7635
f 7624/7624 7681/7681 7646/7646
f 7647/7647 7685/7685 7642/7642
f 7685/7685 7647/7647 7689/7689
f 7616/7616 7693/7693 7650/7650
f 7693/7693 7616/7616 7643/7643
f 7655/7655 7697/7697 7701/7701
f 7697/7697 7655/7655 7651/7651
f 7705/7705 7658/7658 7662/7662
f 7658/7658 7705/7705 7709/7709
f 7713/7713 7628/7628 7659/7659
f 7628/7628 7713/7713 7666/7666
f 7663/7663 7670/7670 7717/7717
f 7670/7670 7663/7663 7632/7632
f 7640/7640 7667/7667 7674/7674
f 7671/7671 7702/7702 7721/7721
f 7702/7702 7671/7671 7656/7656
f 7682/7682 7636/7636 7675/7675
f 7725/7725 7648/7648 7683/7683
f 7648/7648 7725/7725 7690/7690
f 7691/7691 7729/7729 7686/7686
f 7729/7729 7691/7691 7731/7731
f 7644/7644 7733/7733 7694/7694
f 7733/7733 7644/7644 7687/7687
f 7652/7652 7737/7737 7698/7698
f 7737/7737 7652/7652 7695/7695
f 7703/7703 7741/7741 7745/7745
f 7741/7741 7703/7703 7699/7699
f 7749/7749 7710/7710 7706/7706
f 7710/7710 7749/7749 7751/7751
f 7753/7753 7660/7660 7711/7711
f 7660/7660 7753/7753 7714/7714
f 7757/7757 7664/7664 7718/7718
f 7664/7664 7757/7757 7707/7707
f 7676/7676 7668/7668 7715/7715
f 7719/7719 7722/7722 7761/7761
f 7722/7722 7719/7719 7672/7672
f 7723/7723 7746/7746 7765/7765
f 7746/7746 7723/7723 7704/7704
f 7726/7726 7684/7684 7677/7677
f 7769/7769 7692/7692 7727/7727
f 7692/7692 7769/7769 7732/7732
f 7688/7688 7771/7771 7734/7734
f 7771/7771 7688/7688 7730/7730
f 7735/7735 7738/7738 7696/7696
f 7738/7738 7735/7735 7773/7773
f 7700/7700 7777/7777 7742/7742
f 7777/7777 7700/7700 7739/7739
f 7747/7747 7781/7781 7785/7785
f 7781/7781 7747/7747 7743/7743
f 7789/7789 7712/7712 7752/7752
f 7712/7712 7789/7789 7754/7754
f 7791/7791 7708/7708 7758/7758
f 7708/7708 7791/7791 7750/7750
f 7678/7678 7716/7716 7755/7755
f 7762/7762 7759/7759 7720/7720
f 7759/7759 7762/7762 7793/7793
f 7763/7763 7766/7766 7797/7797
f 7766/7766 7763/7763 7724/7724
f 7767/7767 7786/7786 7801/7801
f 7786/7786 7767/7767 7748/7748
f 7770/7770 7728/7728 7679/7679
f 7772/7772 7774/7774 7736/7736
f 7774/7774 7772/7772 7805/7805
f 7775/7775 7778/7778 7740/7740
f 7778/7778 7775/7775 7807/7807
f 7744/7744 7811/7811 7782/7782
f 7811/7811 7744/7744 7779/7779
f 7783/7783 7815/7815 7787/7787
f 7815/7815 7783/7783 7819/7819
f 7680/7680 7756/7756 7790/7790
f 7794/7794 7792/7792 7760/7760
f 7792/7792 7794/7794 7823/7823
f 7798/7798 7795/7795 7764/7764
f 7795/7795 7798/7798 7825/7825
f 7799/7799 7802/7802 7829/7829
f 7802/7802 7799/7799 7768/7768
f 7788/7788 7833/7833 7803/7803
f 7833/7833 7788/7788 7816/7816
f 7806/7806 7808/7808 7776/7776
f 7808/7808 7806/7806 7837/7837
f 7809/7809 7812/7812 7780/7780
f 7812/7812 7809/7809 7839/7839
f 7784/7784 7843/7843 7820/7820
f 7843/7843 7784/7784 7813/7813
f 7821/7821 7847/7847 7817/7817
f 7826/7826 7824/7824 7796/7796
f 7824/7824 7826/7826 7855/7855
f 7830/7830 7827/7827 7800/7800
f 7827/7827 7830/7830 7857/7857
f 7804/7804 7861/7861 7831/7831
f 7861/7861 7804/7804 7834/7834
f 7848/7848 7835/7835 7818/7818
f 7838/7838 7840/7840 7810/7810
f 7840/7840 7838/7838 7865/7865
f 7814/7814 7867/7867 7844/7844
f 7867/7867 7814/7814 7841/7841
f 7845/7845 7849/7849 7822/7822
f 7858/7858 7856/7856 7828/7828
f 7856/7856 7858/7858 7871/7871
f 7832/7832 7873/7873 7859/7859
f 7873/7873 7832/7832 7862/7862
f 7850/7850 7863/7863 7836/7836
f 7842/7842 7877/7877 7868/7868
f 7877/7877 7842/7842 7866/7866
f 7869/7869 7851/7851 7846/7846
f 7860/7860 7879/7879 7872/7872
f 7879/7879 7860/7860 7874/7874
f 7852/7852 7875/7875 7864/7864
f 7878/7878 7853/7853 7870/7870
f 7854/7854 7880/7880 7876/7876
f 7881/7881 7885/7885 7889/7889
f 7885/7885 7881/7881 7893/7893
f 7897/7897 7894/7894 7882/7882
f 7894/7894 7897/7897 7901/7901
f 7905/7905 7886/7886 7895/7895
f 7886/7886 7905/7905 7909/7909
f 7890/7890 7913/7913 7915/7915
f 7913/7913 7890/7890 7887/7887
f 7883/7883 7891/7891 7917/7917
f 7925/7925 7902/7902 7898/7898
f 7902/7902 7925/7925 7929/7929
f 7933/7933 7896/7896 7903/7903
f 7896/7896 7933/7933 7906/7906
f 7899/7899 7884/7884 7918/7918
f 7937/7937 7910/7910 7907/7907
f 7910/7910 7937/7937 7941/7941
f 7911/7911 7914/7914 7888/7888
f 7914/7914 7911/7911 7945/7945
f 7892/7892 7916/7916 7919/7919
f 7947/7947 7926/7926 7951/7951
f 7926/7926 7947/7947 7930/7930
f 7934/7934 7931/7931 7955/7955
f 7931/7931 7934/7934 7904/7904
f 7927/7927 7900/7900 7920/7920
f 7959/7959 7908/7908 7935/7935
f 7908/7908 7959/7959 7938/7938
f 7963/7963 7942/7942 7939/7939
f 7942/7942 7963/7963 7967/7967
f 7943/7943 7946/7946 7912/7912
f 7946/7946 7943/7943 7971/7971
f 7973/7973 7952/7952 7977/7977
f 7952/7952 7973/7973 7948/7948
f 7956/7956 7949/7949 7981/7981
f 7949/7949 7956/7956 7932/7932
f 7928/7928 7921/7921 7953/7953
f 7960/7960 7957/7957 7985/7985
f 7957/7957 7960/7960 7936/7936
f 7989/7989 7940/7940 7961/7961
f 7940/7940 7989/7989 7964/7964
f 7993/7993 7968/7968 7965/7965
f 7968/7968 7993/7993 7997/7997
f 7969/7969 7972/7972 7944/7944
f 7972/7972 7969/7969 8001/8001
f 8003/8003 7978/7978 8007/8007
f 7978/7978 8003/8003 7974/7974
f 7982/7982 7975/7975 8011/8011
f 7975/7975 7982/7982 7950/7950
f 7954/7954 7922/7922 7979/7979
f 7986/7986 7983/7983 8015/8015
f 7983/7983 7986/7986 7958/7958
f 7990/7990 7987/7987 8019/8019
f 7987/7987 7990/7990 7962/7962
f 7994/7994 7991/7991 8023/8023
f 7991/7991 7994/7994 7966/7966
f 8027/8027 7998/7998 7995/7995
f 7998/7998 8027/8027 8031/8031
f 7999/7999 8002/8002 7970/7970
f 8002/8002 7999/7999 8035/8035
f 8004/8004 8037/8037 8039/8039
f 8037/8037 8004/8004 8008/8008
f 8041/8041 7976/7976 8005/8005
f 7976/7976 8041/8041 8012/8012
f 7980/7980 7923/7923 8009/8009
f 8016/8016 8013/8013 8045/8045
f 8013/8013 8016/8016 7984/7984
f 8020/8020 8017/8017 8049/8049
f 8017/8017 8020/8020 7988/7988
f 8024/8024 8021/8021 8053/8053
f 8021/8021 8024/8024 7992/7992
f 8028/8028 8025/8025 8057/8057
f 8025/8025 8028/8028 7996/7996
f 8032/8032 8061/8061 8065/8065
f 8061/8061 8032/8032 8029/8029
f 8033/8033 8036/8036 8000/8000
f 8036/8036 8033/8033 8069/8069
f 8071/8071 8006/8006 8040/8040
f 8006/8006 8071/8071 8042/8042
f 8010/8010 7924/7924 8038/8038
f 8073/8073 8014/8014 8043/8043
f 8014/8014 8073/8073 8046/8046
f 8050/8050 8047/8047 8077/8077
f 8047/8047 8050/8050 8018/8018
f 8081/8081 8022/8022 8051/8051
f 8022/8022 8081/8081 8054/8054
f 8058/8058 8055/8055 8085/8085
f 8055/8055 8058/8058 8026/8026
f 8030/8030 8089/8089 8062/8062
f 8089/8089 8030/8030 8059/8059
f 8063/8063 8093/8093 8066/8066
f 8034/8034 8101/8101 8070/8070
f 8101/8101 8034/8034 8067/8067
f 8103/8103 8044/8044 8072/8072
f 8044/8044 8103/8103 8074/8074
f 8105/8105 8048/8048 8075/8075
f 8048/8048 8105/8105 8078/8078
f 8109/8109 8052/8052 8079/8079
f 8052/8052 8109/8109 8082/8082
f 8113/8113 8056/8056 8083/8083
f 8056/8056 8113/8113 8086/8086
f 8060/8060 8117/8117 8090/8090
f 8117/8117 8060/8060 8087/8087
f 8091/8091 8094/8094 8064/8064
f 8068/8068 8095/8095 8102/8102
f 8121/8121 8076/8076 8104/8104
f 8076/8076 8121/8121 8106/8106
f 8123/8123 8080/8080 8107/8107
f 8080/8080 8123/8123 8110/8110
f 8127/8127 8084/8084 8111/8111
f 8084/8084 8127/8127 8114/8114
f 8118/8118 8115/8115 8131/8131
f 8115/8115 8118/8118 8088/8088
f 8119/8119 8096/8096 8092/8092
f 8135/8135 8108/8108 8122/8122
f 8108/8108 8135/8135 8124/8124
f 8137/8137 8112/8112 8125/8125
f 8112/8112 8137/8137 8128/8128
f 8132/8132 8129/8129 8141/8141
f 8129/8129 8132/8132 8116/8116
f 8120/8120 8133/8133 8097/8097
f 8145/8145 8126/8126 8136/8136
f 8126/8126 8145/8145 8138/8138
f 8142/8142 8139/8139 8147/8147
f 8139/8139 8142/8142 8130/8130
f 8134/8134 8143/8143 8098/8098
f 8148/8148 8146/8146 8151/8151
f 8146/8146 8148/8148 8140/8140
f 8144/8144 8149/8149 8099/8099
f 8150/8150 8152/8152 8100/8100
f 8153/8153 8161/8161 8165/8165
f 8154/8154 8169/8169 8162/8162
f 8166/8166 8173/8173 8177/8177
f 8173/8173 8166/8166 8163/8163
f 8155/8155 8167/8167 8181/8181
f 8185/8185 8170/8170 8156/8156
f 8164/8164 8187/8187 8174/8174
f 8187/8187 8164/8164 8171/8171
f 8175/8175 8191/8191 8178/8178
f 8191/8191 8175/8175 8195/8195
f 8182/8182 8179/8179 8199/8199
f 8179/8179 8182/8182 8168/8168
f 8157/8157 8183/8183 8203/8203
f 8172/8172 8207/8207 8188/8188
f 8207/8207 8172/8172 8186/8186
f 8209/8209 8176/8176 8189/8189
f 8176/8176 8209/8209 8196/8196
f 8197/8197 8213/8213 8192/8192
f 8213/8213 8197/8197 8217/8217
f 8180/8180 8221/8221 8200/8200
f 8221/8221 8180/8180 8193/8193
f 8225/8225 8184/8184 8201/8201
f 8184/8184 8225/8225 8204/8204
f 8158/8158 8205/8205 8229/8229
f 8233/8233 8190/8190 8208/8208
f 8190/8190 8233/8233 8210/8210
f 8235/8235 8198/8198 8211/8211
f 8198/8198 8235/8235 8218/8218
f 8219/8219 8239/8239 8214/8214
f 8239/8239 8219/8219 8243/8243
f 8222/8222 8215/8215 8247/8247
f 8215/8215 8222/8222 8194/8194
f 8226/8226 8223/8223 8251/8251
f 8223/8223 8226/8226 8202/8202
f 8255/8255 8206/8206 8227/8227
f 8206/8206 8255/8255 8230/8230
f 8159/8159 8231/8231 8259/8259
f 8263/8263 8212/8212 8234/8234
f 8212/8212 8263/8263 8236/8236
f 8265/8265 8220/8220 8237/8237
f 8220/8220 8265/8265 8244/8244
f 8240/8240 8269/8269 8273/8273
f 8269/8269 8240/8240 8245/8245
f 8216/8216 8277/8277 8248/8248
f 8277/8277 8216/8216 8241/8241
f 8252/8252 8249/8249 8281/8281
f 8249/8249 8252/8252 8224/8224
f 8256/8256 8253/8253 8285/8285
f 8253/8253 8256/8256 8228/8228
f 8289/8289 8232/8232 8257/8257
f 8232/8232 8289/8289 8260/8260
f 8160/8160 8261/8261 8293/8293
f 8295/8295 8238/8238 8264/8264
f 8238/8238 8295/8295 8266/8266
f 8297/8297 8246/8246 8267/8267
f 8246/8246 8297/8297 8270/8270
f 8274/8274 8301/8301 8305/8305
f 8301/8301 8274/8274 8271/8271
f 8242/8242 8309/8309 8278/8278
f 8309/8309 8242/8242 8275/8275
f 8282/8282 8279/8279 8313/8313
f 8279/8279 8282/8282 8250/8250
f 8286/8286 8283/8283 8317/8317
f 8283/8283 8286/8286 8254/8254
f 8287/8287 8290/8290 8258/8258
f 8290/8290 8287/8287 8321/8321
f 8325/8325 8262/8262 8291/8291
f 8262/8262 8325/8325 8294/8294
f 8327/8327 8268/8268 8296/8296
f 8268/8268 8327/8327 8298/8298
f 8329/8329 8272/8272 8299/8299
f 8272/8272 8329/8329 8302/8302
f 8303/8303 8333/8333 8306/8306
f 8333/8333 8303/8303 8337/8337
f 8276/8276 8341/8341 8310/8310
f 8341/8341 8276/8276 8307/8307
f 8280/8280 8345/8345 8314/8314
f 8345/8345 8280/8280 8311/8311
f 8318/8318 8315/8315 8349/8349
f 8315/8315 8318/8318 8284/8284
f 8319/8319 8322/8322 8288/8288
f 8322/8322 8319/8319 8353/8353
f 8323/8323 8326/8326 8292/8292
f 8326/8326 8323/8323 8357/8357
f 8359/8359 8300/8300 8328/8328
f 8300/8300 8359/8359 8330/8330
f 8331/8331 8338/8338 8304/8304
f 8338/8338 8331/8331 8361/8361
f 8365/8365 8334/8334 8339/8339
f 8308/8308 8373/8373 8342/8342
f 8373/8373 8308/8308 8335/8335
f 8312/8312 8377/8377 8346/8346
f 8377/8377 8312/8312 8343/8343
f 8316/8316 8381/8381 8350/8350
f 8381/8381 8316/8316 8347/8347
f 8351/8351 8354/8354 8320/8320
f 8354/8354 8351/8351 8385/8385
f 8355/8355 8358/8358 8324/8324
f 8358/8358 8355/8355 8389/8389
f 8360/8360 8362/8362 8332/8332
f 8362/8362 8360/8360 8391/8391
f 8366/8366 8340/8340 8363/8363
f 8367/8367 8374/8374 8336/8336
f 8375/8375 8378/8378 8344/8344
f 8378/8378 8375/8375 8393/8393
f 8348/8348 8397/8397 8382/8382
f 8397/8397 8348/8348 8379/8379
f 8383/8383 8386/8386 8352/8352
f 8386/8386 8383/8383 8401/8401
f 8387/8387 8390/8390 8356/8356
f 8390/8390 8387/8387 8405/8405
f 8368/8368 8364/8364 8392/8392
f 8369/8369 8394/8394 8376/8376
f 8395/8395 8398/8398 8380/8380
f 8398/8398 8395/8395 8407/8407
f 8399/8399 8402/8402 8384/8384
f 8402/8402 8399/8399 8411/8411
f 8403/8403 8406/8406 8388/8388
f 8406/8406 8403/8403 8415/8415
f 8370/8370 8408/8408 8396/8396
f 8409/8409 8412/8412 8400/8400
f 8412/8412 8409/8409 8417/8417
f 8413/8413 8416/8416 8404/8404
f 8416/8416 8413/8413 8421/8421
f 8371/8371 8418/8418 8410/8410
f 8419/8419 8422/8422 8414/8414
f 8422/8422 8419/8419 8423/8423
f 8424/8424 8420/8420 8372/8372
f 8425/8425 8426/8426 8427/8427
f 8426/8426 8425/8425 8428/8428
f 8429/8429 8430/8430 8431/8431
f 8430/8430 8429/8429 8432/8432
f 8433/8433 8434/8434 8435/8435
f 8434/8434 8433/8433 8436/8436
f 8437/8437 8438/8438 8439/8439
f 8438/8438 8437/8437 8440/8440
f 8441/8441 8442/8442 8443/8443
f 8442/8442 8441/8441 8444/8444
f 8445/8445 8446/8446 8447/8447
f 8446/8446 8445/8445 8448/8448
f 8448/8448 8445/8445 8449/8449
f 8449/8449 8445/8445 8450/8450
f 8449/8449 8450/8450 8451/8451
f 8449/8449 8451/8451 8452/8452
f 8452/8452 8451/8451 8453/8453
f 8452/8452 8453/8453 8454/8454
f 8454/8454 8453/8453 8455/8455
f 8454/8454 8455/8455 8456/8456
f 8456/8456 8455/8455 8457/8457
f 8456/8456 8457/8457 8458/8458
f 8458/8458 8457/8457 8459/8459
f 8458/8458 8459/8459 8460/8460
f 8460/8460 8459/8459 8461/8461
f 8460/8460 8461/8461 8462/8462
f 8462/8462 8461/8461 8463/8463
f 8462/8462 8463/8463 8464/8464
f 8464/8464 8463/8463 8465/8465
f 8447/8447 8466/8466 8467/8467
f 8466/8466 8447/8447 8468/8468
f 8468/8468 8446/8446 8469/8469
f 8468/8468 8469/8469 8470/8470
f 8470/8470 8469/8469 8471/8471
f 8470/8470 8471/8471 8472/8472
f 8472/8472 8471/8471 8473/8473
f 8472/8472 8473/8473 8474/8474
f 8474/8474 8473/8473 8475/8475
f 8474/8474 8475/8475 8476/8476
f 8476/8476 8475/8475 8477/8477
f 8476/8476 8477/8477 8478/8478
f 8478/8478 8477/8477 8479/8479
f 8479/8479 8477/8477 8480/8480
f 8479/8479 8480/8480 8481/8481
f 8479/8479 8481/8481 8482/8482
f 8482/8482 8481/8481 8483/8483
f 8482/8482 8483/8483 8484/8484
f 8484/8484 8483/8483 8464/8464
f 8484/8484 8464/8464 8485/8485
f 8485/8485 8464/8464 8486/8486
f 8486/8486 8464/8464 8465/8465
f 8487/8487 8488/8488 8489/8489
f 8488/8488 8487/8487 8490/8490
f 8491/8491 8492/8492 8493/8493
f 8492/8492 8491/8491 8494/8494
f 8495/8495 8496/8496 8497/8497
f 8496/8496 8495/8495 8498/8498
f 8499/8499 8500/8500 8501/8501
f 8500/8500 8499/8499 8502/8502
f 8503/8503 8504/8504 8505/8505
f 8504/8504 8503/8503 8506/8506
f 8507/8507 8508/8508 8509/8509
f 8508/8508 8507/8507 8510/8510
f 8511/8511 8512/8512 8513/8513
f 8512/8512 8511/8511 8514/8514
f 8515/8515 8516/8516 8517/8517
f 8516/8516 8515/8515 8518/8518
f 8518/8518 8515/8515 8519/8519
f 8519/8519 8515/8515 8520/8520
f 8520/8520 8515/8515 8521/8521
f 8521/8521 8515/8515 8522/8522
f 8521/8521 8522/8522 8523/8523
f 8523/8523 8522/8522 8524/8524
f 8522/8522 8515/8515 8525/8525
f 8525/8525 8515/8515 8526/8526
f 8526/8526 8515/8515 8527/8527
f 8527/8527 8515/8515 8528/8528
f 8528/8528 8515/8515 8529/8529
f 8529/8529 8515/8515 8530/8530
f 8530/8530 8515/8515 8531/8531
f 8531/8531 8515/8515 8532/8532
f 8532/8532 8515/8515 8533/8533
f 8533/8533 8515/8515 8534/8534
f 8533/8533 8534/8534 8535/8535
f 8534/8534 8515/8515 8536/8536
f 8536/8536 8515/8515 8537/8537
f 8537/8537 8515/8515 8538/8538
f 8538/8538 8515/8515 8539/8539
f 8540/8540 8541/8541 8542/8542
f 8541/8541 8540/8540 8543/8543
f 8543/8543 8540/8540 8544/8544
f 8543/8543 8544/8544 8545/8545
f 8543/8543 8545/8545 8523/8523
f 8543/8543 8523/8523 8546/8546
f 8546/8546 8523/8523 8524/8524
f 8543/8543 8546/8546 8547/8547
f 8543/8543 8547/8547 8548/8548
f 8543/8543 8548/8548 8549/8549
f 8543/8543 8549/8549 8550/8550
f 8543/8543 8550/8550 8551/8551
f 8543/8543 8551/8551 8552/8552
f 8543/8543 8552/8552 8533/8533
f 8543/8543 8533/8533 8535/8535
f 8543/8543 8535/8535 8553/8553
f 8543/8543 8553/8553 8554/8554
f 8543/8543 8554/8554 8555/8555
f 8543/8543 8555/8555 8556/8556
f 8557/8557 8558/8558 8559/8559
f 8560/8560 8561/8561 8562/8562
f 8561/8561 8560/8560 8563/8563
f 8564/8564 8565/8565 8566/8566
f 8565/8565 8564/8564 8567/8567
f 8568/8568 8569/8569 8570/8570
f 8569/8569 8568/8568 8571/8571
f 8572/8572 8573/8573 8574/8574
f 8573/8573 8572/8572 8575/8575
f 8576/8576 8577/8577 8578/8578
f 8577/8577 8576/8576 8579/8579
f 8580/8580 8581/8581 8582/8582
f 8581/8581 8580/8580 8583/8583
f 8584/8584 8585/8585 8586/8586
f 8585/8585 8584/8584 8587/8587
f 8588/8588 8589/8589 8590/8590
f 8591/8591 8592/8592 8593/8593
f 8592/8592 8591/8591 8594/8594
f 8594/8594 8591/8591 8595/8595
f 8595/8595 8591/8591 8596/8596
f 8596/8596 8591/8591 8597/8597
f 8597/8597 8591/8591 8598/8598
f 8597/8597 8598/8598 8599/8599
f 8598/8598 8591/8591 8600/8600
f 8600/8600 8591/8591 8601/8601
f 8601/8601 8591/8591 8602/8602
f 8602/8602 8591/8591 8603/8603
f 8603/8603 8591/8591 8604/8604
f 8604/8604 8591/8591 8605/8605
f 8605/8605 8591/8591 8606/8606
f 8606/8606 8591/8591 8607/8607
f 8607/8607 8591/8591 8608/8608
f 8608/8608 8591/8591 8609/8609
f 8609/8609 8591/8591 8610/8610
f 8610/8610 8591/8591 8611/8611
f 8612/8612 8613/8613 8614/8614
f 8613/8613 8612/8612 8615/8615
f 8615/8615 8612/8612 8616/8616
f 8615/8615 8616/8616 8617/8617
f 8615/8615 8617/8617 8618/8618
f 8615/8615 8618/8618 8619/8619
f 8619/8619 8618/8618 8597/8597
f 8619/8619 8597/8597 8599/8599
f 8615/8615 8619/8619 8620/8620
f 8615/8615 8620/8620 8621/8621
f 8615/8615 8621/8621 8622/8622
f 8615/8615 8622/8622 8623/8623
f 8615/8615 8623/8623 8624/8624
f 8615/8615 8624/8624 8625/8625
f 8615/8615 8625/8625 8626/8626
f 8615/8615 8626/8626 8627/8627
f 8615/8615 8627/8627 8606/8606
f 8615/8615 8606/8606 8628/8628
f 8628/8628 8606/8606 8607/8607
f 8615/8615 8628/8628 8629/8629
f 8615/8615 8629/8629 8630/8630
f 8615/8615 8630/8630 8631/8631
f 8615/8615 8631/8631 8632/8632
f 8633/8633 8634/8634 8635/8635
f 8636/8636 8637/8637 8638/8638
f 8637/8637 8636/8636 8639/8639
f 8640/8640 8641/8641 8642/8642
f 8641/8641 8640/8640 8643/8643
f 8644/8644 8645/8645 8646/8646
f 8645/8645 8644/8644 8647/8647
f 8648/8648 8649/8649 8650/8650
f 8649/8649 8648/8648 8651/8651
f 8652/8652 8653/8653 8654/8654
f 8655/8655 8656/8656 8657/8657
f 8656/8656 8655/8655 8658/8658
f 8659/8659 8660/8660 8661/8661
f 8660/8660 8659/8659 8662/8662
f 8663/8663 8664/8664 8665/8665
f 8664/8664 8663/8663 8666/8666
f 8667/8667 8668/8668 8669/8669
f 8668/8668 8667/8667 8670/8670
f 8671/8671 8672/8672 8673/8673
f 8672/8672 8671/8671 8674/8674
f 8675/8675 8676/8676 8677/8677
f 8676/8676 8675/8675 8678/8678
f 8679/8679 8680/8680 8681/8681
f 8680/8680 8679/8679 8682/8682
f 8683/8683 8684/8684 8685/8685
f 8684/8684 8683/8683 8686/8686
f 8686/8686 8683/8683 8687/8687
f 8686/8686 8687/8687 8688/8688
f 8688/8688 8687/8687 8689/8689
f 8688/8688 8689/8689 8690/8690
f 8690/8690 8689/8689 8691/8691
f 8690/8690 8691/8691 8692/8692
f 8692/8692 8691/8691 8693/8693
f 8692/8692 8693/8693 8694/8694
f 8694/8694 8693/8693 8695/8695
f 8695/8695 8693/8693 8696/8696
f 8695/8695 8696/8696 8697/8697
f 8695/8695 8697/8697 8698/8698
f 8698/8698 8697/8697 8699/8699
f 8698/8698 8699/8699 8700/8700
f 8700/8700 8699/8699 8701/8701
f 8700/8700 8701/8701 8702/8702
f 8702/8702 8701/8701 8703/8703
f 8702/8702 8703/8703 8704/8704
f 8704/8704 8703/8703 8705/8705
f 8685/8685 8706/8706 8707/8707
f 8706/8706 8685/8685 8708/8708
f 8708/8708 8684/8684 8709/8709
f 8708/8708 8709/8709 8710/8710
f 8710/8710 8709/8709 8711/8711
f 8710/8710 8711/8711 8712/8712
f 8712/8712 8711/8711 8713/8713
f 8712/8712 8713/8713 8714/8714
f 8714/8714 8713/8713 8715/8715
f 8714/8714 8715/8715 8716/8716
f 8716/8716 8715/8715 8717/8717
f 8716/8716 8717/8717 8718/8718
f 8718/8718 8717/8717 8719/8719
f 8718/8718 8719/8719 8720/8720
f 8720/8720 8719/8719 8721/8721
f 8720/8720 8721/8721 8722/8722
f 8722/8722 8721/8721 8723/8723
f 8722/8722 8723/8723 8724/8724
f 8724/8724 8723/8723 8702/8702
f 8724/8724 8702/8702 8704/8704
f 8725/8725 8726/8726 8727/8727
f 8728/8728 8729/8729 8730/8730
f 8729/8729 8728/8728 8731/8731
f 8732/8732 8733/8733 8734/8734
f 8733/8733 8732/8732 8735/8735
f 8736/8736 8737/8737 8738/8738
f 8737/8737 8736/8736 8739/8739
f 8740/8740 8741/8741 8742/8742
f 8741/8741 8740/8740 8743/8743
f 8744/8744 8745/8745 8746/8746
f 8745/8745 8744/8744 8747/8747
f 8748/8748 8749/8749 8750/8750
f 8749/8749 8748/8748 8751/8751
f 8752/8752 8753/8753 8754/8754
f 8753/8753 8752/8752 8755/8755
f 8756/8756 8757/8757 8758/8758
f 8759/8759 8760/8760 8761/8761
f 8762/8762 8763/8763 8764/8764
f 8763/8763 8762/8762 8765/8765
f 8766/8766 8767/8767 8768/8768
f 8767/8767 8766/8766 8769/8769
f 8770/8770 8771/8771 8772/8772
f 8771/8771 8770/8770 8773/8773
f 8774/8774 8775/8775 8776/8776
f 8775/8775 8774/8774 8777/8777
f 8778/8778 8779/8779 8780/8780
f 8779/8779 8778/8778 8781/8781
f 8782/8782 8783/8783 8784/8784
f 8783/8783 8782/8782 8785/8785
f 8786/8786 8787/8787 8788/8788
f 8787/8787 8786/8786 8789/8789
f 8790/8790 8791/8791 8792/8792
f 8793/8793 8794/8794 8795/8795
f 8796/8796 8797/8797 8798/8798
f 8797/8797 8796/8796 8799/8799
f 8800/8800 8801/8801 8802/8802
f 8801/8801 8800/8800 8803/8803
f 8804/8804 8805/8805 8806/8806
f 8805/8805 8804/8804 8807/8807
f 8808/8808 8809/8809 8810/8810
f 8809/8809 8808/8808 8811/8811
f 8812/8812 8813/8813 8814/8814
f 8813/8813 8812/8812 8815/8815
f 8816/8816 8817/8817 8818/8818
f 8817/8817 8816/8816 8819/8819
f 8820/8820 8821/8821 8822/8822
f 8821/8821 8820/8820 8823/8823
f 8824/8824 8825/8825 8826/8826
f 8827/8827 8828/8828 8829/8829
f 8830/8830 8831/8831 8832/8832
f 8831/8831 8830/8830 8833/8833
f 8834/8834 8835/8835 8836/8836
f 8835/8835 8834/8834 8837/8837
f 8838/8838 8839/8839 8840/8840
f 8839/8839 8838/8838 8841/8841
f 8842/8842 8843/8843 8844/8844
f 8843/8843 8842/8842 8845/8845
f 8846/8846 8847/8847 8848/8848
f 8847/8847 8846/8846 8849/8849
f 8850/8850 8851/8851 8852/8852
f 8851/8851 8850/8850 8853/8853
f 8854/8854 8855/8855 8856/8856
f 8855/8855 8854/8854 8857/8857
f 8858/8858 8859/8859 8860/8860
f 8861/8861 8862/8862 8863/8863
f 8864/8864 8865/8865 8866/8866
f 8865/8865 8864/8864 8867/8867
f 8868/8868 8869/8869 8870/8870
f 8869/8869 8868/8868 8871/8871
f 8872/8872 8873/8873 8874/8874
f 8873/8873 8872/8872 8875/8875
f 8876/8876 8877/8877 8878/8878
f 8877/8877 8876/8876 8879/8879
f 8880/8880 8881/8881 8882/8882
f 8883/8883 8884/8884 8885/8885
f 8886/8886 8887/8887 8888/8888
f 8889/8889 8890/8890 8891/8891
f 8890/8890 8889/8889 8892/8892
f 8893/8893 8894/8894 8895/8895
f 8894/8894 8893/8893 8896/8896
f 8897/8897 8898/8898 8899/8899
f 8900/8900 8901/8901 8902/8902
f 8901/8901 8900/8900 8903/8903
f 8904/8904 8905/8905 8906/8906
f 8905/8905 8904/8904 8907/8907
f 8908/8908 8909/8909 8910/8910
f 8909/8909 8908/8908 8911/8911
f 8912/8912 8913/8913 8914/8914
f 8913/8913 8912/8912 8915/8915
f 8916/8916 8917/8917 8918/8918
f 8917/8917 8916/8916 8919/8919
f 8920/8920 8921/8921 8922/8922
f 8921/8921 8920/8920 8923/8923
f 8924/8924 8925/8925 8926/8926
f 8925/8925 8924/8924 8927/8927
f 8928/8928 8929/8929 8930/8930
f 8931/8931 8932/8932 8933/8933
f 8934/8934 8935/8935 8936/8936
f 8935/8935 8934/8934 8937/8937
f 8938/8938 8939/8939 8940/8940
f 8939/8939 8938/8938 8941/8941
f 8942/8942 8943/8943 8944/8944
f 8943/8943 8942/8942 8945/8945
f 8946/8946 8947/8947 8948/8948
f 8947/8947 8946/8946 8949/8949
f 8950/8950 8951/8951 8952/8952
f 8951/8951 8950/8950 8953/8953
f 8954/8954 8955/8955 8956/8956
f 8955/8955 8954/8954 8957/8957
f 8958/8958 8959/8959 8960/8960
f 8959/8959 8958/8958 8961/8961
f 8962/8962 8963/8963 8964/8964
f 8965/8965 8966/8966 8967/8967
f 8968/8968 8969/8969 8970/8970
f 8969/8969 8968/8968 8971/8971
f 8972/8972 8973/8973 8974/8974
f 8973/8973 8972/8972 8975/8975
f 8976/8976 8977/8977 8978/8978
f 8977/8977 8976/8976 8979/8979
f 8980/8980 8981/8981 8982/8982
f 8981/8981 8980/8980 8983/8983
f 8984/8984 8985/8985 8986/8986
f 8985/8985 8984/8984 8987/8987
f 8988/8988 8989/8989 8990/8990
f 8989/8989 8988/8988 8991/8991
f 8992/8992 8993/8993 8994/8994
f 8993/8993 8992/8992 8995/8995
f 8996/8996 8997/8997 8998/8998
f 8999/8999 9000/9000 9001/9001
f 9002/9002 9003/9003 9004/9004
f 9003/9003 9002/9002 9005/9005
f 9006/9006 9007/9007 9008/9008
f 9007/9007 9006/9006 9009/9009
f 9010/9010 9011/9011 9012/9012
f 9011/9011 9010/9010 9013/9013
f 9014/9014 9015/9015 9016/9016
f 9015/9015 9014/9014 9017/9017
f 9018/9018 9019/9019 9020/9020
f 9019/9019 9018/9018 9021/9021
f 9022/9022 9023/9023 9024/9024
f 9023/9023 9022/9022 9025/9025
f 9026/9026 9027/9027 9028/9028
f 9027/9027 9026/9026 9029/9029
f 9030/9030 9031/9031 9032/9032
f 9033/9033 9034/9034 9035/9035
f 9036/9036 9037/9037 9038/9038
f 9037/9037 9036/9036 9039/9039
f 9040/9040 9041/9041 9042/9042
f 9041/9041 9040/9040 9043/9043
f 9044/9044 9045/9045 9046/9046
f 9045/9045 9044/9044 9047/9047
f 9048/9048 9049/9049 9050/9050
f 9049/9049 9048/9048 9051/9051
f 9052/9052 9053/9053 9054/9054
f 9053/9053 9052/9052 9055/9055
f 9056/9056 9057/9057 9058/9058
f 9057/9057 9056/9056 9059/9059
f 9060/9060 9061/9061 9062/9062
f 9061/9061 9060/9060 9063/9063
f 9064/9064 9065/9065 9066/9066
f 9067/9067 9068/9068 9069/9069
f 9070/9070 9071/9071 9072/9072
f 9073/9073 9074/9074 9075/9075
f 9076/9076 9077/9077 9078/9078
f 9077/9077 9076/9076 9079/9079
f 9080/9080 9081/9081 9082/9082
f 9081/9081 9080/9080 9083/9083
f 9084/9084 9085/9085 9086/9086
f 9085/9085 9084/9084 9087/9087
f 9088/9088 9089/9089 9090/9090
f 9089/9089 9088/9088 9091/9091
f 9092/9092 9093/9093 9094/9094
f 9093/9093 9092/9092 9095/9095
f 9096/9096 9097/9097 9098/9098
f 9097/9097 9096/9096 9099/9099
f 9100/9100 9101/9101 9102/9102
f 9101/9101 9100/9100 9103/9103
f 9104/9104 9105/9105 9106/9106
f 9107/9107 9108/9108 9109/9109
f 9110/9110 9111/9111 9112/9112
f 9111/9111 9110/9110 9113/9113
f 9114/9114 9115/9115 9116/9116
f 9115/9115 9114/9114 9117/9117
f 9118/9118 9119/9119 9120/9120
f 9119/9119 9118/9118 9121/9121
f 9122/9122 9123/9123 9124/9124
f 9123/9123 9122/9122 9125/9125
f 9126/9126 9127/9127 9128/9128
f 9127/9127 9126/9126 9129/9129
f 9130/9130 9131/9131 9132/9132
f 9131/9131 9130/9130 9133/9133
f 9134/9134 9135/9135 9136/9136
f 9135/9135 9134/9134 9137/9137
f 9138/9138 9139/9139 9140/9140
f 9141/9141 9145/9145 9149/9149
f 9145/9145 9141/9141 9153/9153
f 9157/9157 9150/9150 9161/9161
f 9150/9150 9157/9157 9142/9142
f 9165/9165 9154/9154 9143/9143
f 9154/9154 9165/9165 9169/9169
f 9155/9155 9173/9173 9146/9146
f 9173/9173 9155/9155 9177/9177
f 9151/9151 9181/9181 9185/9185
f 9181/9181 9151/9151 9147/9147
f 9189/9189 9162/9162 9193/9193
f 9162/9162 9189/9189 9158/9158
f 9197/9197 9144/9144 9159/9159
f 9144/9144 9197/9197 9166/9166
f 9163/9163 9186/9186 9201/9201
f 9186/9186 9163/9163 9152/9152
f 9205/9205 9170/9170 9167/9167
f 9170/9170 9205/9205 9209/9209
f 9171/9171 9178/9178 9156/9156
f 9178/9178 9171/9171 9213/9213
f 9179/9179 9217/9217 9174/9174
f 9217/9217 9179/9179 9221/9221
f 9148/9148 9225/9225 9182/9182
f 9225/9225 9148/9148 9175/9175
f 9229/9229 9183/9183 9233/9233
f 9183/9183 9229/9229 9187/9187
f 9190/9190 9237/9237 9239/9239
f 9237/9237 9190/9190 9194/9194
f 9241/9241 9160/9160 9191/9191
f 9160/9160 9241/9241 9198/9198
f 9195/9195 9202/9202 9245/9245
f 9202/9202 9195/9195 9164/9164
f 9249/9249 9168/9168 9199/9199
f 9168/9168 9249/9249 9206/9206
f 9253/9253 9188/9188 9230/9230
f 9188/9188 9253/9253 9203/9203
f 9257/9257 9210/9210 9207/9207
f 9210/9210 9257/9257 9261/9261
f 9211/9211 9214/9214 9172/9172
f 9214/9214 9211/9211 9265/9265
f 9215/9215 9222/9222 9180/9180
f 9222/9222 9215/9215 9269/9269
f 9218/9218 9273/9273 9277/9277
f 9273/9273 9218/9218 9223/9223
f 9176/9176 9281/9281 9226/9226
f 9281/9281 9176/9176 9219/9219
f 9285/9285 9184/9184 9227/9227
f 9184/9184 9285/9285 9234/9234
f 9231/9231 9235/9235 9289/9289
f 9242/9242 9240/9240 9297/9297
f 9240/9240 9242/9242 9192/9192
f 9196/9196 9299/9299 9238/9238
f 9299/9299 9196/9196 9246/9246
f 9250/9250 9243/9243 9301/9301
f 9243/9243 9250/9250 9200/9200
f 9305/9305 9204/9204 9254/9254
f 9204/9204 9305/9305 9247/9247
f 9309/9309 9208/9208 9251/9251
f 9208/9208 9309/9309 9258/9258
f 9255/9255 9232/9232 9290/9290
f 9259/9259 9313/9313 9262/9262
f 9313/9313 9259/9259 9317/9317
f 9263/9263 9266/9266 9212/9212
f 9266/9266 9263/9263 9321/9321
f 9267/9267 9270/9270 9216/9216
f 9270/9270 9267/9267 9325/9325
f 9224/9224 9329/9329 9274/9274
f 9329/9329 9224/9224 9271/9271
f 9278/9278 9333/9333 9335/9335
f 9333/9333 9278/9278 9275/9275
f 9282/9282 9279/9279 9337/9337
f 9279/9279 9282/9282 9220/9220
f 9341/9341 9228/9228 9283/9283
f 9228/9228 9341/9341 9286/9286
f 9236/9236 9287/9287 9291/9291
f 9302/9302 9298/9298 9345/9345
f 9298/9298 9302/9302 9244/9244
f 9347/9347 9248/9248 9306/9306
f 9248/9248 9347/9347 9300/9300
f 9310/9310 9303/9303 9349/9349
f 9303/9303 9310/9310 9252/9252
f 9307/9307 9256/9256 9292/9292
f 9260/9260 9353/9353 9318/9318
f 9353/9353 9260/9260 9311/9311
f 9319/9319 9357/9357 9314/9314
f 9264/9264 9365/9365 9322/9322
f 9365/9365 9264/9264 9315/9315
f 9323/9323 9326/9326 9268/9268
f 9326/9326 9323/9323 9369/9369
f 9330/9330 9327/9327 9373/9373
f 9327/9327 9330/9330 9272/9272
f 9276/9276 9377/9377 9334/9334
f 9377/9377 9276/9276 9331/9331
f 9338/9338 9336/9336 9379/9379
f 9336/9336 9338/9338 9280/9280
f 9381/9381 9284/9284 9339/9339
f 9284/9284 9381/9381 9342/9342
f 9293/9293 9288/9288 9343/9343
f 9350/9350 9346/9346 9385/9385
f 9346/9346 9350/9350 9304/9304
f 9348/9348 9308/9308 9294/9294
f 9312/9312 9387/9387 9354/9354
f 9387/9387 9312/9312 9351/9351
f 9355/9355 9358/9358 9320/9320
f 9359/9359 9366/9366 9316/9316
f 9324/9324 9391/9391 9370/9370
f 9391/9391 9324/9324 9367/9367
f 9374/9374 9371/9371 9395/9395
f 9371/9371 9374/9374 9328/9328
f 9332/9332 9399/9399 9378/9378
f 9399/9399 9332/9332 9375/9375
f 9401/9401 9340/9340 9380/9380
f 9340/9340 9401/9401 9382/9382
f 9295/9295 9344/9344 9383/9383
f 9352/9352 9403/9403 9388/9388
f 9403/9403 9352/9352 9386/9386
f 9389/9389 9360/9360 9356/9356
f 9361/9361 9392/9392 9368/9368
f 9372/9372 9405/9405 9396/9396
f 9405/9405 9372/9372 9393/9393
f 9376/9376 9409/9409 9400/9400
f 9409/9409 9376/9376 9397/9397
f 9296/9296 9384/9384 9402/9402
f 9404/9404 9362/9362 9390/9390
f 9363/9363 9406/9406 9394/9394
f 9398/9398 9411/9411 9410/9410
f 9411/9411 9398/9398 9407/9407
f 9364/9364 9412/9412 9408/9408
f 9413/9413 9415/9415 9417/9417
f 9415/9415 9413/9413 9419/9419
f 9421/9421 9423/9423 9425/9425
f 9423/9423 9421/9421 9427/9427
f 9429/9429 9420/9420 9414/9414
f 9420/9420 9429/9429 9431/9431
f 9433/9433 9435/9435 9437/9437
f 9435/9435 9433/9433 9439/9439
f 9418/9418 9441/9441 9442/9442
f 9441/9441 9418/9418 9416/9416
f 9426/9426 9443/9443 9445/9445
f 9443/9443 9426/9426 9424/9424
f 9447/9447 9422/9422 9448/9448
f 9422/9422 9447/9447 9428/9428
f 9449/9449 9451/9451 9453/9453
f 9451/9451 9449/9449 9455/9455
f 9432/9432 9457/9457 9459/9459
f 9457/9457 9432/9432 9430/9430
f 9461/9461 9438/9438 9463/9463
f 9438/9438 9461/9461 9434/9434
f 9436/9436 9465/9465 9466/9466
f 9465/9465 9436/9436 9440/9440
f 9467/9467 9468/9468 9469/9469
f 9468/9468 9467/9467 9470/9470
f 9468/9468 9470/9470 9471/9471
f 9471/9471 9470/9470 9472/9472
f 9469/9469 9473/9473 9474/9474
f 9473/9473 9469/9469 9468/9468
f 9474/9474 9473/9473 9472/9472
f 9474/9474 9472/9472 9470/9470
f 9475/9475 9446/9446 9444/9444
f 9446/9446 9475/9475 9477/9477
f 9479/9479 9456/9456 9450/9450
f 9456/9456 9479/9479 9481/9481
f 9454/9454 9483/9483 9484/9484
f 9483/9483 9454/9454 9452/9452
f 9460/9460 9485/9485 9486/9486
f 9485/9485 9460/9460 9458/9458
f 9462/9462 9487/9487 9489/9489
f 9487/9487 9462/9462 9464/9464
f 9491/9491 9478/9478 9476/9476
f 9478/9478 9491/9491 9492/9492
f 9493/9493 9480/9480 9495/9495
f 9480/9480 9493/9493 9482/9482
f 9497/9497 9499/9499 9500/9500
f 9499/9499 9497/9497 9501/9501
f 9490/9490 9503/9503 9504/9504
f 9503/9503 9490/9490 9488/9488
f 9505/9505 9506/9506 9508/9508
f 9506/9506 9505/9505 9509/9509
f 9511/9511 9496/9496 9512/9512
f 9496/9496 9511/9511 9494/9494
f 9513/9513 9502/9502 9498/9498
f 9502/9502 9513/9513 9515/9515
f 9517/9517 9519/9519 9520/9520
f 9519/9519 9517/9517 9522/9522
f 9510/9510 9523/9523 9507/9507
f 9523/9523 9510/9510 9525/9525
f 9527/9527 9529/9529 9530/9530
f 9529/9529 9527/9527 9531/9531
f 9533/9533 9516/9516 9514/9514
f 9516/9516 9533/9533 9535/9535
f 9537/9537 9518/9518 9521/9521
f 9518/9518 9537/9537 9539/9539
f 9526/9526 9541/9541 9524/9524
f 9541/9541 9526/9526 9543/9543
f 9545/9545 9532/9532 9528/9528
f 9532/9532 9545/9545 9547/9547
f 9534/9534 9549/9549 9536/9536
f 9549/9549 9534/9534 9551/9551
f 9553/9553 9540/9540 9538/9538
f 9540/9540 9553/9553 9555/9555
f 9542/9542 9557/9557 9559/9559
f 9557/9557 9542/9542 9544/9544
f 9561/9561 9548/9548 9546/9546
f 9548/9548 9561/9561 9563/9563
f 9552/9552 9565/9565 9550/9550
f 9565/9565 9552/9552 9566/9566
f 9567/9567 9556/9556 9554/9554
f 9556/9556 9567/9567 9569/9569
f 9560/9560 9571/9571 9572/9572
f 9571/9571 9560/9560 9558/9558
f 9573/9573 9564/9564 9562/9562
f 9564/9564 9573/9573 9575/9575
f 9577/9577 9578/9578 9579/9579
f 9578/9578 9577/9577 9580/9580
f 9581/9581 9570/9570 9568/9568
f 9570/9570 9581/9581 9582/9582
f 9583/9583 9576/9576 9574/9574
f 9576/9576 9583/9583 9584/9584
f 9585/9585 9589/9589 9593/9593
f 9589/9589 9585/9585 9597/9597
f 9601/9601 9594/9594 9605/9605
f 9594/9594 9601/9601 9586/9586
f 9609/9609 9587/9587 9613/9613
f 9587/9587 9609/9609 9598/9598
f 9599/9599 9617/9617 9590/9590
f 9617/9617 9599/9599 9621/9621
f 9595/9595 9625/9625 9629/9629
f 9625/9625 9595/9595 9591/9591
f 9633/9633 9606/9606 9637/9637
f 9606/9606 9633/9633 9602/9602
f 9641/9641 9588/9588 9603/9603
f 9588/9588 9641/9641 9614/9614
f 9607/9607 9630/9630 9645/9645
f 9630/9630 9607/9607 9596/9596
f 9610/9610 9615/9615 9649/9649
f 9657/9657 9600/9600 9611/9611
f 9600/9600 9657/9657 9622/9622
f 9623/9623 9661/9661 9618/9618
f 9661/9661 9623/9623 9665/9665
f 9592/9592 9669/9669 9626/9626
f 9669/9669 9592/9592 9619/9619
f 9631/9631 9673/9673 9677/9677
f 9673/9673 9631/9631 9627/9627
f 9681/9681 9634/9634 9638/9638
f 9634/9634 9681/9681 9685/9685
f 9689/9689 9604/9604 9635/9635
f 9604/9604 9689/9689 9642/9642
f 9639/9639 9646/9646 9693/9693
f 9646/9646 9639/9639 9608/9608
f 9616/9616 9643/9643 9650/9650
f 9647/9647 9678/9678 9697/9697
f 9678/9678 9647/9647 9632/9632
f 9658/9658 9612/9612 9651/9651
f 9701/9701 9624/9624 9659/9659
f 9624/9624 9701/9701 9666/9666
f 9667/9667 9705/9705 9662/9662
f 9705/9705 9667/9667 9707/9707
f 9620/9620 9709/9709 9670/9670
f 9709/9709 9620/9620 9663/9663
f 9628/9628 9713/9713 9674/9674
f 9713/9713 9628/9628 9671/9671
f 9679/9679 9717/9717 9721/9721
f 9717/9717 9679/9679 9675/9675
f 9725/9725 9686/9686 9682/9682
f 9686/9686 9725/9725 9727/9727
f 9729/9729 9636/9636 9687/9687
f 9636/9636 9729/9729 9690/9690
f 9733/9733 9640/9640 9694/9694
f 9640/9640 9733/9733 9683/9683
f 9652/9652 9644/9644 9691/9691
f 9695/9695 9698/9698 9737/9737
f 9698/9698 9695/9695 9648/9648
f 9699/9699 9722/9722 9741/9741
f 9722/9722 9699/9699 9680/9680
f 9702/9702 9660/9660 9653/9653
f 9745/9745 9668/9668 9703/9703
f 9668/9668 9745/9745 9708/9708
f 9664/9664 9747/9747 9710/9710
f 9747/9747 9664/9664 9706/9706
f 9711/9711 9714/9714 9672/9672
f 9714/9714 9711/9711 9749/9749
f 9676/9676 9753/9753 9718/9718
f 9753/9753 9676/9676 9715/9715
f 9723/9723 9757/9757 9761/9761
f 9757/9757 9723/9723 9719/9719
f 9765/9765 9688/9688 9728/9728
f 9688/9688 9765/9765 9730/9730
f 9767/9767 9684/9684 9734/9734
f 9684/9684 9767/9767 9726/9726
f 9654/9654 9692/9692 9731/9731
f 9738/9738 9735/9735 9696/9696
f 9735/9735 9738/9738 9769/9769
f 9739/9739 9742/9742 9773/9773
f 9742/9742 9739/9739 9700/9700
f 9743/9743 9762/9762 9777/9777
f 9762/9762 9743/9743 9724/9724
f 9746/9746 9704/9704 9655/9655
f 9748/9748 9750/9750 9712/9712
f 9750/9750 9748/9748 9781/9781
f 9751/9751 9754/9754 9716/9716
f 9754/9754 9751/9751 9783/9783
f 9720/9720 9787/9787 9758/9758
f 9787/9787 9720/9720 9755/9755
f 9759/9759 9791/9791 9763/9763
f 9791/9791 9759/9759 9795/9795
f 9656/9656 9732/9732 9766/9766
f 9770/9770 9768/9768 9736/9736
f 9768/9768 9770/9770 9799/9799
f 9774/9774 9771/9771 9740/9740
f 9771/9771 9774/9774 9801/9801
f 9775/9775 9778/9778 9805/9805
f 9778/9778 9775/9775 9744/9744
f 9764/9764 9809/9809 9779/9779
f 9809/9809 9764/9764 9792/9792
f 9782/9782 9784/9784 9752/9752
f 9784/9784 9782/9782 9813/9813
f 9785/9785 9788/9788 9756/9756
f 9788/9788 9785/9785 9815/9815
f 9760/9760 9819/9819 9796/9796
f 9819/9819 9760/9760 9789/9789
f 9797/9797 9823/9823 9793/9793
f 9802/9802 9800/9800 9772/9772
f 9800/9800 9802/9802 9831/9831
f 9806/9806 9803/9803 9776/9776
f 9803/9803 9806/9806 9833/9833
f 9780/9780 9837/9837 9807/9807
f 9837/9837 9780/9780 9810/9810
f 9824/9824 9811/9811 9794/9794
f 9814/9814 9816/9816 9786/9786
f 9816/9816 9814/9814 9841/9841
f 9790/9790 9843/9843 9820/9820
f 9843/9843 9790/9790 9817/9817
f 9821/9821 9825/9825 9798/9798
f 9834/9834 9832/9832 9804/9804
f 9832/9832 9834/9834 9847/9847
f 9808/9808 9849/9849 9835/9835
f 9849/9849 9808/9808 9838/9838
f 9826/9826 9839/9839 9812/9812
f 9818/9818 9853/9853 9844/9844
f 9853/9853 9818/9818 9842/9842
f 9845/9845 9827/9827 9822/9822
f 9836/9836 9855/9855 9848/9848
f 9855/9855 9836/9836 9850/9850
f 9828/9828 9851/9851 9840/9840
f 9854/9854 9829/9829 9846/9846
f 9830/9830 9856/9856 9852/9852
f 9857/9857 9861/9861 9865/9865
f 9861/9861 9857/9857 9869/9869
f 9873/9873 9870/9870 9858/9858
f 9870/9870 9873/9873 9877/9877
f 9881/9881 9862/9862 9871/9871
f 9862/9862 9881/9881 9885/9885
f 9866/9866 9889/9889 9891/9891
f 9889/9889 9866/9866 9863/9863
f 9859/9859 9867/9867 9893/9893
f 9901/9901 9878/9878 9874/9874
f 9878/9878 9901/9901 9905/9905
f 9909/9909 9872/9872 9879/9879
f 9872/9872 9909/9909 9882/9882
f 9875/9875 9860/9860 9894/9894
f 9913/9913 9886/9886 9883/9883
f 9886/9886 9913/9913 9917/9917
f 9887/9887 9890/9890 9864/9864
f 9890/9890 9887/9887 9921/9921
f 9868/9868 9892/9892 9895/9895
f 9923/9923 9902/9902 9927/9927
f 9902/9902 9923/9923 9906/9906
f 9910/9910 9907/9907 9931/9931
f 9907/9907 9910/9910 9880/9880
f 9903/9903 9876/9876 9896/9896
f 9935/9935 9884/9884 9911/9911
f 9884/9884 9935/9935 9914/9914
f 9939/9939 9918/9918 9915/9915
f 9918/9918 9939/9939 9943/9943
f 9919/9919 9922/9922 9888/9888
f 9922/9922 9919/9919 9947/9947
f 9949/9949 9928/9928 9953/9953
f 9928/9928 9949/9949 9924/9924
f 9932/9932 9925/9925 9957/9957
f 9925/9925 9932/9932 9908/9908
f 9904/9904 9897/9897 9929/9929
f 9936/9936 9933/9933 9961/9961
f 9933/9933 9936/9936 9912/9912
f 9965/9965 9916/9916 9937/9937
f 9916/9916 9965/9965 9940/9940
f 9969/9969 9944/9944 9941/9941
f 9944/9944 9969/9969 9973/9973
f 9945/9945 9948/9948 9920/9920
f 9948/9948 9945/9945 9977/9977
f 9979/9979 9954/9954 9983/9983
f 9954/9954 9979/9979 9950/9950
f 9958/9958 9951/9951 9987/9987
f 9951/9951 9958/9958 9926/9926
f 9930/9930 9898/9898 9955/9955
f 9962/9962 9959/9959 9991/9991
f 9959/9959 9962/9962 9934/9934
f 9966/9966 9963/9963 9995/9995
f 9963/9963 9966/9966 9938/9938
f 9970/9970 9967/9967 9999/9999
f 9967/9967 9970/9970 9942/9942
f 10003/10003 9974/9974 9971/9971
f 9974/9974 10003/10003 10007/10007
f 9975/9975 9978/9978 9946/9946
f 9978/9978 9975/9975 10011/10011
f 9980/9980 10013/10013 10015/10015
f 10013/10013 9980/9980 9984/9984
f 10017/10017 9952/9952 9981/9981
f 9952/9952 10017/10017 9988/9988
f 9956/9956 9899/9899 9985/9985
f 9992/9992 9989/9989 10021/10021
f 9989/9989 9992/9992 9960/9960
f 9996/9996 9993/9993 10025/10025
f 9993/9993 9996/9996 9964/9964
f 10000/10000 9997/9997 10029/10029
f 9997/9997 10000/10000 9968/9968
f 10004/10004 10001/10001 10033/10033
f 10001/10001 10004/10004 9972/9972
f 10008/10008 10037/10037 10041/10041
f 10037/10037 10008/10008 10005/10005
f 10009/10009 10012/10012 9976/9976
f 10012/10012 10009/10009 10045/10045
f 10047/10047 9982/9982 10016/10016
f 9982/9982 10047/10047 10018/10018
f 9986/9986 9900/9900 10014/10014
f 10049/10049 9990/9990 10019/10019
f 9990/9990 10049/10049 10022/10022
f 10026/10026 10023/10023 10053/10053
f 10023/10023 10026/10026 9994/9994
f 10057/10057 9998/9998 10027/10027
f 9998/9998 10057/10057 10030/10030
f 10034/10034 10031/10031 10061/10061
f 10031/10031 10034/10034 10002/10002
f 10006/10006 10065/10065 10038/10038
f 10065/10065 10006/10006 10035/10035
f 10039/10039 10069/10069 10042/10042
f 10010/10010 10077/10077 10046/10046
f 10077/10077 10010/10010 10043/10043
f 10079/10079 10020/10020 10048/10048
f 10020/10020 10079/10079 10050/10050
f 10081/10081 10024/10024 10051/10051
f 10024/10024 10081/10081 10054/10054
f 10085/10085 10028/10028 10055/10055
f 10028/10028 10085/10085 10058/10058
f 10089/10089 10032/10032 10059/10059
f 10032/10032 10089/10089 10062/10062
f 10036/10036 10093/10093 10066/10066
f 10093/10093 10036/10036 10063/10063
f 10067/10067 10070/10070 10040/10040
f 10044/10044 10071/10071 10078/10078
f 10097/10097 10052/10052 10080/10080
f 10052/10052 10097/10097 10082/10082
f 10099/10099 10056/10056 10083/10083
f 10056/10056 10099/10099 10086/10086
f 10103/10103 10060/10060 10087/10087
f 10060/10060 10103/10103 10090/10090
f 10094/10094 10091/10091 10107/10107
f 10091/10091 10094/10094 10064/10064
f 10095/10095 10072/10072 10068/10068
f 10111/10111 10084/10084 10098/10098
f 10084/10084 10111/10111 10100/10100
f 10113/10113 10088/10088 10101/10101
f 10088/10088 10113/10113 10104/10104
f 10108/10108 10105/10105 10117/10117
f 10105/10105 10108/10108 10092/10092
f 10096/10096 10109/10109 10073/10073
f 10121/10121 10102/10102 10112/10112
f 10102/10102 10121/10121 10114/10114
f 10118/10118 10115/10115 10123/10123
f 10115/10115 10118/10118 10106/10106
f 10110/10110 10119/10119 10074/10074
f 10124/10124 10122/10122 10127/10127
f 10122/10122 10124/10124 10116/10116
f 10120/10120 10125/10125 10075/10075
f 10126/10126 10128/10128 10076/10076
f 10129/10129 10137/10137 10141/10141
f 10130/10130 10145/10145 10138/10138
f 10142/10142 10149/10149 10153/10153
f 10149/10149 10142/10142 10139/10139
f 10131/10131 10143/10143 10157/10157
f 10161/10161 10146/10146 10132/10132
f 10140/10140 10163/10163 10150/10150
f 10163/10163 10140/10140 10147/10147
f 10151/10151 10167/10167 10154/10154
f 10167/10167 10151/10151 10171/10171
f 10158/10158 10155/10155 10175/10175
f 10155/10155 10158/10158 10144/10144
f 10133/10133 10159/10159 10179/10179
f 10148/10148 10183/10183 10164/10164
f 10183/10183 10148/10148 10162/10162
f 10185/10185 10152/10152 10165/10165
f 10152/10152 10185/10185 10172/10172
f 10173/10173 10189/10189 10168/10168
f 10189/10189 10173/10173 10193/10193
f 10156/10156 10197/10197 10176/10176
f 10197/10197 10156/10156 10169/10169
f 10201/10201 10160/10160 10177/10177
f 10160/10160 10201/10201 10180/10180
f 10134/10134 10181/10181 10205/10205
f 10209/10209 10166/10166 10184/10184
f 10166/10166 10209/10209 10186/10186
f 10211/10211 10174/10174 10187/10187
f 10174/10174 10211/10211 10194/10194
f 10195/10195 10215/10215 10190/10190
f 10215/10215 10195/10195 10219/10219
f 10198/10198 10191/10191 10223/10223
f 10191/10191 10198/10198 10170/10170
f 10202/10202 10199/10199 10227/10227
f 10199/10199 10202/10202 10178/10178
f 10231/10231 10182/10182 10203/10203
f 10182/10182 10231/10231 10206/10206
f 10135/10135 10207/10207 10235/10235
f 10239/10239 10188/10188 10210/10210
f 10188/10188 10239/10239 10212/10212
f 10241/10241 10196/10196 10213/10213
f 10196/10196 10241/10241 10220/10220
f 10216/10216 10245/10245 10249/10249
f 10245/10245 10216/10216 10221/10221
f 10192/10192 10253/10253 10224/10224
f 10253/10253 10192/10192 10217/10217
f 10228/10228 10225/10225 10257/10257
f 10225/10225 10228/10228 10200/10200
f 10232/10232 10229/10229 10261/10261
f 10229/10229 10232/10232 10204/10204
f 10265/10265 10208/10208 10233/10233
f 10208/10208 10265/10265 10236/10236
f 10136/10136 10237/10237 10269/10269
f 10271/10271 10214/10214 10240/10240
f 10214/10214 10271/10271 10242/10242
f 10273/10273 10222/10222 10243/10243
f 10222/10222 10273/10273 10246/10246
f 10250/10250 10277/10277 10281/10281
f 10277/10277 10250/10250 10247/10247
f 10218/10218 10285/10285 10254/10254
f 10285/10285 10218/10218 10251/10251
f 10258/10258 10255/10255 10289/10289
f 10255/10255 10258/10258 10226/10226
f 10262/10262 10259/10259 10293/10293
f 10259/10259 10262/10262 10230/10230
f 10263/10263 10266/10266 10234/10234
f 10266/10266 10263/10263 10297/10297
f 10301/10301 10238/10238 10267/10267
f 10238/10238 10301/10301 10270/10270
f 10303/10303 10244/10244 10272/10272
f 10244/10244 10303/10303 10274/10274
f 10305/10305 10248/10248 10275/10275
f 10248/10248 10305/10305 10278/10278
f 10279/10279 10309/10309 10282/10282
f 10309/10309 10279/10279 10313/10313
f 10252/10252 10317/10317 10286/10286
f 10317/10317 10252/10252 10283/10283
f 10256/10256 10321/10321 10290/10290
f 10321/10321 10256/10256 10287/10287
f 10294/10294 10291/10291 10325/10325
f 10291/10291 10294/10294 10260/10260
f 10295/10295 10298/10298 10264/10264
f 10298/10298 10295/10295 10329/10329
f 10299/10299 10302/10302 10268/10268
f 10302/10302 10299/10299 10333/10333
f 10304/10304 10306/10306 10276/10276
f 10306/10306 10304/10304 10335/10335
f 10307/10307 10314/10314 10280/10280
f 10314/10314 10307/10307 10337/10337
f 10341/10341 10310/10310 10315/10315
f 10284/10284 10349/10349 10318/10318
f 10349/10349 10284/10284 10311/10311
f 10288/10288 10353/10353 10322/10322
f 10353/10353 10288/10288 10319/10319
f 10292/10292 10357/10357 10326/10326
f 10357/10357 10292/10292 10323/10323
f 10327/10327 10330/10330 10296/10296
f 10330/10330 10327/10327 10361/10361
f 10331/10331 10334/10334 10300/10300
f 10334/10334 10331/10331 10365/10365
f 10336/10336 10338/10338 10308/10308
f 10338/10338 10336/10336 10367/10367
f 10342/10342 10316/10316 10339/10339
f 10343/10343 10350/10350 10312/10312
f 10351/10351 10354/10354 10320/10320
f 10354/10354 10351/10351 10369/10369
f 10324/10324 10373/10373 10358/10358
f 10373/10373 10324/10324 10355/10355
f 10359/10359 10362/10362 10328/10328
f 10362/10362 10359/10359 10377/10377
f 10363/10363 10366/10366 10332/10332
f 10366/10366 10363/10363 10381/10381
f 10344/10344 10340/10340 10368/10368
f 10345/10345 10370/10370 10352/10352
f 10371/10371 10374/10374 10356/10356
f 10374/10374 10371/10371 10383/10383
f 10375/10375 10378/10378 10360/10360
f 10378/10378 10375/10375 10387/10387
f 10379/10379 10382/10382 10364/10364
f 10382/10382 10379/10379 10391/10391
f 10346/10346 10384/10384 10372/10372
f 10385/10385 10388/10388 10376/10376
f 10388/10388 10385/10385 10393/10393
f 10389/10389 10392/10392 10380/10380
f 10392/10392 10389/10389 10397/10397
f 10347/10347 10394/10394 10386/10386
f 10395/10395 10398/10398 10390/10390
f 10398/10398 10395/10395 10399/10399
f 10400/10400 10396/10396 10348/10348
f 10401/10401 10402/10402 10403/10403
f 10402/10402 10401/10401 10404/10404
f 10405/10405 10406/10406 10407/10407
f 10406/10406 10405/10405 10408/10408
f 10409/10409 10410/10410 10411/10411
f 10410/10410 10409/10409 10412/10412
f 10413/10413 10414/10414 10415/10415
f 10414/10414 10413/10413 10416/10416
f 10417/10417 10418/10418 10419/10419
f 10418/10418 10417/10417 10420/10420
f 10421/10421 10422/10422 10423/10423
f 10422/10422 10421/10421 10424/10424
f 10424/10424 10421/10421 10425/10425
f 10425/10425 10421/10421 10426/10426
f 10425/10425 10426/10426 10427/10427
f 10425/10425 10427/10427 10428/10428
f 10428/10428 10427/10427 10429/10429
f 10428/10428 10429/10429 10430/10430
f 10430/10430 10429/10429 10431/10431
f 10430/10430 10431/10431 10432/10432
f 10432/10432 10431/10431 10433/10433
f 10432/10432 10433/10433 10434/10434
f 10434/10434 10433/10433 10435/10435
f 10435/10435 10433/10433 10436/10436
f 10435/10435 10436/10436 10437/10437
f 10435/10435 10437/10437 10438/10438
f 10438/10438 10437/10437 10439/10439
f 10438/10438 10439/10439 10440/10440
f 10440/10440 10439/10439 10441/10441
f 10423/10423 10442/10442 10443/10443
f 10442/10442 10423/10423 10444/10444
f 10444/10444 10422/10422 10445/10445
f 10444/10444 10445/10445 10446/10446
f 10446/10446 10445/10445 10447/10447
f 10446/10446 10447/10447 10448/10448
f 10448/10448 10447/10447 10449/10449
f 10448/10448 10449/10449 10450/10450
f 10450/10450 10449/10449 10451/10451
f 10450/10450 10451/10451 10452/10452
f 10452/10452 10451/10451 10453/10453
f 10452/10452 10453/10453 10454/10454
f 10454/10454 10453/10453 10455/10455
f 10455/10455 10453/10453 10456/10456
f 10455/10455 10456/10456 10457/10457
f 10457/10457 10456/10456 10458/10458
f 10457/10457 10458/10458 10459/10459
f 10457/10457 10459/10459 10460/10460
f 10460/10460 10459/10459 10440/10440
f 10460/10460 10440/10440 10461/10461
f 10461/10461 10440/10440 10462/10462
f 10462/10462 10440/10440 10441/10441
f 10463/10463 10464/10464 10465/10465
f 10464/10464 10463/10463 10466/10466
f 10467/10467 10468/10468 10469/10469
f 10468/10468 10467/10467 10470/10470
f 10471/10471 10472/10472 10473/10473
f 10472/10472 10471/10471 10474/10474
f 10475/10475 10476/10476 10477/10477
f 10476/10476 10475/10475 10478/10478
f 10479/10479 10480/10480 10481/10481
f 10480/10480 10479/10479 10482/10482
f 10483/10483 10484/10484 10485/10485
f 10484/10484 10483/10483 10486/10486
f 10487/10487 10488/10488 10489/10489
f 10488/10488 10487/10487 10490/10490
f 10491/10491 10492/10492 10493/10493
f 10492/10492 10491/10491 10494/10494
f 10494/10494 10491/10491 10495/10495
f 10495/10495 10491/10491 10496/10496
f 10496/10496 10491/10491 10497/10497
f 10497/10497 10491/10491 10498/10498
f 10498/10498 10491/10491 10499/10499
f 10498/10498 10499/10499 10500/10500
f 10499/10499 10491/10491 10501/10501
f 10501/10501 10491/10491 10502/10502
f 10502/10502 10491/10491 10503/10503
f 10503/10503 10491/10491 10504/10504
f 10504/10504 10491/10491 10505/10505
f 10505/10505 10491/10491 10506/10506
f 10506/10506 10491/10491 10507/10507
f 10507/10507 10491/10491 10508/10508
f 10508/10508 10491/10491 10509/10509
f 10509/10509 10491/10491 10510/10510
f 10509/10509 10510/10510 10511/10511
f 10510/10510 10491/10491 10512/10512
f 10512/10512 10491/10491 10513/10513
f 10513/10513 10491/10491 10514/10514
f 10514/10514 10491/10491 10515/10515
f 10516/10516 10517/10517 10518/10518
f 10517/10517 10516/10516 10519/10519
f 10519/10519 10516/10516 10520/10520
f 10519/10519 10520/10520 10521/10521
f 10519/10519 10521/10521 10498/10498
f 10519/10519 10498/10498 10522/10522
f 10522/10522 10498/10498 10500/10500
f 10519/10519 10522/10522 10523/10523
f 10519/10519 10523/10523 10524/10524
f 10519/10519 10524/10524 10525/10525
f 10519/10519 10525/10525 10526/10526
f 10519/10519 10526/10526 10527/10527
f 10519/10519 10527/10527 10528/10528
f 10519/10519 10528/10528 10509/10509
f 10519/10519 10509/10509 10511/10511
f 10519/10519 10511/10511 10529/10529
f 10519/10519 10529/10529 10530/10530
f 10519/10519 10530/10530 10531/10531
f 10519/10519 10531/10531 10532/10532
f 10533/10533 10534/10534 10535/10535
f 10536/10536 10537/10537 10538/10538
f 10537/10537 10536/10536 10539/10539
f 10540/10540 10541/10541 10542/10542
f 10541/10541 10540/10540 10543/10543
f 10544/10544 10545/10545 10546/10546
f 10545/10545 10544/10544 10547/10547
f 10548/10548 10549/10549 10550/10550
f 10549/10549 10548/10548 10551/10551
f 10552/10552 10553/10553 10554/10554
f 10553/10553 10552/10552 10555/10555
f 10556/10556 10557/10557 10558/10558
f 10557/10557 10556/10556 10559/10559
f 10560/10560 10561/10561 10562/10562
f 10561/10561 10560/10560 10563/10563
f 10564/10564 10565/10565 10566/10566
f 10567/10567 10568/10568 10569/10569
f 10568/10568 10567/10567 10570/10570
f 10570/10570 10567/10567 10571/10571
f 10571/10571 10567/10567 10572/10572
f 10572/10572 10567/10567 10573/10573
f 10573/10573 10567/10567 10574/10574
f 10573/10573 10574/10574 10575/10575
f 10574/10574 10567/10567 10576/10576
f 10576/10576 10567/10567 10577/10577
f 10577/10577 10567/10567 10578/10578
f 10578/10578 10567/10567 10579/10579
f 10579/10579 10567/10567 10580/10580
f 10580/10580 10567/10567 10581/10581
f 10581/10581 10567/10567 10582/10582
f 10582/10582 10567/10567 10583/10583
f 10583/10583 10567/10567 10584/10584
f 10584/10584 10567/10567 10585/10585
f 10585/10585 10567/10567 10586/10586
f 10586/10586 10567/10567 10587/10587
f 10588/10588 10589/10589 10590/10590
f 10589/10589 10588/10588 10591/10591
f 10591/10591 10588/10588 10592/10592
f 10591/10591 10592/10592 10593/10593
f 10591/10591 10593/10593 10594/10594
f 10591/10591 10594/10594 10573/10573
f 10591/10591 10573/10573 10595/10595
f 10595/10595 10573/10573 10575/10575
f 10591/10591 10595/10595 10596/10596
f 10591/10591 10596/10596 10597/10597
f 10591/10591 10597/10597 10598/10598
f 10591/10591 10598/10598 10599/10599
f 10591/10591 10599/10599 10600/10600
f 10591/10591 10600/10600 10601/10601
f 10591/10591 10601/10601 10602/10602
f 10591/10591 10602/10602 10603/10603
f 10591/10591 10603/10603 10582/10582
f 10591/10591 10582/10582 10604/10604
f 10604/10604 10582/10582 10583/10583
f 10591/10591 10604/10604 10605/10605
f 10591/10591 10605/10605 10606/10606
f 10591/10591 10606/10606 10607/10607
f 10591/10591 10607/10607 10608/10608
f 10609/10609 10610/10610 10611/10611
f 10612/10612 10613/10613 10614/10614
f 10613/10613 10612/10612 10615/10615
f 10616/10616 10617/10617 10618/10618
f 10617/10617 10616/10616 10619/10619
f 10620/10620 10621/10621 10622/10622
f 10621/10621 10620/10620 10623/10623
f 10624/10624 10625/10625 10626/10626
f 10625/10625 10624/10624 10627/10627
f 10628/10628 10629/10629 10630/10630
f 10631/10631 10632/10632 10633/10633
f 10632/10632 10631/10631 10634/10634
f 10635/10635 10636/10636 10637/10637
f 10636/10636 10635/10635 10638/10638
f 10639/10639 10640/10640 10641/10641
f 10640/10640 10639/10639 10642/10642
f 10643/10643 10644/10644 10645/10645
f 10644/10644 10643/10643 10646/10646
f 10647/10647 10648/10648 10649/10649
f 10648/10648 10647/10647 10650/10650
f 10651/10651 10652/10652 10653/10653
f 10652/10652 10651/10651 10654/10654
f 10655/10655 10656/10656 10657/10657
f 10656/10656 10655/10655 10658/10658
f 10659/10659 10660/10660 10661/10661
f 10660/10660 10659/10659 10662/10662
f 10662/10662 10659/10659 10663/10663
f 10662/10662 10663/10663 10664/10664
f 10664/10664 10663/10663 10665/10665
f 10664/10664 10665/10665 10666/10666
f 10666/10666 10665/10665 10667/10667
f 10666/10666 10667/10667 10668/10668
f 10668/10668 10667/10667 10669/10669
f 10668/10668 10669/10669 10670/10670
f 10670/10670 10669/10669 10671/10671
f 10671/10671 10669/10669 10672/10672
f 10671/10671 10672/10672 10673/10673
f 10671/10671 10673/10673 10674/10674
f 10674/10674 10673/10673 10675/10675
f 10674/10674 10675/10675 10676/10676
f 10676/10676 10675/10675 10677/10677
f 10676/10676 10677/10677 10678/10678
f 10678/10678 10677/10677 10679/10679
f 10678/10678 10679/10679 10680/10680
f 10680/10680 10679/10679 10681/10681
f 10661/10661 10682/10682 10683/10683
f 10682/10682 10661/10661 10684/10684
f 10684/10684 10660/10660 10685/10685
f 10684/10684 10685/10685 10686/10686
f 10686/10686 10685/10685 10687/10687
f 10686/10686 10687/10687 10688/10688
f 10688/10688 10687/10687 10689/10689
f 10688/10688 10689/10689 10690/10690
f 10690/10690 10689/10689 10691/10691
f 10690/10690 10691/10691 10692/10692
f 10692/10692 10691/10691 10693/10693
f 10692/10692 10693/10693 10694/10694
f 10694/10694 10693/10693 10695/10695
f 10695/10695 10693/10693 10696/10696
f 10695/10695 10696/10696 10697/10697
f 10695/10695 10697/10697 10698/10698
f 10698/10698 10697/10697 10699/10699
f 10698/10698 10699/10699 10700/10700
f 10700/10700 10699/10699 10678/10678
f 10700/10700 10678/10678 10680/10680
f 10701/10701 10702/10702 10703/10703
f 10704/10704 10705/10705 10706/10706
f 10705/10705 10704/10704 10707/10707
f 10708/10708 10709/10709 10710/10710
f 10709/10709 10708/10708 10711/10711
f 10712/10712 10713/10713 10714/10714
f 10713/10713 10712/10712 10715/10715
f 10716/10716 10717/10717 10718/10718
f 10717/10717 10716/10716 10719/10719
f 10720/10720 10721/10721 10722/10722
f 10721/10721 10720/10720 10723/10723
f 10724/10724 10725/10725 10726/10726
f 10725/10725 10724/10724 10727/10727
f 10728/10728 10729/10729 10730/10730
f 10729/10729 10728/10728 10731/10731
f 10732/10732 10733/10733 10734/10734
f 10735/10735 10736/10736 10737/10737
f 10738/10738 10739/10739 10740/10740
f 10739/10739 10738/10738 10741/10741
f 10742/10742 10743/10743 10744/10744
f 10743/10743 10742/10742 10745/10745
f 10746/10746 10747/10747 10748/10748
f 10747/10747 10746/10746 10749/10749
f 10750/10750 10751/10751 10752/10752
f 10751/10751 10750/10750 10753/10753
f 10754/10754 10755/10755 10756/10756
f 10755/10755 10754/10754 10757/10757
f 10758/10758 10759/10759 10760/10760
f 10759/10759 10758/10758 10761/10761
f 10762/10762 10763/10763 10764/10764
f 10763/10763 10762/10762 10765/10765
f 10766/10766 10767/10767 10768/10768
f 10769/10769 10770/10770 10771/10771
f 10772/10772 10773/10773 10774/10774
f 10773/10773 10772/10772 10775/10775
f 10776/10776 10777/10777 10778/10778
f 10777/10777 10776/10776 10779/10779
f 10780/10780 10781/10781 10782/10782
f 10781/10781 10780/10780 10783/10783
f 10784/10784 10785/10785 10786/10786
f 10785/10785 10784/10784 10787/10787
f 10788/10788 10789/10789 10790/10790
f 10789/10789 10788/10788 10791/10791
f 10792/10792 10793/10793 10794/10794
f 10793/10793 10792/10792 10795/10795
f 10796/10796 10797/10797 10798/10798
f 10797/10797 10796/10796 10799/10799
f 10800/10800 10801/10801 10802/10802
f 10803/10803 10804/10804 10805/10805
f 10806/10806 10807/10807 10808/10808
f 10807/10807 10806/10806 10809/10809
f 10810/10810 10811/10811 10812/10812
f 10811/10811 10810/10810 10813/10813
f 10814/10814 10815/10815 10816/10816
f 10815/10815 10814/10814 10817/10817
f 10818/10818 10819/10819 10820/10820
f 10819/10819 10818/10818 10821/10821
f 10822/10822 10823/10823 10824/10824
f 10823/10823 10822/10822 10825/10825
f 10826/10826 10827/10827 10828/10828
f 10827/10827 10826/10826 10829/10829
f 10830/10830 10831/10831 10832/10832
f 10831/10831 10830/10830 10833/10833
f 10834/10834 10835/10835 10836/10836
f 10837/10837 10838/10838 10839/10839
f 10840/10840 10841/10841 10842/10842
f 10841/10841 10840/10840 10843/10843
f 10844/10844 10845/10845 10846/10846
f 10845/10845 10844/10844 10847/10847
f 10848/10848 10849/10849 10850/10850
f 10849/10849 10848/10848 10851/10851
f 10852/10852 10853/10853 10854/10854
f 10853/10853 10852/10852 10855/10855
f 10856/10856 10857/10857 10858/10858
f 10859/10859 10860/10860 10861/10861
f 10862/10862 10863/10863 10864/10864
f 10865/10865 10866/10866 10867/10867
f 10866/10866 10865/10865 10868/10868
f 10869/10869 10870/10870 10871/10871
f 10870/10870 10869/10869 10872/10872
f 10873/10873 10874/10874 10875/10875
f 10876/10876 10877/10877 10878/10878
f 10877/10877 10876/10876 10879/10879
f 10880/10880 10881/10881 10882/10882
f 10881/10881 10880/10880 10883/10883
f 10884/10884 10885/10885 10886/10886
f 10885/10885 10884/10884 10887/10887
f 10888/10888 10889/10889 10890/10890
f 10889/10889 10888/10888 10891/10891
f 10892/10892 10893/10893 10894/10894
f 10893/10893 10892/10892 10895/10895
f 10896/10896 10897/10897 10898/10898
f 10897/10897 10896/10896 10899/10899
f 10900/10900 10901/10901 10902/10902
f 10901/10901 10900/10900 10903/10903
f 10904/10904 10905/10905 10906/10906
f 10907/10907 10908/10908 10909/10909
f 10910/10910 10911/10911 10912/10912
f 10911/10911 10910/10910 10913/10913
f 10914/10914 10915/10915 10916/10916
f 10915/10915 10914/10914 10917/10917
f 10918/10918 10919/10919 10920/10920
f 10919/10919 10918/10918 10921/10921
f 10922/10922 10923/10923 10924/10924
f 10923/10923 10922/10922 10925/10925
f 10926/10926 10927/10927 10928/10928
f 10927/10927 10926/10926 10929/10929
f 10930/10930 10931/10931 10932/10932
f 10931/10931 10930/10930 10933/10933
f 10934/10934 10935/10935 10936/10936
f 10935/10935 10934/10934 10937/10937
f 10938/10938 10939/10939 10940/10940
f 10941/10941 10942/10942 10943/10943
f 10944/10944 10945/10945 10946/10946
f 10945/10945 10944/10944 10947/10947
f 10948/10948 10949/10949 10950/10950
f 10949/10949 10948/10948 10951/10951
f 10952/10952 10953/10953 10954/10954
f 10953/10953 10952/10952 10955/10955
f 10956/10956 10957/10957 10958/10958
f 10957/10957 10956/10956 10959/10959
f 10960/10960 10961/10961 10962/10962
f 10961/10961 10960/10960 10963/10963
f 10964/10964 10965/10965 10966/10966
f 10965/10965 10964/10964 10967/10967
f 10968/10968 10969/10969 10970/10970
f 10969/10969 10968/10968 10971/10971
f 10972/10972 10973/10973 10974/10974
f 10975/10975 10976/10976 10977/10977
f 10978/10978 10979/10979 10980/10980
f 10979/10979 10978/10978 10981/10981
f 10982/10982 10983/10983 10984/10984
f 10983/10983 10982/10982 10985/10985
f 10986/10986 10987/10987 10988/10988
f 10987/10987 10986/10986 10989/10989
f 10990/10990 10991/10991 10992/10992
f 10991/10991 10990/10990 10993/10993
f 10994/10994 10995/10995 10996/10996
f 10995/10995 10994/10994 10997/10997
f 10998/10998 10999/10999 11000/11000
f 10999/10999 10998/10998 11001/11001
f 11002/11002 11003/11003 11004/11004
f 11003/11003 11002/11002 11005/11005
f 11006/11006 11007/11007 11008/11008
f 11009/11009 11010/11010 11011/11011
f 11012/11012 11013/11013 11014/11014
f 11013/11013 11012/11012 11015/11015
f 11016/11016 11017/11017 11018/11018
f 11017/11017 11016/11016 11019/11019
f 11020/11020 11021/11021 11022/11022
f 11021/11021 11020/11020 11023/11023
f 11024/11024 11025/11025 11026/11026
f 11025/11025 11024/11024 11027/11027
f 11028/11028 11029/11029 11030/11030
f 11029/11029 11028/11028 11031/11031
f 11032/11032 11033/11033 11034/11034
f 11033/11033 11032/11032 11035/11035
f 11036/11036 11037/11037 11038/11038
f 11037/11037 11036/11036 11039/11039
f 11040/11040 11041/11041 11042/11042
f 11043/11043 11044/11044 11045/11045
f 11046/11046 11047/11047 11048/11048
f 11049/11049 11050/11050 11051/11051
f 11052/11052 11053/11053 11054/11054
f 11053/11053 11052/11052 11055/11055
f 11056/11056 11057/11057 11058/11058
f 11057/11057 11056/11056 11059/11059
f 11060/11060 11061/11061 11062/11062
f 11061/11061 11060/11060 11063/11063
f 11064/11064 11065/11065 11066/11066
f 11065/11065 11064/11064 11067/11067
f 11068/11068 11069/11069 11070/11070
f 11069/11069 11068/11068 11071/11071
f 11072/11072 11073/11073 11074/11074
f 11073/11073 11072/11072 11075/11075
f 11076/11076 11077/11077 11078/11078
f 11077/11077 11076/11076 11079/11079
f 11080/11080 11081/11081 11082/11082
f 11083/11083 11084/11084 11085/11085
f 11086/11086 11087/11087 11088/11088
f 11087/11087 11086/11086 11089/11089
f 11090/11090 11091/11091 11092/11092
f 11091/11091 11090/11090 11093/11093
f 11094/11094 11095/11095 11096/11096
f 11095/11095 11094/11094 11097/11097
f 11098/11098 11099/11099 11100/11100
f 11099/11099 11098/11098 11101/11101
f 11102/11102 11103/11103 11104/11104
f 11103/11103 11102/11102 11105/11105
f 11106/11106 11107/11107 11108/11108
f 11107/11107 11106/11106 11109/11109
f 11110/11110 11111/11111 11112/11112
f 11111/11111 11110/11110 11113/11113
f 11114/11114 11115/11115 11116/11116
f 11117/11117 11121/11121 11125/11125
f 11121/11121 11117/11117 11129/11129
f 11133/11133 11126/11126 11137/11137
f 11126/11126 11133/11133 11118/11118
f 11141/11141 11130/11130 11119/11119
f 11130/11130 11141/11141 11145/11145
f 11131/11131 11149/11149 11122/11122
f 11149/11149 11131/11131 11153/11153
f 11127/11127 11157/11157 11161/11161
f 11157/11157 11127/11127 11123/11123
f 11165/11165 11138/11138 11169/11169
f 11138/11138 11165/11165 11134/11134
f 11173/11173 11120/11120 11135/11135
f 11120/11120 11173/11173 11142/11142
f 11139/11139 11162/11162 11177/11177
f 11162/11162 11139/11139 11128/11128
f 11181/11181 11146/11146 11143/11143
f 11146/11146 11181/11181 11185/11185
f 11147/11147 11154/11154 11132/11132
f 11154/11154 11147/11147 11189/11189
f 11155/11155 11193/11193 11150/11150
f 11193/11193 11155/11155 11197/11197
f 11124/11124 11201/11201 11158/11158
f 11201/11201 11124/11124 11151/11151
f 11205/11205 11159/11159 11209/11209
f 11159/11159 11205/11205 11163/11163
f 11166/11166 11213/11213 11215/11215
f 11213/11213 11166/11166 11170/11170
f 11217/11217 11136/11136 11167/11167
f 11136/11136 11217/11217 11174/11174
f 11171/11171 11178/11178 11221/11221
f 11178/11178 11171/11171 11140/11140
f 11225/11225 11144/11144 11175/11175
f 11144/11144 11225/11225 11182/11182
f 11229/11229 11164/11164 11206/11206
f 11164/11164 11229/11229 11179/11179
f 11233/11233 11186/11186 11183/11183
f 11186/11186 11233/11233 11237/11237
f 11187/11187 11190/11190 11148/11148
f 11190/11190 11187/11187 11241/11241
f 11191/11191 11198/11198 11156/11156
f 11198/11198 11191/11191 11245/11245
f 11194/11194 11249/11249 11253/11253
f 11249/11249 11194/11194 11199/11199
f 11152/11152 11257/11257 11202/11202
f 11257/11257 11152/11152 11195/11195
f 11261/11261 11160/11160 11203/11203
f 11160/11160 11261/11261 11210/11210
f 11207/11207 11211/11211 11265/11265
f 11218/11218 11216/11216 11273/11273
f 11216/11216 11218/11218 11168/11168
f 11172/11172 11275/11275 11214/11214
f 11275/11275 11172/11172 11222/11222
f 11226/11226 11219/11219 11277/11277
f 11219/11219 11226/11226 11176/11176
f 11281/11281 11180/11180 11230/11230
f 11180/11180 11281/11281 11223/11223
f 11285/11285 11184/11184 11227/11227
f 11184/11184 11285/11285 11234/11234
f 11231/11231 11208/11208 11266/11266
f 11235/11235 11289/11289 11238/11238
f 11289/11289 11235/11235 11293/11293
f 11239/11239 11242/11242 11188/11188
f 11242/11242 11239/11239 11297/11297
f 11243/11243 11246/11246 11192/11192
f 11246/11246 11243/11243 11301/11301
f 11200/11200 11305/11305 11250/11250
f 11305/11305 11200/11200 11247/11247
f 11254/11254 11309/11309 11311/11311
f 11309/11309 11254/11254 11251/11251
f 11258/11258 11255/11255 11313/11313
f 11255/11255 11258/11258 11196/11196
f 11317/11317 11204/11204 11259/11259
f 11204/11204 11317/11317 11262/11262
f 11212/11212 11263/11263 11267/11267
f 11278/11278 11274/11274 11321/11321
f 11274/11274 11278/11278 11220/11220
f 11323/11323 11224/11224 11282/11282
f 11224/11224 11323/11323 11276/11276
f 11286/11286 11279/11279 11325/11325
f 11279/11279 11286/11286 11228/11228
f 11283/11283 11232/11232 11268/11268
f 11236/11236 11329/11329 11294/11294
f 11329/11329 11236/11236 11287/11287
f 11295/11295 11333/11333 11290/11290
f 11240/11240 11341/11341 11298/11298
f 11341/11341 11240/11240 11291/11291
f 11299/11299 11302/11302 11244/11244
f 11302/11302 11299/11299 11345/11345
f 11306/11306 11303/11303 11349/11349
f 11303/11303 11306/11306 11248/11248
f 11252/11252 11353/11353 11310/11310
f 11353/11353 11252/11252 11307/11307
f 11314/11314 11312/11312 11355/11355
f 11312/11312 11314/11314 11256/11256
f 11357/11357 11260/11260 11315/11315
f 11260/11260 11357/11357 11318/11318
f 11269/11269 11264/11264 11319/11319
f 11326/11326 11322/11322 11361/11361
f 11322/11322 11326/11326 11280/11280
f 11324/11324 11284/11284 11270/11270
f 11288/11288 11363/11363 11330/11330
f 11363/11363 11288/11288 11327/11327
f 11331/11331 11334/11334 11296/11296
f 11335/11335 11342/11342 11292/11292
f 11300/11300 11367/11367 11346/11346
f 11367/11367 11300/11300 11343/11343
f 11350/11350 11347/11347 11371/11371
f 11347/11347 11350/11350 11304/11304
f 11308/11308 11375/11375 11354/11354
f 11375/11375 11308/11308 11351/11351
f 11377/11377 11316/11316 11356/11356
f 11316/11316 11377/11377 11358/11358
f 11271/11271 11320/11320 11359/11359
f 11328/11328 11379/11379 11364/11364
f 11379/11379 11328/11328 11362/11362
f 11365/11365 11336/11336 11332/11332
f 11337/11337 11368/11368 11344/11344
f 11348/11348 11381/11381 11372/11372
f 11381/11381 11348/11348 11369/11369
f 11352/11352 11385/11385 11376/11376
f 11385/11385 11352/11352 11373/11373
f 11272/11272 11360/11360 11378/11378
f 11380/11380 11338/11338 11366/11366
f 11339/11339 11382/11382 11370/11370
f 11374/11374 11387/11387 11386/11386
f 11387/11387 11374/11374 11383/11383
f 11340/11340 11388/11388 11384/11384
f 11389/11389 11390/11390 11391/11391
f 11390/11390 11389/11389 11392/11392
f 11393/11393 11394/11394 11395/11395
f 11394/11394 11393/11393 11396/11396
f 11397/11397 11398/11398 11399/11399
f 11398/11398 11397/11397 11400/11400
f 11401/11401 11402/11402 11403/11403
f 11402/11402 11401/11401 11404/11404
f 11405/11405 11406/11406 11407/11407
f 11406/11406 11405/11405 11408/11408
f 11409/11409 11410/11410 11411/11411
f 11410/11410 11409/11409 11412/11412
f 11413/11413 11414/11414 11415/11415
f 11414/11414 11413/11413 11416/11416
f 11417/11417 11418/11418 11419/11419
f 11418/11418 11417/11417 11420/11420
f 11420/11420 11417/11417 11421/11421
f 11421/11421 11417/11417 11422/11422
f 11421/11421 11422/11422 11423/11423
f 11421/11421 11423/11423 11424/11424
f 11424/11424 11423/11423 11425/11425
f 11425/11425 11423/11423 11426/11426
f 11425/11425 11426/11426 11427/11427
f 11425/11425 11427/11427 11428/11428
f 11428/11428 11427/11427 11429/11429
f 11428/11428 11429/11429 11430/11430
f 11430/11430 11429/11429 11431/11431
f 11430/11430 11431/11431 11432/11432
f 11432/11432 11431/11431 11433/11433
f 11432/11432 11433/11433 11434/11434
f 11434/11434 11433/11433 11435/11435
f 11434/11434 11435/11435 11436/11436
f 11436/11436 11435/11435 11437/11437
f 11437/11437 11435/11435 11438/11438
f 11437/11437 11438/11438 11439/11439
f 11439/11439 11438/11438 11440/11440
f 11439/11439 11440/11440 11441/11441
f 11439/11439 11441/11441 11442/11442
f 11442/11442 11441/11441 11443/11443
f 11443/11443 11441/11441 11444/11444
f 11443/11443 11444/11444 11445/11445
f 11443/11443 11445/11445 11446/11446
f 11446/11446 11445/11445 11447/11447
f 11446/11446 11447/11447 11448/11448
f 11448/11448 11447/11447 11449/11449
f 11448/11448 11449/11449 11450/11450
f 11450/11450 11449/11449 11451/11451
f 11450/11450 11451/11451 11452/11452
f 11452/11452 11451/11451 11453/11453
f 11454/11454 11455/11455 11456/11456
f 11455/11455 11454/11454 11457/11457
f 11457/11457 11454/11454 11458/11458
f 11457/11457 11458/11458 11459/11459
f 11459/11459 11458/11458 11460/11460
f 11460/11460 11458/11458 11461/11461
f 11460/11460 11461/11461 11462/11462
f 11460/11460 11462/11462 11463/11463
f 11463/11463 11462/11462 11464/11464
f 11464/11464 11462/11462 11465/11465
f 11464/11464 11465/11465 11466/11466
f 11466/11466 11465/11465 11467/11467
f 11466/11466 11467/11467 11468/11468
f 11466/11466 11468/11468 11469/11469
f 11469/11469 11468/11468 11470/11470
f 11470/11470 11468/11468 11471/11471
f 11470/11470 11471/11471 11472/11472
f 11472/11472 11471/11471 11473/11473
f 11472/11472 11473/11473 11474/11474
f 11472/11472 11474/11474 11475/11475
f 11475/11475 11474/11474 11476/11476
f 11475/11475 11476/11476 11477/11477
f 11477/11477 11476/11476 11478/11478
f 11478/11478 11476/11476 11479/11479
f 11478/11478 11479/11479 11480/11480
f 11478/11478 11480/11480 11481/11481
f 11481/11481 11480/11480 11482/11482
f 11482/11482 11480/11480 11483/11483
f 11482/11482 11483/11483 11484/11484
f 11484/11484 11483/11483 11485/11485
f 11484/11484 11485/11485 11486/11486
f 11486/11486 11485/11485 11487/11487
f 11486/11486 11487/11487 11488/11488
f 11488/11488 11487/11487 11489/11489
f 11488/11488 11489/11489 11490/11490
f 11491/11491 11492/11492 11494/11494
f 11492/11492 11491/11491 11495/11495
f 11497/11497 11498/11498 11499/11499
f 11498/11498 11497/11497 11500/11500
f 11501/11501 11496/11496 11503/11503
f 11496/11496 11501/11501 11493/11493
f 11505/11505 11504/11504 11507/11507
f 11504/11504 11505/11505 11502/11502
f 11509/11509 11508/11508 11511/11511
f 11508/11508 11509/11509 11506/11506
f 11513/11513 11512/11512 11515/11515
f 11512/11512 11513/11513 11510/11510
f 11517/11517 11516/11516 11519/11519
f 11516/11516 11517/11517 11514/11514
f 11521/11521 11520/11520 11523/11523
f 11520/11520 11521/11521 11518/11518
f 11522/11522 11525/11525 11526/11526
f 11525/11525 11522/11522 11524/11524
f 11527/11527 11528/11528 11529/11529
f 11528/11528 11527/11527 11530/11530
f 11531/11531 11532/11532 11534/11534
f 11532/11532 11531/11531 11535/11535
f 11537/11537 11533/11533 11536/11536
f 11533/11533 11537/11537 11539/11539
f 11541/11541 11540/11540 11538/11538
f 11540/11540 11541/11541 11543/11543
f 11542/11542 11545/11545 11544/11544
f 11545/11545 11542/11542 11547/11547
f 11548/11548 11549/11549 11546/11546
f 11549/11549 11548/11548 11551/11551
f 11552/11552 11553/11553 11550/11550
f 11553/11553 11552/11552 11555/11555
f 11556/11556 11557/11557 11554/11554
f 11557/11557 11556/11556 11559/11559
f 11560/11560 11561/11561 11558/11558
f 11561/11561 11560/11560 11563/11563
f 11564/11564 11565/11565 11562/11562
f 11565/11565 11564/11564 11567/11567
f 11568/11568 11569/11569 11566/11566
f 11569/11569 11568/11568 11571/11571
f 11573/11573 11570/11570 11572/11572
f 11570/11570 11573/11573 11575/11575
f 11574/11574 11577/11577 11576/11576
f 11577/11577 11574/11574 11579/11579
f 11580/11580 11581/11581 11578/11578
f 11581/11581 11580/11580 11583/11583
f 11584/11584 11585/11585 11582/11582
f 11585/11585 11584/11584 11587/11587
f 11588/11588 11589/11589 11586/11586
f 11589/11589 11588/11588 11591/11591
f 11592/11592 11593/11593 11590/11590
f 11593/11593 11592/11592 11594/11594
f 11595/11595 11596/11596 11597/11597
f 11596/11596 11595/11595 11598/11598
f 11599/11599 11600/11600 11602/11602
f 11600/11600 11599/11599 11604/11604
f 11605/11605 11603/11603 11601/11601
f 11603/11603 11605/11605 11607/11607
f 11609/11609 11608/11608 11606/11606
f 11608/11608 11609/11609 11611/11611
f 11613/11613 11612/11612 11610/11610
f 11612/11612 11613/11613 11615/11615
f 11617/11617 11616/11616 11614/11614
f 11616/11616 11617/11617 11619/11619
f 11621/11621 11620/11620 11618/11618
f 11620/11620 11621/11621 11623/11623
f 11625/11625 11624/11624 11622/11622
f 11624/11624 11625/11625 11627/11627
f 11626/11626 11629/11629 11628/11628
f 11629/11629 11626/11626 11630/11630
f 11631/11631 11632/11632 11633/11633
f 11632/11632 11631/11631 11634/11634
f 11635/11635 11636/11636 11637/11637
f 11636/11636 11635/11635 11638/11638
f 11639/11639 11640/11640 11641/11641
f 11640/11640 11639/11639 11642/11642
f 11643/11643 11644/11644 11645/11645
f 11644/11644 11643/11643 11646/11646
f 11647/11647 11648/11648 11649/11649
f 11648/11648 11647/11647 11650/11650
f 11651/11651 11652/11652 11653/11653
f 11652/11652 11651/11651 11654/11654
f 11655/11655 11656/11656 11657/11657
f 11656/11656 11655/11655 11658/11658
f 11659/11659 11660/11660 11661/11661
f 11660/11660 11659/11659 11662/11662
f 11663/11663 11664/11664 11665/11665
f 11664/11664 11663/11663 11666/11666
f 11667/11667 11668/11668 11669/11669
f 11668/11668 11667/11667 11670/11670
f 11671/11671 11672/11672 11673/11673
f 11672/11672 11671/11671 11674/11674
f 11675/11675 11676/11676 11677/11677
f 11676/11676 11675/11675 11678/11678
f 11679/11679 11680/11680 11681/11681
f 11680/11680 11679/11679 11682/11682
f 11683/11683 11684/11684 11685/11685
f 11684/11684 11683/11683 11686/11686
f 11687/11687 11688/11688 11689/11689
f 11688/11688 11687/11687 11690/11690
f 11691/11691 11692/11692 11693/11693
f 11692/11692 11691/11691 11694/11694
f 11695/11695 11696/11696 11697/11697
f 11696/11696 11695/11695 11698/11698
f 11699/11699 11700/11700 11701/11701
f 11700/11700 11699/11699 11702/11702
f 11703/11703 11704/11704 11705/11705
f 11704/11704 11703/11703 11706/11706
f 11707/11707 11708/11708 11709/11709
f 11708/11708 11707/11707 11710/11710
f 11711/11711 11712/11712 11713/11713
f 11712/11712 11711/11711 11714/11714
f 11715/11715 11716/11716 11717/11717
f 11716/11716 11715/11715 11718/11718
f 11719/11719 11720/11720 11721/11721
f 11720/11720 11719/11719 11722/11722
f 11723/11723 11724/11724 11725/11725
f 11724/11724 11723/11723 11726/11726
f 11727/11727 11728/11728 11729/11729
f 11728/11728 11727/11727 11730/11730
f 11731/11731 11732/11732 11733/11733
f 11732/11732 11731/11731 11734/11734
f 11735/11735 11736/11736 11737/11737
f 11736/11736 11735/11735 11738/11738
f 11739/11739 11740/11740 11741/11741
f 11740/11740 11739/11739 11742/11742
f 11743/11743 11744/11744 11745/11745
f 11744/11744 11743/11743 11746/11746
f 11747/11747 11748/11748 11749/11749
f 11748/11748 11747/11747 11750/11750
f 11751/11751 11752/11752 11753/11753
f 11752/11752 11751/11751 11754/11754
f 11754/11754 11751/11751 11755/11755
f 11754/11754 11755/11755 11756/11756
f 11756/11756 11755/11755 11757/11757
f 11756/11756 11758/11758 11754/11754
f 11759/11759 11760/11760 11761/11761
f 11762/11762 11763/11763 11764/11764
f 11763/11763 11762/11762 11760/11760
f 11763/11763 11760/11760 11765/11765
f 11765/11765 11760/11760 11759/11759
f 11765/11765 11759/11759 11766/11766
f 11767/11767 11768/11768 11769/11769
f 11768/11768 11767/11767 11770/11770
f 11771/11771 11772/11772 11773/11773
f 11772/11772 11771/11771 11774/11774
f 11775/11775 11776/11776 11777/11777
f 11776/11776 11775/11775 11778/11778
f 11779/11779 11780/11780 11781/11781
f 11780/11780 11779/11779 11782/11782
f 11783/11783 11784/11784 11785/11785
f 11784/11784 11783/11783 11786/11786
f 11787/11787 11788/11788 11789/11789
f 11788/11788 11787/11787 11790/11790
f 11791/11791 11792/11792 11793/11793
f 11792/11792 11791/11791 11794/11794
f 11795/11795 11796/11796 11797/11797
f 11796/11796 11795/11795 11798/11798
f 11799/11799 11800/11800 11801/11801
f 11800/11800 11799/11799 11802/11802
f 11803/11803 11804/11804 11805/11805
f 11804/11804 11803/11803 11806/11806
f 11807/11807 11808/11808 11809/11809
f 11808/11808 11807/11807 11810/11810
f 11811/11811 11812/11812 11813/11813
f 11812/11812 11811/11811 11814/11814
f 11815/11815 11816/11816 11817/11817
f 11816/11816 11815/11815 11818/11818
f 11819/11819 11820/11820 11821/11821
f 11820/11820 11819/11819 11822/11822
f 11820/11820 11823/11823 11825/11825
f 11824/11824 11820/11820 11826/11826
f 11826/11826 11820/11820 11827/11827
f 11827/11827 11820/11820 11822/11822
f 11826/11826 11827/11827 11828/11828
f 11828/11828 11827/11827 11829/11829
f 11828/11828 11829/11829 11830/11830
f 11831/11831 11832/11832 11833/11833
f 11832/11832 11831/11831 11834/11834
f 11832/11832 11834/11834 11835/11835
f 11832/11832 11835/11835 11836/11836
f 11835/11835 11834/11834 11837/11837
f 11835/11835 11837/11837 11838/11838
f 11838/11838 11837/11837 11839/11839
f 11832/11832 11840/11840 11841/11841
f 11840/11840 11832/11832 11836/11836
f 11842/11842 11843/11843 11844/11844
f 11843/11843 11842/11842 11845/11845
f 11846/11846 11847/11847 11848/11848
f 11847/11847 11846/11846 11849/11849
f 11850/11850 11851/11851 11852/11852
f 11851/11851 11850/11850 11853/11853
f 11854/11854 11855/11855 11856/11856
f 11855/11855 11854/11854 11857/11857
f 11858/11858 11859/11859 11860/11860
f 11859/11859 11861/11861 11862/11862
f 11861/11861 11859/11859 11863/11863
f 11863/11863 11859/11859 11858/11858
f 11864/11864 11865/11865 11866/11866
f 11865/11865 11864/11864 11867/11867
f 11868/11868 11869/11869 11870/11870
f 11869/11869 11868/11868 11871/11871
f 11872/11872 11873/11873 11874/11874
f 11873/11873 11872/11872 11875/11875
f 11876/11876 11877/11877 11878/11878
f 11877/11877 11876/11876 11879/11879
f 11879/11879 11876/11876 11880/11880
f 11880/11880 11876/11876 11881/11881
f 11882/11882 11883/11883 11884/11884
f 11883/11883 11882/11882 11885/11885
f 11886/11886 11887/11887 11888/11888
f 11887/11887 11886/11886 11889/11889
f 11890/11890 11891/11891 11892/11892
f 11891/11891 11890/11890 11893/11893
f 11894/11894 11895/11895 11896/11896
f 11895/11895 11894/11894 11897/11897
f 11898/11898 11899/11899 11900/11900
f 11899/11899 11898/11898 11901/11901
f 11899/11899 11901/11901 11902/11902
f 11903/11903 11904/11904 11905/11905
f 11904/11904 11903/11903 11906/11906
f 11907/11907 11908/11908 11909/11909
f 11908/11908 11907/11907 11910/11910
f 11909/11909 11908/11908 11911/11911
f 11912/11912 11913/11913 11914/11914
f 11913/11913 11912/11912 11915/11915
f 11916/11916 11917/11917 11918/11918
f 11917/11917 11916/11916 11919/11919
f 11920/11920 11921/11921 11922/11922
f 11921/11921 11920/11920 11923/11923
f 11924/11924 11925/11925 11926/11926
f 11925/11925 11924/11924 11927/11927
f 11928/11928 11929/11929 11930/11930
f 11929/11929 11928/11928 11931/11931
f 11932/11932 11933/11933 11934/11934
f 11933/11933 11932/11932 11935/11935
f 11935/11935 11932/11932 11936/11936
f 11936/11936 11932/11932 11937/11937
f 11938/11938 11939/11939 11940/11940
f 11939/11939 11938/11938 11941/11941
f 11942/11942 11943/11943 11944/11944
f 11943/11943 11942/11942 11945/11945
f 11945/11945 11942/11942 11946/11946
f 11945/11945 11946/11946 11947/11947
f 11948/11948 11949/11949 11950/11950
f 11949/11949 11948/11948 11951/11951
f 11952/11952 11953/11953 11954/11954
f 11953/11953 11952/11952 11955/11955
f 11956/11956 11957/11957 11958/11958
f 11957/11957 11956/11956 11959/11959
f 11960/11960 11961/11961 11962/11962
f 11961/11961 11960/11960 11963/11963
f 11964/11964 11965/11965 11966/11966
f 11965/11965 11964/11964 11967/11967
f 11967/11967 11964/11964 11968/11968
f 11969/11969 11965/11965 11967/11967
f 11970/11970 11971/11971 11972/11972
f 11971/11971 11970/11970 11973/11973
f 11974/11974 11975/11975 11976/11976
f 11975/11975 11974/11974 11977/11977
f 11978/11978 11979/11979 11980/11980
f 11979/11979 11978/11978 11981/11981
f 11979/11979 11981/11981 11982/11982
f 11982/11982 11981/11981 11983/11983
f 11984/11984 11985/11985 11986/11986
f 11985/11985 11984/11984 11987/11987
f 11987/11987 11984/11984 11988/11988
f 11987/11987 11988/11988 11989/11989
f 11989/11989 11988/11988 11990/11990
f 11991/11991 11985/11985 11987/11987
f 11992/11992 11993/11993 11994/11994
f 11993/11993 11992/11992 11995/11995
f 11993/11993 11995/11995 11996/11996
f 11996/11996 11995/11995 11997/11997
f 11997/11997 11995/11995 11998/11998
f 11994/11994 11999/11999 11998/11998
f 11999/11999 11994/11994 11993/11993
f 11998/11998 11999/11999 11997/11997
f 12000/12000 12001/12001 12002/12002
f 12001/12001 12000/12000 12003/12003
f 12004/12004 12005/12005 12006/12006
f 12005/12005 12004/12004 12007/12007
f 12005/12005 12007/12007 12008/12008
f 12007/12007 12004/12004 12009/12009
f 12010/12010 12011/12011 12012/12012
f 12011/12011 12010/12010 12013/12013
f 12014/12014 12015/12015 12016/12016
f 12015/12015 12014/12014 12017/12017
f 12015/12015 12017/12017 12018/12018
f 12018/12018 12017/12017 12019/12019
f 12020/12020 12021/12021 12022/12022
f 12021/12021 12020/12020 12023/12023
f 12024/12024 12025/12025 12026/12026
f 12025/12025 12024/12024 12027/12027
f 12028/12028 12029/12029 12030/12030
f 12029/12029 12028/12028 12031/12031
f 12031/12031 12028/12028 12032/12032
f 12033/12033 12034/12034 12035/12035
f 12034/12034 12033/12033 12036/12036
f 12034/12034 12036/12036 12037/12037
f 12037/12037 12036/12036 12032/12032
f 12037/12037 12032/12032 12028/12028
f 12038/12038 12039/12039 12040/12040
f 12039/12039 12038/12038 12041/12041
f 12042/12042 12043/12043 12044/12044
f 12043/12043 12042/12042 12045/12045
f 12046/12046 12047/12047 12048/12048
f 12047/12047 12046/12046 12049/12049
f 12050/12050 12051/12051 12052/12052
f 12051/12051 12050/12050 12053/12053
f 12054/12054 12055/12055 12056/12056
f 12055/12055 12054/12054 12057/12057
f 12057/12057 12054/12054 12058/12058
f 12058/12058 12059/12059 12060/12060
f 12059/12059 12058/12058 12061/12061
f 12061/12061 12058/12058 12054/12054
f 12062/12062 12063/12063 12064/12064
f 12063/12063 12062/12062 12065/12065
f 12066/12066 12067/12067 12068/12068
f 12067/12067 12066/12066 12069/12069
f 12070/12070 12071/12071 12072/12072
f 12071/12071 12070/12070 12073/12073
f 12074/12074 12075/12075 12076/12076
f 12075/12075 12074/12074 12077/12077
f 12078/12078 12079/12079 12080/12080
f 12079/12079 12078/12078 12081/12081
f 12082/12082 12083/12083 12084/12084
f 12083/12083 12082/12082 12085/12085
f 12086/12086 12087/12087 12088/12088
f 12087/12087 12086/12086 12089/12089
f 12090/12090 12091/12091 12092/12092
f 12091/12091 12090/12090 12093/12093
f 12094/12094 12095/12095 12096/12096
f 12095/12095 12094/12094 12097/12097
f 12098/12098 12099/12099 12100/12100
f 12099/12099 12098/12098 12101/12101
f 12102/12102 12103/12103 12104/12104
f 12103/12103 12102/12102 12105/12105
f 12106/12106 12107/12107 12108/12108
f 12107/12107 12106/12106 12109/12109
f 12110/12110 12111/12111 12112/12112
f 12111/12111 12110/12110 12113/12113
f 12114/12114 12115/12115 12116/12116
f 12115/12115 12114/12114 12117/12117
f 12118/12118 12119/12119 12120/12120
f 12119/12119 12118/12118 12121/12121
f 12122/12122 12123/12123 12124/12124
f 12123/12123 12122/12122 12125/12125
f 12126/12126 12127/12127 12128/12128
f 12127/12127 12126/12126 12129/12129
f 12130/12130 12131/12131 12132/12132
f 12131/12131 12130/12130 12133/12133

