ply
format ascii 1.0
element vertex 4963
property float x
property float y
property float z
property uint8 red
property uint8 green
property uint8 blue
end_header
1.442353 3.807893 -3.647740 74 74 83
-0.162680 5.652812 -9.170817 123 61 5
-1.420620 5.535524 -9.098200 140 86 10
-1.790949 5.781640 -9.072480 255 255 255
1.582038 2.429167 -4.750806 175 76 37
1.448723 2.472429 -4.700392 203 127 41
1.106439 2.347729 -4.827333 203 139 91
1.422130 2.535631 -4.638269 201 88 41
1.531596 2.662139 -4.508639 179 83 43
1.515390 2.633135 -4.526306 218 137 41
1.350066 2.685077 -4.466293 223 109 28
1.272586 2.706212 -4.441499 205 88 40
1.272586 2.706212 -4.441499 205 88 40
1.084627 2.700869 -4.442816 223 138 49
1.474313 2.946117 -4.187974 200 89 33
1.474313 2.946117 -4.187974 200 89 33
-0.801676 2.333462 -5.384264 98 77 77
1.352351 3.024359 -4.098381 233 155 40
0.488946 2.731079 -4.400586 235 158 92
1.404529 3.173463 -3.938945 242 169 83
-0.598567 2.297178 -4.823180 198 125 42
1.191272 3.155792 -3.953149 222 122 89
1.327919 3.358613 -3.735120 217 124 101
-0.425952 2.574804 -4.535354 226 147 29
-0.964740 2.853545 -4.229136 221 152 14
-0.964740 2.853545 -4.229136 221 152 14
0.634484 7.100182 -3.558590 118 71 16
-0.495636 3.378803 -3.654485 235 141 37
-0.155603 3.640006 -3.387925 252 159 38
-1.219679 2.177637 -4.959626 160 103 13
0.816917 4.223455 -6.395660 119 69 15
-1.225527 1.976390 -4.405527 215 139 14
1.395144 3.004323 -5.544714 107 62 30
0.566442 7.824259 -3.599591 255 255 255
1.049721 3.753228 -3.267182 226 190 176
0.511484 2.608677 -5.339169 133 77 18
-1.764076 5.543588 -8.970731 255 255 255
-1.309699 2.851648 -5.576830 255 255 255
1.191832 4.836878 -6.853679 255 255 255
1.191832 4.836878 -6.853679 255 255 255
-0.948662 3.586861 -3.424984 186 103 19
-1.301457 2.117146 -5.098219 136 143 167
-0.918568 2.328297 -4.803153 197 129 14
-1.369898 2.588292 -4.405493 217 142 16
-0.861319 2.754030 -4.343100 208 116 16
-0.764730 2.948871 -4.127214 230 158 13
1.079837 3.130378 -3.977800 224 151 94
-1.766986 5.796309 -8.773435 143 87 59
-1.033324 2.326178 -4.802177 211 136 15
-0.920852 2.325661 -4.810902 198 132 13
1.814019 4.267602 -6.953877 156 92 14
-0.372926 2.245917 -4.914152 180 99 53
-0.983430 2.500321 -4.608809 201 102 16
-1.387848 3.007209 -4.068416 192 81 19
-1.411421 2.989013 -4.062430 235 154 17
-0.343235 2.729618 -4.373297 203 114 44
0.073650 2.703389 -4.411958 199 114 72
0.072408 2.698728 -4.411558 199 114 72
-0.730813 2.986747 -4.093762 210 122 13
-1.250717 3.296972 -3.749909 232 147 13
0.580677 2.767716 -4.358857 222 149 62
-1.437376 3.491481 -3.529404 214 134 16
-0.888670 3.399377 -3.632691 233 146 18
-0.008495 3.324052 -3.736700 231 154 80
-0.126400 3.541752 -3.494183 231 143 70
0.620240 6.319873 -2.743502 255 255 255
-1.436285 5.666979 -7.153367 127 73 7
-1.214730 3.634127 -3.373237 191 103 24
-1.289134 2.461368 -5.367678 255 255 255
0.296413 3.714866 -3.336266 215 157 115
1.874675 5.321352 -7.966647 159 99 61
0.468849 3.552613 -3.508047 243 192 169
1.792678 6.034695 -8.963700 255 255 255
-1.707651 6.753653 -10.361051 255 255 255
-1.664078 6.019806 -7.658909 0 0 0
-1.402281 2.836223 -5.476727 202 128 14
-0.049479 2.501612 -4.633084 239 150 79
1.497925 2.636716 -4.528828 212 132 42
0.723670 2.702543 -4.430113 201 115 71
0.007226 2.608649 -4.517460 227 144 82
-1.066669 2.414521 -4.705378 230 137 15
-1.067832 2.414871 -4.707147 230 137 15
0.744243 7.202941 -3.441965 255 255 255
-0.366781 3.629096 -3.404795 254 155 22
-1.383850 3.144248 -3.842313 204 134 18
-1.093563 3.501637 -3.515690 212 120 23
1.553114 2.683921 -4.486227 218 143 38
1.518229 2.688994 -4.475277 182 98 40
-0.073620 2.450996 -4.688837 204 130 90
-1.417502 3.244411 -3.786680 211 118 18
1.780002 7.491049 -7.077202 162 92 8
1.276661 2.385765 -4.790088 198 104 71
1.568068 2.587871 -4.600947 223 141 24
1.179001 2.512554 -4.648073 214 112 44
0.664433 2.452984 -4.707005 210 160 141
-0.037772 2.329890 -4.823444 237 156 91
1.451846 2.937210 -4.200655 235 151 30
1.601972 2.984854 -5.628705 255 223 215
1.443747 2.508223 -4.663196 221 139 33
1.554897 2.610358 -4.561044 196 94 43
0.440646 2.599210 -4.538702 236 158 90
0.440646 2.599210 -4.538702 236 158 90
-0.292289 2.251960 -4.897803 199 114 61
-0.031973 2.471956 -4.660635 227 134 89
-0.031973 2.471956 -4.660635 227 134 89
-0.157833 2.481740 -4.656798 242 159 58
-0.796877 2.231031 -4.915262 227 141 20
1.347958 3.193489 -3.921209 241 173 89
-0.188593 2.671070 -4.421234 238 147 36
0.297756 3.147476 -3.935670 236 149 63
-1.020394 2.600649 -4.506573 204 123 16
-1.155163 2.527808 -4.583684 207 127 16
0.142857 3.119701 -3.970095 220 148 72
0.333154 3.649208 -3.392936 215 152 133
-1.147246 3.264823 -3.783167 240 158 14
-0.614342 4.670878 -1.657304 254 254 254
-1.552241 5.576972 -9.117778 134 80 17
1.128468 5.565723 -8.958434 88 51 11
0.236703 4.782495 -1.651119 51 51 57
-1.300840 3.962501 -3.920053 244 140 22
1.452865 3.813170 -6.244758 255 255 255
1.874675 5.321352 -7.966647 166 97 55
-1.873975 6.933463 -10.642869 96 56 10
0.155514 2.208197 -4.961972 201 158 146
-1.253384 3.171098 -6.041670 255 255 255
-0.339480 2.187125 -5.003810 210 133 55
0.107068 2.159359 -5.015578 52 54 61
-0.260519 2.235081 -5.109911 51 52 59
-0.708296 2.844817 -4.244663 209 114 17
-0.710377 2.846612 -4.242704 209 114 17
-0.560008 3.680913 -3.344792 223 111 15
-1.638951 5.944635 -9.194892 255 255 255
-0.766427 3.213960 -3.833533 225 132 15
-1.422980 3.310854 -3.695225 194 122 19
-1.788855 6.793397 -10.311942 255 255 255
-1.239017 2.480770 -5.458661 175 118 87
-0.530293 2.338683 -4.799360 195 118 37
-0.530081 2.337539 -4.801898 195 118 37
0.281019 4.630607 -1.678845 52 52 58
1.728389 3.802725 -6.612015 202 167 141
1.535915 2.367297 -4.827975 194 129 60
-1.170236 6.080750 -2.746996 43 43 49
1.446651 2.364964 -4.816083 211 143 51
1.446651 2.364964 -4.816083 211 143 51
0.933631 2.292737 -4.884500 212 165 171
1.452250 2.576262 -4.586556 211 125 45
1.042321 2.433195 -4.731715 192 131 77
1.441502 2.670672 -4.487687 225 143 27
1.473578 2.711466 -4.433944 222 117 26
1.473578 2.711466 -4.433944 222 117 26
0.943149 2.736420 -4.398489 208 129 65
1.331259 3.072823 -4.048420 220 113 44
1.215532 3.096206 -4.016495 224 147 80
0.786675 2.944181 -4.167127 200 113 71
1.413365 3.270605 -3.832747 238 167 89
1.288586 3.222062 -3.887173 238 164 91
0.121691 3.205665 -3.850017 210 127 89
0.044856 3.235732 -3.840292 232 157 92
-1.195569 7.160769 -3.622740 247 166 53
-1.154384 8.084939 -1.042936 253 253 253
0.226907 3.762141 -6.713542 255 255 255
2.240717 7.396901 -10.544035 86 45 6
-1.366324 5.661139 -3.498856 255 255 255
-1.301112 2.331804 -5.272385 43 44 50
-1.351066 2.744842 -4.345467 219 138 24
-1.092807 6.907936 -3.602062 255 255 255
-1.333133 2.910817 -5.924878 184 153 147
-1.193442 2.757947 -5.699126 255 255 255
-0.390933 2.264356 -4.893752 189 108 55
-0.780792 3.493552 -3.534081 235 144 26
-1.785597 6.087245 -5.982194 139 76 9
-1.420825 3.176542 -3.877689 206 137 15
-1.243023 2.352349 -4.781200 178 112 13
-1.065686 2.498456 -4.613522 218 145 14
-1.075165 2.547945 -4.560724 236 171 13
-0.159789 2.454174 -4.672656 233 151 49
-0.387926 2.519921 -4.607621 223 151 30
-0.387926 2.519921 -4.607621 223 151 30
-0.861703 2.752808 -4.342282 207 115 16
0.551134 5.710191 -9.060156 151 86 8
-1.230544 2.195485 -4.948961 159 101 13
-1.295349 2.256010 -4.867820 126 52 16
-1.155795 2.302394 -4.821447 177 85 12
-0.756313 2.197368 -4.911419 214 142 25
-0.366427 2.276188 -4.859787 206 127 65
0.116904 2.253620 -4.910632 179 136 128
-0.147120 2.586254 -4.534446 214 140 47
0.519394 2.636506 -4.498856 226 151 86
-1.330932 3.169961 -3.874058 217 123 13
-0.723919 3.159873 -3.903696 219 146 14
-0.945911 3.243998 -3.796368 242 152 20
-0.944681 3.247471 -3.794858 242 152 20
-1.150198 3.462371 -3.565650 219 133 15
-0.890563 3.460880 -3.560422 211 98 19
-1.214436 3.551270 -3.467005 210 144 15
-0.495206 3.393445 -3.649413 232 140 39
0.492536 7.296567 -3.556765 255 255 255
-0.119722 2.265342 -5.109165 38 39 43
0.400092 4.774416 -1.644052 49 48 54
-0.385136 4.881900 -5.099240 209 127 75
-0.819898 3.297118 -5.030270 183 95 38
1.262383 2.827779 -4.948994 201 117 75
-1.513108 4.648345 -7.198177 255 255 255
-0.775303 2.240762 -4.891155 225 150 19
1.000677 2.840302 -4.267600 234 146 65
1.763037 4.167003 -6.751457 228 201 195
-1.623603 5.403196 -8.630952 255 255 255
-1.163420 2.322438 -5.242618 42 43 48
-1.218025 2.337960 -4.802273 193 115 12
0.538700 7.029372 -3.416246 255 255 255
1.517519 2.690360 -5.393718 255 255 255
-1.060605 2.135339 -5.076085 112 116 132
-1.041662 2.441789 -4.680908 201 119 16
-1.040084 2.440817 -4.681029 201 119 16
-1.033838 6.016294 -3.523738 212 102 24
1.912583 5.577803 -8.687180 154 95 13
-0.048008 2.765905 -4.344950 241 146 45
1.325904 2.462572 -4.711998 191 94 55
-0.551876 2.315259 -4.824328 211 135 34
1.071470 2.918942 -4.205159 228 149 47
0.415323 3.135134 -3.951929 244 163 84
-0.218830 3.031018 -4.058842 249 156 33
-1.060270 2.903785 -4.170810 219 112 19
2.006864 5.917021 -9.115113 139 101 7
1.801259 4.078485 -6.934790 188 149 118
1.342087 2.331099 -4.857263 198 123 88
1.347417 2.416523 -4.764260 189 93 57
-1.841720 6.560647 -7.830354 0 0 0
-1.266860 2.976868 -5.993029 180 88 63
1.504837 2.596476 -4.572036 197 85 36
1.452152 2.577522 -4.587265 209 123 45
1.297078 2.542524 -4.618495 194 105 52
1.210403 2.505597 -4.660550 229 148 37
1.354674 2.632096 -4.527380 203 86 31
0.903936 2.491119 -4.659889 223 154 100
1.329755 2.680091 -4.470454 238 145 29
1.043301 2.657276 -4.483477 214 141 65
-1.136370 2.438796 -5.336621 151 92 24
1.286767 2.864644 -4.266813 223 151 56
1.063645 2.784622 -4.355244 207 103 51
-1.125093 2.117795 -5.054142 186 122 12
-0.108942 2.468139 -4.669575 225 146 73
1.366658 3.066345 -4.049282 234 148 39
1.109725 2.993431 -4.129677 220 121 80
0.337215 2.752882 -4.368584 229 153 54
1.263805 3.135420 -3.971997 233 151 75
1.097252 3.061880 -4.042761 243 159 77
1.406471 3.300368 -3.792013 234 138 107
1.406471 3.300368 -3.792013 234 138 107
1.380664 3.317581 -3.782691 235 171 124
1.248115 3.407346 -3.673359 207 139 125
-0.251318 3.144769 -3.927773 224 122 54
0.144257 3.441104 -3.616380 239 165 101
-0.987094 3.121220 -3.936664 255 177 14
-0.392147 4.383403 -1.699360 253 253 253
0.231049 3.000508 -4.096729 187 103 60
0.841682 3.765950 -3.265174 219 176 170
-0.351502 3.663231 -3.348245 243 151 17
1.742691 4.958896 -7.119306 255 255 255
-1.191794 2.307830 -5.244035 38 39 44
-1.191794 2.307830 -5.244035 38 39 44
1.230517 5.062222 -6.703918 0 0 0
-1.157273 2.692534 -5.731497 255 255 255
-2.032702 8.466664 -8.365690 93 55 9
-1.475217 3.924975 -3.487719 139 86 46
-1.475217 3.924975 -3.487719 139 86 46
-0.740835 3.730077 -3.396613 208 117 21
-0.522412 3.647128 -3.395111 225 131 16
1.577110 3.143281 -5.649764 87 51 32
0.176481 2.287710 -5.100023 48 49 55
1.310088 5.491198 -7.121211 255 255 255
0.942411 2.304775 -5.022588 50 51 58
-1.298166 3.118454 -6.159621 184 116 98
-1.331655 2.930041 -5.932632 185 154 146
-1.261937 2.797936 -5.790160 182 119 91
-1.184471 2.471359 -5.389288 167 93 38
-0.530856 2.222694 -5.126452 50 51 57
-0.254803 2.163223 -5.060114 50 51 56
1.416885 5.341750 -7.080258 255 255 255
1.416885 5.341750 -7.080258 255 255 255
0.061006 2.247658 -5.080889 47 49 56
1.482283 3.208327 -3.924488 224 147 94
-1.328908 2.457957 -4.658367 184 120 11
0.272617 2.168978 -5.157863 126 75 16
1.948730 6.004435 -9.129833 155 91 25
1.908141 5.893482 -9.033872 155 91 25
-1.277025 2.517756 -4.602215 209 145 12
-0.424800 2.443532 -4.694649 177 97 40
0.382943 2.455690 -4.690682 221 163 119
1.120900 2.483694 -4.678542 179 107 64
0.882447 5.737509 -9.117646 145 86 11
-1.155670 2.303740 -4.822501 177 87 12
-1.229672 2.321427 -4.797204 194 126 12
-1.013217 2.319432 -4.813098 183 88 14
-0.575725 2.239476 -4.906101 193 102 29
-0.790886 2.319507 -4.807374 197 102 20
-0.951889 2.404880 -4.728028 236 171 13
-1.157392 2.524848 -4.581295 202 124 14
-1.182978 2.509970 -4.588235 231 160 13
1.688623 3.445909 -6.105324 244 212 187
-1.243211 2.581796 -4.514290 189 93 16
-0.668186 2.548451 -4.563095 222 142 29
-0.905123 2.594381 -4.515503 200 116 16
-1.639671 4.953431 -4.962514 160 83 12
1.576262 2.907463 -5.493345 254 214 197
-1.235069 2.773812 -4.313755 194 75 15
-0.348108 2.588234 -4.516558 212 137 43
-0.742763 2.684917 -4.425915 221 131 27
0.467978 2.572814 -4.571296 212 123 84
0.000435 2.726735 -4.385765 203 123 79
-1.283452 3.027037 -4.047452 184 88 22
-1.202966 3.086730 -3.966273 200 109 14
1.042045 2.579796 -4.572205 203 125 47
-0.838308 3.148599 -3.908975 229 154 12
-1.017769 3.190672 -3.872491 232 156 13
-1.282069 3.286376 -3.750563 213 101 14
0.918656 2.802933 -4.339962 205 129 51
0.495589 2.886360 -4.220830 231 121 74
1.248082 2.783803 -4.361225 223 140 39
0.566076 2.943605 -4.174143 225 143 76
-0.391039 3.229040 -3.837736 231 119 27
-1.149655 3.480943 -3.569536 218 132 15
-0.701175 4.613284 -1.671549 253 253 253
-1.313863 2.250288 -5.209082 61 63 70
0.479371 6.491154 -2.752603 255 255 255
0.977514 2.640950 -4.230533 219 130 65
-1.597084 5.027327 -8.204950 126 83 56
-1.597084 5.027327 -8.204950 126 83 56
-1.426662 10.627619 -3.816513 0 0 0
-1.627130 6.386156 -9.946391 255 255 255
-1.598419 5.938197 -9.566647 255 255 255
-0.367176 2.229163 -5.111035 51 50 56
-0.791249 2.242978 -4.895948 223 150 16
2.157562 3.539597 -5.542016 157 124 107
1.948465 6.799738 -9.959380 255 255 255
-1.127972 2.463567 -4.658192 198 110 14
-1.128658 2.460204 -4.656544 198 110 14
-0.417949 2.385968 -4.743065 204 126 47
0.055772 4.685751 -1.681140 33 34 37
-0.747861 2.198091 -4.949302 212 131 26
-0.430250 2.336044 -4.798906 199 111 58
-1.313085 2.627321 -4.475235 197 105 21
-1.333361 2.660074 -4.434560 201 97 20
-0.983709 2.608464 -4.498519 226 152 14
-1.313315 2.888985 -4.185168 192 106 18
0.357552 2.632828 -4.506369 209 100 55
-0.206194 2.829098 -4.275123 228 140 57
-0.841692 2.983961 -4.077736 218 105 13
-0.841857 2.982322 -4.077344 218 105 13
1.073649 2.624767 -4.532717 184 104 58
-1.195790 7.397477 -3.608217 214 125 26
-1.437075 5.567659 -9.139168 143 86 10
-1.275439 2.112389 -5.022715 135 55 13
-0.963548 2.208518 -4.928329 190 98 14
-1.013672 2.315269 -4.811221 183 91 15
-1.293356 2.426490 -4.696757 154 79 12
-0.291808 2.287511 -4.859946 210 147 48
-0.668989 2.436050 -4.687529 216 131 21
-0.749169 2.490644 -4.645120 196 111 21
-1.055658 2.650323 -4.450520 199 80 12
-0.715439 2.766824 -4.328087 189 99 26
-1.232983 2.873178 -4.195144 205 94 16
-1.339567 2.878132 -4.196265 215 135 20
-0.306406 2.821218 -4.264886 230 145 32
-0.933750 2.976735 -4.096185 233 153 14
-0.837167 3.002537 -4.072258 219 105 13
0.693085 2.795619 -4.331699 208 117 61
0.384539 2.894389 -4.254246 218 118 59
-0.913150 3.282108 -3.775268 238 118 19
-0.585703 3.296712 -3.764541 223 138 24
-0.586110 3.293575 -3.764111 223 138 24
1.344153 2.951360 -4.183045 220 135 37
-0.513041 3.495773 -3.539560 237 153 20
-1.138832 2.321345 -4.803730 176 107 11
0.567799 4.883007 -1.695947 39 40 45
-1.441858 5.772344 -7.226546 127 78 6
-1.406769 3.317276 -3.720741 195 107 27
2.106536 6.169623 -8.836991 255 255 255
-1.664078 6.019806 -7.658909 255 255 255
-1.101041 48.983833 -6.795716 234 200 183
-1.151868 3.441530 -3.588116 236 150 17
0.060225 5.246157 -1.595637 36 35 39
-1.467876 4.449379 -7.696853 107 63 11
-1.029921 2.562401 -4.546722 225 151 15
-0.804918 3.186192 -3.868788 243 140 14
0.074484 2.301876 -5.110395 47 49 57
0.611846 2.874853 -4.242087 244 154 63
0.571103 6.480212 -2.837172 129 74 21
-0.660004 5.613488 -9.199981 125 66 4
0.853045 2.650324 -4.493641 216 143 81
-0.182745 2.356753 -4.788442 229 143 59
1.397198 2.884398 -4.255209 201 88 28
1.079490 2.897157 -4.232110 238 152 52
-0.836232 2.398340 -4.732858 197 97 16
-1.153422 2.352275 -4.766870 179 97 13
0.265898 2.789597 -4.324536 209 118 65
-1.315371 2.775447 -4.315541 185 99 29
0.557163 6.705970 -2.958391 128 73 24
-0.562461 3.681625 -3.338227 226 122 16
-1.454520 3.431029 -3.580434 206 128 21
2.002159 5.898491 -9.087484 139 101 6
1.482232 5.791497 -9.098916 150 82 12
1.065203 5.738372 -9.102425 140 76 10
-1.780099 7.083560 -10.910094 73 46 21
1.628687 2.415142 -5.045587 51 52 59
1.551034 2.515949 -4.655375 220 141 24
-1.206666 2.688507 -5.683444 179 82 51
1.446803 2.618181 -4.542034 215 139 34
1.446797 2.619186 -4.542342 215 139 34
1.207655 2.527092 -4.635422 224 148 31
1.034009 2.480106 -4.682068 196 87 59
-0.027734 2.210416 -4.953169 210 133 95
1.383685 2.681643 -4.473290 229 155 20
1.182712 2.587173 -4.572453 234 156 26
1.164770 2.579709 -4.586191 212 102 33
1.164770 2.579709 -4.586191 212 102 33
0.829531 2.513385 -4.638731 221 153 102
1.358512 2.734807 -4.408050 203 106 32
1.337060 2.774935 -4.376051 206 112 36
0.655024 2.616460 -4.532624 219 142 81
0.506692 2.519974 -4.628167 218 139 105
1.309030 2.827165 -4.308118 235 159 31
1.107701 2.749763 -4.385125 229 146 45
0.589526 2.693663 -4.439053 225 156 100
1.072442 2.857249 -4.271503 230 153 63
1.386432 3.055124 -4.061586 212 96 38
0.974723 2.913958 -4.216454 202 118 70
-0.189062 2.598511 -4.518159 223 143 41
-0.529185 2.639113 -4.472589 233 149 22
1.305454 3.114139 -3.987474 221 144 69
0.098754 2.844974 -4.280558 209 122 77
0.768959 3.103232 -3.999177 224 155 102
-0.523520 2.736655 -4.369121 240 148 22
-0.804067 2.688978 -4.406409 209 112 26
-0.004837 2.977548 -4.104720 232 148 65
-0.004837 2.977548 -4.104720 232 148 65
-0.719101 2.753043 -4.355884 205 103 25
-0.008456 3.005202 -4.084690 231 150 66
-0.287270 2.927879 -4.155777 243 168 19
-0.320274 2.933664 -4.156061 225 119 24
-0.747407 2.840418 -4.242455 218 117 18
0.294638 3.176206 -3.897886 225 116 53
0.117480 3.431350 -3.622757 223 125 82
0.193417 3.606899 -3.430665 221 155 128
-0.855536 3.547973 -3.476759 205 107 25
0.567940 4.881769 -1.695490 38 39 44
-0.157771 3.979568 -4.770080 232 126 70
1.291450 2.607998 -4.983144 208 138 99
-0.020434 5.080496 -2.152350 55 57 65
-0.861511 6.014392 -8.265183 255 255 255
-1.805745 6.849816 -7.698902 130 72 10
1.352231 3.127970 -4.095806 225 141 39
-1.205309 2.745469 -5.566107 153 82 9
-1.695983 5.707188 -9.178941 115 77 10
0.111549 3.046476 -3.283016 226 126 61
-1.197996 2.611516 -4.504351 190 84 16
0.591078 6.533021 -2.863001 125 103 95
-0.638811 3.571739 -3.492085 238 145 29
-1.152186 3.441423 -3.588907 236 149 17
0.525181 4.833882 -1.568282 255 255 255
0.273669 4.851316 -1.578979 255 255 255
1.941907 6.532425 -9.675095 255 255 255
1.944593 6.560405 -9.690350 255 255 255
1.612261 2.371527 -5.010349 51 54 60
1.310444 2.414732 -4.760621 201 132 77
1.694677 5.856595 -9.114720 155 85 6
1.094462 2.446943 -4.726465 196 104 58
-0.785614 2.415276 -4.713304 186 96 25
-0.907780 2.615765 -4.490504 226 152 16
-1.104569 3.467590 -3.563477 227 143 21
1.665637 8.999324 -11.672390 146 76 12
0.674132 5.767942 -9.044476 118 65 6
0.186930 2.585948 -5.398129 126 74 12
0.042201 2.414740 -4.733546 225 154 104
0.564952 2.567647 -4.574318 209 124 88
0.616122 2.727452 -4.402745 222 149 76
1.314584 5.826540 -9.156979 152 85 13
0.061408 6.832346 -9.950487 94 55 23
1.770134 3.904741 -6.736390 207 172 145
0.226614 2.682117 -5.451258 125 74 14
1.464069 2.374110 -4.810308 178 94 56
1.412605 2.346169 -4.841047 216 142 68
0.915980 2.285971 -4.892896 226 198 170
1.499560 2.496630 -4.674873 195 97 31
1.465790 2.483707 -4.692317 173 99 50
1.097944 2.398433 -4.773988 213 142 54
0.928037 2.331706 -4.841765 225 193 161
1.494283 2.522354 -4.649698 180 103 38
1.442407 2.532338 -4.635454 210 144 35
1.422482 2.533151 -4.636385 198 86 40
1.333557 2.524422 -4.636902 213 107 40
0.984208 2.440701 -4.723154 181 121 95
0.261452 2.331631 -4.820888 191 143 135
1.465776 2.617775 -4.540090 191 84 34
1.465853 2.618253 -4.540295 191 84 34
1.156458 2.622535 -4.527656 239 151 24
1.369838 2.757802 -4.386624 219 136 26
0.885087 2.635718 -4.507638 210 92 64
0.691224 2.598284 -4.540540 198 121 83
-0.267443 2.576195 -4.544213 222 150 36
0.710358 2.854580 -4.259307 231 156 78
0.710358 2.854580 -4.259307 231 156 78
0.334729 2.849827 -4.264681 201 107 58
-0.973175 2.577065 -4.546412 215 105 20
-1.044684 2.535405 -4.572292 215 108 23
0.896548 3.076749 -4.029943 195 116 70
-0.274425 2.835544 -4.255833 235 112 37
1.152433 3.199671 -3.897725 229 130 90
1.152468 3.199482 -3.897795 229 130 90
-0.050346 2.955901 -4.149064 230 138 51
-0.459412 2.945212 -4.144338 228 144 37
0.262030 3.182447 -3.892817 218 138 50
-0.986402 3.119165 -3.935310 255 180 13
0.516000 5.070471 -1.753593 47 48 54
-1.366233 2.762917 -4.306330 203 110 29
-0.988026 3.509300 -5.199808 211 135 23
-1.309217 2.854515 -5.369462 201 128 14
-1.241984 2.701196 -5.289928 201 128 14
-0.709565 2.477882 -5.331215 123 84 23
0.189469 2.597965 -5.413164 126 74 12
-0.837353 2.136866 -5.072047 127 131 149
0.749435 5.749704 -9.149378 137 81 8
-0.947421 2.176190 -5.189496 137 85 21
0.411064 2.616717 -4.516979 226 127 83
-1.044406 2.332496 -4.793649 215 142 16
0.393415 2.746112 -4.377581 225 140 68
0.393190 2.747427 -4.377897 225 140 68
1.285493 3.229973 -3.885814 238 161 86
-0.035188 2.971248 -4.113246 218 119 54
0.725129 3.388977 -3.689239 205 162 153
-0.343728 3.337711 -3.714498 251 165 21
0.021605 -1.203127 -3.048667 0 0 0
0.283057 5.721828 -9.121935 145 84 8
0.530394 0.243948 -4.824719 0 0 0
-0.997378 5.772252 -9.384034 118 67 9
-1.467377 4.248181 -7.589868 113 56 20
1.564971 2.414790 -4.765007 202 129 35
1.428162 2.361796 -4.819495 187 88 55
1.408444 2.372111 -4.810842 219 146 50
1.415608 2.429252 -4.740198 212 133 43
1.212101 2.369795 -4.806834 225 151 72
1.360721 2.465753 -4.706142 223 136 48
1.021157 2.440365 -4.733967 178 93 71
0.915896 2.408877 -4.762273 202 146 128
-0.116516 2.203859 -4.957973 217 110 73
0.877161 2.441590 -4.719462 201 139 119
0.843442 2.417600 -4.747383 206 162 149
1.149500 2.564336 -4.604214 222 146 28
1.299578 2.657078 -4.494636 226 162 33
1.145397 2.578797 -4.575399 226 142 34
1.039468 2.573975 -4.571837 218 134 44
-0.236123 2.329216 -4.821935 227 147 56
1.400751 2.691250 -4.460186 204 88 22
1.135750 2.659592 -4.491839 219 100 34
1.135750 2.659592 -4.491839 219 100 34
1.061654 2.668865 -4.475980 197 92 51
1.061654 2.668865 -4.475980 197 92 51
1.028326 2.640918 -4.517644 210 138 60
1.028326 2.640918 -4.517644 210 138 60
1.305270 2.726914 -4.417690 215 95 37
1.131707 2.703840 -4.443711 230 145 43
1.051709 2.854250 -4.274634 207 121 72
0.949454 2.805218 -4.323342 197 103 61
0.997679 2.881447 -4.239991 227 148 61
0.575607 2.795845 -4.327317 238 161 68
0.211033 2.841801 -4.269097 202 99 46
-1.240576 2.586432 -4.527675 199 102 17
-1.237844 2.578333 -4.525179 199 102 17
1.185455 3.079568 -4.031958 213 108 66
0.474840 2.930993 -4.164277 243 160 77
-0.482609 2.771233 -4.329744 224 136 33
-1.285786 2.623870 -4.466255 227 146 19
1.191593 3.154073 -3.952054 219 123 88
-0.008841 2.904523 -4.197219 232 155 36
0.873676 3.137076 -3.961597 209 110 80
0.873828 3.136688 -3.961752 209 110 80
0.173928 3.031610 -4.062648 212 139 70
-0.540815 2.998938 -4.075642 195 94 26
0.401334 3.348165 -3.720677 242 183 141
-0.483411 3.223511 -3.851343 227 148 28
-0.696549 3.175451 -3.885187 214 93 17
0.526475 3.445369 -3.624497 226 146 124
-0.470429 3.299717 -3.750622 224 112 35
-0.605941 3.263613 -3.794436 202 111 20
-1.089082 3.300751 -3.739856 248 175 12
0.194385 3.601851 -3.430707 220 154 128
-0.314022 3.504753 -3.536293 245 154 32
-0.949959 3.406262 -3.627902 250 167 16
-0.949959 3.406262 -3.627902 250 167 16
-1.005378 3.474844 -3.554255 219 115 20
-0.853404 3.550693 -3.482938 206 107 25
0.622847 6.580022 -2.909311 185 156 148
-0.407688 2.465341 -4.663278 220 140 42
-1.078229 7.210697 -3.473172 255 255 255
-1.278073 2.475931 -4.635456 195 133 10
-0.988026 3.509300 -5.199808 217 126 27
1.690452 2.629035 -5.526303 255 255 255
-1.453066 5.747114 -2.977500 0 0 0
0.547626 2.376164 -4.839883 228 202 191
-0.041146 2.877033 -4.243510 210 117 43
1.576920 2.664058 -5.248797 224 204 205
-0.593715 1.925369 -5.065276 144 89 6
0.585147 6.652731 -2.868401 124 98 87
1.341405 2.349876 -5.019602 45 46 50
1.341276 2.343978 -5.018112 45 46 50
-0.837744 2.306743 -5.270603 141 92 36
-0.809823 2.172174 -4.954619 214 115 18
-0.983955 7.615414 -3.602934 213 110 23
-1.648925 6.303722 -9.899515 255 255 255
-1.341454 2.826451 -5.802293 179 136 122
-1.753822 6.668005 -10.198787 255 255 255
1.627967 3.215354 -5.869227 244 204 171
0.779228 5.779041 -9.182940 135 65 7
0.000625 2.293862 -4.861084 210 132 108
-1.182214 2.114731 -5.035771 176 105 12
0.990061 2.562683 -4.592694 177 99 68
-1.003851 2.274148 -4.860867 174 77 13
-0.977470 2.402807 -4.731421 207 109 17
1.682234 3.518691 -6.268635 228 200 182
0.771974 2.301485 -5.013292 131 126 155
1.485997 2.354296 -4.834144 196 127 52
-1.303206 2.648534 -5.568676 174 106 73
1.357413 2.366704 -4.812754 201 107 60
1.192417 2.366338 -4.811992 199 111 73
-0.181243 2.166229 -5.012317 98 86 108
1.490464 2.437395 -4.741708 167 84 42
1.504871 2.461886 -4.717864 209 138 28
1.504941 2.458334 -4.717325 209 138 28
1.367431 2.415879 -4.762360 222 158 38
1.049014 2.368911 -4.805537 190 138 101
0.040466 2.247574 -4.907893 198 143 120
-0.260355 2.200556 -4.951809 222 143 44
1.351576 2.515971 -4.649519 225 137 36
1.351576 2.515971 -4.649519 225 137 36
0.984431 2.440900 -4.723573 177 118 94
1.490111 2.561810 -4.602183 225 151 30
1.210751 2.504610 -4.659997 228 148 36
0.939557 2.503175 -4.653000 208 147 103
0.392904 2.431551 -4.720838 227 159 134
1.044276 2.535906 -4.622583 216 138 47
1.039547 2.572867 -4.570747 214 131 47
0.779011 2.501811 -4.657624 223 165 114
0.701730 2.522489 -4.621040 207 123 83
0.701691 2.527108 -4.622820 207 123 83
0.018024 2.413414 -4.724851 226 118 82
1.457107 2.680483 -4.472304 185 98 35
0.735526 2.549506 -4.603107 220 152 95
0.588908 2.570503 -4.572646 223 154 80
0.535042 2.572500 -4.567445 233 157 92
0.344014 2.519950 -4.618990 216 134 96
1.358241 2.735328 -4.408474 198 103 31
0.948366 2.699194 -4.440094 185 108 63
0.948366 2.699194 -4.440094 185 108 63
0.577031 2.649800 -4.482205 229 158 75
1.024486 2.813211 -4.322119 204 99 57
1.024486 2.813211 -4.322119 204 99 57
0.916580 2.806476 -4.313984 210 139 60
0.844207 2.810599 -4.337862 197 107 56
1.179320 2.857118 -4.273886 238 154 42
1.122842 2.884319 -4.248996 223 123 60
0.365734 2.774276 -4.343663 211 105 62
-0.531989 2.646068 -4.473918 232 147 22
1.151099 2.950551 -4.173856 235 157 45
0.868475 2.903997 -4.233077 189 101 54
-1.004047 2.645042 -4.454172 194 97 13
0.786654 2.944378 -4.167304 200 112 69
0.546012 2.903299 -4.205011 220 127 82
0.028920 2.865561 -4.237981 209 111 42
0.316661 3.004083 -4.112198 227 146 69
-0.106630 2.932057 -4.167578 215 108 55
0.466523 3.130712 -3.959165 239 163 98
-0.587512 2.969107 -4.110839 224 153 16
-1.331272 2.856786 -4.226047 202 103 25
0.071118 3.308203 -3.762331 230 154 90
-0.878603 3.272234 -3.775147 245 151 24
-0.485583 3.182509 -3.877889 231 143 27
1.882710 6.774025 -7.624343 208 208 208
-1.575794 4.690695 -7.021097 255 255 255
-0.680443 1.749717 -5.001117 153 91 7
-0.069528 3.910271 -3.426916 228 130 56
1.346298 3.801809 -3.305832 210 192 193
2.158854 7.333454 -10.646403 124 73 20
-1.853974 7.012398 -10.848991 77 41 11
1.837081 7.141321 -7.710377 78 48 32
-1.290829 2.584695 -4.521216 196 124 19
-0.029829 3.749559 -3.370252 221 122 66
-1.383463 6.557553 -3.613431 205 110 21
-0.981745 3.633433 -3.388395 191 113 17
-1.172421 6.967038 -3.368743 82 43 4
-1.331300 2.194663 -5.105808 130 72 14
-0.901241 2.814376 -4.271914 211 134 16
-1.256259 6.731988 -3.148319 255 255 255
1.737296 7.052251 -7.770032 255 255 255
-1.664598 6.663917 -7.909958 255 255 255
-1.857143 6.505158 -7.824960 255 255 255
-1.966131 6.933799 -8.043148 255 255 255
-1.123203 2.926083 -4.147936 229 145 17
1.986945 6.684078 -9.784722 255 255 255
0.185897 2.291443 -4.863653 172 136 124
0.327842 2.622746 -4.518936 235 151 72
1.405059 3.029353 -4.098435 224 138 39
-1.599187 5.716294 -9.264764 135 82 18
1.549539 2.487063 -4.695511 195 128 23
1.278399 2.823941 -4.312744 206 105 51
-0.285773 3.049365 -3.998144 239 147 26
0.218439 3.434561 -3.625395 244 169 109
0.342826 3.551359 -3.485355 238 185 150
1.613822 2.302681 -4.899951 167 100 50
1.260026 2.241310 -4.918968 115 119 136
1.328385 2.306902 -4.875714 209 150 99
1.363073 2.328417 -4.854337 205 138 80
1.254159 2.326247 -4.860775 223 160 92
1.253951 2.322768 -4.860064 223 160 92
1.036282 2.331445 -4.846935 203 152 123
-0.186113 2.167602 -4.989278 234 153 45
1.461851 2.399614 -4.782831 173 87 54
1.154045 2.399688 -4.771033 192 112 68
1.117466 2.396549 -4.771500 181 102 64
1.009819 2.387680 -4.784355 178 119 100
0.960957 2.353519 -4.820104 211 167 135
1.132326 2.423072 -4.750385 201 134 69
1.026247 2.399817 -4.770066 199 136 94
-0.429287 2.249915 -4.894770 215 141 43
1.144270 2.458883 -4.708830 198 114 66
1.084674 2.501580 -4.662766 217 137 62
0.464336 2.425011 -4.723739 222 163 154
0.464559 2.427686 -4.725366 222 163 154
0.167684 2.360193 -4.775447 198 148 118
0.167547 2.363391 -4.773996 198 148 118
1.384225 2.549366 -4.618179 191 96 47
1.154523 2.522686 -4.640095 228 160 32
1.154523 2.522686 -4.640095 228 160 32
0.759452 2.506858 -4.648071 210 134 99
-0.181199 2.402941 -4.734685 219 121 43
1.212094 2.612653 -4.536245 222 108 29
1.212094 2.612653 -4.536245 222 108 29
1.174652 2.629438 -4.521035 213 91 21
0.893128 2.575360 -4.574610 214 142 73
0.397079 2.516654 -4.628269 238 171 101
0.259905 2.485365 -4.665441 193 117 85
0.032701 2.548833 -4.581508 226 156 87
1.430862 2.743107 -4.405281 223 159 17
1.463030 2.766119 -4.381210 211 108 25
1.463030 2.766119 -4.381210 211 108 25
1.389572 2.767470 -4.376744 196 87 27
1.389640 2.769357 -4.375568 196 87 27
0.966241 2.718776 -4.423480 201 128 64
0.651221 2.638868 -4.498961 203 117 80
0.664404 2.686510 -4.449019 228 164 80
0.385849 2.620803 -4.515409 232 165 64
0.430356 2.672241 -4.463912 225 149 87
0.800357 2.728349 -4.412189 196 91 57
-0.498587 2.620095 -4.489488 209 100 25
-0.955160 2.536953 -4.569860 204 111 21
1.396428 2.885225 -4.254786 200 80 25
1.044821 2.814273 -4.318227 221 138 64
1.098873 2.914229 -4.209264 212 86 38
1.098966 2.915839 -4.209645 212 86 38
0.626580 2.827178 -4.298813 218 102 57
0.072871 2.829888 -4.279367 227 146 76
0.021303 2.794526 -4.322656 211 116 68
-0.139755 2.782888 -4.324351 216 119 56
0.686180 2.921975 -4.191839 223 121 67
-0.184629 2.858041 -4.246177 229 106 50
-0.184629 2.858041 -4.246177 229 106 50
-1.377419 2.740710 -4.354253 203 107 36
0.810833 3.029881 -4.065986 216 146 88
0.562514 3.008321 -4.089113 217 117 75
0.471646 2.944541 -4.167188 241 159 76
0.254847 2.906936 -4.184265 192 108 70
-1.146349 2.778347 -4.299789 218 112 16
-0.267590 2.939255 -4.158934 217 90 20
0.962519 3.165109 -3.939385 218 128 75
0.963075 3.167589 -3.940049 218 128 75
0.440688 3.137269 -3.953825 236 122 77
0.440688 3.137269 -3.953825 236 122 77
0.987781 3.211716 -3.884126 235 163 103
0.950107 3.233267 -3.859423 224 133 89
0.166201 3.166864 -3.913132 196 110 67
-0.052656 3.201658 -3.877183 245 156 57
-0.463950 3.260507 -3.798199 227 144 33
0.229948 3.404563 -3.659896 243 172 90
-1.251597 3.294902 -3.750318 234 149 14
-1.075695 7.389432 -3.607425 225 119 15
1.559436 2.601611 -4.564391 185 90 42
-0.282683 3.897781 -4.846867 227 144 24
-0.853948 3.371369 -5.068232 212 124 19
-0.214437 5.753038 -2.086528 55 56 63
1.018936 2.687131 -4.637230 175 106 69
-0.926647 4.929160 -1.847578 50 51 57
-0.932877 4.974049 -1.854137 50 51 57
0.566524 4.995026 -3.551996 236 201 183
-0.641258 2.077056 -4.993963 204 132 59
-0.975730 2.436649 -4.679123 234 152 16
-1.338062 2.653698 -4.415121 207 118 20
-1.718506 6.830172 -7.992608 255 255 255
-1.253551 2.848737 -5.792378 184 96 55
-1.315181 2.225098 -5.205721 45 47 53
-0.380504 2.257742 -5.127444 51 50 56
-0.354250 2.992186 -4.101757 227 140 21
-1.596969 5.756269 -9.052243 255 255 255
1.628433 3.276548 -5.957515 241 194 172
-0.466061 2.929315 -4.163030 229 145 30
-0.461675 2.888930 -4.153348 229 145 30
-1.052926 3.144015 -3.917081 240 161 13
0.901512 5.855323 -9.228942 142 84 9
-1.264782 2.829542 -5.867426 181 132 105
-1.293669 2.510011 -5.436781 198 128 82
1.104412 2.306283 -4.983584 133 138 160
-0.058825 2.226718 -4.934877 225 155 105
-0.777215 2.364437 -4.765513 213 110 22
-1.017837 2.522332 -4.588206 229 153 15
0.188593 2.951812 -4.142909 193 116 77
1.083277 3.199414 -3.904269 233 162 105
-0.249224 3.137660 -3.928780 219 120 54
-0.559490 3.214801 -3.846741 191 107 38
1.849184 4.769055 -7.744222 167 105 32
-1.354756 3.449115 -6.636117 177 118 54
1.627657 3.176490 -5.817258 250 171 155
1.646327 2.977417 -5.638050 255 239 226
1.613458 2.631604 -5.179679 255 255 255
1.600745 2.713985 -5.220947 236 213 204
1.426749 2.289160 -4.923922 107 112 131
0.706903 2.252962 -4.970044 86 80 88
0.309520 2.231900 -4.995335 111 111 133
0.212301 2.185760 -4.982537 116 119 136
-0.148626 2.169353 -5.009706 99 92 115
-0.871096 2.115604 -5.049591 102 105 121
-1.087568 2.179563 -5.125684 123 131 148
-0.437434 2.171305 -4.988720 188 87 36
1.412754 2.346809 -4.840565 214 144 66
0.040055 2.251656 -4.909986 194 142 119
-0.304700 2.263402 -4.884804 191 110 56
-0.646515 2.248460 -4.909251 203 127 35
1.153992 2.403108 -4.771845 192 110 66
0.978251 2.366031 -4.808438 190 140 121
0.940896 2.365692 -4.805446 200 141 129
-0.346669 2.301195 -4.840536 195 106 63
-0.539663 2.271506 -4.866905 198 106 37
1.232237 2.461977 -4.706193 217 137 62
0.859830 2.431361 -4.732855 214 173 144
-0.260011 2.323920 -4.815147 197 107 57
-0.587574 2.347935 -4.786161 185 97 35
1.281583 2.517280 -4.652507 186 85 39
1.158199 2.485043 -4.681086 235 154 44
1.158199 2.485043 -4.681086 235 154 44
1.131645 2.531511 -4.628920 206 100 37
1.084168 2.531602 -4.627468 216 134 44
1.084139 2.532240 -4.627468 216 134 44
0.996285 2.488581 -4.674351 180 101 79
0.402643 2.477250 -4.664147 219 146 119
0.139433 2.440504 -4.706283 181 122 101
-0.018932 2.405328 -4.737579 213 127 90
-0.125803 2.412777 -4.727408 221 108 60
-0.322016 2.389418 -4.737462 218 138 59
-0.481061 2.371175 -4.756364 185 90 29
-0.481061 2.371175 -4.756364 185 90 29
-0.521250 2.404642 -4.727384 208 91 30
-0.872052 2.347962 -4.782359 219 145 18
1.112326 2.558240 -4.596681 212 142 36
0.914344 2.553444 -4.601651 185 95 75
0.914344 2.553444 -4.601651 185 95 75
0.847000 2.530238 -4.625204 203 108 79
0.094845 2.491606 -4.643236 216 150 99
-0.828694 2.417814 -4.706059 213 129 15
1.484340 2.626750 -4.533024 209 135 32
1.338452 2.618127 -4.543014 226 147 46
0.566699 2.563120 -4.572854 208 123 84
-0.301780 2.517891 -4.608064 194 91 40
1.277799 2.667699 -4.487346 204 75 31
1.277799 2.667699 -4.487346 204 75 31
1.234326 2.698398 -4.445225 204 103 49
0.327809 2.652610 -4.480405 226 145 52
-0.187188 2.596324 -4.521003 221 141 41
-1.073182 2.519249 -4.584080 236 164 14
0.694741 2.729213 -4.407935 206 114 69
0.498085 2.708310 -4.421433 233 163 84
0.411073 2.686772 -4.440968 213 116 76
0.411073 2.686772 -4.440968 213 116 76
0.409057 2.713247 -4.411200 200 99 64
-0.549686 2.630369 -4.478016 211 97 22
-0.200580 2.707333 -4.398981 239 154 36
-0.471060 2.713095 -4.393040 229 148 28
-0.538426 2.680203 -4.424615 197 96 30
-0.716173 2.657448 -4.447318 203 97 25
-0.716173 2.657448 -4.447318 203 97 25
0.021248 2.794917 -4.322765 210 116 68
-0.649432 2.697984 -4.364992 234 153 29
1.070220 2.929135 -4.207253 223 144 44
0.474261 2.903081 -4.198151 245 158 72
-0.696413 2.794347 -4.303719 238 173 18
-0.767641 2.803878 -4.290273 223 119 16
0.504170 2.932598 -4.182958 222 123 81
0.148577 2.929868 -4.204222 224 145 70
0.148995 2.913515 -4.200215 224 145 70
0.143053 2.950800 -4.154146 204 104 63
-0.089269 2.949312 -4.151716 237 154 46
-1.168755 2.825268 -4.259815 242 163 16
0.479436 3.009179 -4.095934 227 126 86
0.225446 2.999848 -4.101640 187 99 63
0.225446 2.999848 -4.101640 187 99 63
-0.615182 2.988677 -4.101093 209 101 14
0.587742 3.117524 -3.978739 223 106 66
0.829522 3.236505 -3.855293 224 163 114
0.633319 3.196961 -3.894381 230 162 116
0.956409 3.291903 -3.794214 234 176 130
-0.828910 3.192934 -3.877297 235 158 13
-0.049295 3.398959 -3.658501 233 134 82
-0.356702 3.384897 -3.654285 229 122 37
-0.317344 3.471374 -3.578905 227 123 28
-0.490556 3.416950 -3.648262 234 144 43
-0.229243 3.509640 -3.535104 240 159 55
0.184324 3.662336 -3.378617 230 173 129
-0.968872 4.957889 -1.778952 39 40 44
-0.954005 4.886983 -1.816910 39 40 44
1.438802 3.251323 -3.851017 235 149 76
-1.324178 6.916952 -3.471725 255 255 255
-0.502206 2.688706 -4.428768 228 138 17
0.749099 7.188567 -3.355457 255 255 255
0.320176 3.645792 -3.395189 218 151 120
0.518032 7.367926 -3.391470 255 255 255
-0.961759 2.905698 -4.169545 235 164 13
-0.845420 2.218542 -4.923419 222 142 15
-1.294131 2.419640 -4.689594 157 83 11
0.396194 2.286512 -4.887159 205 169 161
-1.153402 2.490084 -4.622561 200 105 13
-1.331944 2.651436 -4.433087 203 101 20
-0.567403 2.845510 -4.244212 223 140 35
-0.559263 3.315308 -3.738250 210 113 37
-1.349185 3.175032 -6.292393 180 139 113
-0.702694 2.129779 -5.009197 181 94 33
-0.260100 2.428321 -5.248751 112 75 16
-0.834527 2.181621 -4.956535 226 149 15
-1.277109 2.262979 -4.865540 141 90 12
-0.416049 2.159898 -5.001396 222 150 33
-0.860231 2.248328 -4.893332 187 85 12
-0.344191 2.220709 -4.934093 207 135 44
-0.810217 2.428499 -4.697128 185 99 19
-0.941236 2.579680 -4.546341 229 152 15
0.388099 2.465667 -4.684684 225 168 118
-0.821969 2.641024 -4.459509 211 103 21
-0.879907 2.672091 -4.429307 217 135 16
-0.953194 2.679854 -4.417716 196 94 17
1.540628 2.438701 -4.746133 164 84 35
1.327693 2.462071 -4.713154 181 92 54
-0.247559 2.750989 -4.359924 220 146 30
-0.255525 2.801449 -4.298157 227 145 38
-0.353196 2.836218 -4.258115 220 132 40
0.865524 2.735726 -4.404480 201 129 57
-1.279046 3.091627 -3.956289 204 86 14
0.648664 3.045228 -4.068207 233 132 80
0.454681 3.048965 -4.047141 235 161 96
-0.913455 3.277238 -3.775102 236 115 20
1.163080 3.048357 -4.070621 223 139 67
1.158967 3.084647 -4.024248 214 145 75
0.294727 3.306669 -3.768130 236 132 84
-0.101729 3.399219 -3.657110 218 117 74
-0.063446 3.505336 -3.537161 232 149 81
-0.283636 3.551842 -3.485295 236 119 50
-0.886410 4.651711 -1.709705 45 46 50
-1.139484 2.979576 -5.381800 210 135 14
0.480235 6.133684 -2.486910 40 41 45
1.867421 5.561484 -8.372402 255 255 255
2.063891 6.051335 -8.888264 255 255 255
1.546528 3.075727 -5.147707 197 127 74
1.411884 4.491143 -6.046900 54 56 63
0.614961 7.150171 -3.326430 120 81 51
-0.221709 2.953744 -4.132339 240 139 35
0.447234 2.606462 -5.380488 124 73 14
-1.433247 3.255207 -3.782783 213 127 17
-1.230035 2.881248 -5.748726 255 255 255
0.411952 2.319965 -5.087758 43 41 47
-0.435674 2.446334 -4.683563 178 96 37
-1.398693 2.965185 -4.100070 211 116 20
1.222090 3.185915 -3.924690 228 157 104
-0.168411 5.717686 -9.233425 122 64 4
1.569804 2.957235 -5.570467 253 194 170
1.917789 7.035345 -7.729336 255 255 255
1.604621 2.367598 -4.963362 128 137 158
-1.019979 2.342128 -4.786102 194 102 19
-1.197464 2.359912 -4.758121 218 152 11
-1.091509 2.494307 -4.606489 203 99 15
-1.090805 2.494934 -4.608587 203 99 15
-0.856748 2.552590 -4.562360 220 146 14
-0.287136 2.609841 -4.507757 211 126 46
-0.445894 2.637410 -4.477749 199 81 22
-0.895822 2.750168 -4.346663 224 145 13
-0.895694 2.748181 -4.345376 224 145 13
0.889284 2.801820 -4.330757 190 103 57
-0.420843 2.880851 -4.215137 219 104 25
1.183576 2.905637 -4.225704 227 146 53
0.187269 2.963866 -4.144459 192 117 76
-0.392259 3.424481 -3.624077 220 117 38
-1.022530 6.382856 -2.828803 255 255 255
0.076990 -0.318559 -4.410384 125 68 10
1.953444 5.839278 -8.946766 147 94 6
-0.654856 2.594629 -5.528051 89 75 80
-0.476776 2.151230 -5.032972 88 83 95
-1.062382 2.132499 -5.010170 198 112 14
-1.061877 2.130953 -5.009535 198 112 14
0.246776 2.239833 -5.027663 141 144 170
-0.416540 2.154334 -5.000132 221 145 34
0.312016 2.217992 -4.965864 215 183 162
-1.123486 2.199458 -4.938247 178 90 13
1.085272 2.266850 -4.921709 214 160 118
0.003649 2.243443 -4.916386 216 135 102
-0.008981 2.332998 -4.817187 209 132 98
-0.182099 2.291750 -4.858035 206 118 67
-0.994184 2.312944 -4.815061 200 127 15
0.814811 2.368865 -4.799859 210 165 155
0.241511 2.348583 -4.806489 197 156 129
0.147129 2.373340 -4.771844 181 124 110
-0.587440 2.348108 -4.786060 183 95 36
0.680251 2.427642 -4.731305 207 162 152
0.678524 2.414131 -4.726754 207 162 152
0.049076 2.437688 -4.701997 205 125 94
-0.125883 2.412502 -4.726838 220 109 59
1.373747 2.485278 -4.686678 198 106 45
-1.304059 2.481763 -4.630784 166 81 11
-1.304059 2.481763 -4.630784 166 81 11
1.207420 2.528096 -4.636266 218 144 29
0.807059 2.557304 -4.594762 217 140 82
0.755240 2.536937 -4.619061 206 119 88
0.755308 2.537103 -4.619088 206 119 88
-0.301786 2.517900 -4.608013 194 91 40
1.066455 2.611900 -4.538499 185 104 57
-0.065066 2.625628 -4.493732 195 97 60
-0.065204 2.625177 -4.494734 195 97 60
-0.853422 2.593009 -4.509469 206 110 17
0.827974 2.658329 -4.481488 190 103 68
0.501504 2.676237 -4.459661 222 156 98
-0.767618 2.664481 -4.443075 204 111 26
1.216661 2.820477 -4.318278 233 152 33
-0.374241 2.780413 -4.311753 231 154 33
-0.422713 2.766434 -4.338640 237 150 38
-0.422606 2.765616 -4.338753 237 150 38
-0.513102 2.772761 -4.323860 203 101 26
-1.361081 2.776769 -4.308625 191 83 25
1.422732 2.946326 -4.190459 201 100 33
0.393911 2.944710 -4.172514 239 150 63
-0.788781 2.947391 -4.129417 205 90 14
-0.984470 2.928599 -4.143663 223 121 15
0.987309 3.008796 -4.103179 208 121 67
0.159444 2.969748 -4.115035 211 141 73
-0.367766 3.005079 -4.080405 234 157 21
-0.367947 3.002394 -4.082163 234 157 21
-1.255463 2.968250 -4.096636 227 147 18
0.149579 3.037754 -4.058047 202 95 63
-0.212289 3.051987 -4.023417 248 150 31
-1.018448 3.043372 -4.025059 206 98 12
0.904978 3.133917 -3.966676 233 156 71
0.798469 3.112685 -3.993073 202 118 83
0.526337 3.134990 -3.959205 230 158 95
0.473646 3.306108 -3.763425 228 156 132
0.365836 3.275081 -3.803086 241 176 119
-0.533592 3.302308 -3.763186 227 145 35
-0.533592 3.302308 -3.763186 227 145 35
-1.089553 3.301584 -3.740356 244 168 11
-1.215060 3.424238 -3.612277 213 113 20
-1.215139 3.423536 -3.611819 213 113 20
0.247192 3.497300 -3.555965 220 154 127
-0.269265 3.438546 -3.607988 239 124 28
-0.579605 2.296878 -4.839419 174 96 42
-0.652556 2.307637 -4.828263 220 142 33
1.882973 7.784876 -7.231352 255 255 255
-0.889669 2.334811 -4.793366 195 96 15
-0.858743 6.036416 -4.947735 57 58 65
-1.215804 2.349306 -4.770552 194 98 12
0.501965 4.228295 -3.938897 52 53 58
1.599092 2.757256 -5.379018 114 79 58
1.466448 2.613798 -4.953712 191 105 28
1.599639 2.758030 -5.379500 114 79 58
1.940621 6.958091 -10.221457 255 255 255
-0.168288 2.313195 -4.834006 223 149 56
1.234559 3.950919 -3.342647 49 49 57
-0.168171 2.311427 -4.834383 223 149 56
1.454614 5.028799 -4.530779 168 90 4
-0.494756 2.338994 -4.797524 219 149 24
1.497569 5.017059 -4.615675 185 107 7
-1.044469 2.407575 -4.708013 219 146 16
0.297811 4.464208 -4.405269 255 255 255
-1.149568 2.400913 -4.717754 232 168 13
0.490888 4.216865 -3.828181 255 255 255
-1.169303 2.394771 -4.719119 192 84 12
-1.263116 2.421790 -4.688997 190 122 11
1.928695 6.715414 -9.926785 255 255 255
0.323016 2.296254 -4.866303 211 183 159
0.624728 5.750660 -2.240011 128 84 56
-0.154123 2.341243 -4.807365 213 109 57
1.433422 4.519021 -4.016691 171 102 6
-0.377726 2.391672 -4.741754 173 102 58
0.115272 4.488551 -4.475201 255 255 255
-0.488900 2.428437 -4.703267 188 92 29
1.499184 2.833004 -5.249392 155 97 47
-0.488364 2.423333 -4.700742 188 92 29
1.533307 2.587447 -5.167501 57 57 64
-0.757446 2.435966 -4.686601 209 130 21
0.659875 4.932880 -7.314382 255 255 255
-1.066728 2.459847 -4.659990 197 86 13
0.659875 4.932880 -7.314382 255 255 255
-1.137455 2.448644 -4.669488 195 105 14
-1.309095 2.602742 -4.449064 201 120 21
0.146966 2.375233 -4.772677 180 123 108
0.527561 7.150674 -4.061946 136 143 162
-0.621293 2.493172 -4.623624 218 153 21
-0.641306 2.493450 -4.624990 190 80 32
-1.626914 5.846368 -5.607276 134 77 14
-0.668128 2.455798 -4.664577 202 102 32
-1.504595 5.806369 -9.115757 255 255 255
-0.801464 2.499067 -4.615884 221 153 15
-0.439246 2.707618 -4.406697 188 100 36
-0.801464 2.499067 -4.615884 221 153 15
-0.958034 4.831313 -1.720538 121 77 42
-0.873622 2.490083 -4.625201 195 101 14
0.508428 6.591172 -2.904928 161 119 68
-0.841453 2.508582 -4.607340 218 141 13
-0.841453 2.508582 -4.607340 218 141 13
0.567415 4.942905 -1.619445 145 79 16
-0.950167 2.498541 -4.613605 216 143 17
-1.849230 5.752662 -9.359972 255 255 255
-1.037191 2.497228 -4.612794 195 93 18
0.631905 3.742399 -6.325961 0 0 0
1.352354 2.307763 -4.882496 187 119 91
-1.673259 5.096681 -5.100622 165 99 9
1.305296 2.351190 -4.833681 190 105 74
0.611823 3.809573 -2.688200 255 170 15
1.305161 2.350674 -4.833312 190 105 74
1.229423 2.322218 -4.860981 200 124 89
-0.221364 2.963059 -4.106246 228 138 36
1.181183 2.330143 -4.851774 195 118 85
-1.091709 6.242258 -2.837537 255 255 255
-0.132828 2.468906 -4.670213 216 112 66
-1.566444 5.839036 -9.419454 255 255 255
-0.240868 2.465948 -4.665419 236 157 26
-1.569199 4.591426 -4.524458 163 91 9
-0.231737 2.507253 -4.621871 223 141 41
-1.585848 4.993321 -8.527573 206 124 19
-0.390878 2.510635 -4.613734 226 152 28
-0.080419 7.171390 -3.988414 33 34 39
-0.390878 2.510635 -4.613734 226 152 28
-1.424628 4.136382 -4.170828 143 78 12
-0.665355 2.517550 -4.599509 202 134 34
-0.898562 2.536994 -4.578664 201 91 14
-1.398364 4.014157 -3.942301 113 65 5
-0.986393 2.548339 -4.559385 228 159 17
-0.672330 2.909616 -4.181159 222 145 17
-0.969037 2.563622 -4.541243 210 99 19
0.736209 2.578630 -4.541140 201 133 83
-1.006157 2.537511 -4.564798 195 98 19
-1.006157 2.537511 -4.564798 195 98 19
-1.130515 3.006730 -4.062695 236 153 14
-1.017370 2.599804 -4.505769 203 121 15
0.884987 3.056278 -4.051508 201 128 77
1.537246 2.365361 -4.827161 182 118 57
1.391301 2.358903 -4.826128 178 103 65
-1.552443 11.017733 -6.543861 61 31 7
1.158683 2.375321 -4.802692 213 141 68
0.328336 2.618086 -4.513639 230 149 71
0.663951 2.453058 -4.706908 200 152 134
0.162079 2.534771 -4.602470 191 106 75
0.520826 2.547005 -4.621554 210 136 95
0.130572 2.519717 -4.616726 209 149 83
-1.342187 3.067699 -3.984298 201 116 18
0.130572 2.519717 -4.616726 209 149 83
1.004657 2.855611 -4.274635 229 142 65
0.002414 2.513777 -4.617944 191 122 90
0.474041 8.197670 -4.400914 255 255 255
0.002414 2.513777 -4.617944 191 122 90
-0.456922 2.596829 -4.520025 186 83 31
-1.292145 4.134659 -4.018727 255 255 255
-0.597055 2.567384 -4.549509 195 88 28
-0.074683 2.607496 -0.234263 131 75 18
-0.701926 2.596895 -4.513109 203 135 24
-1.737158 6.658567 -6.700155 255 255 255
-0.724819 2.599657 -4.506723 190 94 25
-0.882119 2.590415 -4.512513 230 149 15
-1.075532 2.650283 -4.446230 245 172 13
-1.369312 7.635178 -3.903047 255 255 255
-1.236874 2.640290 -4.453785 225 145 17
0.657591 4.088426 -3.544850 255 147 16
1.541692 2.438848 -4.746466 164 83 35
1.415318 2.433506 -4.742366 206 128 42
0.557791 2.528327 -4.618718 200 124 89
1.959189 6.481604 -9.613054 0 0 0
0.091770 2.580788 -4.543440 201 119 76
0.224778 3.931752 -2.961623 232 140 13
-0.174377 2.622125 -4.507402 195 113 43
0.478637 9.572539 -11.641500 66 67 75
-0.802298 2.650997 -4.454913 226 145 21
-1.356020 2.685733 -4.395203 202 112 26
-0.912400 2.649080 -4.446197 207 118 16
0.362544 6.159117 -2.529665 19 19 22
0.658976 2.564261 -4.583483 191 103 71
0.573754 6.130645 -4.412900 63 64 71
0.294982 2.633597 -4.497427 204 111 61
-0.869675 2.738913 -4.356652 204 117 16
-1.363476 3.023950 -4.069705 209 140 21
-0.926412 2.758885 -4.335023 213 107 12
-0.947396 2.432932 -4.621583 208 136 20
-1.173123 2.764273 -4.313736 227 135 15
-0.947396 2.432932 -4.621583 208 136 20
-1.173082 2.767560 -4.314091 227 135 15
-1.732937 6.112540 -9.498953 63 36 14
1.464395 2.548026 -4.624302 173 100 40
-1.747683 6.116158 -9.577336 63 36 14
1.334278 2.573477 -4.589826 215 137 55
1.461791 3.549605 -3.662288 110 94 88
0.555903 2.642955 -4.495129 195 117 88
1.521195 2.915563 -4.228621 199 100 26
0.521466 2.682821 -4.448153 211 121 84
1.788277 6.046853 -8.930528 255 255 255
0.359621 2.673472 -4.459683 208 96 45
0.100895 2.716088 -4.403546 212 145 72
1.697667 3.709369 -4.043618 255 255 255
0.100895 2.716088 -4.403546 212 145 72
2.041674 6.696475 -8.775537 126 79 42
-0.634661 2.751111 -4.352437 196 100 39
-0.696849 2.798674 -4.303493 238 173 17
-2.040015 6.806324 -6.690729 255 255 255
-1.020939 2.799523 -4.299223 232 158 14
-0.255236 2.801799 -4.299242 227 145 38
-1.193068 2.879934 -4.194126 197 87 15
1.299900 3.795964 -3.461433 255 248 254
1.488103 2.688662 -4.471095 215 144 26
0.466262 5.279064 -1.874487 61 63 71
1.371468 2.697115 -4.456078 222 143 21
-1.338443 6.418821 -5.629478 255 255 255
1.372835 2.703087 -4.455866 222 143 21
1.329262 2.730993 -4.418911 224 146 32
-1.095004 4.861113 -1.805416 255 255 255
-0.327455 2.905668 -4.192229 212 109 19
-1.573792 4.798888 -8.404453 203 122 19
-0.530957 2.902340 -4.184333 201 89 25
-0.695880 2.918358 -4.159455 209 109 12
-0.350790 4.576005 -0.235117 255 255 255
-1.064242 2.967808 -4.109943 244 180 13
-1.118300 2.971351 -4.100139 235 151 17
0.579737 2.187445 -4.887723 255 255 255
1.382793 2.746769 -4.406757 217 139 22
0.550235 7.042642 -3.189647 172 117 42
1.382481 2.747695 -4.406478 217 139 22
0.737193 6.698042 -5.611466 128 119 133
1.247247 2.782067 -4.362655 226 143 41
0.141286 6.339001 -4.907387 127 128 143
0.520287 2.834223 -4.282187 239 160 69
-1.077031 4.851466 -1.774328 255 255 255
0.374750 2.861858 -4.252038 219 119 61
-1.500967 4.735118 -4.712495 135 78 11
-0.436730 2.964159 -4.128025 214 95 33
-1.716251 5.015007 -8.543918 255 255 255
-0.640474 2.971699 -4.109929 231 154 15
-0.879604 7.088027 -4.001726 78 80 91
-1.327630 3.060084 -3.989540 174 86 18
0.511505 5.464634 -2.004862 24 25 27
-1.327630 3.060084 -3.989540 174 86 18
-0.390081 4.332293 -0.907084 130 137 157
1.390111 2.815751 -4.330618 220 140 22
0.211598 3.233021 1.519908 58 59 65
1.447727 2.836295 -4.307250 225 147 20
1.509706 4.637708 -4.221448 185 96 16
-0.063546 3.505580 -3.539469 225 144 76
1.079694 2.897351 -4.231191 227 145 51
-1.412539 3.423049 -3.609884 231 151 18
1.183224 2.904581 -4.225366 226 145 52
0.040072 3.666489 -3.304121 132 85 54
-0.135031 3.069359 -4.013034 243 158 38
-0.310743 3.091743 -3.977617 229 117 30
-1.308394 3.218131 -3.823921 223 105 16
0.423543 7.351490 -3.325991 255 255 255
1.451850 2.937493 -4.198800 224 143 30
-1.089624 7.834730 -4.242186 255 255 255
-1.021699 3.276846 -3.767696 241 176 12
-1.021887 3.276851 -3.767204 241 176 12
-0.318601 3.608378 0.672923 38 39 44
-1.343314 3.302300 -3.734745 200 84 16
-1.410558 6.533640 -5.992602 255 255 255
-1.343245 3.303206 -3.734900 200 84 16
0.075999 3.576156 -2.589669 224 145 78
1.350908 3.088838 -4.031368 227 140 43
-1.200559 6.818062 -3.515165 255 255 255
-0.660217 3.264040 -3.790150 205 104 16
0.557791 4.923280 -1.590871 144 79 16
1.161323 3.165792 -3.942206 229 155 90
-0.968650 3.360721 -3.684653 229 147 17
0.595447 3.251119 -3.831723 229 155 94
0.236584 7.442582 -3.639686 255 255 255
0.423543 3.201318 -3.881269 244 171 93
0.529157 5.939057 -2.313453 154 91 28
0.410286 3.273087 -3.804405 240 177 125
-1.204494 6.487805 -5.785821 65 66 73
0.306223 3.243703 -3.834456 238 156 75
0.197795 3.263706 -3.812154 203 117 71
-1.492036 3.892240 -3.865708 255 255 255
-0.005965 3.329561 -3.734171 234 156 79
1.278682 3.675837 -3.620698 222 199 191
-1.268404 3.392777 -3.640014 216 122 19
-0.308660 4.928207 -2.110452 135 140 156
1.179605 3.209502 -3.894344 227 159 104
-1.416417 4.151059 -4.110254 122 70 7
0.809771 3.255720 -3.832479 209 143 114
-1.458555 5.806153 -5.019681 89 49 8
0.571677 3.267766 -3.816302 218 135 94
-1.732046 5.713242 -5.605602 151 94 14
0.447127 3.304121 -3.772199 238 180 133
-1.605032 4.893494 -4.777420 172 105 16
-0.072153 3.341669 -3.718718 230 150 64
-1.475052 3.867062 -3.843829 255 255 255
-0.213251 3.388500 -3.666916 240 161 38
0.772549 3.867327 -3.336650 119 125 141
-0.358895 3.392154 -3.654791 225 119 37
-0.525138 3.461710 -3.572907 234 149 20
-0.695199 2.845818 -4.245996 198 104 21
-1.437903 3.491199 -3.529619 214 132 18
-1.104101 4.858782 -1.784896 255 255 255
-0.223497 3.448732 -3.598049 227 116 40
-1.099506 6.573000 -5.571763 41 42 47
-0.229553 3.508757 -3.533704 238 158 55
0.871038 6.395217 -5.140871 16 16 18
-0.415160 3.465751 -3.572183 229 125 30
-0.513068 3.495954 -3.540167 238 152 20
-0.697203 3.526703 -3.502544 237 155 28
-0.696732 3.528014 -3.502335 237 155 28
-1.036104 3.531542 -3.493178 209 110 21
-1.130559 3.577135 -3.440727 220 147 18
-1.208802 7.639381 -7.637478 45 47 53
-1.215226 3.553276 -3.464374 211 144 16
0.000330 5.691108 -2.336285 55 57 64
-1.386243 3.604786 -3.420290 192 118 27
-0.176862 3.528426 -3.513163 233 150 51
-0.255056 3.575173 -3.460335 238 155 27
-0.396043 3.592147 -3.438424 235 118 27
-0.457550 3.607236 -3.423234 209 93 22
-1.120261 4.906582 -2.145140 40 40 46
-0.629419 3.566277 -3.456426 232 149 41
0.049991 3.588605 -3.454702 241 155 74
-1.470035 5.651521 -4.144689 255 255 255
-0.332001 3.711939 -3.316660 242 132 20
1.992305 6.761991 -9.347981 59 29 7
-0.508731 3.682356 -3.328194 225 128 13
0.183002 3.663146 -3.376904 228 170 127
0.183583 3.662581 -3.377550 228 170 127
0.006104 2.243628 -4.913601 211 151 117
0.221709 2.438142 -4.708976 177 120 99
0.918596 6.336124 -4.957699 255 255 255
0.627867 2.550491 -4.595172 212 136 77
-1.373198 4.111516 -4.133201 255 255 255
1.055003 2.398175 -4.762285 193 125 72
-1.742453 5.071920 -8.541680 255 255 255
1.002728 2.719060 -4.418315 184 113 61
-1.476009 5.078267 -8.585005 255 255 255
1.258732 2.281643 -4.901038 216 156 119
-0.713609 3.093492 -3.972237 213 147 14
-1.142240 7.086801 -3.466873 177 116 44
0.327875 2.589809 -5.346360 130 76 8
0.528108 6.066335 -2.366532 169 106 24
0.168664 2.286480 -4.873662 167 133 126
0.516662 5.092102 -1.792515 12 12 14
-1.664807 5.445749 -5.255367 151 82 10
0.949174 2.575951 -5.235256 161 108 64
1.488878 4.531179 -4.113127 184 106 11
1.275119 2.361470 -5.034821 43 41 46
-1.444587 4.274807 -4.273392 118 55 5
-0.398082 2.622073 -4.492782 233 137 30
0.169003 4.713552 -1.571977 123 129 148
-0.448792 2.231314 -5.125760 55 53 60
-1.688423 5.316806 -5.262805 157 86 15
-0.612908 2.215909 -5.130334 38 37 43
1.530207 4.935515 -4.481910 176 93 12
-0.677442 2.191329 -5.121620 48 50 56
1.067696 2.483616 -4.681710 219 140 63
0.501134 5.521461 -2.079046 54 56 63
1.086234 2.587184 -4.571051 191 103 46
-0.314689 5.035645 -2.357245 137 141 156
-1.172170 2.125413 -5.099291 117 125 143
0.109236 3.810798 -3.347387 73 75 85
-1.230334 2.099355 -5.083396 104 109 127
-0.338455 3.669065 -3.355949 224 114 19
-0.346306 2.184673 -5.048631 143 150 179
-0.984758 3.124043 -3.912717 242 168 16
-0.441433 2.165086 -5.044462 138 142 167
-0.059328 2.650032 -4.465768 192 105 59
-0.542966 2.156739 -5.048443 148 155 181
-1.153483 2.118858 -5.030000 162 87 14
1.468065 2.303117 -4.935357 126 133 150
1.336201 2.836189 -4.301416 191 103 36
-0.225300 2.182095 -4.975072 210 113 53
1.334583 2.835409 -4.305593 191 99 35
-0.405747 2.207976 -4.943989 220 142 43
1.732650 3.513124 -3.839500 255 255 255
-0.792500 2.247555 -4.895226 228 152 16
-1.559105 4.839582 -6.199877 255 255 255
-0.792096 2.244354 -4.895952 228 152 16
-1.117961 2.203226 -4.931398 176 92 14
-1.153357 2.208697 -4.933737 193 129 11
-1.297729 8.675758 -4.609035 123 96 82
0.192141 2.321146 -4.834735 195 156 123
-1.142948 7.724811 -4.202101 255 255 255
0.192195 2.320771 -4.834918 195 156 123
-2.316089 7.809361 -10.160649 255 255 255
0.035498 2.311398 -4.846282 224 173 125
0.001300 2.294562 -4.859812 208 132 107
0.159795 2.778226 -4.382134 208 135 80
-0.031222 2.293011 -4.859186 225 161 113
0.280884 7.053424 -3.763745 65 66 74
-0.106986 2.342589 -4.812376 218 115 60
-0.374665 2.352857 -4.787467 191 108 66
1.528145 5.043487 -4.558943 177 102 7
0.884758 2.544824 -4.607862 213 139 83
1.497929 2.636505 -4.527379 205 128 40
0.167465 4.023445 -3.927162 242 152 15
-1.046630 2.202811 -4.964536 159 95 18
-0.498139 2.577389 -4.540421 218 140 35
0.635683 2.293714 -4.849645 242 217 214
-0.446650 5.927987 -2.312047 5 5 6
0.220187 2.933111 -4.169371 219 141 69
0.501799 5.020979 -1.682067 14 14 15
-0.998598 2.869185 -4.211687 213 115 14
0.534568 3.835284 -3.301179 119 124 141
-0.483321 3.187406 -3.874895 231 143 27
-0.310672 3.686931 -3.214419 230 142 25
-0.474205 2.583173 -5.485507 102 78 63
-1.392308 2.883924 -4.183742 196 102 20
-0.967692 2.129056 -5.073525 131 140 161
1.413394 3.023532 -4.140323 210 133 36
-0.871014 2.124440 -5.022399 207 129 18
1.372310 2.871236 -4.267874 229 150 27
1.169217 2.297628 -4.968338 130 132 156
-0.143460 5.222622 -4.491753 255 255 255
-0.369889 2.205887 -4.947280 188 89 43
-1.425341 3.795683 -3.924459 10 10 11
-0.910229 2.154867 -4.990941 221 140 18
-1.743984 6.421592 -9.345862 64 34 11
1.513686 2.343149 -4.845026 165 93 59
-0.289635 7.360843 -3.799683 52 53 60
1.513711 2.343261 -4.845143 165 93 59
-1.651485 5.675951 -9.236864 68 37 11
1.229476 2.324139 -4.860135 203 126 90
-1.336890 2.810053 -4.314568 191 112 27
0.115877 2.250760 -4.910728 185 141 131
-1.014105 5.670912 -2.267765 61 39 29
-0.489619 2.247463 -4.901306 205 127 40
-0.965901 4.937730 -1.722246 60 63 70
-0.454411 2.247460 -4.898761 193 104 53
-0.550566 2.239800 -4.908075 219 141 26
-0.171852 3.240395 0.282212 248 165 13
-0.550681 2.239412 -4.907823 219 141 26
-0.381420 2.231126 -4.320614 181 102 44
-0.878256 2.211496 -4.931409 193 96 17
-0.969465 5.172991 -1.916946 45 38 41
-0.878178 2.211383 -4.931586 193 96 17
0.089634 5.345274 -2.928354 128 134 154
-1.166275 2.235042 -4.894681 187 125 11
1.387665 6.205871 -5.272350 255 255 255
1.332667 2.365868 -4.818462 212 139 75
1.276813 2.387882 -4.790607 191 101 68
-0.528217 3.005373 1.260958 188 111 20
1.133605 2.369090 -4.809570 196 111 71
0.360714 4.052738 -3.974751 255 178 14
-0.446199 2.318590 -4.823256 215 135 51
-0.753729 2.273435 -4.863168 185 105 27
-0.757847 2.312688 -4.831380 190 95 27
-0.657409 4.673757 -1.599196 48 50 55
-0.757763 2.309914 -4.829916 190 95 27
0.597129 4.996912 -1.693673 161 95 17
-1.004189 2.273713 -4.861026 174 77 13
-1.521390 4.182865 -4.107819 168 104 22
-1.112081 2.260384 -4.870319 213 152 11
0.965431 2.405644 -4.762731 183 126 110
0.995740 2.417916 -4.748776 193 142 103
-0.865907 2.317887 -4.814189 220 143 16
1.330364 2.902650 -4.235823 190 107 47
-0.989180 2.345665 -4.778199 210 141 17
0.611727 4.838666 -1.644389 20 21 23
-1.061279 2.315634 -4.821268 186 95 13
1.828110 8.290769 -10.538554 255 255 255
-1.061906 2.312638 -4.820547 186 95 13
0.938589 3.590561 -3.625244 221 193 184
-1.020947 2.342538 -4.786686 196 103 19
0.679239 6.369359 -4.786725 34 35 40
-1.106113 2.308017 -4.819895 183 93 12
2.057391 6.429213 -9.463608 0 0 0
-1.148500 2.363236 -4.765302 179 97 14
1.423431 2.483728 -4.691177 180 98 53
-1.513261 4.522906 -5.793721 255 255 255
1.416295 2.506618 -4.668239 187 102 44
-1.333915 2.812660 -4.291173 190 111 26
1.326967 2.463380 -4.712328 186 96 55
1.096103 2.443958 -4.726193 191 100 56
-0.210342 2.427082 -4.704504 215 114 35
1.493478 2.410840 -4.698122 160 95 46
-0.463336 2.431519 -4.705482 210 130 28
-0.463682 2.430260 -4.704754 210 130 28
-1.051983 5.611659 -2.220096 105 77 65
-0.566147 2.399266 -4.733389 187 105 29
-0.762948 4.657094 -1.558520 34 32 36
-0.566147 2.399266 -4.733389 187 105 29
-0.227470 4.777530 -1.679959 36 36 41
-0.731396 2.389592 -4.739796 216 137 22
-1.514734 5.458027 -9.019299 255 255 255
-1.078948 2.384349 -4.741698 228 158 14
1.391370 2.515081 -4.659263 212 138 42
1.831348 5.363723 -8.561283 255 255 255
1.234877 2.518656 -4.646752 199 108 46
0.140882 7.814600 -4.924842 40 41 46
0.797134 2.524647 -4.625448 204 121 86
0.642381 4.984659 -1.691534 255 255 255
-0.185724 2.473215 -4.658181 208 112 42
-0.896700 2.482755 -4.638841 226 142 14
-1.087726 2.454746 -4.657752 232 168 13
0.618982 2.805234 -4.318112 193 113 66
-1.160820 2.452522 -4.663680 234 172 12
1.087571 2.593069 -4.574255 175 101 50
-1.085872 2.320820 -4.801168 214 143 12
1.090315 2.595928 -4.589998 176 102 50
-1.124794 2.344161 -4.779420 201 137 14
-1.312837 7.674576 -4.061280 81 40 5
-1.124769 2.343914 -4.779312 201 137 14
-1.123996 6.430230 -2.783159 122 63 29
-1.245937 2.308508 -4.817842 152 65 13
0.561065 7.491214 -3.516726 119 66 8
0.354267 2.438265 -4.712495 205 134 115
-0.769919 7.074976 -3.955914 80 82 92
0.282679 2.419304 -4.731863 202 151 118
0.778786 6.268693 -4.702424 134 142 162
0.951469 2.533547 -4.438898 225 143 79
0.282228 2.418915 -4.730906 202 151 118
1.773591 7.560007 -7.154931 127 132 149
1.623628 4.531345 -5.795684 255 255 255
-0.036629 2.434885 -4.701593 230 157 83
1.800967 7.595563 -7.212049 127 132 149
-1.468488 3.175465 -5.925895 125 73 12
-0.345973 2.440927 -4.689746 183 98 51
-1.421465 3.570161 -3.439534 141 73 31
1.547902 2.844815 -5.116436 145 75 14
-0.591594 2.393983 -4.735575 222 157 18
-0.337051 4.000875 -3.999320 222 141 14
0.447241 3.068646 -4.001104 242 156 95
-0.719163 2.412702 -4.710263 183 98 32
1.423381 4.726538 -4.361233 124 64 4
1.804782 4.659095 -7.475135 171 108 69
-0.807593 2.396008 -4.729200 222 145 16
-0.396238 2.469974 -4.702423 197 122 44
-0.807593 2.396008 -4.729200 222 145 16
-1.638057 5.416684 -8.600200 0 0 0
-0.985435 3.635597 -3.394408 194 114 18
-0.876475 2.384046 -4.744734 226 140 15
1.515857 5.333283 -4.750799 167 88 8
0.158466 2.057001 -5.055469 0 0 0
1.462135 2.546463 -4.624447 173 100 41
-1.346777 2.780066 -4.305121 207 132 24
0.545604 2.497804 -4.653011 201 141 118
-1.281392 3.288119 -3.745600 209 107 16
-0.099289 2.495570 -4.640782 208 111 71
-0.535797 2.513652 -5.363319 133 84 11
-0.370820 2.491403 -4.634896 189 91 47
-0.872328 2.371351 -4.756405 213 133 15
0.770275 2.700850 -4.427690 231 132 62
-0.522476 2.440012 -4.684256 216 135 37
-0.830187 3.590922 -3.430715 216 145 31
1.620373 2.790598 -5.235504 127 79 42
-0.523805 2.464469 -4.657723 209 112 29
1.592606 2.644548 -5.151290 255 219 198
-0.690922 2.471251 -4.649043 211 142 27
2.157478 7.343626 -10.655280 116 68 18
-1.349232 5.515603 -9.115182 156 90 9
-0.690922 2.471251 -4.649043 211 142 27
-0.727568 4.207600 -6.646309 255 255 255
-0.898039 2.424607 -4.681725 194 107 15
1.259337 4.382265 -4.068586 255 255 255
-0.793196 4.366466 -6.782515 255 255 255
-1.027472 2.425885 -4.692976 203 101 16
-0.920765 6.485552 -5.252428 64 65 73
1.419267 2.724343 -4.420975 220 105 22
-1.027446 2.425694 -4.693024 203 101 16
1.382787 4.081583 -3.769282 115 69 31
1.382253 2.747711 -4.405887 229 146 24
0.659329 2.563609 -4.582778 195 105 71
-0.732575 7.854722 -3.895999 255 255 255
-1.463151 3.354845 -6.187303 255 255 255
0.465740 2.568847 -4.571279 218 124 85
0.551297 5.204389 -1.953972 50 51 58
0.453377 2.870127 -4.231001 247 154 66
-0.899482 2.535020 -4.578238 203 91 14
-0.997736 6.281271 -4.953705 52 53 59
1.827986 4.127801 -6.916899 186 152 128
-1.013227 2.499951 -4.612550 229 154 16
0.425503 4.535350 -3.899924 0 0 0
1.544158 2.572377 -4.601447 196 90 33
-1.251570 2.486091 -4.619630 196 70 12
-0.336955 5.569245 -2.286449 59 58 67
1.553216 2.651107 -4.512267 217 148 38
1.160279 2.670772 -4.478572 231 146 32
-1.422235 3.942407 -4.479263 7 8 9
1.484742 4.586024 -4.251959 174 87 4
1.085921 2.676910 -4.474731 216 140 51
1.371469 3.174201 -3.930918 226 129 87
0.708822 2.616674 -4.524664 220 151 79
0.484462 8.086334 -4.281662 255 255 255
0.409353 2.619912 -4.517460 221 124 80
1.810166 6.960265 -6.212302 255 255 255
0.266245 2.521248 -4.621500 213 145 101
-0.008594 2.608838 -4.517600 231 154 72
-1.370569 5.206096 -8.610207 255 255 255
0.267458 2.518942 -4.620445 213 145 101
-0.116799 2.599985 -4.525366 202 91 44
-0.047526 2.460028 -4.676442 237 153 79
-0.507729 2.581918 -4.535174 228 143 31
0.661690 4.981196 -1.704449 255 255 255
0.715493 2.967440 -4.142787 218 122 72
-0.827045 2.547193 -4.563530 204 94 17
-0.008710 2.536796 -4.594595 208 125 88
-0.827045 2.547193 -4.563530 204 94 17
0.316738 -0.750837 -3.936678 0 0 0
0.704779 3.113577 -3.989027 236 160 99
-0.955595 2.542936 -4.569774 203 109 21
-1.155441 2.591107 -4.511521 187 87 13
1.202063 2.707923 -4.441665 233 148 46
1.448152 4.100936 -3.675563 255 255 255
0.729479 3.376839 -3.688669 207 164 155
0.796129 2.668425 -4.473159 218 141 65
0.919820 3.507835 -3.438293 253 222 214
0.164612 3.168365 -3.911456 200 109 68
0.796136 2.667389 -4.473186 218 141 65
-0.043990 2.730875 -4.386729 225 122 57
-0.106647 3.108607 -3.967535 242 151 36
0.731982 2.701473 -4.435826 188 103 60
0.223271 2.667554 -4.467845 174 109 62
-0.642313 3.283500 -3.769833 237 157 18
0.664320 2.688445 -4.449316 226 162 79
-0.642313 3.283500 -3.769833 237 157 18
0.379953 2.673651 -4.455545 227 160 50
0.327376 2.649440 -4.480624 224 142 52
-1.299410 3.878810 -3.798744 182 109 26
-0.290301 4.711843 -1.637409 253 253 253
-0.356961 2.636718 -4.480058 204 112 40
1.560286 6.271068 -5.758645 119 64 7
-0.476794 2.635856 -4.478737 227 155 20
-1.418060 3.419632 -3.607191 219 140 19
0.131294 3.479641 -4.726332 0 0 0
-0.477015 2.635591 -4.479915 227 155 20
-0.438407 4.699776 -1.667753 133 139 158
0.078279 3.744660 -6.735577 255 255 255
-0.766990 2.660656 -4.442035 203 111 26
0.381521 5.967041 -4.099592 138 140 159
0.854355 3.119927 -3.975629 230 149 79
-0.937101 2.642054 -4.453740 223 142 15
-0.402831 3.643975 -3.385575 234 147 19
-0.602401 7.048198 -3.193287 255 255 255
-1.004359 2.647959 -4.452506 191 91 13
1.987622 4.663893 -7.647954 143 79 20
-1.232593 2.616947 -4.478991 216 142 16
-0.696800 2.545859 -4.566903 176 97 32
1.763384 8.971579 -8.127662 96 55 8
-1.232672 2.617338 -4.479716 216 142 16
1.244919 3.057466 -4.050025 196 108 61
0.674092 2.739101 -4.393469 226 154 66
-0.873422 2.367456 -4.767253 196 122 19
-0.038754 2.872477 -4.242048 215 122 45
-0.306403 2.702239 -4.412408 206 102 37
0.952057 4.201094 -3.325637 237 201 185
-0.287845 2.739948 -4.365279 207 111 34
1.080018 2.364716 -4.825632 167 105 71
0.667813 7.021092 -3.449286 130 86 58
-0.314305 2.741097 -4.365568 230 154 32
1.469130 4.706132 -4.191127 172 96 5
0.667813 7.021092 -3.449286 130 86 58
-0.391637 2.701694 -4.408380 216 112 39
1.477275 3.150932 -3.967286 242 155 88
-1.235440 2.587165 -5.551313 126 73 30
-0.491576 2.712425 -4.394351 208 113 26
-1.027002 3.565200 -3.453195 225 143 19
1.899245 9.310460 -8.515892 87 48 5
-0.520911 2.700373 -4.405624 234 164 18
1.006528 2.855376 -4.275457 230 143 67
-0.913429 3.016132 -5.656698 0 0 0
-0.545723 2.719277 -4.387937 211 93 24
1.398834 4.082033 -6.397221 0 0 0
-0.656300 2.723861 -4.374478 232 151 29
0.676392 4.364282 -6.385652 0 0 0
-0.781750 2.707741 -4.392262 228 146 22
-1.255009 7.016195 -3.609933 255 255 255
-0.781654 2.708293 -4.393104 228 146 22
1.769940 7.362125 -6.689653 112 65 4
-0.994038 6.774112 -3.324201 255 255 255
-0.849629 2.685795 -4.415884 199 108 23
0.411203 3.142439 -3.947510 239 158 83
0.283993 3.018716 -4.076531 225 138 66
-0.695603 4.693529 -1.706841 122 127 140
-0.301611 2.587095 -4.537921 177 88 47
0.126508 3.029815 -4.063061 223 145 83
1.401605 4.364169 -3.844175 175 96 9
0.057704 3.010707 -4.083971 203 119 75
-1.289937 7.287271 -3.603485 153 106 78
1.374678 2.301240 -4.940176 143 133 135
-0.184993 2.993515 -4.095095 212 96 44
-0.000353 6.657140 -3.293508 6 7 8
-1.623690 5.406955 -8.640774 191 191 191
-0.488381 2.962691 -4.122056 196 101 36
-0.558628 4.703655 -1.701348 131 138 158
-0.092441 4.009571 -4.864561 224 142 67
-0.541743 3.000863 -4.077120 195 99 25
-1.364711 3.923053 -3.867484 90 52 5
1.211422 3.953529 -6.738135 255 255 255
-0.883526 2.949729 -4.128104 241 157 15
0.193653 4.123625 -3.853698 230 130 13
-1.311622 2.917042 -4.150799 214 140 15
1.245410 3.256499 -3.757616 223 154 118
-0.349296 3.029510 -4.053492 216 110 27
-0.560894 3.314897 -3.722516 202 111 38
1.834326 8.572069 -8.036235 118 62 11
-0.956104 3.052470 -4.012930 249 167 13
-1.163059 3.007973 -4.030137 204 111 18
-1.988908 8.459178 -8.221011 86 50 11
-1.283336 3.020409 -4.044768 186 91 23
-0.976097 4.681303 -1.691667 31 31 34
-0.476303 3.526823 -3.384538 221 135 18
-1.325710 3.009950 -4.056740 216 107 21
-0.672815 2.571132 -4.564100 222 140 29
-1.356488 3.020579 -4.046525 232 153 18
0.467682 6.853416 -8.755505 255 255 255
-0.072691 3.146993 -3.930464 215 99 43
1.028306 7.217610 -3.125704 255 255 255
-1.639877 5.453880 -8.705223 255 255 255
-0.212390 3.144821 -3.929936 253 166 29
-0.460904 3.524274 -3.513210 221 120 28
0.809047 2.296629 -5.032733 55 55 63
-0.410884 3.106085 -3.966065 216 106 29
-1.467294 7.876935 -7.406204 255 255 255
-1.110864 3.507727 -3.520477 217 109 19
1.428368 2.690716 -4.467996 228 143 27
-0.660248 3.264737 -3.790366 207 106 16
1.494912 5.636401 -4.986286 151 91 5
0.228290 3.193976 -3.887561 198 110 45
1.594567 2.359110 -4.841426 167 95 59
-0.258913 3.266995 -3.795836 220 98 34
0.207548 5.653700 -3.303389 133 138 154
1.766962 3.932275 -6.743950 204 169 143
-1.283849 3.134092 -3.916245 243 177 13
2.107786 5.990585 -8.969307 255 255 255
-0.867517 2.155069 -4.999940 216 141 17
1.858622 6.423576 -9.504192 146 85 8
-1.284135 3.132344 -3.917076 243 177 13
0.226615 3.201939 -3.870112 179 99 47
0.101116 7.410153 -3.074585 255 255 255
-0.594069 2.805881 -4.286874 213 121 23
-1.016851 3.147635 -3.907870 223 120 13
1.698959 5.461777 -8.454389 255 255 255
1.729730 4.797122 -6.810798 255 255 255
-0.320299 2.640693 -5.477723 134 81 10
-0.746571 3.194572 -3.861513 209 107 12
1.669314 5.420760 -8.294334 255 255 255
1.241863 2.343025 -4.833833 202 135 94
-0.526823 3.207493 -3.854714 229 139 30
-1.519016 4.185763 -4.913322 255 255 255
1.176185 2.089761 -4.742803 212 135 88
-1.337812 3.210180 -6.323183 189 115 87
-0.449690 3.213899 -3.848760 206 97 24
-1.796474 6.618011 -9.891977 136 83 49
1.132408 6.902320 -8.620531 255 255 255
-1.243396 3.063721 -3.998124 203 112 16
-1.360916 9.367457 -7.862470 58 33 12
-0.739484 3.720383 -6.777047 255 255 255
-0.409727 2.557953 -5.402530 135 83 11
-1.243305 3.062629 -3.998348 203 112 16
-0.977697 7.056423 -3.544453 64 65 73
-1.182490 3.109652 -3.947149 229 156 13
2.640958 6.087352 -9.596048 255 255 255
-1.119256 3.117686 -3.941887 219 145 11
1.685639 3.564935 -6.204319 238 220 219
-1.102153 3.081753 -3.978837 209 113 11
-1.066817 6.796699 -2.907963 255 255 255
0.035867 2.338985 -5.228507 0 0 0
0.427590 2.984720 -4.119343 223 116 69
-0.426857 4.948110 -1.605808 253 253 253
0.889918 2.998213 -4.118394 189 107 75
-1.366905 4.128648 -4.243091 255 255 255
-1.281619 2.856273 -4.220686 213 108 19
-0.999695 5.581025 -2.164086 39 39 45
-0.850711 3.442488 -3.576729 244 158 22
-1.135510 2.865368 -4.217436 216 110 20
-1.282251 2.125197 -5.054051 118 59 16
-0.560263 3.549622 -3.479508 215 117 33
-1.134034 2.857695 -4.217728 216 110 20
-1.316238 2.867735 -4.213159 181 99 20
-0.220393 3.244049 -3.804802 235 146 39
-0.569371 2.881719 -4.212765 216 122 32
-0.220393 3.244049 -3.804802 235 146 39
-0.530495 2.904718 -4.184081 202 88 26
-1.186034 6.379346 -5.248142 255 255 255
0.305085 3.353323 -3.713167 243 141 103
-0.326271 2.901113 -4.190663 214 111 20
0.696644 7.207116 -3.788462 87 86 98
0.250374 2.925064 -4.189518 198 113 72
-0.065192 2.917649 -4.175850 211 116 50
0.477076 8.175642 -4.368058 255 255 255
1.404264 3.176675 -3.941333 242 166 82
-0.060545 2.894582 -4.202371 215 142 42
1.385022 2.804653 -4.336218 229 151 25
-0.048380 2.947383 -4.149336 227 136 49
1.538323 5.190063 -5.867784 255 255 255
1.158916 2.592451 -4.554197 216 118 30
0.120725 2.929822 -4.172449 223 143 75
-0.736535 3.259212 -4.464048 218 128 17
-1.373191 3.642815 -6.729558 178 125 42
0.275460 2.928379 -4.170147 227 141 57
-0.557304 2.917777 -4.174635 229 147 21
0.474054 2.910156 -4.198106 244 158 71
-1.279715 2.516222 -4.591995 206 142 12
0.649331 2.921753 -4.191064 237 150 71
-0.953434 3.589041 -3.425283 185 105 21
1.563825 2.425309 -4.768795 207 134 37
-1.245130 2.848743 -4.232291 239 160 18
1.390373 2.816051 -4.329101 218 137 22
-1.553647 5.248852 -8.737354 115 78 6
-1.245451 2.848938 -4.232584 239 160 18
1.519831 3.374678 -4.819866 215 134 28
2.046839 5.261302 -8.272941 255 255 255
-0.990267 2.795519 -4.289157 212 94 15
1.459838 4.355812 -3.887567 183 74 5
-1.221921 3.519782 -3.500375 198 121 19
-0.846473 2.807216 -4.282465 241 164 15
1.468083 4.461409 -3.986249 186 114 6
1.267037 3.201754 -3.894007 221 138 105
-0.608762 2.809625 -4.288469 215 98 23
-1.023593 2.186721 -5.117555 111 118 133
-0.487068 2.826765 -4.271612 189 72 35
0.370549 6.503462 -2.819147 0 0 0
1.499103 3.155799 -4.123129 243 141 44
-0.487063 2.827287 -4.272006 189 72 35
1.593799 2.489392 -4.750037 113 110 124
1.573881 2.644848 -4.575274 204 142 67
-0.257020 2.828170 -4.274395 232 146 40
1.342444 3.679796 -4.387654 238 171 110
1.543258 2.334984 -4.849396 189 124 67
-0.031544 2.892214 -4.208643 192 93 39
-0.535414 2.567448 -4.553532 188 108 45
0.496732 2.892496 -4.221901 236 124 76
0.923706 2.890075 -4.236668 197 120 72
-0.821734 2.794739 -4.295895 207 86 16
0.790798 6.986627 -5.471266 255 255 255
-0.506518 2.805318 -4.289681 236 146 34
0.790798 6.986627 -5.471266 255 255 255
1.758657 8.091858 -7.369052 163 92 8
0.398991 2.824410 -4.292392 223 106 50
1.110281 3.946362 -3.356773 42 43 47
1.799658 7.499701 -7.226555 158 87 9
-1.182157 2.658713 -4.437595 202 86 17
1.423804 3.590221 -4.383184 231 161 107
1.176823 2.752749 -4.387235 238 141 60
-0.952998 2.680259 -4.417670 196 92 19
0.353783 6.426938 -4.846784 82 82 93
-0.943535 2.344434 -4.777904 213 136 17
1.483442 4.424558 -4.025416 176 97 9
-0.749592 2.350231 -4.780658 219 158 22
-0.688420 3.980169 -3.999542 196 111 15
-0.583100 2.323602 -4.812050 182 94 41
-1.689111 5.494607 -5.758189 159 107 8
-0.443424 2.364619 -4.770199 193 101 43
-0.182197 5.465266 -3.027699 30 31 34
-0.046935 2.364961 -4.781503 226 112 76
0.045023 2.357466 -4.794393 229 166 110
0.277634 4.209856 -4.290777 236 154 12
0.936465 2.408382 -4.760995 201 165 144
1.413699 2.435365 -4.744989 210 132 41
1.032517 6.500051 -5.216598 255 255 255
-1.258408 2.261861 -4.861070 142 57 11
1.218434 3.642817 -3.503844 255 228 218
-1.206604 2.268448 -4.863619 178 114 10
2.106701 6.779824 -9.632192 255 255 255
-1.186750 2.268405 -4.858601 168 82 11
1.105951 6.782414 -5.472797 35 36 42
-1.186750 2.268405 -4.858601 168 82 11
-1.170911 6.320641 -3.080570 8 8 9
-1.133411 2.262174 -4.865994 160 59 12
1.372469 4.347800 -4.103692 255 255 255
-0.971957 2.267034 -4.863585 194 125 13
-0.856229 3.796955 -4.348615 204 127 18
-0.938563 2.303955 -4.827052 192 87 15
-0.796258 2.289053 -4.844682 199 101 17
-0.508562 2.284794 -4.861820 220 143 43
-0.820516 7.129811 -3.981988 79 79 90
-0.418537 2.322594 -4.824671 194 111 63
-1.077996 7.401924 -3.725592 255 255 255
-0.419811 2.316474 -4.825444 194 111 63
-0.928142 4.765880 -1.763687 38 38 44
-0.327264 2.299431 -4.842335 208 143 58
-0.094053 2.306043 -4.843558 224 160 85
-1.531011 4.811366 -5.935477 142 74 4
-1.180538 2.215797 -4.922059 171 85 12
0.577690 6.795136 -3.499771 26 27 30
-1.038046 2.227879 -4.903859 164 68 12
-0.614853 7.320202 -3.831669 38 38 43
-0.931010 2.227991 -4.904982 209 130 16
0.551297 5.204389 -1.953972 48 49 55
-0.908668 2.210269 -4.925122 219 146 15
1.768959 3.287551 -3.764318 255 255 255
-0.908668 2.210269 -4.925122 219 146 15
-0.737969 3.272563 -4.517615 213 133 15
-0.823479 2.246603 -4.889980 191 97 16
-0.957329 4.852029 -1.692676 89 65 56
-0.359664 2.254898 -4.893096 211 132 54
-1.358507 2.861477 -4.219967 214 140 18
-0.319541 2.248682 -4.901191 224 144 50
0.787654 2.289239 -4.853926 237 206 195
-0.196688 2.262639 -4.889358 226 147 72
-1.127903 2.457903 -4.665448 187 111 18
-0.176660 2.234239 -4.915006 215 106 68
-1.122076 2.508230 -4.619044 210 136 18
-0.137076 2.237605 -4.917243 217 121 76
0.694019 2.951210 -4.169297 214 140 72
-0.137150 2.237994 -4.918126 217 121 76
-0.755032 3.440271 -3.599302 222 138 20
0.143992 2.259153 -4.899778 195 161 143
-0.280341 3.175805 0.093917 117 122 138
0.163795 2.259986 -4.900792 163 120 122
-0.682196 3.584060 -3.438049 222 139 43
1.181084 2.329327 -4.851939 199 118 84
-1.420040 3.420264 -3.605627 224 142 19
-1.173283 2.165367 -4.972834 182 112 15
-0.971009 3.720765 -3.351658 37 37 42
-0.994830 2.167831 -4.971045 220 149 17
-0.287573 4.039752 -3.984787 230 153 13
-0.994822 2.167715 -4.971056 220 149 17
1.863927 6.064846 -9.145678 255 255 255
-0.655848 2.189420 -4.955440 218 135 36
1.407098 5.796155 -7.211549 0 0 0
-0.442627 2.223319 -4.928465 221 129 34
-0.260858 2.202129 -4.953142 220 143 43
0.637473 7.185806 -3.433425 183 124 46
-0.168890 2.184539 -4.973212 208 81 46
-0.168418 2.187920 -4.973221 208 81 46
0.590076 7.879024 -4.155826 255 255 255
-1.134556 2.134877 -5.005951 196 133 12
-0.846879 2.130958 -5.015249 178 79 24
1.429142 4.079246 -3.658392 255 255 255
-0.789721 2.122893 -5.020223 223 153 19
1.509645 5.345756 -4.985797 111 60 8
-0.685654 2.155029 -4.992473 221 145 27
1.825498 7.530358 -7.056694 121 127 144
-0.505702 2.145617 -5.006229 218 143 37
1.825498 7.530358 -7.056694 121 127 144
-0.416516 2.154544 -4.999349 224 150 34
-0.523031 4.725358 -1.657382 30 30 35
-0.016358 2.180698 -5.000814 108 111 127
-0.530223 7.496150 -4.580184 7 7 8
-0.597778 2.589348 -5.512548 94 81 85
-1.280716 2.126566 -5.008606 117 62 16
-0.302524 3.265324 -3.792911 230 147 35
-1.200994 3.141401 -3.914118 235 162 12
-1.506416 3.764707 -3.526259 8 8 10
0.278307 3.225983 -3.849708 219 120 61
1.375242 4.847317 -4.319459 128 78 4
-1.252131 3.005914 -4.056975 230 154 19
0.710444 7.034984 -3.675080 255 255 255
-1.161848 3.011626 -4.053758 215 115 16
0.093834 2.220026 -4.919683 181 134 115
2.380787 5.409250 -9.049388 250 142 36
-1.129638 2.995815 -4.069522 237 154 15
-1.079420 3.033014 -4.024682 217 125 13
-1.048444 3.040264 -4.026171 240 164 13
0.513046 5.700210 -2.102770 106 78 65
-0.640387 3.064741 -4.005086 204 108 16
-0.432469 3.031549 -4.040649 226 145 26
-0.433230 3.041216 -4.039983 226 145 26
0.536185 5.933970 -2.313273 145 85 30
-0.042331 3.041385 -4.042742 235 148 59
0.395073 7.272697 -3.900373 67 67 76
0.092979 3.093394 -3.993080 232 147 74
1.959483 5.101535 -8.470413 255 132 15
0.660018 3.063194 -4.039786 239 155 83
2.028958 5.315287 -8.204782 255 255 255
-0.213209 2.996139 -4.090776 245 157 39
-1.680522 5.758583 -7.277803 143 78 21
-0.153297 3.002755 -4.084880 240 152 46
-1.680522 5.758583 -7.277803 143 78 21
-0.037400 2.982188 -4.109182 216 117 52
-0.987164 6.420111 -5.208488 32 32 35
0.672730 3.025452 -4.081469 242 155 68
1.692553 5.111814 -6.161982 255 255 255
0.701601 3.039899 -4.067153 211 124 87
1.692553 5.111814 -6.161982 255 255 255
-0.638093 2.938107 -4.146883 222 118 15
0.853206 2.982167 -4.131765 215 140 81
-1.064937 3.617140 -3.354529 209 122 19
0.850555 2.937703 -4.179778 196 110 70
-0.220328 3.034369 -4.043563 243 150 32
-0.801908 2.855180 -4.229185 220 118 16
0.026768 5.861746 -3.861846 0 0 0
0.056796 2.855865 -4.250367 229 140 57
0.722203 2.959517 -4.155596 201 117 68
0.611796 2.875054 -4.241262 239 150 60
-0.469134 2.929595 -4.167261 213 135 32
-0.953855 2.759275 -4.333292 224 155 11
1.421541 3.621398 -3.897266 255 231 212
-0.665239 2.792402 -4.302435 204 96 26
-0.682141 3.582148 -3.425310 222 140 42
-0.634989 2.792724 -4.305799 222 149 25
0.337145 3.824369 -3.315425 90 93 104
-0.405153 2.797806 -4.306714 208 106 43
-1.552645 4.446250 -4.347094 169 98 13
-0.404654 2.794414 -4.308209 208 106 43
-1.517578 4.456775 -4.313756 163 115 4
-0.450181 2.778934 -4.325505 224 113 37
1.564087 5.717211 -5.089090 165 104 18
-0.039199 2.798055 -4.308051 201 115 58
-1.712793 5.585378 -5.409743 156 93 25
1.672011 7.088762 -6.710492 255 255 255
0.651528 2.827878 -4.296909 230 148 59
-0.902438 2.682639 -4.414660 202 103 17
1.510957 5.002748 -4.482455 178 91 13
-0.902235 2.687049 -4.414253 202 103 17
1.566556 5.384389 -4.876822 169 95 10
-0.366578 2.718794 -4.392423 232 148 35
0.055822 2.737193 -4.364564 205 111 68
0.055391 2.747030 -4.368076 205 111 68
-1.602141 4.766433 -4.690878 167 100 14
0.178840 2.741384 -4.382264 219 143 64
1.604808 5.934596 -5.340206 151 88 11
0.647121 2.720487 -4.408060 200 116 79
0.707518 2.762979 -4.374191 202 112 60
0.839807 2.790316 -4.340825 206 106 55
1.101265 2.756028 -4.388788 221 140 41
1.137258 3.701068 -3.315239 224 196 184
-1.262710 2.623954 -4.475509 207 100 18
-0.500006 2.624463 -4.489686 206 97 25
-0.445671 2.637131 -4.477520 201 85 22
-1.074328 3.634542 -3.364456 202 132 20
-0.171323 2.671446 -4.444201 208 112 44
-0.007942 2.653194 -4.471786 217 117 68
-0.542416 4.209752 -4.434083 210 128 22
0.165815 2.683283 -4.438848 196 112 70
-0.806105 3.970017 -3.969868 192 122 16
0.166048 2.684067 -4.439161 196 112 70
-1.128666 2.590001 -4.512231 217 148 12
-0.321253 4.748777 -1.640055 37 38 43
-1.075711 2.546049 -4.559387 239 174 14
0.717204 4.756391 -8.944124 216 118 54
-0.801002 2.552669 -4.557711 228 148 21
0.632943 3.099029 -2.359411 0 0 0
-0.523160 2.560519 -4.560642 183 97 43
1.922827 5.406808 -8.412468 71 43 13
0.555531 2.639369 -4.496428 198 119 90
-1.467239 3.702199 -3.385009 16 16 18
0.729635 2.645268 -4.495894 188 107 69
2.057391 6.429213 -9.463608 72 41 13
1.249952 2.664224 -4.490852 230 158 39
1.239913 2.632962 -4.530857 217 143 30
-0.535518 4.659978 -1.538001 16 16 18
-1.231530 2.498178 -4.606807 214 149 12
-1.121802 2.498881 -4.613233 228 153 14
0.556972 2.642946 -4.503712 187 114 85
-1.121748 2.500831 -4.614231 228 153 14
-1.017999 2.521974 -4.588840 232 155 15
1.232009 3.633837 -3.440413 228 202 197
-0.925260 2.499134 -4.613198 209 100 16
-1.092349 3.462631 -3.563970 223 146 20
-0.773081 2.499806 -4.613592 201 101 20
0.308038 3.777262 -3.277350 50 50 55
-0.772932 2.501542 -4.613363 201 101 20
1.331128 4.059891 -3.620379 151 98 5
-0.699095 2.546993 -4.567980 185 93 36
-0.001116 6.879136 -3.615878 6 6 7
-0.414548 2.507968 -4.613192 207 106 35
0.706302 2.287453 -4.891587 244 216 205
0.076408 2.555406 -4.577085 217 153 94
1.204176 3.644927 -3.464555 255 231 217
0.076341 2.555903 -4.577062 217 153 94
1.420957 4.855811 -4.434095 117 65 4
0.732578 2.576618 -4.571796 219 149 90
-0.597252 7.076169 -3.971194 46 47 53
0.732548 2.576754 -4.572280 219 149 90
-0.988693 6.948265 -3.846551 48 49 56
1.334378 2.575327 -4.590923 218 138 56
-1.160768 2.452576 -4.663731 234 172 12
0.573678 8.500937 -4.384745 64 32 8
-0.364143 2.281534 -4.861283 209 129 67
-0.880228 6.489249 -5.317618 83 86 97
-0.125023 2.260122 -4.892434 236 155 84
-1.618298 3.481472 -6.233173 231 134 27
-0.061017 2.230878 -4.934774 220 154 104
-0.034712 2.702113 -4.408784 224 140 80
-0.012473 2.229637 -4.927442 215 158 115
-1.082848 5.183892 -5.404330 255 255 255
0.292895 2.230181 -4.936255 199 152 151
1.565639 3.121934 -5.627710 254 254 254
1.702909 3.229123 -3.361870 219 144 94
-0.775410 2.286076 -4.848947 229 159 15
-0.409535 2.253460 -4.896637 190 108 52
0.610426 6.427071 -2.782962 255 255 255
-0.228869 2.231691 -4.920174 219 138 54
0.656607 7.811421 -3.922589 255 255 255
-0.102223 2.220649 -4.935909 237 163 88
-1.209997 2.169997 -5.149968 184 115 19
1.601987 3.000153 -5.635849 255 215 194
-1.539729 3.178541 -4.046657 202 122 17
-1.221349 2.253315 -4.874136 152 68 10
-1.433203 4.248478 -4.255047 141 73 8
-0.984558 2.234179 -4.896922 180 93 15
-1.382707 9.881168 -5.478061 255 255 255
-0.878353 2.231465 -4.901662 207 141 13
-0.599805 2.176683 -4.972088 177 76 35
-1.507096 5.139689 -5.181273 255 255 255
-0.475182 2.194096 -4.958504 187 92 39
1.455467 5.352859 -6.986322 255 255 255
-0.399594 2.174696 -4.977067 205 98 45
0.296983 4.348390 -4.141570 255 255 255
-0.255973 2.166274 -4.989456 225 146 40
-1.198010 2.207096 -4.926540 169 106 11
-0.025794 4.372201 -3.110951 255 255 255
-1.072553 2.219067 -4.918860 173 90 13
-1.329507 7.020551 -6.454406 27 22 20
-0.957363 2.157905 -4.979188 218 147 16
1.451191 4.323600 -4.104749 255 255 255
-0.957363 2.157905 -4.979188 218 147 16
1.786585 6.867890 -6.344028 255 255 255
-0.938086 2.160524 -4.983359 187 95 15
1.277090 4.341561 -3.908563 255 255 255
-0.851432 2.172148 -4.970920 196 92 17
-0.739571 2.141263 -5.005094 181 76 23
-0.633684 2.163651 -4.979799 185 99 49
-1.241541 2.218506 -5.054518 169 109 16
-0.624725 2.136083 -5.016287 198 108 45
0.825196 4.616279 -6.306312 229 174 146
-1.248780 2.179353 -4.949692 141 69 16
-0.881011 6.494809 -5.324069 75 76 86
-1.192621 2.168421 -4.970427 162 69 16
-0.172575 6.994446 -4.120336 66 67 75
-1.048072 2.167295 -4.971436 177 81 18
-1.098275 8.698936 -5.590423 0 0 0
-1.048072 2.167295 -4.971436 177 81 18
1.402084 3.149765 -4.731393 53 49 53
-1.029401 2.158913 -4.980110 206 134 16
-0.917145 2.123047 -5.024604 216 143 15
-1.240906 3.355302 -3.683606 231 149 16
-0.916966 2.123480 -5.023422 216 143 15
-1.236461 3.353177 -3.677744 231 149 16
-0.753778 2.121565 -5.024267 178 122 52
-0.774460 2.134045 -5.050870 93 90 106
0.910984 4.758172 -6.627245 254 254 254
-0.999283 2.111316 -5.037646 211 146 12
1.343799 4.054202 -3.978619 233 168 144
1.757726 4.354540 -7.206873 153 70 21
0.626249 6.572162 -2.815702 180 90 37
-1.309698 3.003998 -6.092061 182 111 100
-1.209997 2.169997 -5.149968 185 113 19
-1.371906 5.569812 -9.177106 163 99 10
1.452519 3.096363 -5.629935 212 129 41
-0.069770 3.722756 -3.305588 217 119 66
1.569320 2.880725 -5.321585 180 112 30
-0.558981 3.679123 -3.336808 225 120 15
1.542577 2.988355 -4.436152 52 50 54
-0.470225 3.690184 -3.329898 222 111 15
1.441078 3.764672 -3.511492 0 0 0
-0.596512 3.533185 -3.495926 232 144 22
1.379084 4.174273 -3.713441 153 85 5
-0.350484 3.459648 -3.586761 238 156 28
0.801893 3.342918 -3.738401 205 151 125
0.270177 6.586858 -4.609673 116 119 135
-1.039306 3.455362 -3.570897 240 164 17
1.517639 2.821630 -4.262961 213 129 26
-1.004600 3.473515 -3.558520 216 113 19
0.638885 3.942173 -3.432408 42 42 48
-0.269460 3.379581 -3.672450 254 163 26
0.180771 4.314767 -4.382485 42 42 48
1.482724 3.213346 -3.906283 225 131 82
0.137400 2.292710 -4.962160 158 127 116
-1.149632 3.403051 -3.632702 236 165 15
-0.834457 3.350732 -3.691864 227 119 20
1.554635 2.915746 -5.291241 122 70 19
-1.379586 3.387773 -3.641972 231 154 18
-1.336951 3.359974 -3.672875 211 114 18
0.335422 4.884633 -1.896826 255 255 255
-1.300858 3.358337 -3.673916 230 153 15
1.293991 4.768435 -5.412354 255 255 255
-1.302396 3.359317 -3.672019 230 153 15
1.344393 4.481362 -7.061360 255 255 255
-1.244936 3.338162 -3.696897 236 163 13
-0.823636 3.269201 -3.776408 240 151 20
1.532388 5.155231 -5.871152 255 255 255
-0.824153 3.267633 -3.779974 240 151 20
-0.165325 6.911892 -4.502636 89 91 104
-0.606285 3.263407 -3.790322 201 110 20
1.133033 3.097086 -4.019755 212 126 80
1.466708 4.464050 -3.992948 186 115 6
1.250058 3.057170 -4.064395 205 110 61
1.763848 5.528680 -8.568553 0 0 0
-0.393659 3.137071 -3.932343 247 158 27
0.658031 6.128744 -2.504689 54 54 61
-0.072482 3.147114 -3.929983 216 99 42
-2.346659 14.094575 -10.044137 255 255 255
1.066872 3.019571 -4.099718 224 149 82
-0.604666 3.116264 -3.948175 228 145 17
-0.827118 3.180080 -3.874795 233 158 12
-0.273495 6.270886 -5.144120 47 47 52
-0.041556 3.043864 -4.042019 233 146 59
-0.245825 2.959237 -4.137211 238 155 25
-1.295565 3.741654 -3.693923 196 116 19
-1.054855 2.901012 -4.177080 215 109 16
-1.338161 3.760457 -3.755245 196 116 19
0.647093 2.720398 -4.407977 197 114 78
1.029468 6.321393 -2.217338 255 255 255
0.636407 2.672784 -4.459617 206 119 83
1.166118 7.307705 -6.484604 255 255 255
0.636529 2.672838 -4.460106 206 119 83
1.290945 2.838718 -5.343749 208 126 24
-1.394148 2.881120 -4.190401 200 94 17
0.891465 8.405380 -5.316784 255 255 255
-1.309636 2.766974 -4.318461 186 99 30
-0.781246 2.245425 -4.894961 220 142 20
-0.275138 2.691986 -4.425979 213 135 24
0.051141 2.321726 -4.824769 211 155 115
1.179492 2.535542 -4.628963 206 104 40
-0.956407 6.241213 -5.292410 29 28 31
1.578046 2.495701 -4.682887 176 86 24
-1.398362 4.132812 -4.043837 120 64 4
1.096582 2.443220 -4.728215 187 101 57
1.445098 2.517670 -4.654647 196 124 33
-0.984670 2.609722 -4.496238 227 155 14
1.445098 2.517670 -4.654647 196 124 33
-0.983835 2.608198 -4.497939 227 155 14
-1.048015 4.860125 -1.760493 114 68 32
-1.315141 2.621488 -4.472056 198 106 21
-1.316481 2.626404 -4.471757 198 106 21
1.491799 4.606716 -4.105381 178 87 6
1.079711 2.360046 -4.814065 166 102 73
-0.085547 7.087458 -4.138257 44 45 50
-1.066203 2.496885 -4.611826 220 146 15
1.561942 2.783654 -4.672221 43 41 46
-0.555203 2.460799 -4.666415 215 141 28
1.559787 2.900836 -5.186687 112 63 14
-0.317227 2.440601 -4.686433 197 127 58
-0.060610 2.421179 -4.721459 218 122 71
2.058823 6.291135 -8.854430 255 255 255
-0.045625 2.392557 -4.750727 226 146 80
0.712398 7.026323 -5.484347 128 84 56
-0.045676 2.395278 -4.750736 226 146 80
-1.154351 2.487184 -4.622184 201 106 13
-0.226181 4.605402 -5.185155 252 162 13
-0.616681 2.396772 -4.737498 202 104 27
1.827399 5.698275 -8.749291 255 255 255
-0.550002 2.423006 -4.703239 221 139 26
1.571464 2.964712 -5.420729 177 105 53
-0.074043 2.350085 -4.794052 227 143 66
1.526915 3.050735 -4.374792 57 55 62
-0.194328 2.308080 -4.841317 206 120 66
-0.866434 2.316460 -4.814423 217 142 16
-0.949225 2.266970 -4.870894 179 94 15
1.056694 4.801908 -6.107302 255 255 255
-0.948809 2.266983 -4.870306 179 94 15
1.323597 4.292137 -3.880555 255 255 255
-1.269632 2.293569 -4.831411 147 93 12
1.640044 3.502928 -6.210478 207 159 125
-1.626450 4.939347 -4.768925 255 255 255
-1.076599 2.108578 -5.051173 174 98 31
-1.018767 4.671282 -1.782695 255 255 255
-1.040113 2.862546 -5.555986 147 99 31
-1.895605 7.245242 -7.461508 91 48 20
-0.054757 3.701352 -1.823816 255 255 255
-0.521291 6.247756 -4.949025 98 100 114
-0.752005 3.673621 -3.347725 206 108 16
0.757427 8.076428 -4.333909 255 255 255
-0.357277 3.620506 -3.414701 248 156 20
1.213392 6.983320 -6.041996 255 255 255
-0.343605 3.338014 -3.713328 248 162 21
1.953024 6.088683 -9.049575 126 72 11
1.318225 3.060506 -4.060974 212 118 45
-0.692616 2.201581 -4.876277 199 120 30
-0.998732 2.868525 -4.212565 210 112 13
-1.050086 4.692634 -1.703836 33 32 36
0.266767 2.241037 -4.924095 206 174 155
-1.243344 6.519556 -3.120849 255 255 255
-0.990267 2.341776 -4.774573 209 140 17
-1.664989 8.783182 -5.213925 253 253 253
-1.014843 2.234574 -4.895160 203 138 11
0.673094 6.486227 -2.736269 179 91 40
1.735343 7.039065 -7.774145 255 255 255
-0.178629 0.686506 -3.149512 215 154 116
1.425988 3.197336 -6.201979 210 125 40
0.051646 3.263750 -3.803408 235 151 89
-1.247118 3.945154 -3.807978 185 108 24
0.053049 3.261465 -3.808676 235 151 89
0.580890 4.930790 -1.653289 144 82 14
1.616940 2.409676 -5.029584 49 52 58
-0.264459 3.548199 -2.763865 233 152 17
1.645203 2.697056 -5.225722 255 255 255
1.530132 2.784570 -4.921565 48 46 52
-0.390585 2.265626 -4.894623 192 110 55
1.496408 3.271872 -4.132987 57 58 65
1.895233 6.813608 -7.653794 255 255 255
-1.217140 2.645583 -5.578632 124 65 26
-1.182060 2.601837 -5.607446 255 255 255
-1.009897 6.378816 -2.830890 255 255 255
1.536220 2.706792 -4.457994 186 111 33
0.548469 6.780325 -4.557637 125 132 150
1.611638 2.967597 -5.550683 255 214 216
-0.059971 2.262701 -5.105271 54 55 62
1.670341 3.371772 -6.041981 242 210 187
1.658856 5.175498 -5.690765 255 255 255
-0.749242 2.198250 -5.137287 48 49 54
0.446259 2.420852 -4.773756 182 145 135
-1.242504 2.477469 -5.414002 204 118 66
-1.233745 6.435171 -2.841802 255 255 255
0.315393 3.645567 -3.392062 216 145 110
-0.242336 0.660781 -3.092978 127 88 57
1.351117 3.042077 -4.069502 215 134 38
-1.302239 6.990326 -3.470314 255 255 255
0.544769 3.401129 -3.669626 231 151 106
-1.580546 4.998833 -5.023163 137 79 8
1.768855 6.751880 -6.135608 255 255 255
-1.129574 3.150670 -3.901171 222 145 11
-0.092475 2.185207 -4.985096 224 142 89
-0.155335 5.645744 -2.795811 140 136 154
0.040087 2.186401 -4.967640 220 162 127
1.166095 2.707403 -4.501160 214 130 45
-0.994539 4.720592 -1.762201 32 32 36
0.690592 7.945481 -3.937683 137 81 17
-1.095153 6.147449 -2.692947 48 49 55
1.347288 3.809275 -3.297773 209 194 196
2.084979 2.848478 0.183925 255 255 255
-0.076605 8.848872 -3.821116 230 135 60
0.606953 6.562838 -4.632688 103 106 121
0.408614 3.302535 -3.773037 239 180 133
2.057904 6.354009 -8.856318 60 28 8
0.225599 3.201426 -3.877567 199 115 46
1.260381 3.712071 -3.464148 212 197 196
0.976350 3.452602 -3.624345 228 194 176
2.043031 6.518517 -9.545114 97 53 6
1.327031 2.460122 -4.712468 177 96 53
1.652129 6.451275 -7.184395 138 80 25
1.327058 2.461957 -4.693049 177 96 53
-0.612640 6.415241 -3.101488 255 255 255
-1.499987 4.221491 -4.131948 144 79 9
1.107302 6.111422 -2.808288 255 255 255
-0.337270 5.350014 -2.112770 49 50 56
1.483963 4.830665 -4.310309 173 110 4
-0.834681 5.129101 -7.663280 255 255 255
1.550992 5.642188 -5.045106 159 109 4
-0.259811 4.410782 -4.810378 221 138 34
0.514174 5.085229 -1.678583 14 14 16
0.618312 6.744645 -3.028680 184 158 147
-0.134955 3.674818 -3.374245 228 115 50
1.537530 5.022771 -4.599309 189 106 16
-0.134955 3.674818 -3.374245 228 115 50
-1.200212 6.594737 -6.054411 255 255 255
-1.348922 3.629189 -3.377248 163 89 30
-1.200212 6.594737 -6.054411 255 255 255
0.142161 3.566244 -3.485495 229 166 119
1.779214 6.661743 -6.000763 255 255 255
-1.130932 3.578509 -3.441164 220 146 19
-1.329698 9.272038 -5.094101 61 40 31
-0.786848 3.542817 -3.488142 235 153 30
1.557206 3.060590 -5.439571 204 123 48
-0.660429 3.496201 -3.546651 218 112 28
-1.536033 6.505855 -5.855156 255 255 255
0.262324 3.413845 -3.646713 233 132 89
-1.536033 6.505855 -5.855156 255 255 255
-0.635802 3.419736 -3.625070 210 105 24
0.618549 5.782005 -2.187915 73 54 50
-0.394300 3.386266 -3.667809 232 153 33
-0.360207 3.396268 -3.652663 225 118 37
0.793319 7.920703 -4.124680 255 255 255
-0.236723 3.380921 -3.675001 225 100 35
-0.236723 3.380921 -3.675001 225 100 35
-0.006713 6.256245 -2.580437 52 53 59
0.447943 3.302617 -3.774127 239 181 133
0.552384 6.450807 -4.812218 89 91 103
1.334834 3.291880 -3.813204 221 131 81
0.425939 5.467024 -1.961964 52 54 61
-0.695473 3.348645 -3.697071 224 146 15
0.164959 2.309330 -4.904036 171 138 118
-0.344126 3.308890 -3.751286 238 161 25
-0.344527 3.307860 -3.751704 238 161 25
0.709674 9.672722 -5.221209 68 41 16
0.829530 3.238759 -3.855005 221 160 113
0.709674 9.672722 -5.221209 68 41 16
1.214280 3.173504 -3.941100 225 160 98
0.732472 3.186026 -3.905729 219 153 102
-0.524566 5.214439 -2.862597 255 255 255
0.731585 3.186064 -3.905551 219 153 102
-1.063116 2.357528 -4.792591 204 131 16
1.160613 3.165410 -3.940513 229 156 92
1.548428 3.200721 -5.736661 255 255 255
-1.072268 3.180423 -3.873286 247 179 12
-1.519575 9.901802 -5.548611 116 81 61
-1.018136 3.185296 -3.871483 233 156 13
0.993049 9.218193 -7.594186 82 50 14
0.376666 3.142450 -3.945490 229 125 78
-0.312483 3.990040 -3.759457 215 128 16
-0.286362 3.106430 -3.965461 248 164 27
-0.286622 3.110560 -3.966291 248 164 27
0.456386 3.006773 -4.095838 239 164 83
-1.033559 4.681883 -1.690795 31 30 34
0.456282 3.006170 -4.095995 239 164 83
1.997112 6.061509 -8.861447 144 82 18
0.648027 3.045298 -4.070252 234 133 81
0.598721 5.033663 -1.717744 7 7 8
0.649293 3.048623 -4.070418 234 133 81
0.631905 3.742399 -6.325961 0 0 0
-0.944306 3.024934 -4.045181 231 109 13
0.411083 7.108063 -4.071280 88 89 102
0.406693 2.975033 -4.134154 234 152 66
0.406693 2.975033 -4.134154 234 152 66
0.531757 2.947509 -4.164635 231 149 80
0.814569 2.923492 -4.190210 215 141 68
0.746823 7.206494 -5.759699 255 255 255
0.814888 2.923635 -4.190120 215 141 68
1.338742 2.896201 -4.243192 203 92 40
0.495101 6.496882 -2.683804 64 65 74
1.338224 2.893554 -4.245223 203 92 40
-1.070503 7.014769 -3.539746 71 72 82
-0.885423 2.984459 -4.092479 229 110 14
1.638776 2.679303 -5.308786 255 255 255
-0.638158 2.939615 -4.147575 221 116 15
-1.949978 6.990881 -6.704248 255 255 255
-0.391701 2.937258 -4.162158 210 93 22
1.478198 2.843384 -4.302835 213 115 26
-1.341869 2.918316 -4.155614 197 99 16
-1.019023 2.916371 -4.160786 241 160 13
-0.995825 2.904782 -4.172285 217 126 14
-1.557816 11.024377 -6.581598 61 34 12
-0.619407 2.894466 -4.202702 205 82 16
-0.416888 2.866969 -4.219401 217 104 27
-1.374155 9.320098 -5.220920 90 62 46
-0.206522 2.886965 -4.208209 244 167 33
-0.206682 2.887221 -4.207933 244 167 33
-0.390269 6.164109 -2.692618 8 8 9
-0.004519 2.841875 -4.263052 209 107 50
-1.599898 5.971986 -3.112479 59 60 68
0.398527 2.825623 -4.292124 222 106 50
0.679334 2.832158 -4.295401 219 114 61
-1.028657 4.709029 -1.727005 37 37 42
1.068308 2.748943 -4.392308 201 98 46
-1.858003 7.032219 -10.869158 71 41 11
-0.038895 2.799394 -4.308856 198 113 59
-0.389421 3.433268 -3.611603 219 117 36
0.514943 2.725997 -4.403255 206 112 82
-0.053589 2.500417 -4.628652 217 135 72
0.580707 2.767245 -4.354422 226 153 67
-1.181674 3.122886 -3.940260 218 136 16
1.233732 2.699072 -4.445740 201 103 49
-0.813352 3.179598 -3.849509 226 148 16
-1.292576 2.806867 -4.271416 182 87 26
1.218141 2.807754 -4.313894 219 140 34
-0.736749 2.804440 -4.294994 231 152 19
1.211270 3.085805 -4.010279 212 138 67
-0.288097 2.738498 -4.364521 207 111 33
1.591571 5.539958 -5.088609 176 105 17
1.111784 2.653808 -4.504655 224 137 45
1.803145 3.535218 0.023653 254 254 254
1.223859 2.664387 -4.488969 209 94 43
-1.447374 7.554706 -3.882730 125 74 30
1.262655 2.616034 -4.541364 193 104 43
-0.044156 7.375524 -3.840760 53 54 61
-0.043242 2.626065 -4.490949 212 137 66
0.740889 7.376774 -3.969017 104 108 122
0.203526 2.655812 -4.475948 182 105 65
1.554233 2.675698 -4.541827 196 126 38
-1.114525 2.686454 -4.407697 234 154 14
-1.495998 4.332098 -4.223163 152 91 8
-0.841124 2.655165 -4.446385 213 142 19
-0.529264 4.196433 -4.291066 202 124 14
-0.659780 2.643060 -4.466158 211 92 23
-0.659780 2.643060 -4.466158 211 92 23
-1.298712 3.932154 -3.884013 173 105 27
-0.587199 2.644215 -4.474623 195 99 18
1.424700 4.737951 -5.215422 255 255 255
-0.527060 2.608350 -4.499375 217 148 25
1.599298 5.450644 -4.911648 171 96 10
-0.425161 2.653019 -4.456019 229 152 22
-1.292350 8.645209 -4.600515 112 86 73
0.280103 2.581772 -4.552716 211 143 89
-2.062470 8.072978 -8.514517 87 89 100
0.558029 2.527495 -4.618784 201 126 90
-0.970148 6.704628 -3.316927 255 255 255
1.524014 2.451912 -4.718130 172 94 27
0.761692 7.407921 -5.861473 255 255 255
-1.083191 2.586500 -4.516897 244 169 13
0.754391 8.055290 -4.222558 255 255 255
-0.853363 2.592735 -4.509249 205 112 16
-0.815670 4.827975 -6.666879 234 145 14
1.251966 2.451932 -4.728867 187 109 65
1.249962 2.444554 -4.726056 187 109 65
0.759138 7.525974 -5.868599 255 255 255
0.916208 2.407546 -4.762787 197 143 125
-0.866163 7.703671 -4.036347 255 255 255
-1.292016 2.528848 -4.571554 217 144 14
1.081349 2.436872 -4.831604 181 109 60
-0.763437 2.457886 -4.665169 216 134 23
1.711409 6.718647 -5.956511 123 67 4
-0.761766 2.439275 -4.657329 216 134 23
1.711409 6.718647 -5.956511 123 67 4
-0.346942 2.440458 -4.692513 180 92 50
-1.297940 8.897813 -5.291242 255 255 255
0.304060 2.419839 -4.731539 199 127 103
-1.322264 2.457992 -4.655193 190 123 11
-0.636539 4.596996 -6.113121 233 132 16
0.387082 2.328603 -4.828696 209 167 164
0.634354 5.320143 -2.261101 119 123 140
-0.876343 2.376161 -4.741982 225 141 14
0.097251 6.930285 -2.635669 255 255 255
-0.826253 2.390236 -4.736279 194 92 15
-0.368872 6.447348 -3.583023 56 56 64
-0.675588 2.353698 -4.780021 188 91 29
-1.485364 3.973582 -3.952902 129 80 9
-0.547885 2.346304 -4.790555 195 104 22
0.569365 4.939486 -1.612379 133 73 16
-0.547885 2.346205 -4.790415 195 104 22
-1.561897 11.053236 -6.592365 62 34 11
-0.404524 2.335391 -4.793094 219 136 57
1.224373 3.191864 -3.925388 224 154 101
-0.132100 2.314215 -4.826681 238 156 62
-1.277237 3.869531 -3.765246 25 18 9
-0.957355 2.300618 -4.829092 222 150 14
-0.002386 5.436804 -2.796446 107 110 124
-0.814513 2.311942 -4.810532 222 151 16
1.406550 3.024680 -4.096404 225 142 37
-0.557890 2.271800 -4.869585 212 139 28
0.887484 3.092498 -3.999417 190 115 67
-0.506926 2.285024 -4.858714 219 144 43
0.221128 2.660664 -4.468139 189 121 65
-0.304169 2.261577 -4.884672 189 110 55
-0.964119 3.357338 -3.682212 235 149 15
-0.157502 2.234905 -4.915445 226 153 70
1.503550 2.995922 -4.148729 253 165 26
-0.088281 2.253391 -4.902358 230 157 95
-1.281686 2.118436 -5.063977 136 78 15
-0.088278 2.253992 -4.902434 230 157 95
-1.027228 4.705822 -1.723408 40 41 46
-0.911889 2.239026 -4.899831 199 105 13
-1.465154 3.684822 -3.446741 109 75 30
-0.911100 2.235772 -4.898866 199 105 13
1.369686 4.090206 -3.785535 183 110 59
-0.860546 2.245174 -4.890825 186 81 13
-1.503467 5.772300 -9.141030 255 255 255
-0.610415 2.262446 -4.873926 184 91 34
-1.123366 2.409466 -5.117139 206 120 25
-0.187721 2.192121 -4.963275 223 151 56
-0.636722 2.777240 -4.319037 208 133 26
-0.670352 2.172152 -4.977932 188 105 38
-0.440119 2.201539 -4.954138 192 108 38
1.219182 2.809160 -4.329746 217 140 34
-0.866768 2.152678 -4.992178 216 145 17
1.159014 2.916831 -4.233657 207 113 54
-0.614897 2.151845 -4.994645 207 126 42
1.159014 2.916831 -4.233657 207 113 54
-0.505529 2.144530 -5.006856 217 141 36
-1.243596 4.942470 -6.914481 0 0 0
-0.954123 2.137370 -5.005323 214 139 14
-1.749767 5.955440 -5.789173 151 86 16
-0.898307 2.124732 -5.017717 199 109 19
1.442389 4.775602 -4.255254 166 107 4
-1.259741 2.602461 -5.596193 178 139 117
-1.401294 2.973767 -4.112640 202 108 24
-1.351182 3.188270 -6.308526 180 139 111
1.447537 5.208481 -4.700223 134 82 5
-0.228090 3.705061 -3.315080 240 114 36
1.600429 2.328960 -4.928765 148 95 56
-0.070711 3.544345 -3.499044 234 155 65
-1.141289 3.628933 -3.317680 206 126 28
-0.070702 3.544385 -3.499059 234 155 65
-0.902099 6.479272 -5.061570 29 30 33
-1.422130 3.576890 -3.445278 146 73 32
-1.138545 6.840008 -3.619200 255 255 255
-0.268520 3.379250 -3.671258 254 173 24
-1.206378 6.990017 -3.566927 255 255 255
-1.179322 3.381147 -3.652619 215 108 15
0.636596 6.777286 -2.950460 149 89 16
-0.863325 3.316664 -3.717726 233 160 16
-1.443980 9.374848 -5.234076 119 86 67
-0.860005 3.312868 -3.723423 233 160 16
-1.119385 3.201651 -3.847665 236 153 12
-1.605178 5.992517 -8.948313 255 255 255
-0.892036 3.128312 -3.929429 247 177 15
-0.892335 3.127802 -3.928553 247 177 15
-1.020210 3.002927 -4.073554 242 164 15
-1.019025 2.976986 -4.088964 242 164 15
-0.790363 2.891520 -4.194211 227 158 15
-1.249162 5.125937 -7.995131 255 255 255
-0.251676 2.855428 -4.232025 237 145 34
-1.391578 2.851794 -4.229127 194 105 18
1.552254 2.392797 -4.963698 163 95 47
-0.366199 2.720283 -4.392229 232 147 33
1.744971 5.991985 -6.916379 172 97 6
-0.278741 2.677945 -4.427392 212 135 24
0.769647 6.339697 -4.812674 38 39 44
-0.982283 2.672005 -4.425948 221 149 15
-0.981783 2.673490 -4.426354 221 149 15
1.476495 2.467672 -4.693863 170 98 43
-1.285042 2.572037 -4.521708 189 81 17
1.476495 2.467672 -4.693863 170 98 43
-0.699269 2.547184 -4.567913 186 94 34
1.233160 7.995355 -7.211835 255 255 255
-0.108886 2.468968 -4.667908 222 143 68
-0.925310 2.499100 -4.613329 208 100 15
-0.549030 2.375653 -4.750874 214 143 25
-0.722095 3.205265 -3.916719 0 0 0
0.220424 2.335136 -4.822647 172 130 128
-0.375618 6.227129 -5.016322 76 78 88
1.569998 2.894978 -5.486723 253 212 195
-0.050041 2.740677 -4.366519 237 134 53
-0.779469 2.203770 -4.955521 179 81 22
-1.381761 3.616407 -3.396093 95 60 18
1.635277 3.223014 -5.793127 245 176 133
-1.774646 5.105278 -8.575677 255 255 255
-1.052953 2.234840 -5.223842 141 87 32
-0.624538 2.773989 -4.283475 208 133 27
1.495205 3.292744 -3.793858 121 115 129
0.741849 10.026349 -5.445096 255 255 255
1.750326 8.163653 -7.596997 255 255 255
0.010532 2.610402 -4.521816 219 136 85
1.641129 7.665191 -7.155614 255 255 255
-1.296372 3.395197 -4.719639 242 163 92
-1.220492 7.812709 -4.123059 255 255 255
-1.323838 2.536871 -4.581707 209 135 13
-1.470313 3.563638 -3.441347 139 85 49
-1.538547 4.470023 -5.256807 255 255 255
-2.283198 1.729383 -2.768059 33 33 38
-1.173484 2.585108 -5.289709 35 36 40
0.808589 2.368019 -5.042284 246 222 217
-1.221232 3.211319 -3.836765 238 148 14
-1.155283 7.901095 -6.727224 73 37 7
-1.402625 2.985915 -3.995953 196 99 22
-1.239440 5.392259 -4.882629 255 255 255
-1.249554 5.030916 -6.323623 255 255 255
-1.113973 3.478710 -3.585014 228 144 17
-0.887411 3.358548 -3.682069 218 122 17
-1.218004 3.512961 -5.259668 153 82 12
1.192172 19.452814 -15.540565 60 33 13
-1.313430 2.793561 -5.278644 228 151 11
-1.539140 4.490582 -4.513514 169 84 21
-1.240330 2.613355 -5.450253 76 39 7
-1.452434 4.809205 -8.049192 255 255 255
-1.995002 7.610326 -7.569136 255 255 255
-0.237336 6.255812 -4.991765 44 43 49
-1.893502 6.796849 -6.819554 255 255 255
0.667075 3.825423 -3.465689 240 205 181
0.537007 6.075646 -2.547774 36 36 40
-1.537145 10.806655 -6.474200 0 0 0
-1.062814 5.194833 -2.183292 53 54 61
-0.761042 5.992397 -4.701823 84 86 98
0.146365 7.311715 -4.025173 35 35 39
-1.041734 2.736209 -5.597903 78 51 31
-1.328738 8.286057 -5.549837 255 255 255
-1.355000 2.635227 -4.390108 201 102 22
-0.573188 3.448765 -3.589460 235 153 25
-0.286610 3.693708 -3.328178 206 108 26
0.883914 3.049778 -4.053214 200 125 76
-1.122679 2.404763 -4.716833 198 109 15
0.288852 3.725581 -3.305993 211 149 112
0.135477 2.645895 -4.473269 220 135 82
0.642135 5.458139 -2.066916 63 65 72
1.506939 3.020611 -4.105971 240 146 39
1.302067 4.124043 -3.948977 235 181 131
1.327634 3.545530 -4.553360 220 143 80
1.305121 3.673273 -4.417886 240 176 119
1.409691 3.111383 -5.055009 156 83 45
1.505652 4.597753 -4.175210 178 76 7
-0.018513 5.969412 -9.546000 138 76 16
0.887032 8.691066 -7.191406 73 42 12
1.837501 4.250136 -6.978453 161 123 92
1.770293 4.267888 -7.003058 153 119 89
-0.359027 2.400551 -4.727106 173 105 61
1.276087 3.074932 -4.038905 234 150 59
1.354378 3.961924 -3.757327 236 164 117
0.642948 7.139860 -3.309061 180 125 94
1.549396 3.082907 -5.597552 255 255 255
0.638073 5.035682 -1.776322 89 91 101
1.493727 2.887561 -4.222422 225 142 27
1.807575 3.888666 -6.584387 203 176 158
-0.270397 6.663195 -3.415253 255 255 255
0.841907 6.816744 -4.711895 133 83 54
-0.894985 4.961226 -1.707618 255 255 255
-0.826838 4.904502 -1.670968 255 255 255
0.946038 9.672500 -7.959748 71 40 7
1.020544 4.144627 -7.026216 255 255 255
1.683452 5.295095 -8.320621 119 72 7
0.280110 6.026145 -2.403134 56 57 65
0.474222 6.446399 -4.866660 75 76 86
1.538367 3.354002 -4.739612 222 138 30
-1.991226 7.007885 -3.796096 255 255 255
0.337981 4.808075 -1.630922 112 109 127
-0.646895 2.969293 -4.106133 223 149 15
-1.641437 3.176599 -3.038677 184 115 32
-2.312623 1.906626 -2.615452 33 34 38
-1.364009 2.550369 -4.660558 61 61 69
-1.103200 6.214487 -2.832549 255 255 255
-1.219683 3.355458 -4.714678 235 162 107
-1.472897 3.900077 -3.871794 116 53 4
-1.214901 2.656457 -5.419661 123 71 30
-1.408460 3.567633 -4.478059 202 124 13
-1.328252 2.894803 -5.180302 245 167 12
-1.204179 2.934914 -5.855018 255 255 255
-0.591972 3.567556 -3.453035 206 120 40
-1.508969 4.992237 -8.274451 255 255 255
-1.409530 3.954817 -3.811113 255 255 255
3.608693 28.935694 -27.589884 255 255 255
0.741434 3.536973 -3.548219 212 174 155
-0.988326 6.724026 -4.490983 42 42 47
0.625848 5.114123 -1.764574 46 48 53
0.625113 5.106813 -1.761074 46 48 53
0.472282 2.342184 -4.670264 212 182 170
-1.073616 6.040625 -2.624591 5 5 5
-1.075327 6.024282 -2.616034 5 5 5
-0.519588 2.230664 -4.961628 174 103 32
0.634449 6.712439 -9.610437 255 255 255
1.322136 7.118985 -3.621488 255 255 255
1.322136 7.118985 -3.621488 255 255 255
1.054489 9.853999 -6.290907 97 100 112
-0.777010 3.296478 -3.746790 207 124 18
-1.224961 3.386709 -3.641902 238 150 17
-0.184033 2.713268 -4.395668 229 138 41
-0.817484 2.757719 -4.340106 221 147 18
-1.784348 7.333361 -7.286555 255 255 255
-1.217956 7.983918 -4.517195 255 255 255
-1.172887 7.199698 -3.596938 93 55 13
0.820663 7.204930 -4.598603 100 103 116
0.338886 7.929252 -3.909602 255 255 255
0.385209 5.408676 -4.523482 255 255 255
-1.572191 2.528597 -4.747872 151 94 6
1.144455 3.567467 -3.484371 223 194 182
-0.322913 3.093187 -3.978608 214 121 33
-0.529485 5.839478 -9.343639 67 37 16
-1.446796 9.390079 -5.228673 96 58 23
-1.242800 3.343791 -4.685860 237 149 93
1.726561 25.262451 -24.363491 0 0 0
-1.458241 3.774935 -3.544875 12 12 14
-0.967949 7.390998 -3.911419 38 39 43
0.272250 6.134919 -2.594682 26 27 29
-0.582563 6.517588 -4.992113 83 85 96
-1.386009 3.828204 -3.833185 4 4 5
-0.962941 5.223992 -4.718408 255 255 255
1.041893 9.828935 -6.273306 85 85 96
0.416818 3.735319 -5.229924 206 123 33
-1.326530 3.576194 -3.438149 209 130 17
0.560982 6.742829 -4.500704 95 98 113
-1.941725 7.899427 -7.859650 255 255 255
-1.271936 2.751690 -5.435171 212 133 15
-1.053478 4.880897 -1.870271 20 20 23
-1.366751 2.330685 -4.745862 60 61 68
-1.456188 3.889079 -3.834006 119 75 4
-2.389310 4.103218 -6.097201 147 109 88
0.207391 6.427297 -2.824632 254 254 254
-1.355447 3.485163 -3.532777 216 137 17
-1.301103 3.851338 -4.149892 209 128 33
-1.483480 4.093486 -4.138040 168 111 29
-1.178734 6.791179 -5.689097 141 94 5
-1.858126 6.613785 -8.237312 131 65 14
0.430862 4.909700 -1.613462 50 31 14
-0.854490 3.007184 -5.843593 0 0 0
-2.011509 7.701977 -7.702373 255 255 255
0.522043 5.278900 -1.721839 255 255 255
0.957528 6.590680 -5.260616 18 18 20
0.790320 6.420609 -5.103704 18 18 20
-1.193461 2.444154 -4.595898 192 116 13
-0.677319 5.528816 -2.193778 52 54 60
-1.391965 3.816944 -3.920527 208 135 25
0.612952 4.833752 -1.641134 23 23 25
-1.216402 2.969408 -5.108896 218 135 74
-1.327954 3.567074 -3.437700 210 130 21
1.555675 2.870850 -4.375076 118 118 139
0.524711 5.195504 -4.999388 229 166 124
1.340614 3.745726 -4.359780 237 142 107
1.340614 3.745726 -4.359780 237 142 107
1.462487 4.146252 -3.818774 177 110 8
0.622481 7.585977 -3.765554 255 255 255
0.681831 7.437349 -3.566636 175 114 75
1.504700 5.065291 -4.587387 184 122 5
-1.012357 4.917403 -1.734904 68 52 49
-1.226600 7.378800 -3.836434 255 255 255
1.234067 4.052983 -4.078826 252 200 163
0.819129 7.547572 -6.022414 155 91 28
1.868154 4.389718 -7.144211 167 113 62
-1.458025 3.620366 -3.395397 109 77 66
-0.288557 8.674963 -8.013433 179 98 11
0.665843 8.352910 -4.240926 107 65 25
1.402881 3.071914 -4.057381 229 136 46
1.473306 4.796884 -4.422932 180 105 10
0.788622 6.663484 -5.301374 65 65 71
0.445373 6.358017 -5.123400 70 72 81
0.835423 6.434113 -5.243565 7 7 7
0.433277 4.975849 -1.636684 255 255 255
-0.008237 2.329174 -4.890901 215 157 116
0.588994 5.052400 -1.686269 8 8 8
0.538278 6.661536 -4.762173 87 88 102
-0.684282 6.374779 -4.796079 103 106 121
1.048984 2.392998 -4.918807 192 130 87
1.339093 4.117892 -3.840365 237 171 134
-0.716697 3.448479 -3.625706 243 156 21
-1.991226 7.007885 -3.796096 255 255 255
1.268816 5.411473 -6.526896 255 255 255
1.494883 3.056922 -4.519425 38 38 43
-1.042498 3.347597 -3.700346 217 122 17
1.351957 3.085200 -4.031039 239 150 43
1.688784 3.166434 -5.681105 126 72 52
0.834316 7.721294 -6.329100 122 77 16
1.894110 4.628542 -7.415891 142 72 31
1.509919 2.830263 -5.290619 162 102 49
1.506936 4.600380 -4.177753 178 76 6
-0.063558 6.125928 -9.673756 73 41 15
-0.207288 5.832536 -9.115712 255 255 255
1.280576 2.707510 -4.456389 211 120 38
0.298187 8.683160 -14.235094 255 255 255
-1.675736 3.895646 -6.783246 0 0 0
-0.118651 5.594117 -9.120335 255 255 255
1.577794 2.634247 -4.850611 58 58 66
-0.486439 6.181751 -4.873964 104 107 123
-0.011580 6.346944 -4.828042 88 91 102
-0.163651 4.129720 -1.565768 48 49 55
-0.163651 4.129720 -1.565768 48 49 55
-1.225410 6.543577 -5.431130 63 63 72
1.455086 2.900640 -5.261351 113 62 37
0.199157 5.562308 -2.153277 57 57 65
0.134174 3.925438 -5.114104 0 0 0
0.851149 2.937747 -4.179107 196 110 70
-0.487247 3.671280 -3.322617 229 129 16
-1.305919 6.227397 -2.773701 61 60 68
0.006340 3.720337 -3.321682 223 131 57
1.976604 5.991764 -9.006826 152 88 9
0.638879 3.305422 -3.763874 209 143 92
-1.041017 2.199859 -4.937855 162 97 18
-1.003947 3.043834 -4.017445 213 122 16
-0.486688 2.508629 -4.623427 181 111 29
-0.712071 3.223106 -3.828401 235 147 17
1.398790 4.045129 -3.652065 229 156 11
1.448053 4.168512 -3.775392 178 113 5
1.449381 4.264280 -3.854446 179 114 4
1.749045 3.516751 -6.183778 215 199 192
-0.366807 2.402271 -4.735613 173 105 59
-1.245090 7.409217 -3.854182 255 255 255
0.782633 6.830087 -5.554940 95 52 22
0.626644 4.956307 -1.716347 100 101 111
1.230403 2.811902 -4.329910 233 151 32
1.265605 3.908838 -4.198156 232 186 155
1.290062 3.940798 -4.100159 255 237 200
1.358382 4.141855 -3.701573 184 113 7
1.370298 3.888565 -4.289526 231 176 147
-0.376196 6.979473 -3.528375 255 255 255
-0.773631 6.725482 -4.473252 127 133 152
0.791422 5.433246 -4.700152 255 255 255
0.271956 4.883971 -1.639650 16 16 18
-0.499991 3.353579 -3.689293 215 136 33
-1.104255 3.054536 -4.029684 221 147 12
-1.175828 3.258459 -3.782622 219 129 12
-1.175828 3.258459 -3.782622 219 129 12
-1.132501 2.752741 -5.438500 160 98 28
-1.272703 3.160824 -4.945406 224 147 92
-1.051269 6.574575 -3.018575 88 54 13
-1.586750 4.545726 -4.479695 170 117 6
-1.416908 3.893414 -3.865747 113 60 4
-0.714116 7.345016 -3.803220 46 45 50
0.508390 3.675208 -3.348870 243 208 191
-1.131024 6.289370 -5.355104 7 7 8
-1.245713 7.345412 -4.264409 100 54 9
1.013163 3.718466 -3.254346 228 196 174
0.613337 2.548697 -4.542623 180 112 70
0.160332 3.369481 -6.247653 0 0 0
-1.392175 5.138564 -8.521836 255 255 255
-1.219638 2.994319 -5.863706 255 255 255
0.047597 7.182875 -3.558089 56 39 26
-1.361888 2.631586 -4.453733 224 148 15
-1.200692 3.105572 -4.971704 226 145 75
-0.952198 3.210243 -3.838658 217 113 20
-1.103326 3.056118 -4.032405 220 147 13
0.557469 7.365431 -3.493773 137 90 4
-1.388928 3.414220 -4.606397 236 140 12
-1.186476 6.649475 -3.178942 91 54 14
-1.231657 7.173630 -3.993447 56 56 63
-1.482991 5.502313 -8.986943 131 74 10
-2.293225 4.269661 -6.362547 0 0 0
-1.958687 6.055678 -7.743763 147 78 22
-1.199735 6.735557 -5.637589 140 91 6
-1.432264 3.357108 -3.687582 189 123 15
0.960408 3.516881 -3.538181 255 224 215
-0.570092 2.184726 -5.029333 169 98 38
-1.189735 6.023123 -2.690520 10 10 12
-1.883786 6.806209 -6.810943 255 255 255
1.419047 2.613525 -4.951785 200 123 51
-0.369446 3.059395 -4.473445 0 0 0
-1.311649 2.768734 -4.317282 175 92 28
-1.252415 2.896088 -5.221321 224 144 71
-1.327045 2.954404 -5.130150 240 143 12
0.224689 5.664508 -8.877100 82 46 10
-1.687050 5.182297 -5.076221 154 69 7
-1.324901 8.262117 -4.450642 79 38 6
-1.089183 6.413141 -2.827757 182 143 124
-1.211425 2.331572 -4.814940 180 110 11
-1.183314 6.820348 -3.219765 181 158 150
-1.096449 6.350949 -2.742298 142 102 86
-1.420436 5.222820 -8.640267 255 255 255
-1.471579 3.780801 -3.549210 5 5 6
0.484623 6.244548 -3.148042 0 0 0
-0.892167 4.005991 -6.988651 255 255 255
-0.643208 5.158415 -4.711116 255 255 255
-1.253563 3.407493 -3.618115 231 155 18
-1.372498 2.825554 -4.256427 213 138 19
0.145794 2.691300 -2.645511 255 255 255
-1.006320 3.044374 -4.019454 211 120 16
1.382770 4.029544 -3.751375 237 167 122
1.494566 4.478286 -4.036584 184 83 7
1.821177 4.274896 -6.976271 125 73 58
1.536756 2.931427 -4.354027 110 110 131
1.237846 3.683917 -4.066563 231 187 164
1.331528 3.997262 -4.025332 236 178 154
0.694819 7.305179 -4.088560 86 88 100
-1.245480 7.279114 -3.853402 72 74 84
1.308228 2.869496 -4.251957 219 126 54
1.500709 2.958739 -4.209764 220 122 33
0.980155 2.548158 -4.647897 185 87 58
1.370326 4.021650 -3.641759 235 152 12
0.545149 6.351888 -2.784261 255 255 255
-0.759331 6.124011 -2.721240 19 19 21
-1.066768 4.995970 -1.865242 39 39 44
0.308614 4.585366 -7.157093 177 102 62
0.191436 3.090534 -4.635478 239 148 78
1.510333 3.111834 -5.082241 113 72 42
1.349163 4.007676 -3.758408 242 161 109
1.504387 2.863031 -4.362573 232 148 23
-0.738421 6.482214 -2.962291 127 127 127
1.221593 2.775855 -4.370469 212 120 50
-3.829809 9.645155 -7.372654 104 108 121
1.231817 3.308369 -3.810752 219 137 93
1.239219 3.301033 -3.799564 219 137 93
1.298640 3.306866 -5.716599 117 72 39
1.511906 3.159819 -4.997110 149 89 38
1.424455 3.408855 -4.710106 181 107 72
1.399769 4.043680 -3.649787 230 159 11
1.508501 4.743517 -4.257843 179 115 5
-1.457315 23.946987 -23.915796 98 58 11
-0.811681 6.399704 -2.899475 252 252 252
1.563439 3.173887 -4.908907 232 141 50
1.312815 3.973329 -4.082833 237 167 157
0.911320 6.536951 -4.153232 86 86 98
-0.172480 8.915530 -9.017292 175 89 4
1.466803 3.581249 -6.631603 218 192 178
-1.101655 2.236990 -4.858531 184 122 16
-1.165425 3.460287 -3.593673 228 145 19
-1.194875 6.357114 -5.421513 45 46 50
1.586289 2.686307 -4.743121 51 50 56
-0.159839 6.346251 -5.139865 75 76 85
1.453356 4.304241 -4.053521 255 255 255
1.315396 3.886935 -4.273673 233 178 146
-2.490275 10.852700 -7.468498 112 116 132
-1.097195 6.175982 -2.847633 255 255 255
-0.761671 2.334062 -4.799881 140 81 18
1.557761 3.180307 -4.921099 180 109 39
-0.481899 3.579106 -3.433966 205 93 23
-0.855540 4.789237 -1.722167 106 108 123
1.079140 2.599961 -4.541962 175 100 51
-1.324139 2.859152 -5.198705 240 158 11
-1.466748 3.047192 -4.747994 154 89 43
-0.354675 2.457159 -4.667562 169 103 48
-1.112926 5.429586 -2.203923 57 57 64
-1.649204 5.209393 -3.810160 86 88 98
-1.347766 2.357793 -4.975713 36 37 41
-1.133188 6.280975 -5.343003 5 5 5
0.532270 11.544217 -7.516208 85 87 96
-1.912521 6.656667 -6.513511 153 94 24
-1.990817 7.567877 -7.503471 255 255 255
-1.289321 7.569635 -3.727368 255 255 255
0.832012 3.576861 -3.494199 216 184 172
1.659914 7.232221 -6.774503 255 255 255
-1.540735 4.403396 -4.476924 255 255 255
-2.048045 7.519970 -7.482003 255 255 255
-0.785091 6.542264 -4.558074 97 100 113
-0.701780 7.250708 -3.587090 255 255 255
0.552453 5.105484 -1.762608 13 13 14
-0.408659 2.381787 -5.024785 190 118 45
-1.352303 6.687850 -2.831036 255 255 255
-0.464118 3.062320 -4.175812 202 116 28
-1.102327 6.412046 -5.218821 3 3 3
-0.597261 3.115791 -3.953509 227 141 14
-1.053273 3.279351 -3.766879 229 115 10
1.394404 5.470610 -5.034498 0 0 0
-0.950313 3.877200 -3.560402 12 12 14
0.757712 2.953341 -4.141803 222 141 78
0.690705 9.940986 -5.292200 59 35 14
1.594848 2.941795 -4.296102 191 114 48
0.860918 3.371731 -3.471576 252 210 186
0.550873 4.872410 -1.630634 255 255 255
0.798873 7.581577 -3.814114 45 45 51
1.476796 2.945172 -4.168750 199 114 34
-1.212591 4.390664 -4.681718 103 56 14
-0.155154 3.687734 -3.265658 229 140 50
1.598739 7.185145 -6.711056 255 255 255
-0.986110 4.705890 -1.658654 255 255 255
1.663030 7.549656 -6.910451 84 48 4
0.484237 3.693157 -3.285898 238 202 183
-1.326386 7.885357 -4.432037 255 255 255
0.525059 3.096412 -4.057218 215 133 94
0.526879 5.084738 -1.750531 13 13 14
0.300272 6.325201 -4.861996 57 58 64
-1.658936 6.423515 -9.947203 255 255 255
0.576399 5.169179 -4.890203 255 255 255
0.640843 2.917131 -4.180639 217 138 69
0.020056 4.789961 -1.656591 120 123 138
-1.404007 3.369047 -3.667879 206 111 18
-1.568569 4.984623 -5.017103 175 97 26
-1.853220 6.534490 -6.333992 131 64 7
-0.524242 2.338246 -4.813204 173 104 35
-1.356307 2.572007 -5.405478 151 90 60
-0.727060 4.116561 -3.883680 255 255 255
-1.677374 5.729506 -9.108301 127 71 25
-1.705927 6.189761 -6.168654 152 86 19
1.383341 3.936922 -3.331771 72 73 83
1.383341 3.936922 -3.331771 72 73 83
-0.717941 3.663085 -3.327154 215 128 17
-0.668973 4.145004 -3.939219 255 255 255
-1.749610 5.955714 -5.876739 150 83 15
0.361618 15.353892 -17.829443 255 255 255
-0.799288 2.247258 -4.867382 200 134 18
-1.271793 7.508469 -3.921726 255 255 255
1.119126 4.470840 -4.093358 255 255 255
-0.576090 4.105647 -3.960465 9 9 10
-0.544435 6.254899 -4.960826 87 88 100
-1.241736 7.311925 -3.619341 139 94 69
-1.627499 5.365221 -8.768525 0 0 0
-0.096881 7.115739 -4.691420 93 93 106
-0.511358 3.035549 -4.086995 201 115 30
-0.897127 3.364850 -3.671829 223 128 17
-0.730909 2.436470 -4.676428 184 99 27
-1.315650 3.307613 -3.728872 236 161 14
-1.211921 4.559964 -5.513464 255 255 255
-1.215985 3.062243 -5.089989 210 136 78
-1.463388 3.920540 -3.995353 178 116 19
-1.481163 5.432770 -8.934412 255 255 255
-1.856018 6.525158 -6.322174 130 61 7
-0.593959 2.806391 -4.286005 193 112 23
-1.164297 6.406951 -4.797692 99 101 114
0.399240 2.269980 -4.869818 198 173 168
-1.268357 3.623067 -3.358915 198 107 19
-1.914546 6.680316 -6.616162 255 255 255
1.146662 4.372477 -4.001638 255 255 255
0.366934 7.016096 -4.164404 78 78 88
-1.291596 7.709421 -4.150767 79 38 3
0.098982 6.073177 -2.907354 255 255 255
-1.387203 3.840632 -3.856056 5 5 6
-1.492462 9.892864 -5.577328 255 255 255
-0.445858 2.178562 -5.011166 182 102 44
-1.605905 4.774228 -4.660472 159 77 5
-1.783375 6.819849 -8.651489 132 68 15
-1.245493 7.036610 -3.400121 173 136 111
-1.726447 6.634714 -10.080032 255 255 255
-0.639318 5.721960 -9.286926 121 61 4
-1.077146 5.318645 -2.141065 58 59 67
-1.778209 5.744362 -8.621101 152 91 57
-1.077146 5.318645 -2.141065 58 59 67
0.411445 2.250640 -4.910351 209 180 170
-1.065619 3.218196 -3.828113 246 165 12
0.363930 5.305365 -8.706716 163 103 11
-1.809371 5.563860 -5.955185 154 87 12
-1.395117 4.555782 -5.362098 255 255 255
-0.921348 2.317595 -4.797421 197 129 14
-1.266789 2.698700 -5.724448 147 95 62
-1.412046 9.865719 -5.497475 146 106 83
-1.830088 6.893890 -10.617524 133 82 8
-1.294621 2.614644 -5.338063 60 29 6
-1.269243 2.291591 -4.839816 149 93 12
2.256480 5.945649 -8.880631 255 255 255
-1.293247 2.638491 -5.636557 179 148 127
1.566943 5.393849 -4.896717 167 98 7
0.753857 7.198510 -3.716479 0 0 0
1.742717 3.808372 -6.586357 201 164 143
-0.910941 5.376814 -2.058419 51 53 60
-0.329902 2.158141 -5.059934 50 51 57
-0.997298 6.097064 -2.725574 131 80 49
-1.849069 6.296033 -6.281066 142 80 12
1.383037 4.078939 -3.767968 54 53 59
1.529638 2.428841 -4.901775 167 97 48
-1.896444 6.687768 -6.440690 145 94 14
-1.409726 3.434592 -6.567427 178 134 113
-1.030098 6.845862 -4.639678 51 51 56
0.363906 7.985343 -5.495022 35 36 41
-0.699345 2.367231 -4.758902 184 107 27
-1.055760 2.901753 -4.174568 218 111 17
-2.128487 9.005043 -8.730136 77 41 6
-1.142607 3.439794 -3.592487 189 124 12
0.133898 2.161307 -4.934946 189 148 136
0.023007 2.309466 -4.798501 202 149 112
-1.352794 9.368461 -8.033180 51 28 9
-0.842126 3.431277 -3.604390 233 156 21
-1.350996 9.284392 -7.980876 51 28 9
-0.782315 6.872118 -4.320621 104 107 121
-0.246535 4.009874 -4.898028 215 126 28
1.948254 5.134936 -7.984696 128 82 6
0.521686 3.751143 -2.796729 115 118 134
-0.959946 4.789338 -1.731184 46 47 52
-1.051772 3.243681 -3.807570 250 159 14
2.167156 7.346450 -10.634018 68 35 6
1.874913 6.183502 -8.911084 255 255 255
-0.791709 3.100843 -3.986141 232 144 18
1.104293 2.648874 -4.499768 220 132 51
-1.122208 6.653666 -5.474865 122 78 18
-0.980538 3.076612 -3.982032 237 157 12
-0.996206 4.907102 -1.732067 68 48 42
-1.165920 7.443695 -3.737227 155 97 28
-1.705890 6.282027 -6.093265 115 66 12
-0.171454 2.670883 -4.443224 203 110 42
-1.286234 2.783672 -5.421156 211 138 9
-1.358359 3.094145 -3.959976 194 108 17
0.631145 5.115519 -1.854473 50 51 57
-1.286234 2.783672 -5.421156 211 138 9
-0.266876 4.083872 -4.092718 0 0 0
0.729851 3.756882 -3.265268 212 176 168
1.493422 4.672808 -4.487558 185 100 13
1.605488 2.373841 -4.921031 130 127 146
1.637361 5.392140 -8.449943 255 255 255
1.541152 5.185154 -4.677649 169 93 8
0.690425 6.082366 -2.437990 161 92 24
1.462400 4.586190 -4.268271 126 67 4
-1.500164 4.189808 -4.242567 148 62 5
1.928043 9.682234 -8.849846 74 37 7
-1.813243 6.142615 -5.963964 146 90 18
-1.554840 4.466501 -4.490975 158 73 5
-1.082628 5.021121 -1.877710 39 39 44
-0.395319 2.202346 -4.728886 183 105 45
0.611742 7.963998 -4.033088 255 255 255
-0.774426 6.217459 -4.978637 73 75 83
-0.607822 2.476900 -4.652167 202 129 23
-1.039326 4.946942 -1.814686 10 10 11
-0.607822 2.476900 -4.652167 202 129 23
0.741849 10.026349 -5.445096 255 255 255
-1.039326 4.946942 -1.814686 10 10 11
-1.661573 5.323883 -5.334699 150 105 6
1.487997 3.288413 -4.813937 152 90 56
0.660519 7.955245 -4.128985 67 36 5
-0.068545 5.682888 -9.125441 140 82 8
1.752117 3.723444 -6.409087 200 177 173
0.507716 7.209461 -3.835370 112 118 134
-0.917957 4.702021 -1.655372 255 255 255
-1.698017 6.801907 -10.879547 52 31 12
-1.471192 4.392506 -4.416247 152 86 17
-0.925928 6.506878 -2.943308 255 255 255
-0.640938 6.437595 -2.977465 31 32 35
-1.261369 2.626217 -4.474592 209 99 18
-0.909390 2.651673 -6.077917 199 124 17
-0.765957 2.385737 -4.744114 177 102 28
-0.141024 5.105518 -2.034420 57 59 66
-0.976012 3.483046 -3.547285 218 142 18
-1.363180 3.518321 -3.473759 211 136 16
-0.638050 3.201382 -3.848016 211 117 21
-1.547019 4.544955 -4.424203 169 114 5
-1.987999 7.521329 -7.330894 127 79 13
1.331481 3.515634 -3.498125 253 225 216
-0.045237 5.487269 -2.874053 125 128 148
-0.482191 2.921864 -4.162644 231 137 28
1.499239 5.120647 -4.629037 184 120 5
-1.519948 4.245351 -4.250072 162 97 8
-1.506067 4.328950 -4.382538 156 117 6
1.317062 4.423247 -4.351063 255 255 255
-0.858017 4.687734 -1.689414 38 38 43
-1.423866 3.221164 -3.831292 215 140 18
-1.277114 3.786848 -4.243361 237 154 66
-1.033708 4.916155 -1.812870 11 11 12
-1.330753 3.023239 -6.013937 180 150 137
1.262759 4.026672 -4.048358 255 225 181
-0.102251 2.338261 -4.808974 200 117 60
-1.178296 7.475605 -3.861206 250 250 250
1.617083 18.243231 -15.439285 167 135 119
-1.515370 4.961327 -8.475184 255 255 255
-1.453890 3.888600 -4.070833 169 99 21
-1.161302 2.592112 -5.695576 197 120 18
-1.297855 2.450206 -5.237046 28 28 30
0.976406 3.367007 -3.697053 223 172 155
-1.349009 3.088104 -4.965641 241 149 43
-1.331940 3.570930 -3.410238 203 129 17
-1.118926 7.355230 -6.245869 71 36 7
-1.474157 4.479276 -4.370378 152 95 12
-1.701459 5.448931 -5.330172 158 89 12
1.551258 4.709397 -7.139345 255 255 255
-1.920694 7.874120 -7.769877 255 255 255
-1.429927 4.170121 -4.092562 132 72 7
-1.136564 2.669504 -5.388186 148 77 12
1.331795 3.367661 -3.734837 207 142 109
-1.515039 5.411429 -8.821268 255 255 255
-1.139024 2.659804 -5.382666 148 77 12
0.427892 2.082775 -4.684092 246 221 215
0.521353 7.951743 -4.175501 255 255 255
1.132133 6.380467 -2.962651 0 0 0
0.519081 7.501574 -3.787645 86 89 99
0.729488 8.122569 -4.150812 120 73 9
-1.175411 6.140796 -2.564703 182 138 117
-1.696097 6.900634 -3.090748 255 255 255
-1.409509 10.777948 -6.293267 255 255 255
0.301753 2.298166 -4.863833 117 94 96
1.448731 3.067894 -4.062439 202 113 45
0.655798 7.018805 -3.283337 182 126 96
1.558057 2.315169 -4.886055 159 97 56
0.416316 4.994450 -1.721089 51 53 59
0.254425 2.688450 -4.438336 215 134 54
-0.164055 2.177497 -4.977749 197 124 47
1.684520 7.266259 -6.417764 255 255 255
0.690570 2.914138 -4.190235 228 125 68
0.414549 4.999388 -1.618659 255 255 255
1.365143 4.214049 -3.858074 0 0 0
0.218742 2.285743 -4.876945 197 166 152
1.049294 3.482737 -3.463367 219 191 181
-0.829804 6.676708 -4.044186 118 123 137
1.063098 2.457453 -4.706995 209 135 70
0.015242 3.339575 -6.183302 0 0 0
-1.037651 5.117396 -1.960310 10 10 11
1.536590 2.765220 -4.394856 240 163 26
-1.072307 6.518243 -5.435054 19 11 7
0.332885 2.607313 -4.519201 211 136 75
-0.168396 4.028894 -1.594260 44 44 49
1.331471 3.429065 -3.563032 236 189 163
0.379331 2.875811 -4.235673 225 125 65
-1.431923 3.764240 -4.214895 192 125 11
-1.155041 5.525529 -2.600810 54 55 62
-0.585018 4.124876 -7.265548 255 255 255
-1.066429 2.968420 -4.103392 225 160 15
1.421447 2.847086 -4.298574 221 122 25
-0.627995 3.519598 -3.508566 232 140 24
1.426532 4.171647 -3.745893 173 105 18
1.737397 3.458746 -6.131284 230 215 213
-0.240609 2.206893 -5.050314 185 100 44
1.437377 4.105530 -3.671970 255 255 255
-0.374482 2.235306 -4.917698 187 105 56
-1.389366 2.617122 -4.528522 68 69 78
0.676930 6.355510 -4.361476 39 39 43
-1.243891 3.045039 -6.109870 131 71 49
2.062789 6.248580 -9.352979 64 37 12
-0.289640 2.212666 -5.040066 204 135 59
-0.256128 9.363720 -8.116590 0 0 0
-1.085162 5.898547 -2.481639 141 86 51
1.176556 2.752644 -4.386639 238 141 61
-1.998782 5.749694 -7.619049 147 79 16
-1.733161 6.916358 -11.004337 52 29 12
1.557063 2.701265 -4.501163 225 138 38
-1.111049 6.347092 -2.883175 79 43 8
-1.852635 6.433049 -6.168900 141 83 11
1.785045 4.273221 -7.053759 191 148 126
-1.158833 2.726755 -5.382360 153 92 29
1.253311 2.749396 -4.726744 193 115 45
-1.224547 7.750289 -4.091769 255 255 255
-1.313679 2.627504 -4.474857 195 104 20
0.963671 3.521261 -3.542374 253 224 214
0.366486 6.388050 -4.806756 75 76 84
1.451218 3.795719 -4.212988 115 69 14
1.369624 2.279732 -4.874296 182 113 75
-1.409728 4.502946 -6.454048 255 255 255
-0.919125 2.337478 -5.055253 210 132 20
-1.194098 2.980052 -5.120717 220 135 79
1.376829 2.863613 -4.278633 209 134 30
1.417956 3.042120 -4.038003 207 118 43
-1.037083 4.651773 -1.653783 28 28 31
1.643596 2.406589 -4.976442 168 102 58
0.518599 5.714101 -2.122876 104 77 67
-0.821587 3.634551 -3.376744 212 114 19
-1.281447 2.128653 -5.085009 115 61 15
-0.251636 3.280235 -3.799470 216 100 34
-0.327759 6.455722 -4.772562 69 70 77
2.146612 6.526433 -9.544110 255 255 255
-1.366626 3.423282 -3.601623 206 113 21
-1.355745 9.507168 -8.082676 56 30 9
-1.500454 5.610055 -7.467158 0 0 0
-1.366626 3.423282 -3.601623 206 113 21
-0.159243 4.040741 -1.591865 45 46 51
-0.990154 5.929582 -2.466836 12 12 13
-0.793859 3.094080 -3.983642 233 144 18
-1.323573 2.725874 -4.504244 199 123 26
-1.321285 2.987302 -4.065459 217 102 21
-1.450638 5.157062 -8.598626 79 46 12
-1.364836 4.354348 -4.430663 255 255 255
-1.169992 2.773335 -4.317427 224 134 15
-0.725804 1.999043 -4.608140 0 0 0
1.611256 7.074922 -6.607116 255 255 255
-0.493564 3.433282 -3.606040 235 148 28
-0.889151 3.450023 -3.583269 202 112 21
-0.373757 3.664593 -3.356015 235 145 17
0.075745 2.923405 -4.173517 186 114 70
-1.367364 3.003500 -6.015314 109 58 24
-0.754332 6.024137 -2.675579 21 22 24
-1.227012 7.132343 -3.707921 255 255 255
0.386959 4.817643 -4.437036 0 0 0
-1.362428 2.615517 -4.444669 228 152 16
0.490447 3.663464 -3.481366 245 206 188
-1.677701 5.310780 -5.252952 168 97 22
-0.984257 3.098235 -3.957116 248 162 12
1.490722 5.178112 -4.742462 169 120 4
0.575621 3.165838 -3.918824 220 131 85
0.494260 6.289971 -5.073401 69 71 79
-1.325111 6.668731 -5.935139 60 61 69
0.286093 3.040312 -4.541198 230 135 83
0.682553 9.526044 -5.123872 83 48 11
-1.430894 3.607062 -4.234312 182 120 10
0.665466 2.684954 -4.428042 206 141 77
1.360336 2.301077 -4.871716 196 123 92
-0.967205 3.726878 -3.397244 45 46 51
1.248197 2.667361 -4.492118 240 165 41
-1.040035 2.860179 -4.215382 210 141 15
0.469686 3.840168 -3.316203 115 120 137
1.375550 2.364639 -4.822298 179 109 72
-1.012075 2.396581 -4.697904 197 114 18
-0.601512 6.700865 -4.504972 78 78 88
-0.974800 4.870232 -1.716471 67 47 39
1.703520 3.260601 -5.863939 242 214 202
1.898719 9.299554 -8.502168 94 56 4
-1.286163 2.694819 -4.382817 193 104 20
-1.099958 2.284373 -4.838787 181 94 11
-0.863214 4.901024 -1.774696 46 44 51
-0.218931 2.174411 -5.007508 186 106 47
-1.608783 4.872779 -4.831357 167 91 11
1.441200 3.345558 -4.765774 153 95 70
-1.899967 6.805830 -6.804406 255 255 255
-0.896331 2.733652 -4.369679 208 134 18
0.558126 7.582221 -3.737504 255 255 255
-1.239908 3.413399 -4.634727 246 175 111
0.421651 8.466189 -4.624956 255 255 255
1.616481 2.971929 -5.539276 254 236 246
1.276139 2.783439 -4.842854 211 128 53
1.628982 2.397947 -4.961846 168 102 58
-1.283874 2.119194 -5.123049 115 61 15
-0.734015 3.514664 -3.511769 214 95 32
-1.031508 2.860462 -4.234042 209 141 15
-0.390697 3.141963 -3.915642 235 147 30
1.601013 2.490940 -4.739369 139 135 157
0.494475 5.902298 -9.086885 255 255 255
-0.299958 3.265394 -3.794930 218 137 36
-1.067761 4.750062 -1.717578 248 248 248
0.960708 3.594904 -3.425547 242 212 211
1.220051 2.738461 -4.489835 212 129 50
-1.344357 2.410834 -4.930156 30 30 34
-1.251827 4.033835 -3.961817 4 4 4
0.993587 3.615669 -3.440572 250 222 220
-1.359275 3.045959 -4.003336 217 159 17
-0.786129 3.542811 -3.486705 233 151 29
-0.349918 3.425377 -3.616633 236 134 34
2.801676 6.298149 -10.127272 255 255 255
-1.522430 4.484401 -4.305910 176 106 24
1.648382 7.242953 -6.674532 90 48 6
1.338297 3.966350 -3.337278 51 50 56
0.052570 2.317756 -4.833410 223 160 121
-1.433535 3.262803 -3.763126 210 127 17
-1.187328 3.370674 -3.644859 210 105 15
-0.541489 3.001463 -4.079558 183 94 25
1.146900 4.035633 -3.443071 67 68 75
-0.932810 5.369761 -7.311915 0 0 0
-1.516859 4.464025 -4.349618 163 114 4
1.579549 2.468885 -4.708659 179 91 34
0.297393 5.569299 -8.327414 146 93 55
-0.349925 3.461154 -3.586158 239 154 29
-1.469856 3.695086 -3.966799 170 99 15
-0.110845 9.401385 -5.465097 255 255 255
1.466064 2.594885 -4.572545 204 105 45
-1.902824 7.325971 -8.810113 0 0 0
-1.257363 7.073178 -4.142535 89 93 103
-0.751477 2.302988 -4.850099 180 99 27
-0.181621 2.283034 -5.083587 136 124 124
-1.822322 6.914536 -7.023326 255 255 255
1.629717 2.924659 -5.342705 255 255 255
-0.281133 3.699826 -3.340284 225 130 29
0.657972 4.603738 -5.828499 16 16 19
2.167523 7.340254 -10.625645 68 35 6
1.550984 5.128997 -4.630650 176 89 10
1.611868 2.302697 -4.904486 171 101 50
0.618803 8.371059 -4.640075 255 255 255
-1.306311 9.180634 -5.070918 70 52 46
-1.472628 3.896968 -3.876342 114 50 5
-0.909390 2.651673 -6.077917 199 124 17
-1.315076 2.699666 -5.418903 153 95 12
-1.608589 4.711242 -4.658272 167 107 6
0.793607 4.782108 -6.095915 232 147 11
1.553714 3.108915 -5.159197 228 135 40
1.664028 7.335285 -6.830008 255 255 255
-1.161966 6.459738 -5.200397 111 70 20
-0.758176 3.400172 -3.638604 220 127 22
-1.174963 6.109792 -2.657089 145 97 71
-0.151438 3.864614 -1.557851 37 38 42
-0.955101 6.321182 -2.745139 50 51 57
1.063098 2.457453 -4.706995 209 135 70
1.156238 4.371731 -4.411370 233 186 163
-0.900939 4.811662 -1.962471 98 101 113
-1.321813 2.221246 -4.984801 114 121 140
-1.609992 5.231288 -5.136621 154 79 5
-1.037487 2.100424 -5.047021 138 123 121
1.820108 5.692942 -8.759863 255 255 255
-0.671528 2.597130 -4.515889 224 133 23
-1.582333 4.627364 -4.604583 179 108 27
1.456455 4.253232 -3.807497 172 80 5
-1.316186 3.652676 -3.376992 186 118 20
-1.033708 4.916155 -1.812870 11 11 12
-1.944552 8.371242 -8.294811 255 255 255
1.521825 3.040363 -4.224567 132 125 140
-1.243155 3.629123 -3.395476 192 113 18
0.511989 5.128311 -1.737735 16 17 19
1.401523 4.365754 -4.097417 255 255 255
-0.207249 5.206508 -2.468345 122 129 146
1.607064 2.447144 -4.792682 129 129 152
0.691164 10.120442 -5.506257 255 255 255
0.465717 6.407900 -4.830960 98 101 114
-0.539566 4.046386 -3.403892 255 255 255
0.398800 3.434894 -3.604743 227 170 142
-0.703915 3.834412 -3.527328 8 8 9
-1.607691 5.117654 -5.144129 171 103 15
-1.107440 3.602043 -3.419866 207 119 18
1.277134 4.110424 -3.752488 239 160 114
-0.046434 3.272617 -6.060214 0 0 0
-0.748926 2.298279 -4.852116 180 98 26
-1.336190 3.593870 -3.416034 198 125 20
-1.400268 4.374205 -4.290631 255 255 255
-0.813080 22.010389 -11.445465 158 81 11
-1.221883 3.185060 -4.853357 230 154 86
0.956196 3.774894 -3.262664 218 187 180
1.570108 3.044308 -5.078730 236 147 39
-1.723717 3.783901 -6.660836 255 255 255
0.691164 10.120442 -5.506257 255 255 255
-1.852635 6.433049 -6.168900 141 83 11
1.835020 5.292945 -8.369008 255 255 255
-1.532677 5.772136 -9.170488 255 255 255
-1.019977 7.339262 -6.192541 255 255 255
-0.351120 2.987626 -4.094893 234 145 20
1.206748 4.549667 -5.420206 80 51 34
0.380046 5.109984 -1.842223 53 55 62
-1.360013 3.364133 -6.523274 178 134 97
-1.077086 3.712604 -3.879779 0 0 0
0.891661 3.087944 -4.029600 181 111 67
-1.302979 2.224526 -5.207656 40 41 47
0.402146 6.313468 -2.581571 62 62 70
0.588939 6.900651 -4.331704 101 104 117
0.633660 8.295728 -4.209036 107 64 7
-1.481692 4.075103 -4.184925 255 255 255
1.207042 3.644803 -3.474825 255 225 215
-1.061958 2.181452 -5.047867 200 123 15
-1.245171 7.842706 -4.382599 255 255 255
-1.100726 3.166628 -3.881623 211 113 14
-1.465130 3.369419 -6.214422 255 255 255
-0.816931 3.221357 -3.827745 237 148 15
-0.754929 3.154032 -3.836778 201 105 15
1.723344 3.398815 -6.026108 231 211 204
-1.937932 7.096140 -6.889016 137 81 10
-1.700877 4.663390 -5.228274 255 255 255
0.479338 5.645860 -9.095843 255 255 255
-1.493669 4.057273 -4.062676 148 73 8
-1.159551 2.924281 -5.221207 213 139 63
-0.701559 3.211196 -4.117692 195 112 16
-1.302942 2.240295 -4.882367 117 59 16
-1.257336 7.547823 -3.995535 255 255 255
-0.806716 2.194468 -4.985075 206 115 17
-0.643052 2.180133 -5.077898 133 141 163
0.349802 4.747928 -5.150677 255 255 255
-1.354749 2.376941 -4.706288 66 65 71
-0.675466 3.746146 -3.371254 55 57 63
-0.327679 6.459285 -4.773141 69 70 77
2.150216 6.534637 -9.560209 255 255 255
0.824419 3.102494 -4.198803 197 120 72
-0.060751 2.658189 -4.472623 203 104 63
-0.419495 6.921222 -4.101221 62 62 69
0.668666 7.515581 -3.722957 255 255 255
1.212311 6.941215 -5.959573 22 22 25
1.575320 2.600087 -4.616701 192 127 63
-2.054116 2.940717 -0.869262 255 255 255
-1.814743 6.281169 -8.507205 151 73 27
-1.518532 4.458629 -4.334414 164 115 5
0.609985 8.958934 -5.915895 255 255 255
-1.823692 5.515238 -5.228161 255 255 255
-0.980538 3.076612 -3.982032 237 157 12
-1.330683 4.203250 -4.261051 255 255 255
1.570296 3.008806 -5.105618 231 139 35
-1.084062 2.468940 -4.672952 213 150 13
-0.137002 3.659347 -3.374683 221 111 47
0.552743 6.128162 -2.575047 61 61 69
-1.353784 7.820169 -6.121375 56 30 11
-1.271694 2.470866 -5.511083 255 255 255
-1.704599 6.745892 -7.943600 0 0 0
0.765169 2.568110 -4.949986 213 189 182
-0.348942 3.978369 -3.853591 223 143 12
-1.331232 2.454189 -4.657695 185 122 11
-1.122465 7.379846 -3.787358 213 213 213
-1.281173 3.287309 -3.749670 214 102 14
1.870892 5.131697 -8.220438 255 255 255
0.413872 4.998628 -1.697598 13 13 15
1.939101 5.813505 -8.743771 79 44 14
0.484226 8.272427 -4.454487 255 255 255
-1.472480 4.011811 -4.108162 110 63 20
1.311459 3.974461 -4.084983 237 166 157
0.501739 4.979405 -1.658086 117 72 18
-1.097437 3.348638 -3.691925 214 125 13
-0.733674 3.515240 -3.511240 212 97 32
0.028666 7.456577 -3.809345 60 61 68
0.618668 6.427241 -2.725952 181 124 92
-1.086617 6.198462 -4.938956 130 135 155
-0.432492 3.544156 -3.347503 242 152 18
1.555674 2.402866 -4.951636 161 93 42
-0.550058 2.143440 -5.011109 179 104 47
-0.365639 3.689323 -3.273463 247 167 17
1.501716 2.640931 -4.528821 196 123 38
0.136592 6.841995 -4.397027 80 81 91
0.614381 6.320970 -2.780867 255 255 255
0.660527 7.352709 -3.679233 57 58 65
-0.167422 3.615567 -3.418620 243 121 38
-1.532917 4.476768 -4.501832 172 106 14
-1.337527 2.384613 -4.871329 100 104 116
0.787985 7.063742 -2.841928 255 255 255
-1.784702 6.105082 -5.947035 150 96 18
0.670371 9.447381 -5.066679 93 52 5
-1.255919 3.556402 -4.476043 244 164 84
0.357357 5.089218 -1.750192 55 56 64
-1.358763 5.676409 -9.336390 123 72 6
-1.104691 2.379831 -4.746561 201 102 15
1.353229 3.046257 -4.070841 218 135 39
1.619314 2.423254 -5.032051 60 62 69
-1.458995 2.767643 -4.958958 165 93 11
-0.157332 2.457812 -4.674697 238 154 49
-1.246713 2.697916 -5.487150 197 124 16
-0.688645 2.359734 -4.759865 174 95 26
0.544943 5.770749 -3.620861 255 255 255
-0.998513 2.134063 -5.010471 201 135 13
0.963264 5.139684 -5.101765 153 153 153
0.776859 2.243994 -4.853929 214 185 173
-1.327045 2.954404 -5.130150 240 143 12
0.484925 5.275860 -1.843863 59 62 70
1.416221 3.926631 -3.352745 52 53 61
-0.353562 2.702919 -4.404207 210 127 34
-1.083699 2.272485 -4.860332 192 101 11
-1.198805 7.558615 -3.983885 255 255 255
-1.522465 4.519588 -8.089059 255 255 255
0.389636 5.057678 -3.899435 255 255 255
-1.200006 3.141019 -3.906474 223 154 15
1.546617 2.986637 -4.402865 51 48 52
-1.806633 5.956963 -5.764308 158 99 29
-0.504009 2.303921 -4.835610 207 134 48
1.444783 5.353603 -4.824479 106 55 4
0.255739 3.788869 -3.321772 220 156 118
-1.287375 2.572383 -4.519841 175 80 19
-0.736674 2.400484 -4.735999 215 135 22
1.255599 6.732484 -6.048079 255 255 255
1.596778 2.791322 -5.202299 202 134 22
-1.223150 8.149035 -4.719886 255 255 255
-1.333310 9.578509 -8.208559 58 31 9
1.586802 5.452136 -4.957841 172 98 7
0.913382 1.947789 -5.293569 255 255 255
-1.391322 3.865759 -4.189467 166 97 14
0.141504 7.274278 -4.674749 55 55 63
-1.303396 2.235910 -4.878915 117 59 16
1.408356 3.045170 -4.080773 233 145 38
-1.049210 3.127903 -3.926277 234 164 12
-1.166253 6.086907 -2.732928 8 8 9
-1.546628 4.287632 -4.274350 165 110 6
0.737522 9.999313 -5.349546 68 40 14
-0.483323 2.919770 -4.161288 230 137 27
0.718033 7.465617 -3.757373 43 43 48
0.607935 7.215576 -3.921782 116 119 136
-2.086414 8.565570 -8.203402 99 60 14
0.539229 6.142685 -2.492000 143 88 19
-1.178469 5.048766 -5.467903 255 255 255
-1.266934 2.207047 -5.149435 95 99 111
-0.959932 6.186573 -5.061641 61 62 69
-1.663872 5.086167 -5.012068 156 74 6
-0.896757 2.732589 -4.375442 203 130 17
-0.674783 14.548702 -6.015925 255 255 255
0.861693 6.676457 -4.885723 137 79 40
-1.276546 2.425731 -5.187376 49 39 35
-0.801113 4.688741 -1.717960 118 124 143
1.589124 2.552026 -4.672875 140 132 136
-0.246753 6.191968 -3.022149 255 255 255
-1.222088 3.322101 -4.731238 240 162 93
-0.137002 3.659347 -3.374683 221 111 47
-1.382897 3.217768 -3.767004 204 121 21
1.073874 2.485206 -4.694657 195 121 60
1.539865 3.321308 -4.744748 226 135 31
-1.327600 3.771445 -4.233043 210 119 46
-0.994076 4.698128 -1.652018 182 182 182
-1.012895 3.115772 -3.948482 224 118 11
-0.990714 3.523773 -3.497605 226 129 24
0.691794 2.951738 -4.159577 225 148 75
-0.999499 2.187857 -4.737666 190 120 17
-0.736400 3.968524 -7.048422 255 255 255
-0.925557 6.621957 -5.479829 55 56 62
1.363490 2.333107 -4.857423 215 145 83
-1.275727 4.211809 -4.184424 255 255 255
-1.050087 3.471685 -3.896735 222 141 19
1.423514 4.118490 -3.831033 170 117 4
-1.012100 4.861941 -1.923309 116 118 135
1.038981 6.410888 -4.717628 255 255 255
0.070786 2.711412 -4.426166 204 122 75
1.022158 3.401658 -3.733397 222 180 158
1.910914 5.541418 -8.483019 69 34 8
-0.158525 3.336504 -3.714250 213 130 81
1.604627 7.046302 -6.575712 255 255 255
-0.532487 2.568464 -4.559337 171 101 41
-1.324161 7.904721 -4.078187 132 88 62
-0.358783 3.611278 -3.414209 247 155 20
-1.106846 5.440299 -2.214693 56 56 64
0.728252 2.508827 -4.929005 213 189 182
-1.654307 2.151117 -4.285220 26 26 29
0.626275 6.959713 -3.522638 255 255 255
-1.405445 5.046530 -3.701007 58 58 64
0.404334 6.568041 -2.839973 255 255 255
0.578040 6.392089 -2.773336 255 255 255
-1.642653 5.198539 -8.675315 103 62 12
-1.438923 4.144312 -4.227625 255 255 255
0.682365 7.266976 -3.557194 255 255 255
0.581388 1.896953 -4.696208 255 255 255
-1.001779 3.847140 -3.390599 73 73 82
1.275017 2.357981 -5.032026 40 38 42
1.671297 7.318213 -6.819099 255 255 255
1.419930 7.105316 -6.669015 255 255 255
1.439910 3.098392 -4.070774 209 123 41
-1.250127 3.535152 -4.510872 249 166 100
-0.875816 2.369266 -4.730241 199 124 18
-1.339188 2.603486 -4.517977 217 132 17
1.158512 4.095536 -5.061420 214 197 192
-1.189158 3.006883 -5.084059 216 150 72
-1.458410 3.495690 -3.516810 187 115 17
-1.343592 2.731405 -5.624588 127 81 20
-0.832881 2.394448 -4.754328 179 97 19
-1.737731 6.021151 -9.416371 255 255 255
-1.292839 8.166591 -4.762240 255 255 255
-1.256254 7.553650 -3.996819 255 255 255
-1.202935 3.045855 -5.044519 221 143 84
-0.621392 2.220321 -4.896002 170 103 30
-1.471205 4.091802 -4.061500 146 75 5
0.573618 4.886456 -1.591796 255 255 255
0.934717 2.271391 -4.934238 209 180 164
-0.986206 3.325004 -3.713996 239 158 14
-0.053184 7.350340 -4.664547 0 0 0
-1.877010 7.333102 -7.065798 108 59 8
-0.015687 6.190286 -4.888874 81 83 93
1.044471 3.600885 -3.330898 226 192 187
-0.897921 2.484373 -4.637166 224 139 14
-0.735669 4.704692 -6.866010 255 255 255
-1.167440 4.049081 -4.363083 210 128 46
0.357357 5.089218 -1.750192 55 56 64
-2.018109 7.572423 -7.423415 124 76 17
-1.220977 7.134984 -3.479068 173 135 111
-0.268910 2.330014 -4.813885 178 103 55
-1.436302 4.376678 -4.676898 151 94 4
-0.530450 3.415972 -3.624440 221 119 33
-1.014916 5.201934 -1.848263 55 57 64
1.629985 3.343130 -6.088924 244 205 205
-1.134837 6.414969 -5.381768 255 255 255
-0.957064 5.035715 -1.830866 28 29 31
0.258315 7.387399 -3.776622 48 49 55
-1.339840 6.869153 -4.023593 67 44 25
-0.624360 2.137906 -5.017381 194 106 43
0.582726 8.022631 -4.004897 112 68 9
-1.192573 2.448240 -4.654552 193 98 11
-1.862659 6.481523 -6.294467 143 89 19
-0.372042 2.247890 -4.915610 178 97 54
0.570564 4.964717 -1.694563 133 75 15
-0.239488 2.207285 -4.940448 198 112 51
0.572506 4.956826 -1.694332 133 75 15
-0.236921 2.211759 -4.941879 198 112 51
1.363853 4.290911 -3.916658 120 66 3
-0.953234 2.615358 -4.489326 201 117 18
-1.741982 5.966347 -5.754404 138 73 5
0.114723 2.249566 -4.907857 177 134 125
0.537735 7.290189 -3.509396 255 255 255
-1.160885 2.752395 -4.336567 203 110 17
-1.507143 4.228930 -4.131484 160 105 4
-0.739902 2.658112 -4.447530 215 134 29
-1.482510 4.137088 -4.027735 148 100 4
-0.806408 2.683656 -4.407529 201 110 26
1.349520 3.437480 -3.585861 242 193 168
-1.505245 4.339296 -4.386164 156 118 5
1.329028 2.893586 -4.237129 191 103 45
0.166715 2.607056 -4.526645 216 136 67
-0.144610 4.558799 -1.337831 137 140 154
1.387976 3.769650 -3.232838 221 199 201
-1.643903 5.655627 -9.186097 97 60 12
-1.306712 3.248932 -3.790125 232 148 14
-1.202452 6.708981 -4.514077 82 85 95
-1.209140 3.387167 -3.644647 225 147 16
-1.338495 3.224254 -3.831291 229 164 16
-0.698006 3.236988 -3.818655 230 152 15
-0.727563 3.030627 -3.782648 189 110 16
-1.041927 3.564049 -3.452566 229 151 18
-0.681073 10.870059 -7.950194 0 0 0
-0.361328 3.397289 -3.650808 223 117 38
-1.196875 6.666837 -3.442355 27 28 31
0.138453 5.201999 -2.756677 255 255 255
-1.312968 2.244657 -5.208838 69 72 83
-1.614885 4.927239 -5.847595 255 255 255
-0.994260 6.428479 -2.859117 188 188 188
0.908595 3.585217 -3.433528 228 199 186
-0.662116 2.917080 -4.155274 235 157 13
-1.896444 6.687768 -6.440690 147 101 13
-1.460420 3.313072 -5.540965 199 109 37
-1.258907 2.197527 -5.064382 111 67 16
1.100084 2.379676 -4.836857 170 109 66
-0.614104 5.097331 -2.280619 107 112 128
0.620898 7.887968 -4.062122 63 30 5
-0.916342 6.192791 -2.660670 55 55 61
-1.042495 7.089447 -5.849981 255 255 255
-0.250155 6.844694 -3.223720 56 56 62
0.683929 7.682103 -3.881513 255 255 255
1.799288 7.288957 -6.544340 255 255 255
-1.059550 5.239438 -2.092437 58 59 66
-1.082180 5.196302 -2.044629 58 59 66
-0.715551 3.671342 -3.348097 216 141 16
1.258231 4.154116 -3.758693 242 162 113
1.285983 2.892088 -4.161956 190 102 43
0.624766 8.049250 -4.270136 255 255 255
0.651211 7.351419 -3.640133 38 39 43
-0.404780 2.902884 -4.194863 215 128 21
-1.192535 7.564407 -6.464759 95 54 10
0.539772 4.997342 -1.719345 12 13 14
0.181521 4.114572 -3.850542 234 135 11
-0.467783 2.916219 -4.168664 212 133 27
-0.747478 2.345650 -4.785482 197 126 26
0.251836 3.419110 -3.640671 242 147 95
0.609759 1.967213 -4.748785 0 0 0
1.048163 6.768978 -5.617463 39 40 44
-1.003265 3.638247 -3.139251 0 0 0
0.197919 2.366895 -4.811794 171 126 105
0.673292 9.493212 -5.094924 79 45 11
1.240516 3.300220 -3.681074 216 145 103
-0.398688 5.115014 -2.293456 255 255 255
-1.457602 4.039351 -3.937852 135 71 9
0.252419 3.674056 -3.672880 246 184 155
-1.260409 2.196362 -5.040324 111 66 16
-1.019118 4.763745 -1.780618 34 35 39
0.072276 6.403323 -2.870775 10 11 12
1.314174 4.403729 -4.144990 255 255 255
-1.928308 6.300815 -6.139401 255 255 255
0.664759 6.923289 -3.376058 255 255 255
0.671042 7.682434 -3.872564 255 255 255
-1.169955 3.118981 -3.921568 218 136 16
1.472452 3.352556 -4.791992 155 104 70
1.467102 2.939300 -4.158324 192 104 33
-1.044461 5.418798 -2.231333 59 61 69
-1.599459 5.681601 -5.590098 144 86 10
0.333108 2.682505 -4.441383 184 109 55
0.642564 7.734829 -3.946743 87 41 9
1.913848 5.622306 -8.297562 0 0 0
-1.596832 4.666800 -4.619189 174 99 19
-1.550158 4.317439 -4.289455 175 102 19
-0.283444 2.174823 -4.982881 182 102 47
1.343959 2.702306 -4.431278 206 127 29
-1.137520 6.454912 -3.025443 59 60 67
-1.126069 5.486798 -9.136352 0 0 0
-1.489564 3.954051 -4.029305 104 60 20
-1.410118 3.725092 -4.313735 191 121 12
-1.144553 3.539217 -3.481815 205 136 17
-1.100218 3.347050 -3.683205 214 124 13
-1.234591 2.333355 -4.804976 172 109 14
1.377226 4.321921 -4.020325 255 255 255
0.872010 2.323083 -4.839386 223 188 171
-0.973823 3.484014 -3.555728 221 145 18
-1.282578 3.470238 -3.552216 236 169 14
-1.505392 4.050306 -4.161793 255 255 255
-0.657003 5.111056 -4.637002 255 255 255
-1.410206 7.076932 -6.481025 255 255 255
0.880892 6.838286 -5.503546 56 55 63
-1.076419 4.253502 -7.029776 255 255 255
-1.482476 7.492403 -4.163204 255 255 255
-1.123830 3.283377 -6.427747 255 255 255
-1.294510 3.129225 -5.712144 255 255 255
0.647831 7.673565 -3.856122 255 255 255
-1.057088 7.011247 -5.747602 255 255 255
-1.593761 4.979589 -4.800615 164 104 7
-1.328606 7.917758 -4.373560 255 255 255
0.394814 13.950700 -19.121323 149 92 19
-1.268609 2.657073 -5.361151 194 116 16
1.391958 4.353302 -3.892578 166 108 5
-1.164140 3.321407 -3.719514 203 110 12
1.403463 3.867935 -3.250077 100 101 115
-0.667865 5.004849 -2.077787 255 255 255
-1.518987 4.634530 -4.586816 164 96 6
-0.887409 3.401828 -3.632462 233 148 20
1.509000 5.720613 -5.147755 130 68 6
1.021799 9.816022 -8.196700 255 255 255
-1.234019 2.691025 -5.494586 185 114 16
1.259667 4.361341 -4.027668 255 255 255
0.502739 3.803053 -3.290157 70 70 79
-1.491894 5.456320 -8.969631 255 255 255
-1.187595 6.627399 -4.581012 98 98 111
1.507857 3.484081 -4.649413 179 110 13
1.013824 3.817708 -3.334436 221 194 183
-1.558151 4.315547 -4.278276 171 92 14
-1.802318 6.046100 -9.033276 255 255 255
0.647358 7.806497 -3.933749 255 255 255
-0.397461 4.444571 -2.891174 97 51 5
1.455645 4.643103 -4.213971 178 89 5
-1.915579 8.204302 -8.107279 255 255 255
1.401964 3.868324 -3.248776 97 97 111
1.146813 3.569014 -3.488368 224 194 184
1.394921 4.071875 -3.756396 198 121 16
-1.311968 2.201976 -5.179688 34 35 40
0.411607 2.306434 -5.082450 40 39 44
-1.176857 6.825467 -5.459085 255 255 255
-1.216665 2.843548 -4.233819 219 119 16
0.815970 7.075642 -5.416687 255 255 255
0.125218 6.835343 -4.376534 72 73 82
-1.222530 3.210301 -3.835057 239 147 15
-0.225221 7.220011 -4.409470 62 62 69
0.068371 5.851048 -2.861565 0 0 0
-0.978191 4.837580 -1.725938 117 75 56
-1.076912 4.844424 -1.787940 255 255 255
-1.379953 3.362675 -4.664186 238 155 11
1.480964 2.891197 -4.249222 215 138 25
-0.215201 4.509226 -4.636929 255 255 255
1.727860 7.311340 -6.882496 255 255 255
-1.577029 5.089182 -4.912617 164 105 15
1.206249 3.748827 -3.166778 255 254 255
-1.166928 3.638291 -3.376997 210 121 25
1.428981 4.475855 -4.204741 255 255 255
-1.223629 6.771390 -3.163145 184 164 156
-1.977367 7.309228 -7.241570 138 71 33
1.657412 5.145614 -5.634509 255 255 255
-1.311721 3.579771 -3.446911 213 138 15
1.068652 2.382442 -4.792301 182 102 62
-1.828344 6.482972 -8.600830 0 0 0
-1.541556 4.423542 -4.315595 156 74 5
-0.019716 2.449131 -4.721314 207 135 78
1.602849 2.814858 -5.190113 58 27 6
-0.350673 3.109134 -4.518690 218 133 24
1.498008 3.068547 -4.057859 220 120 56
-0.479438 5.034041 -4.792456 255 255 255
1.419718 3.415128 -4.606788 0 0 0
1.123374 2.676775 -4.473471 218 113 43
-0.687585 2.209669 -5.014608 180 104 36
-1.580798 3.911945 -4.339897 255 255 255
-0.926306 8.320941 -5.520558 65 67 76
1.655373 2.653987 -5.126394 255 255 255
0.380046 5.109984 -1.842223 53 55 62
-1.318190 3.081769 -6.188596 182 141 115
1.119956 3.551622 -3.503171 228 200 192
-1.144617 6.915964 -3.486248 255 255 255
-0.202842 6.743163 -4.323139 96 99 112
-1.311929 3.014316 -6.103905 182 111 100
-0.879696 4.899254 -1.776537 46 44 51
-0.473756 6.543307 -4.604888 97 98 110
-1.252237 7.674093 -4.049041 255 255 255
1.479363 4.702799 -4.398477 255 255 255
1.451690 4.338100 -3.999116 179 92 10
1.547658 5.676949 -7.166555 0 0 0
-0.670596 2.175373 -4.979123 186 102 39
1.319765 3.960325 -3.999274 255 226 197
0.820493 11.353154 -6.497897 74 40 7
1.745050 7.019486 -6.446090 131 77 9
0.172631 2.278796 -4.865992 157 125 116
0.618161 3.276961 -3.803429 206 94 72
-1.091045 2.216919 -4.924078 191 124 13
0.611333 3.168952 -3.919646 227 158 100
0.656881 6.719965 -2.941509 181 95 53
-1.271078 2.609211 -5.162660 175 104 36
0.192460 2.157779 -4.954437 206 171 149
-1.102314 2.392055 -4.794250 212 129 18
-2.669646 11.149752 -7.698236 46 47 53
-0.565009 3.228205 -5.088194 190 115 68
0.551278 5.223170 -4.587338 255 255 255
1.877718 5.608833 -8.480399 0 0 0
-1.190195 2.359324 -4.780092 199 136 11
-0.359125 2.257798 -4.894269 208 130 54
-0.492933 5.965632 -2.876828 255 255 255
1.395680 3.086223 -5.338167 109 65 37
-1.259345 2.166705 -5.037363 169 107 17
1.589893 2.486312 -4.762107 108 106 119
-1.402227 3.468673 -4.554746 230 147 11
-0.646559 2.268995 -4.862369 187 86 35
-1.821568 7.282023 -7.096526 67 33 3
0.705983 9.905231 -5.268260 70 42 12
-1.793590 6.982725 -6.974625 255 255 255
1.778511 7.033345 -6.519602 255 255 255
0.040829 5.021987 -2.181064 255 255 255
-0.769702 2.384376 -4.743837 170 98 27
-0.730538 2.362600 -4.770367 183 88 30
1.364952 4.105232 -3.582618 255 255 255
-0.764721 6.496265 -5.005017 0 0 0
-0.951885 2.550006 -4.575156 194 104 20
1.395972 2.333541 -4.855178 177 105 76
1.390137 3.805773 -3.200741 215 196 193
-1.264346 5.266991 -2.545911 0 0 0
-1.133445 7.497270 -3.909698 255 255 255
0.770699 4.070360 -3.502260 255 255 255
-0.516776 4.760451 -5.502222 255 255 255
-0.377754 2.393373 -4.741518 174 103 59
0.770699 4.070360 -3.502260 255 255 255
-1.895605 7.245242 -7.461508 91 48 20
0.246425 2.833754 -4.277510 206 125 48
-0.498478 2.364743 -4.765732 213 141 24
1.764310 7.253759 -6.732651 255 255 255
1.764310 7.253759 -6.732651 255 255 255
0.774877 6.970989 -4.255268 80 82 93
0.864677 6.761256 -4.020855 80 82 93
1.558607 3.114264 -5.038953 214 133 60
0.880240 9.376201 -7.622429 111 69 20
1.508751 5.403386 -4.829424 159 105 21
0.342825 3.342920 -3.727996 246 174 117
-0.949880 3.591017 -3.424257 186 103 19
1.552175 2.912111 -5.227912 108 63 28
1.130247 3.530580 -3.468652 229 201 194
-0.699294 5.901936 -3.030112 0 0 0
-0.699294 5.901936 -3.030112 0 0 0
1.945255 5.859802 -8.881759 75 38 7
0.631037 5.018461 -1.666360 8 8 9
0.513078 4.879239 -1.602504 255 255 255
0.882497 4.019936 -3.437947 89 51 17
1.466688 2.843652 -5.344879 141 82 50
0.693147 7.490190 -3.762996 56 58 65
1.436510 3.826649 -3.460148 49 50 55
-1.014562 4.784431 -1.709086 255 255 255
-0.855230 4.659690 -1.621426 255 255 255
1.541994 3.274945 -4.839062 223 139 50
-0.602207 3.095119 -3.978687 225 134 17
1.779973 7.000588 -6.485636 255 255 255
-0.575704 2.706240 -4.397447 224 143 26
1.826043 3.341906 -3.785589 255 255 255
1.789574 3.212133 -5.645710 220 192 181
0.765686 2.724538 -4.404928 202 128 70
-0.513747 4.899325 -1.671556 255 255 255
1.320583 3.407864 -4.815408 94 60 38
-0.989858 3.656024 -6.069531 219 133 59
-1.332157 6.701886 -5.942948 29 28 31
-0.398339 6.909253 -3.863636 38 38 44
-1.195852 7.310915 -4.063129 36 36 41
0.382678 2.460019 -4.919132 219 176 164
1.965668 6.771128 -9.799337 255 255 255
1.394820 3.987347 -3.370384 54 57 64
0.644805 7.774183 -3.915336 255 255 255
0.669409 7.023574 -5.352890 140 84 52
1.581221 2.771457 -4.562400 41 39 44
-5.086398 4.740100 -7.129779 202 126 19
0.083544 7.481982 -3.807973 51 52 59
1.749590 3.851176 -6.467514 142 113 94
1.333676 3.974406 -3.820711 236 175 124
1.329036 3.986055 -4.050124 255 223 188
1.329036 3.986055 -4.050124 255 223 188
1.427362 3.743265 -4.340670 234 175 121
1.445074 3.571528 -3.684152 134 132 149
-0.392577 3.648078 -3.382007 250 156 19
1.614485 6.313771 -5.666982 121 67 7
-1.056377 4.653799 -1.695457 255 255 255
1.971988 5.478060 -8.427907 116 60 6
1.473595 3.398848 -4.482147 204 123 74
-0.306357 2.407676 -4.734708 200 113 47
-1.006788 2.550343 -5.136300 186 114 24
1.089804 4.300669 -7.216553 255 255 255
0.199551 5.632460 -2.158048 56 58 64
-1.433841 6.571586 -3.540873 0 0 0
-1.433841 6.571586 -3.540873 0 0 0
1.081944 3.128944 -3.970091 225 153 96
-1.606373 6.767711 -9.862303 145 101 80
0.681858 7.666951 -3.988299 63 49 53
-1.003795 6.653329 -4.454326 57 58 65
0.522656 7.365631 -3.947247 118 122 139
-0.786087 6.983629 -4.180333 97 101 116
-0.799473 6.656382 -4.627328 121 127 145
0.660418 6.209301 -2.620226 43 45 50
1.515712 3.070231 -4.367171 55 52 58
1.747954 5.430938 -8.420859 255 255 255
1.747954 5.430938 -8.420859 255 255 255
1.252356 3.123197 -5.318434 49 49 55
1.600454 6.356880 -5.724093 118 62 6
0.846513 6.776956 -4.774992 127 87 60
0.836940 6.766825 -4.864631 120 72 42
1.784703 4.023708 -6.665398 148 117 92
1.587148 2.367469 -4.933514 156 97 57
-1.165244 2.877841 -4.197440 230 150 14
-0.156230 7.391688 -4.561010 69 71 79
-0.906033 4.203412 -7.227561 255 255 255
0.406525 4.991291 -1.688994 13 13 15
1.449247 7.226155 -6.552397 90 51 5
-1.985262 7.630520 -7.583380 255 255 255
1.321327 4.222655 -3.725817 168 98 15
0.946331 9.676777 -7.964000 70 38 7
-0.460950 6.155438 -4.333377 113 117 134
-0.584229 6.828496 -4.372003 87 88 101
-0.174451 3.843422 -1.589031 0 0 0
0.542991 3.925962 -6.475152 0 0 0
0.542991 3.925962 -6.475152 0 0 0
0.852758 6.805950 -4.628231 135 78 49
1.564036 2.587343 -5.190513 255 255 255
-0.980680 6.240512 -2.833427 143 82 4
-0.223085 2.955441 -4.133695 247 144 32
1.628348 5.858474 -5.324961 169 115 4
-0.353242 11.002340 -9.416597 175 106 23
1.516240 2.968071 -5.393022 203 130 23
1.376515 3.577629 -4.551823 225 151 92
0.506129 6.990680 -4.241131 117 123 140
1.393425 4.039741 -3.682065 210 103 9
1.408995 2.591322 -4.576760 187 107 64
0.569191 6.351508 -2.735305 255 255 255
-1.124059 7.058190 -3.484725 141 88 4
-0.941860 3.157401 -3.893231 226 119 19
-0.941860 3.157401 -3.893231 226 119 19
-0.976118 3.606290 -3.390495 192 114 20
-1.199524 3.437399 -3.549680 216 125 23
1.177298 2.704778 -4.441732 221 134 45
-1.077307 3.419222 -3.607023 219 125 16
0.526831 2.388360 -4.752794 217 184 169
1.171237 2.707790 -4.441680 226 141 48
1.341933 3.514585 -4.596249 226 139 65
-0.725369 2.192871 -4.950402 216 124 26
-0.766583 4.977949 -3.143609 255 255 255
0.596780 3.047595 -4.807323 202 123 74
1.300917 3.883285 -6.244760 255 255 255
0.988030 3.373414 -3.689990 242 202 176
-0.792987 2.023532 -4.681775 180 105 17
-0.792987 2.023532 -4.681775 180 105 17
1.625279 2.664660 -5.264071 225 223 223
1.537829 3.000731 -4.413209 51 49 53
1.367215 4.057147 -3.660046 234 152 12
-1.270378 2.117506 -5.057001 137 79 15
1.690841 7.333759 -6.759656 128 76 7
1.631958 7.657380 -7.143003 255 255 255
1.385807 4.111926 -3.850586 239 164 120
-0.461861 2.495733 -4.626840 194 109 32
-1.111356 2.155146 -4.987227 196 114 16
1.383690 3.840763 -3.232240 225 202 201
-1.158134 2.817328 -4.275077 236 145 19
1.518581 3.172986 -4.955520 163 88 29
1.384703 3.193289 -4.944641 208 128 40
1.560350 2.297183 -4.905267 164 93 64
1.468312 3.939473 -4.115822 152 90 16
1.379671 4.015729 -3.720158 170 81 6
1.521659 3.191525 -3.782426 235 163 110
1.292372 2.495569 -4.666617 194 100 41
1.291167 2.497568 -4.669188 194 100 41
0.672658 7.453629 -3.574939 176 112 74
0.508413 7.083061 -4.120579 120 126 143
1.231107 3.201126 -3.904943 242 166 108
1.185950 3.809982 -3.225425 237 211 206
-1.443262 3.367009 -3.670457 140 90 10
-0.975979 2.437434 -4.679348 232 150 16
-1.643566 3.945441 -4.454982 255 255 255
0.192283 2.695897 -4.423834 222 149 62
0.564237 5.316879 -1.926659 11 11 13
-1.031061 6.243831 -5.093272 55 56 62
-0.979273 2.750852 -4.336580 209 102 12
-1.025717 2.838161 -4.234869 230 152 17
0.665638 3.748234 -3.495881 226 194 176
-1.354304 9.523561 -8.098020 56 30 9
-1.198319 2.605439 -4.498102 186 94 15
-0.494808 6.574321 -4.642190 77 76 85
1.554969 2.320740 -4.886780 154 94 53
-0.285403 2.172838 -4.988271 179 84 42
-1.248044 2.674073 -5.451399 220 125 16
0.788706 2.356654 -5.021532 243 219 215
1.435808 3.247137 -3.855804 223 139 80
1.278006 3.536029 -3.489329 252 229 223
-1.205209 7.499459 -4.293733 99 52 5
-0.507650 3.211821 -3.846989 222 125 28
-2.064560 5.929883 -6.080257 141 91 31
-1.363726 3.860392 -6.888369 255 255 255
-1.146712 6.313816 -5.097518 8 7 9
-1.341233 2.543701 -4.569626 206 127 14
-1.144484 7.543738 -4.274428 82 83 95
-1.382052 2.743684 -4.383996 28 28 31
-1.228696 3.163980 -3.890292 216 108 12
0.601381 4.847548 -1.614551 27 28 31
-1.448498 3.911305 -4.082895 168 97 21
-1.182309 3.109427 -3.945586 224 149 12
-0.372520 2.207323 -4.948506 177 91 41
-0.676872 3.224248 -3.839683 213 113 15
-0.350892 3.509089 -3.526053 227 118 37
0.647812 7.574030 -3.825156 48 49 55
0.133443 2.778445 -4.333061 220 141 85
1.008129 2.915750 -4.206649 220 139 53
-0.900563 2.813459 -4.272476 209 132 15
-0.909543 3.141656 -6.365275 0 0 0
1.389921 2.859240 -5.180194 64 62 70
0.145536 7.618861 -3.954056 41 41 46
1.542768 2.597499 -4.617511 216 132 28
-1.033162 4.800305 -1.765123 0 0 0
1.379411 4.019492 -3.826424 242 176 117
1.379411 4.019492 -3.826424 242 176 117
1.472453 3.247785 -3.821293 239 162 107
1.619889 2.422459 -5.024791 58 59 66
1.534784 2.311133 -4.907386 168 101 57
1.462600 3.048006 -4.694798 50 50 56
0.659593 8.011750 -4.302361 255 255 255
0.185935 6.711476 -4.320122 83 84 96
1.574369 2.582642 -5.196061 255 255 255
1.408957 3.437196 -4.705101 208 137 88
1.368382 3.320967 -4.809957 191 120 57
-0.851963 2.124850 -5.029333 189 109 21
-1.340043 2.995513 -3.968738 208 123 30
1.554735 2.831267 -4.447178 127 129 149
1.437701 2.556835 -4.606313 194 100 55
-0.715014 2.621330 -4.486280 206 121 28
-1.003195 4.751471 -1.767611 30 30 34
1.355069 2.538541 -4.633328 221 138 37
1.009941 2.916615 -4.206653 225 143 53
1.391484 2.860568 -5.182240 59 58 65
-1.012595 7.588142 -4.281762 59 59 67
1.061991 4.023186 -3.508390 225 205 201
1.004208 3.349500 -3.667965 241 201 180
0.673291 4.134741 -3.365693 49 50 57
-0.203304 3.911062 -1.641786 40 40 45
0.869457 3.898339 -3.325521 240 203 196
1.499028 3.168104 -4.980288 164 99 31
-0.248285 10.028828 -7.305929 255 255 255
1.451940 3.258861 -3.915314 239 152 98
0.634212 6.857708 -3.076387 183 152 141
1.706412 8.112310 -7.603270 138 78 4
1.416946 3.305314 -4.836540 150 84 46
1.346434 3.451378 -4.666468 216 144 85
0.852896 2.578184 -4.579903 191 121 89
-1.004716 3.045939 -4.020577 214 149 15
1.510376 2.896032 -4.909420 162 113 44
1.372143 3.256424 -4.880226 211 141 36
1.403010 3.501179 -4.630101 221 142 67
1.568664 2.740399 -4.534451 129 126 148
1.488069 2.528944 -4.655210 182 107 37
0.687185 5.697830 -2.266774 53 54 61
-0.116602 2.722610 -4.378563 218 114 54
-0.992273 2.471278 -4.650123 224 142 18
1.089510 5.519257 -7.283195 255 255 255
0.512270 7.522816 -3.784571 93 95 107
1.718955 3.683850 -6.316396 182 161 147
0.485978 2.637267 -4.499033 214 143 104
1.314440 2.403153 -4.780677 214 135 59
0.937293 5.117802 -3.535764 97 100 115
-0.920210 3.590560 -3.815964 227 130 22
1.701784 4.048069 -5.951166 255 255 255
-0.285118 6.880793 -3.258885 255 255 255
0.496757 2.438082 -4.817535 227 194 184
-0.903747 4.953132 -1.860228 53 55 61
-0.715091 17.500328 -9.191423 61 32 7
1.981423 5.452269 -8.602121 255 255 255
1.611796 2.447080 -4.796488 121 120 142
1.283230 4.800461 -4.365697 21 21 23
0.722032 7.162727 -4.152821 67 67 75
1.380891 4.071561 -3.761580 169 82 5
0.694852 7.322440 -3.942091 71 71 80
-1.059273 3.410858 -3.607526 223 131 18
1.738013 3.157545 -5.671414 117 77 60
0.481508 7.273324 -3.929037 104 108 122
-0.590102 3.377833 -3.666409 238 142 31
-0.896198 3.090319 -3.970618 245 154 15
1.694916 3.408391 -5.956321 120 90 75
1.533035 2.886504 -5.283955 126 71 41
1.602413 2.742603 -4.745797 144 88 52
1.584234 2.579935 -4.651208 106 102 111
1.416028 3.413226 -4.720737 172 104 86
1.397452 3.370166 -4.663988 205 142 99
1.248416 2.445873 -4.728693 194 112 69
1.311663 2.789920 -4.349929 232 142 42
1.450149 4.162235 -3.771110 178 113 5
-0.093605 2.189821 -4.973767 230 154 94
-0.954588 2.476619 -4.645290 204 122 18
-1.161376 2.271615 -4.870633 181 114 10
-0.185628 2.712589 -4.398408 231 138 42
1.005821 2.855697 -4.275301 229 142 66
-0.781837 3.073519 -3.991817 233 145 19
-0.055360 2.502765 -4.643185 236 148 74
1.120345 5.254542 -4.264771 58 59 67
0.106831 2.958121 -4.140758 214 133 74
0.094559 3.363968 -4.873552 0 0 0
1.307392 5.439393 -5.830371 255 255 255
-0.209061 1.912836 -4.294302 198 110 27
-1.058347 7.655596 -4.308656 66 67 76
0.896376 6.977578 -5.284868 255 255 255
0.465586 3.677521 -3.482129 244 205 190
1.285242 4.178741 -3.619220 51 51 57
-1.028504 6.600076 -2.931309 255 255 255
1.941234 5.521685 -8.287326 255 255 255
1.475829 3.351206 -4.790906 155 104 70
1.409775 3.351203 -4.705733 198 136 89
1.336019 3.597166 -4.559122 231 154 98
1.477330 3.183629 -3.965899 234 155 98
1.348917 3.997573 -3.889839 241 179 133
0.336295 4.278296 -3.432212 103 105 120
1.826348 4.256015 -6.988804 166 125 94
1.569937 2.563547 -4.618556 210 129 26
1.355805 3.354437 -3.759735 244 175 120
-1.750829 6.461735 -8.984383 93 56 35
-0.740497 2.411572 -4.718380 213 129 25
-0.394580 2.619218 -4.494344 230 139 33
-0.889216 2.252177 -4.894566 200 132 12
-1.016917 2.240920 -4.898046 203 138 11
-0.391725 6.606680 -8.644878 255 255 255
-0.668502 4.610829 -2.048082 0 0 0
-1.138593 5.111597 -3.756440 83 85 95
0.174407 2.252762 -4.901510 168 137 131
0.595997 5.013012 -1.718236 42 43 48
-1.397255 5.326841 -4.887213 255 255 255
0.369788 6.359120 -4.339829 93 96 108
1.053033 2.267171 -4.917396 189 135 113
-1.119815 3.236410 -5.947891 255 255 255
-1.243021 2.416615 -5.398187 255 255 255
-1.120111 6.349166 -5.377684 5 5 5
-1.650891 4.250017 -4.270833 169 93 10
-1.438987 3.870316 -3.918226 118 72 4
-1.196328 2.977242 -5.119174 220 136 76
-1.225631 6.866697 -4.302477 101 104 117
-0.300396 2.155544 -4.982851 184 108 52
-1.043407 3.313531 -3.737387 220 133 11
-0.625793 3.986588 -3.440361 255 255 255
-1.819470 6.273283 -8.482087 157 79 32
-1.319591 2.583922 -5.476031 146 75 45
-1.201489 2.587954 -5.358357 125 70 27
-1.146232 2.107282 -5.058040 160 90 12
1.013397 2.488369 -4.674876 166 113 75
-1.917605 7.902081 -7.792926 255 255 255
-1.292903 2.092279 -5.066601 121 64 14
-1.052012 6.544798 -5.395694 9 9 10
-1.052012 6.544798 -5.395694 9 9 10
-1.381440 3.362302 -4.663331 235 151 11
-1.501773 4.046069 -4.023974 145 75 6
-1.206963 2.606369 -4.487998 182 90 17
-0.709038 2.123168 -5.012373 164 91 39
-1.548547 11.018299 -6.546426 61 30 7
0.479938 2.637712 -4.499164 220 145 105
-0.572475 3.579086 -3.331052 219 127 14
-1.045389 5.295745 -3.870480 83 84 94
-1.868030 7.054479 -10.863298 72 41 11
-1.411783 3.318625 -3.730728 199 123 23
-1.869777 7.065093 -10.874959 72 41 11
1.106739 2.292085 -4.915202 216 144 107
0.143080 6.969063 -4.254681 88 89 99
0.504456 2.592960 -5.335387 133 74 17
0.757125 3.736206 -3.260514 211 180 170
-1.137151 2.318436 -4.802889 180 110 11
-1.338547 3.833741 -4.162631 227 130 24
0.614560 7.162342 -3.327316 118 79 48
-1.307733 2.207665 -5.187111 34 35 40
1.704382 3.625269 -6.367575 222 190 178
-1.328815 3.915730 -4.112689 211 125 29
-0.719335 2.573833 -4.533989 196 112 30
-1.411530 3.821140 -3.953367 199 117 22
-0.719592 2.574966 -4.535903 196 112 30
-1.304358 3.122338 -4.980391 176 102 15
-1.152252 2.570381 -5.403100 154 88 26
-1.304358 3.122338 -4.980391 176 102 15
-0.869766 2.118726 -5.021716 207 129 18
-1.350440 2.475079 -4.673059 49 50 55
-0.117353 2.211089 -5.044859 139 149 175
-1.510122 4.023887 -4.011567 145 77 6
-1.184525 2.294428 -4.822287 194 119 12
0.169777 2.606508 -4.523733 209 131 68
-1.031417 2.650207 -4.446437 211 143 12
-0.400243 15.946430 -11.908071 0 0 0
-1.031417 2.650207 -4.446437 211 143 12
-0.086702 4.678276 -3.407104 0 0 0
-0.063057 2.648088 -4.473634 203 104 63
-1.219942 7.986701 -4.522057 153 153 153
-0.458552 2.930730 -4.143592 226 143 35
0.949540 6.104388 -3.062855 0 0 0
0.377718 3.142936 -3.945251 231 127 78
-2.087206 2.980654 -2.832362 51 51 57
-0.847971 3.218241 -3.833863 230 117 17
-0.208974 2.451987 -5.208912 190 111 48
-1.054121 3.281079 -3.766076 230 119 11
-1.385997 5.469191 -4.873714 34 26 7
-1.266075 2.834853 -5.870080 183 135 108
-1.528675 4.877491 -4.926551 255 255 255
-1.295807 2.091113 -5.057238 124 66 17
-1.278947 3.410595 -4.628563 246 156 97
-0.809118 2.127084 -5.019464 200 84 21
-0.039579 2.186004 -4.974031 206 133 78
-0.977475 2.179646 -4.962679 205 100 21
0.240755 2.209376 -4.964053 176 146 134
-1.091045 2.216919 -4.924078 191 124 13
-1.214450 3.224340 -3.846259 238 152 14
-0.000065 2.274289 -4.879152 199 131 110
-1.318174 2.784281 -5.392377 139 84 6
-0.339901 2.245517 -4.902133 198 98 49
-1.272541 2.486421 -4.633883 194 134 10
-0.505654 2.301292 -4.835042 212 138 48
-1.101088 6.399296 -5.234725 6 6 7
-0.705705 2.278744 -4.858505 207 130 30
-1.425595 3.689997 -4.311829 201 126 14
-0.844611 2.265640 -4.869762 218 153 11
-1.286163 2.694819 -4.382817 193 104 20
1.329897 2.280882 -4.909886 208 137 104
-1.467156 3.911230 -3.882687 113 49 4
1.395968 2.331310 -4.855199 177 105 76
-1.257421 3.407276 -3.614920 229 152 19
0.983187 2.327439 -4.849479 191 142 130
-0.432395 3.224113 -3.814026 229 143 27
-0.341831 2.401178 -4.729799 174 101 61
0.246425 2.833754 -4.277510 206 125 48
-0.591705 2.392546 -4.735342 220 156 18
-0.126759 3.345445 -3.710511 232 146 71
0.662209 6.220596 -2.640841 45 46 52
-0.937301 2.420009 -4.701177 189 96 16
-0.748405 18.266800 -9.262944 0 0 0
0.716409 6.497549 -5.130351 20 20 23
0.324045 2.426640 -4.725031 219 161 105
-0.477255 2.209582 -4.958999 184 95 39
0.745603 11.204415 -6.437223 60 29 6
-0.001232 2.409855 -4.729321 228 158 94
-0.388602 2.323155 -4.818697 214 138 60
0.746573 11.203399 -6.435639 50 24 5
-0.001232 2.409855 -4.729321 228 158 94
-0.392210 2.324579 -4.814547 214 140 60
-0.906003 2.195576 -4.952907 212 130 17
-1.200535 2.466751 -5.204636 87 91 102
-1.252659 2.490020 -4.619491 197 80 12
0.276480 7.508367 -4.102750 32 32 35
-1.078688 7.790475 -4.199667 255 255 255
0.008292 2.479310 -4.656803 203 108 74
-1.917374 7.537289 -7.373200 142 80 32
1.332919 3.821886 -3.365598 232 215 217
-0.320489 2.510749 -4.614498 219 142 43
-1.064888 3.673025 -3.415062 213 126 20
1.031529 2.581882 -4.614448 165 103 63
-1.614465 5.147162 -5.006927 97 55 6
-0.092659 2.563633 -4.563361 200 100 56
-1.282641 2.218195 -4.914325 121 66 14
-0.902524 5.041397 -1.618050 0 0 0
0.040423 7.342031 -3.675636 121 122 142
0.462736 2.600486 -4.540796 219 127 82
-1.261704 3.301420 -4.767315 242 160 101
0.053924 11.584744 -28.130177 255 255 255
0.297814 2.605902 -4.537064 204 111 73
-1.604046 5.579528 -8.886136 255 255 255
-0.993701 4.954139 -4.667138 204 120 31
-0.267499 5.465779 -2.909199 130 132 146
-0.746239 2.614316 -4.497495 220 148 23
-1.204262 7.942544 -4.423809 255 255 255
0.363266 2.630702 -4.516361 212 94 54
-1.331235 2.935862 -5.250776 164 97 6
0.134540 2.641155 -4.506736 221 145 79
-1.169084 2.127427 -5.063462 171 103 12
1.512604 5.402446 -4.900058 156 78 4
-0.572537 2.706930 -4.399907 224 143 26
-0.816337 2.755476 -4.336100 221 143 17
-1.382988 3.610293 -3.386932 182 115 33
0.663801 6.250930 -3.008957 137 143 164
0.972408 2.677659 -4.467189 175 104 66
0.066598 7.247434 -6.374473 233 156 101
-0.101411 3.719785 -3.296742 234 156 53
0.319494 2.697604 -4.426191 191 99 50
-0.640502 2.273230 -5.314699 255 255 255
1.553403 2.401676 -4.989114 162 94 42
0.108361 2.794305 -4.319979 227 149 92
-1.212912 3.695825 -3.558108 144 87 10
-0.067254 2.783981 -4.321473 227 146 44
-0.397816 6.689034 -3.207777 255 255 255
0.855275 6.443425 -5.264529 31 31 35
-0.275251 2.839713 -4.258592 232 109 35
-1.023116 2.638639 -4.458568 202 131 13
-0.307722 5.468410 -1.988449 0 0 0
-0.328521 2.843992 -4.247537 211 87 29
-0.723667 2.440742 -4.692233 188 99 27
1.189631 7.602190 -6.830019 255 255 255
-0.727383 2.901272 -4.174710 233 161 13
-0.224209 3.210458 -4.516900 217 149 27
-0.994680 2.904979 -4.172165 218 124 14
-1.766623 2.741107 -5.201741 255 255 255
-1.072741 5.605547 -4.602504 50 51 57
0.534520 6.148768 -2.446436 182 114 37
0.021832 2.927488 -4.196578 218 108 46
1.443460 2.507562 -4.910003 181 108 63
-1.305482 2.672529 -4.458928 201 113 21
-0.944212 3.583674 -3.402962 179 101 20
0.991442 2.975488 -4.158430 222 141 58
-1.549661 4.978638 -4.554008 255 255 255
-1.665411 5.449314 -5.201645 0 0 0
-0.397419 3.035583 -4.042413 218 114 28
-1.067030 3.218812 -3.836886 246 172 12
-1.624640 6.007788 -9.061839 255 255 255
-0.972334 3.015236 -4.060324 234 154 13
-0.754801 4.168045 -3.458026 73 74 83
-1.352826 2.220718 -5.036238 27 27 30
-1.155041 5.525529 -2.600810 54 55 62
0.174286 3.119089 -3.969501 204 95 61
-1.249230 2.877638 -5.131096 230 134 61
-2.553361 5.999965 -10.830770 255 255 255
0.174286 3.119089 -3.969501 204 95 61
-1.304503 2.867180 -4.232240 187 108 25
0.938608 9.687207 -8.006608 102 58 8
-0.647988 3.183135 -3.878845 211 115 19
0.670955 8.256252 -3.895941 255 255 255
-0.626639 5.903383 -3.890901 53 54 59
-1.049343 3.198037 -3.851269 231 135 12
-1.245326 2.744061 -5.366713 146 91 38
-1.039744 3.454223 -3.573479 239 160 17
-1.178423 3.172576 -3.878175 201 94 11
-1.767089 5.638329 -9.043496 255 255 255
0.855608 6.448231 -5.269529 7 7 8
-1.278738 3.222911 -3.819543 229 161 14
-1.420170 3.056155 -4.855132 158 85 35
1.221040 2.736678 -4.398833 203 107 62
-1.278738 3.222911 -3.819543 229 161 14
-0.895279 3.443216 -3.580942 202 111 21
0.514314 5.128508 -1.732183 7 8 9
0.323645 3.196918 -3.895950 230 149 78
-1.531872 4.765965 -4.218440 88 92 102
-0.890056 5.655130 -3.715387 255 255 255
-0.305604 3.377826 -3.682664 217 100 27
-1.069142 2.984438 -4.087669 237 164 13
-0.888409 3.409932 -3.627129 234 145 21
-0.644499 4.398911 -6.810707 0 0 0
-0.432651 4.082984 -6.637934 0 0 0
-1.062124 4.792595 -1.733281 79 53 35
1.227548 3.350332 -3.687877 208 145 110
-0.428314 3.589762 -3.438123 229 156 24
1.560045 2.960812 -4.238679 195 108 46
0.527973 6.221300 -2.584399 161 100 18
-0.764834 3.562207 -3.461029 215 101 39
-0.871881 2.569160 -4.947774 208 127 23
-0.503324 6.000592 -4.087114 117 121 138
-0.402388 3.649871 -3.382131 243 153 18
-0.245659 6.806701 -3.230599 255 255 255
-1.715542 5.899888 -9.413973 60 35 15
0.424820 10.620686 -3.771186 223 127 59
0.885091 2.669354 -4.474439 204 127 83
0.753159 7.086890 -4.091494 68 68 75
-1.231073 3.247058 -5.649684 118 124 143
1.484494 3.505759 -3.160219 223 201 200
-1.430291 5.497519 -2.908250 255 255 255
-1.235992 7.927437 -3.867183 182 182 182
0.652999 6.225879 -2.634607 48 49 55
-1.070088 2.131159 -5.010269 200 120 15
-0.854869 5.001917 -3.077990 255 255 255
0.449373 5.451350 -2.023846 61 62 71
-0.508545 3.718094 -3.407601 222 136 17
0.406856 3.443277 -3.615031 248 189 155
1.856859 7.641428 -7.010084 255 255 255
1.935858 5.737872 -8.506236 255 255 255
1.574639 2.847411 -4.494505 50 50 57
0.160332 3.369481 -6.247653 76 45 16
0.216948 2.925475 -4.167696 207 131 68
-1.011582 4.683764 -1.751714 29 29 32
-0.090319 3.521831 -1.760351 0 0 0
0.610402 4.801366 -1.648840 117 112 129
0.039006 3.638361 -1.827581 255 255 255
1.262034 2.758443 -4.398885 239 142 54
1.262034 2.758443 -4.398885 239 142 54
1.346345 3.979501 -3.605729 49 49 55
1.865951 5.806092 -9.048224 255 255 255
-0.855137 2.208704 -5.152697 34 30 36
1.962776 6.289468 -9.176639 143 81 36
1.502097 2.969340 -4.167246 246 157 29
-0.783464 2.412502 -4.710531 185 95 24
1.448536 3.072888 -4.078755 237 140 47
1.399637 3.026093 -4.114662 238 153 36
0.904354 6.520683 -5.197778 255 255 255
-0.305556 2.585286 -4.536002 176 96 54
-0.116053 2.723378 -4.377125 219 116 54
0.098551 3.263213 -3.819106 222 133 86
-0.736871 2.145437 -5.018589 174 89 21
0.267954 2.653110 -5.434144 128 74 12
1.814436 7.269207 -7.397108 166 104 15
-0.546107 2.140070 -5.001560 187 109 42
1.461258 3.162899 -4.992981 169 92 35
2.072161 6.983457 -9.952091 53 30 9
0.124162 2.198046 -4.963620 210 164 135
1.575595 2.696470 -4.583371 129 135 158
1.550882 2.661989 -4.522952 217 151 39
0.550022 4.989951 -1.738548 139 77 15
1.531732 2.305217 -4.937382 114 120 136
1.427149 2.692970 -4.471203 229 144 27
-1.608432 6.007296 -8.955293 255 255 255
-1.268129 2.768066 -4.315547 212 139 20
-0.548926 2.582764 -4.533817 189 110 46
-1.444482 5.273520 -8.225471 58 32 9
-1.267425 2.769974 -4.316473 212 139 20
-0.644097 2.669220 -4.435933 223 140 25
-1.775975 6.865299 -6.888273 255 255 255
-0.217261 3.043777 -4.038756 239 147 32
-1.420000 3.027290 -4.064094 213 111 22
-0.919034 2.259098 -4.036009 202 128 22
-1.385955 9.252095 -5.156637 67 31 3
-1.385955 9.252095 -5.156637 67 31 3
-1.736137 4.232003 -5.518633 183 106 22
-0.966569 2.565877 -5.530975 105 83 82
-0.772813 6.885449 -4.321971 94 97 109
1.386456 3.080274 -4.075654 216 128 40
-0.970804 2.398067 -5.227421 196 106 13
-1.135042 5.355323 -4.878717 30 30 33
1.313430 3.810592 -3.310656 255 253 254
-1.221241 2.843324 -5.250720 207 126 70
-1.320440 2.843051 -4.216579 188 108 25
-1.328362 3.693755 -4.296705 243 154 98
-1.288139 2.636541 -5.458136 90 50 12
-1.287446 2.171962 -5.011781 122 61 15
-1.298933 2.137162 -4.982734 122 61 15
-1.446178 9.777418 -5.404539 97 59 33
-0.378440 2.185423 -4.974618 185 104 51
-1.849823 5.581068 -8.456586 154 92 60
-1.481273 3.817300 -6.963017 137 92 55
-1.288362 2.701413 -5.397112 214 131 16
-1.350864 3.124532 -4.919995 238 143 32
-0.906353 2.197413 -4.952762 203 125 16
-1.015483 6.818917 -5.665967 161 91 21
-1.279246 2.940315 -4.138673 202 120 14
-0.520525 3.591981 -3.429337 208 118 30
0.681901 7.523060 -3.721348 255 255 255
1.326430 3.563900 -3.446579 252 226 223
-1.253631 2.465719 -5.310203 180 124 29
-1.083380 2.408110 -4.711495 217 137 13
-1.409199 3.610785 -4.402854 212 132 16
-1.425770 3.688429 -4.310778 200 126 13
-1.331906 2.852129 -4.219590 196 100 24
-1.425242 3.714374 -4.275015 197 130 13
-0.660091 2.720281 -4.375388 225 145 28
-0.766897 2.788255 -4.301072 207 119 17
-1.231360 7.869709 -4.090895 87 50 8
-1.242271 7.844343 -4.093177 87 50 8
-0.924385 3.454897 -3.574406 231 149 17
0.360214 3.014854 -5.793837 69 36 18
1.974880 5.436979 -8.401947 146 96 9
-0.009248 5.104743 -2.075205 57 59 66
0.552704 8.295431 -4.185150 85 44 7
-0.948411 4.869563 -1.822484 52 53 59
-0.948411 4.869563 -1.822484 52 53 59
1.741578 7.903144 -7.260886 116 71 17
1.388085 4.774992 -4.006315 34 34 39
1.092303 5.389152 -4.854969 255 255 255
0.462321 7.561233 -3.684703 255 255 255
1.801977 8.042435 -7.541883 255 255 255
-0.970318 21.738026 -10.024995 0 0 0
-0.622845 9.630031 -6.968038 146 79 19
1.911081 5.657903 -8.440300 255 255 255
-0.536610 2.994808 -4.081360 196 118 28
-0.535358 2.993950 -4.081235 196 118 28
2.022719 6.162995 -9.078847 255 255 255
0.895439 2.999685 -4.113357 196 116 79
0.895568 2.999766 -4.113519 196 116 79
1.569128 2.869152 -5.285764 195 122 31
1.586488 2.622223 -4.642065 126 122 145
1.491433 3.402883 -4.754008 160 97 19
1.491781 3.403175 -4.755206 160 97 19
1.441510 3.279317 -4.713113 185 135 97
-1.708549 5.782483 -9.317045 126 73 20
1.458332 4.250800 -3.898203 175 104 4
0.471837 8.604436 -4.479828 255 255 255
0.882533 3.100618 -4.000639 206 124 77
0.638875 7.123175 -3.301044 181 126 97
-0.382239 2.855789 -4.236901 231 133 33
-1.269720 7.309661 -3.875540 63 64 72
1.532401 5.762546 -8.958692 147 83 7
1.702967 2.939645 -5.434633 113 69 43
1.730171 7.113103 -6.533248 132 86 4
1.479461 3.782747 -4.277268 186 115 11
1.469638 3.874181 -4.176489 181 114 14
1.347018 3.033429 -4.103119 236 160 39
1.204921 2.873301 -4.268597 225 127 59
0.835462 2.900811 -4.215117 219 138 73
-0.456812 3.126894 -3.940877 234 141 32
-0.343618 3.360191 -3.696468 245 149 26
-1.280506 5.483212 -8.798333 255 255 255
1.629837 2.763776 -4.332275 50 50 56
-0.948684 2.211904 -4.933982 190 110 15
0.863579 2.491756 -4.667469 197 131 104
0.912826 2.739333 -4.388442 197 115 65
1.884835 6.024905 -9.019422 145 90 11
1.365026 4.067424 -6.192495 255 255 255
-0.147892 3.680588 -1.808187 41 42 46
1.911671 5.878335 -9.159588 255 255 255
1.576403 2.653078 -5.162476 250 219 205
1.269089 2.710597 -4.454163 207 94 39
1.445481 4.112799 -3.898630 99 66 43
0.618991 8.227813 -4.480885 255 255 255
1.791089 4.241229 -7.018053 187 157 130
1.445288 2.557153 -4.615592 194 106 50
1.445288 2.557153 -4.615592 194 106 50
1.114875 2.486530 -4.676931 198 115 68
-0.178587 2.811646 -4.285986 238 136 57
-0.715761 3.054910 -4.012595 209 131 17
1.488040 3.148007 -4.781536 188 111 34
1.525471 2.866883 -4.286445 242 147 20
-1.522877 4.566754 -7.848912 115 71 5
0.769998 2.726968 -4.398326 216 134 77
0.273681 1.947289 -4.878476 255 255 255
0.273681 1.947289 -4.878476 255 255 255
0.288501 3.018948 -4.124257 229 145 70
-0.382034 2.855923 -4.237072 232 135 33
-1.194075 7.737683 -3.872474 255 255 255
-1.127582 2.928345 -4.144048 233 145 18
-1.425525 3.356970 -3.618014 213 125 22
0.865025 5.973597 -9.344650 152 89 8
1.586861 6.118862 -5.574876 166 112 4
1.329785 2.548326 -4.613036 229 142 45
1.473154 3.842558 -4.223239 161 99 14
1.419580 2.968050 -4.163954 218 110 40
0.351924 0.435719 -4.767174 0 0 0
0.331821 2.642165 -4.476403 230 146 53
-0.321321 3.087313 -3.983556 223 127 37
0.017659 3.679938 -3.286603 224 135 72
-1.642853 5.335567 -8.581978 255 255 255
1.820305 6.000437 -8.970439 255 255 255
0.250870 2.198056 -4.969260 190 159 143
-1.560758 0.884521 -3.335739 220 138 26
-1.498657 3.762927 -5.967144 255 255 255
-0.387126 6.751490 -3.225582 255 255 255
-1.363787 3.305054 -3.415993 211 130 16
-1.237845 5.066004 -5.000598 255 255 255
-1.781985 7.384079 -7.312630 255 255 255
-1.604179 5.507713 -9.195104 255 255 255
-1.194182 2.365867 -4.804207 198 124 10
-1.922764 8.086262 -7.988943 255 255 255
-0.626429 3.522459 -3.505856 231 138 24
-1.283529 2.479504 -5.395497 143 101 60
-1.298775 2.181355 -4.984529 116 61 18
-0.496932 11.814437 -5.440986 255 255 255
-1.236815 2.689779 -5.393372 140 75 25
-1.378152 3.323878 -4.697728 240 152 12
-1.383538 3.593080 -3.422800 189 118 26
-0.532476 3.409126 -3.627560 216 118 36
-1.515970 4.724957 -8.190279 251 251 251
-0.971221 2.556739 -4.537216 206 98 19
-1.503584 4.178413 -4.239140 150 67 6
-1.355526 3.098406 -3.960735 193 107 17
-1.454456 3.889021 -3.921721 110 54 3
-1.381988 3.381676 -3.642617 231 155 16
-0.990444 3.124992 -3.933414 253 177 12
1.071117 2.485119 -4.679790 205 131 60
1.580795 2.621925 -5.189342 35 36 40
1.291143 7.616351 -6.565022 255 255 255
1.136630 3.909386 -3.435147 230 210 205
1.227203 3.890814 -3.394055 214 199 197
1.548028 2.574733 -5.185980 63 64 70
1.432246 3.406765 -4.652991 207 129 83
1.631403 7.671845 -7.090275 255 255 255
1.610209 2.482108 -5.037829 57 58 65
1.546617 2.986637 -4.402865 51 48 52
1.502583 5.415309 -4.818282 177 103 5
1.548600 3.221589 -4.866645 247 161 85
1.535869 3.054466 -4.335540 52 48 52
0.668719 7.970748 -4.020455 122 80 45
-0.168758 1.995630 -4.848551 206 124 55
-1.037504 2.200812 -4.930814 170 100 15
-1.340209 3.568863 -3.435581 213 130 23
1.796845 3.892252 -6.592916 204 177 160
1.554329 2.674841 -4.483189 219 148 40
1.550628 2.678305 -4.483829 219 148 40
-0.115824 2.257083 -5.102130 52 53 59
-0.937379 3.043832 -4.018071 242 155 14
1.551757 3.149610 -4.947449 239 148 55
1.498178 3.259277 -4.884779 157 84 34
0.973760 2.644634 -4.500736 212 133 71
0.560049 2.583343 -4.551097 215 130 88
1.390150 4.021583 -3.641118 226 152 11
0.872283 3.035630 -4.114806 189 117 87
0.435898 2.664342 -4.460234 230 152 91
0.552271 7.596870 -3.740759 255 255 255
-1.069789 3.220833 -3.824310 253 162 16
-1.880941 3.467312 -5.855206 189 100 36
1.284704 7.605906 -6.553439 255 255 255
-1.474946 3.303159 -6.177791 72 54 51
-0.162970 3.614293 -6.228858 107 65 31
1.334963 4.546259 -3.767489 77 78 88
1.509061 7.786880 -7.157214 255 255 255
-0.764917 6.595168 -3.806028 33 33 37
0.669267 9.453216 -5.070838 90 51 6
1.312733 4.793782 -3.888022 43 43 48
1.984693 4.959949 -7.752919 255 255 255
1.954819 5.119019 -7.887935 255 255 255
1.745893 7.633549 -7.535874 130 63 17
1.361183 3.942599 -3.699310 62 63 71
-0.272536 21.149000 -22.854763 255 255 255
1.721423 3.822984 -6.521811 219 201 199
1.465494 2.282047 -4.897527 208 114 71
0.984538 2.288070 -4.948454 220 179 156
-0.046434 3.272617 -6.060214 255 255 255
1.619994 2.807335 -5.255167 107 63 30
1.502930 5.378291 -7.665185 79 41 10
-0.914487 3.663581 -3.361440 208 121 20
1.609284 2.363383 -4.963224 129 129 148
1.537861 3.003430 -5.154795 106 58 29
1.511941 3.102560 -5.053459 118 72 48
1.413580 3.133036 -5.003043 175 105 38
1.547920 3.221896 -4.867164 248 161 84
-1.393623 3.668558 -6.874585 141 78 29
-0.534419 2.373477 -4.762728 218 130 24
0.101496 4.853910 -1.599657 255 255 255
1.534664 5.144040 -4.635150 182 105 6
1.218210 2.731460 -4.430041 212 115 62
0.856534 2.576642 -4.578315 196 123 89
0.200141 1.699849 -4.739237 255 255 255
-1.268327 2.775796 -5.804308 186 130 109
-0.757675 2.159442 -5.063860 148 110 70
-0.713057 2.622191 -4.485898 204 119 28
1.741903 3.617837 -6.379418 227 208 199
1.595317 3.211162 -4.622340 218 141 22
1.311709 2.520836 -4.642191 222 141 39
1.516420 3.548284 -4.546245 169 109 9
1.489098 2.759614 -4.393202 225 139 34
1.099291 2.378306 -4.805974 201 134 76
0.730546 2.944522 -4.167795 214 120 73
0.713216 3.000307 -4.103702 219 133 85
0.806366 3.403385 -3.681559 222 176 166
-1.396068 2.721405 -4.413984 215 119 27
0.267506 2.676598 -4.445724 198 125 50
0.265656 4.850643 -3.010792 255 255 255
-1.581155 3.722812 -3.391979 45 45 50
-1.350096 2.902047 -5.622101 255 255 255
-1.230596 3.930397 -4.556067 9 9 10
-1.223794 8.147789 -4.720770 255 255 255
1.407297 2.918296 -4.195726 204 117 27
1.220662 3.955391 -3.327658 225 187 174
1.003658 2.440863 -5.157492 102 64 38
-1.505484 3.678405 -3.492167 6 6 7
-1.262931 2.309261 -5.290213 43 45 50
-1.072623 5.716441 -5.088052 21 20 22
0.948285 3.227427 -3.264364 255 254 255
1.972869 5.877282 -8.723335 255 255 255
-1.180493 3.619287 -3.364215 217 128 27
-1.474128 4.947037 -8.415900 255 255 255
-1.677512 6.627204 -9.493451 154 97 64
-1.281327 2.789052 -5.269478 164 93 8
-1.270528 2.802909 -5.153460 225 147 75
-1.348860 3.123482 -4.917892 235 143 30
-1.243586 2.802196 -4.288315 199 116 17
-0.961955 2.906833 -4.170606 235 165 13
-1.195553 3.001108 -4.055324 225 153 15
-0.796427 3.009800 -4.102514 229 134 13
1.230818 2.378081 -4.803721 208 128 71
-1.340076 2.742991 -5.687809 142 91 81
-1.160046 2.282989 -4.856956 178 114 10
-1.233247 2.566747 -4.531547 195 101 15
-0.874331 2.695090 -4.405598 203 134 15
-0.249570 3.138654 -3.933749 213 117 51
1.011735 2.888916 -4.236926 210 129 58
-1.542285 5.549363 -4.511532 255 255 255
0.301293 3.450984 -6.098926 90 59 47
-0.549306 2.423601 -4.704088 222 139 26
-1.023227 2.841053 -4.237034 234 155 17
-1.547923 3.938689 -3.453967 28 28 31
-1.156536 5.362567 -4.737405 163 96 14
0.131576 5.014175 -3.314096 255 255 255
-1.625158 5.751806 -9.227667 105 66 12
-1.514888 7.576134 -6.822565 255 255 255
-1.159662 2.624012 -4.674202 217 132 11
-1.336515 4.801968 -4.057312 42 42 46
2.168161 7.313807 -10.515983 156 89 11
-0.888771 20.173887 -9.642627 60 31 9
-0.884554 20.208456 -9.639915 60 31 9
-1.431790 3.424596 -3.609629 219 129 20
-1.447204 5.061568 -8.530640 255 255 255
-1.632723 4.131122 -4.191069 255 255 255
0.529904 7.309124 -3.872688 103 105 120
-0.361734 4.258596 -3.424065 255 255 255
-1.291172 2.632517 -4.451656 224 137 20
-1.292105 2.633094 -4.454906 224 137 20
-1.589372 4.618344 -4.491715 255 255 255
-1.614167 4.103153 -4.149503 18 12 8
-1.383366 3.618164 -3.384705 179 113 33
0.354392 6.224115 -9.634708 137 81 5
-1.376894 3.314484 -4.690658 235 145 10
-1.142538 7.456427 -3.830920 255 255 255
0.721601 7.467965 -3.756890 39 39 43
1.415063 4.034873 -3.283972 255 255 255
-1.405691 3.320068 -6.432020 175 147 124
-1.321269 2.373125 -4.840788 79 75 80
-1.035571 2.321880 -4.799619 207 133 15
-1.362095 3.236495 -4.785496 242 169 12
-1.009396 2.507076 -4.617341 223 152 14
1.782689 4.540972 -7.327553 140 86 4
-1.264536 2.865912 -4.205379 227 146 16
-1.479224 3.974835 -4.056597 107 62 18
-0.184450 2.391433 -4.722565 211 116 41
-0.265626 2.414955 -4.719580 177 95 42
-1.094669 2.959031 -4.110578 211 109 17
-0.306773 2.630684 -4.498940 182 98 52
-0.912922 3.349098 -3.700636 238 158 18
-1.103685 3.607762 -3.424562 214 117 18
-0.343144 3.533682 -3.299703 0 0 0
-0.161578 4.789871 -3.528870 68 68 76
-1.216062 5.344445 -7.108568 0 0 0
-0.608761 2.654962 -4.454889 198 113 22
0.478040 2.934894 -4.491828 223 130 76
-1.707358 6.119928 -3.088700 0 0 0
1.346372 5.922349 -6.505942 255 255 255
-1.396727 3.153965 -5.982940 0 0 0
1.021348 4.626325 -3.620386 224 206 207
-0.087387 3.637187 -3.405201 239 123 53
1.958942 5.400787 -8.401602 150 87 10
1.273756 4.637453 -3.740374 78 79 90
1.478716 3.231517 -3.855099 234 148 102
1.591579 2.681435 -4.713614 52 52 58
1.580353 2.743096 -4.672614 55 53 60
1.564493 3.063038 -5.095988 236 148 41
1.430299 3.367026 -4.734211 201 132 84
1.402116 3.995952 -3.821749 250 172 118
1.399867 3.999695 -3.821605 250 172 118
0.623925 2.771690 -4.366281 217 125 68
-0.221454 2.953702 -4.134591 248 144 32
0.069221 3.654580 -3.382294 245 165 108
-0.551480 3.191972 -3.868374 201 114 41
-0.369639 3.483419 -3.554678 248 144 28
-0.399983 3.665945 -3.404990 255 155 22
1.586127 2.931338 -5.198789 210 133 26
1.108696 3.031879 -5.624925 103 60 21
1.178777 2.535979 -4.625790 212 109 45
1.418620 4.576793 -4.231999 167 93 18
0.254608 3.489398 -3.559255 228 160 130
-1.077960 6.507182 -2.973687 156 89 14
-0.265548 2.417085 -4.719121 189 104 46
0.634889 7.355270 -3.461177 177 118 81
-0.096419 3.082188 -3.993459 252 152 51
-0.099714 3.091567 -3.996136 252 152 51
-0.851102 3.098969 -3.961073 227 128 19
-1.233901 3.390858 -3.635731 242 155 19
1.656302 3.480171 -6.150443 222 177 145
0.513690 5.071830 -1.754954 46 47 52
-0.152487 5.046633 -5.109789 0 0 0
0.448602 5.155245 -3.048434 255 255 255
-1.519905 7.466604 -6.739065 255 255 255
-0.067497 3.632263 -3.400466 236 140 51
-1.306193 2.957249 -5.894106 176 129 111
-1.306193 2.957249 -5.894106 176 129 111
-1.592098 5.605885 -9.332980 255 255 255
-2.127542 8.994836 -8.716410 82 41 7
-1.456845 4.921207 -8.400925 255 255 255
-0.806893 2.137271 -5.030306 189 72 20
0.560258 7.908392 -3.727253 255 255 255
-1.385273 2.924289 -4.135991 221 129 18
-1.388278 3.558894 -6.650868 175 141 116
-1.320584 2.305523 -5.107906 29 29 32
1.409248 2.835579 -5.478314 82 54 32
1.377567 2.764554 -4.356910 190 90 28
-1.605138 5.574089 -9.234014 255 255 255
-1.913015 7.818698 -7.646781 147 86 28
-1.495898 4.857990 -4.729775 153 85 12
-1.292709 2.617112 -5.430992 102 56 11
-1.345606 2.393443 -4.781619 99 103 117
-0.817027 2.143011 -5.063968 128 133 154
-0.205932 2.195780 -4.940791 217 131 57
-1.313096 2.888845 -4.185346 190 105 18
-1.021600 3.141812 -3.902365 220 119 12
-1.114162 8.200533 -4.493069 60 44 28
1.408635 3.859819 -3.229870 222 201 199
-1.308409 2.394040 -4.724099 160 101 12
-1.634268 5.088813 -5.068046 150 73 6
-1.367508 2.659514 -4.428194 219 139 17
-1.500166 -0.486612 -3.149386 255 255 255
-0.703178 2.903350 -4.158011 212 118 12
-1.479845 3.390250 -3.558316 206 138 17
-0.100909 3.116560 -3.963256 235 146 32
-1.004539 3.620732 -3.397102 191 100 18
-0.170184 3.740630 -3.310010 233 115 44
1.283033 3.326377 -5.537953 187 107 58
0.939782 9.563572 -7.898957 63 33 7
0.948890 9.519016 -7.880994 63 33 7
1.593937 2.729883 -4.548518 53 52 60
1.105014 3.058117 -4.053803 243 158 77
-0.741406 6.513130 -3.771710 55 54 60
-1.278929 3.421982 -6.314460 255 255 255
-0.746945 3.638905 -3.358565 208 105 20
1.786250 5.387455 -8.439304 255 255 255
0.042195 2.327941 -4.849609 227 164 123
-0.807084 2.129604 -5.015971 220 119 20
-1.321367 2.841470 -4.201539 213 123 22
0.158227 1.530277 -4.785089 0 0 0
1.515662 2.848338 -4.259699 241 144 20
1.612906 2.401567 -4.846323 139 137 159
1.968606 5.060916 -7.911720 255 255 255
1.598504 2.496249 -4.742482 139 135 160
1.512418 3.489059 -4.596077 196 122 13
-1.251891 2.991903 -5.961465 185 105 39
-0.990714 3.523773 -3.497605 226 129 24
1.610892 2.297031 -4.895409 178 104 53
-1.281762 3.235106 -6.250607 183 101 18
0.128504 2.549535 -4.591903 214 141 86
-0.783967 2.413276 -4.714574 185 94 23
0.642833 2.200339 -4.908634 213 192 184
0.075745 2.923405 -4.173517 186 114 70
-0.725617 2.528440 -4.577393 208 132 30
1.171190 3.740863 -5.819600 183 115 56
1.746682 8.782707 -7.973172 94 54 4
-0.372592 2.233105 -4.915548 187 105 56
-1.106852 6.225513 -2.853514 76 40 8
1.056377 2.298822 -4.884731 204 145 121
1.056377 2.298822 -4.884731 204 145 121
1.296008 2.546222 -4.620336 197 107 53
1.537642 2.762290 -4.393719 240 163 26
-2.132037 8.821693 -8.647633 81 42 6
-1.422896 3.565355 -3.439541 147 74 33
-1.002581 2.095994 -5.027132 208 141 11
-1.350321 2.451804 -4.745512 91 95 110
-1.332747 2.429415 -4.706463 154 76 14
-1.500107 4.187152 -4.241344 148 62 5
-0.984257 3.098235 -3.957116 248 162 12
-0.983583 3.161578 -3.894073 241 168 12
-1.964968 8.439021 -8.155285 86 50 11
-0.703979 2.368020 -4.763190 184 107 27
-1.117772 2.908519 -4.151407 225 143 16
-1.065008 3.220005 -3.828254 246 165 12
-0.621737 2.553360 -4.562637 204 130 24
-0.806956 2.681620 -4.406834 201 110 26
-0.604688 3.274446 -3.788307 194 107 21
0.037466 2.271536 -5.102198 52 54 61
0.751651 7.236754 -3.343262 255 255 255
-1.118139 2.207801 -4.930279 175 92 14
-0.087816 2.188720 -4.976337 230 153 94
-0.646054 2.372125 -4.760395 219 137 25
-1.388192 3.470587 -6.663307 172 88 66
-1.184184 2.302840 -4.826066 194 119 12
1.069656 2.384341 -4.793512 182 102 62
-1.300533 2.900194 -5.958025 181 151 136
-1.242010 2.478997 -5.455561 174 105 72
-0.846480 2.584219 -5.526709 103 83 80
-1.222615 2.119334 -5.017803 165 98 11
-0.809101 2.126854 -5.019109 200 84 21
0.180096 2.226498 -5.026709 132 137 161
-0.599823 2.175044 -4.971483 179 78 36
-0.760165 2.156777 -4.987825 197 130 23
-1.059805 2.252535 -4.878481 196 122 11
-0.247381 2.239643 -4.909316 198 103 50
-0.433498 2.289235 -4.857862 224 137 52
-1.223622 2.424359 -4.688387 198 133 11
-0.580818 2.459656 -4.670721 196 75 22
0.157988 2.783789 -4.315399 221 147 82
-0.810288 2.429221 -4.696640 187 102 19
1.278180 2.829727 -4.315536 201 103 49
-0.349502 2.482348 -4.645235 211 140 39
-1.026666 4.932557 -1.761847 62 44 37
1.821026 5.694695 -8.766401 255 255 255
-0.821467 2.505812 -4.612945 209 98 15
-0.938916 7.662822 -5.204885 0 0 0
-0.287312 2.538441 -4.589446 210 140 34
-2.019727 7.021117 -6.741305 0 0 0
-1.263290 2.577681 -4.519367 221 156 16
-1.319278 2.591667 -4.512255 205 141 18
699.477295 14170.198242 -29275.650391 0 0 0
0.496557 2.580490 -4.557378 221 156 97
0.462947 2.600351 -4.541254 219 127 82
699.477295 14170.198242 -29275.650391 0 0 0
-0.422333 2.628271 -4.485220 234 155 22
0.285112 2.668422 -4.455820 197 106 46
1.075838 3.947121 -3.191709 239 157 85
-0.932576 2.686856 -4.414770 215 145 16
1.532874 2.657659 -4.508045 174 85 41
-0.715817 3.217644 -3.846442 227 147 17
1.590177 5.424782 -5.537311 255 255 255
0.966147 2.715992 -4.422273 198 126 62
-0.223000 2.964147 -4.122917 238 140 34
0.493184 2.748617 -4.401677 228 153 88
-1.180390 2.918836 -4.164645 233 161 13
-2.040918 5.502868 -9.697865 255 255 255
-0.663090 2.918923 -4.155779 235 161 13
-0.872647 6.168924 -4.455609 124 130 149
-0.788920 2.950333 -4.130148 206 93 14
-0.953711 2.965135 -4.103485 213 98 15
-1.826638 5.322779 -5.574376 158 100 9
-1.080452 2.940104 -4.137949 216 123 16
1.444702 5.159050 -4.600869 132 78 7
-0.011677 3.018125 -4.084824 232 147 66
-0.224981 3.684851 -2.587168 210 129 14
-1.358595 3.053121 -4.006442 216 156 18
-0.796894 3.112628 -3.941548 238 164 16
-0.369350 8.715148 -4.758342 255 255 255
-0.919483 3.125633 -3.937188 220 100 14
0.939277 9.660942 -7.971107 102 58 8
-0.867090 3.139398 -3.925403 226 93 16
-0.049619 2.738987 -4.384089 239 132 56
-1.366697 3.163201 -3.888581 233 151 14
-0.595749 6.923419 -9.053082 255 255 255
0.268601 3.302536 -3.766376 232 156 89
0.018349 3.379998 -3.680902 229 153 88
-1.359971 4.960873 -5.716500 0 0 0
-0.305478 3.376677 -3.682177 217 100 27
-0.409640 3.548892 -3.491803 235 123 35
1.433150 4.715531 -4.984087 175 86 6
-1.230114 6.539573 -3.224291 255 255 255
-0.222027 2.180017 -4.995380 205 118 52
-1.462750 3.632336 -3.419199 149 106 32
-1.479918 8.626669 -10.059294 0 0 0
-0.655407 2.135194 -5.024939 157 136 125
-1.457927 3.543721 -3.478556 149 93 35
-1.656975 6.364446 -9.953921 255 255 255
0.571961 3.146618 -3.935954 214 127 81
-1.037865 2.151516 -5.135391 41 42 47
-0.721271 5.936926 -3.866124 124 128 148
-0.352245 2.969998 -4.110354 227 141 21
-1.013764 4.729501 -1.739218 29 29 32
1.393591 3.816319 -3.171701 217 196 193
-1.245950 3.003431 -4.048152 215 138 21
0.281473 2.265415 -5.071292 42 42 47
-1.426588 9.956749 -5.593191 254 254 254
0.616859 2.805965 -4.314940 209 120 68
2.077632 7.154635 -10.619886 53 30 9
-0.545507 2.143919 -5.001740 187 109 42
-0.985418 5.193347 -2.045553 59 61 69
-1.568440 5.607474 -9.159919 138 85 17
