ply
format ascii 1.0
element vertex 4889
property float x
property float y
property float z
property uint8 red
property uint8 green
property uint8 blue
end_header
1.775222 3.996820 -3.458544 74 74 83
2.110196 4.096113 -6.753095 217 192 180
-1.541336 6.970759 -10.316835 140 86 10
-2.001361 7.333271 -10.303535 255 255 255
1.836971 2.527841 -4.767852 175 76 37
1.691999 2.579395 -4.707466 203 127 41
1.304893 2.470297 -4.853582 203 139 91
1.666347 2.647555 -4.634776 201 88 41
1.795684 2.770715 -4.482973 179 83 43
1.775576 2.743010 -4.504813 218 137 41
1.595656 2.804548 -4.432619 223 109 28
1.511165 2.829795 -4.402534 205 88 40
1.511165 2.829795 -4.402534 205 88 40
1.302620 2.835262 -4.402833 223 138 49
1.749566 3.066194 -4.107312 200 89 33
1.749566 3.066194 -4.107312 200 89 33
1.619297 3.153186 -4.001623 233 155 40
0.645032 2.898761 -4.347984 235 158 92
1.686333 3.303897 -3.815203 242 169 83
-0.583488 2.502464 -4.831336 198 125 42
1.448944 3.298218 -3.830335 222 122 89
1.613193 3.496845 -3.575675 217 124 101
-0.376992 2.784008 -4.497548 226 147 29
-0.956191 3.100008 -4.134051 221 152 14
-0.956191 3.100008 -4.134051 221 152 14
1.113557 7.980179 -3.182960 118 71 16
-0.404621 3.617341 -3.466814 235 141 37
-0.011205 3.866466 -3.157011 252 159 38
-1.281718 2.416508 -4.986924 160 103 13
1.203843 7.136991 -10.432216 91 54 5
-1.278690 2.159944 -4.360491 215 139 14
1.692208 3.250114 -5.684810 107 62 30
1.084002 8.913813 -3.191160 255 255 255
1.329250 3.915505 -3.026776 226 190 176
0.662208 2.828496 -5.435490 133 77 18
-1.378936 3.225535 -5.697292 255 255 255
1.625634 5.571840 -7.293068 255 255 255
-1.378352 2.363655 -5.147390 136 143 167
-0.938375 2.557308 -4.806850 197 129 14
-1.418391 2.842124 -4.340630 217 142 16
-0.847995 2.992823 -4.268487 208 116 16
-0.728656 3.187660 -4.016806 230 158 13
1.324440 3.277205 -3.857672 224 151 94
-1.065674 2.560565 -4.804419 211 136 15
-0.941288 2.554700 -4.815665 198 132 13
2.333536 4.876792 -7.437375 156 92 14
-0.339724 2.444089 -4.941312 180 99 53
-0.999194 2.737115 -4.578568 201 102 16
-1.415512 3.279713 -3.941208 192 81 19
-1.442014 3.259903 -3.934813 235 154 17
-0.276095 2.939980 -4.308704 203 114 44
0.183644 2.891297 -4.357728 199 114 72
0.181655 2.884943 -4.357046 199 114 72
-0.688907 3.225474 -3.977734 210 122 13
-1.245019 3.571712 -3.570182 232 147 13
0.749140 2.930855 -4.299897 222 149 62
-1.439548 3.781173 -3.310281 214 134 16
-0.837536 3.656769 -3.436896 233 146 18
0.131581 3.533795 -3.566588 231 154 80
0.015121 3.764574 -3.281902 231 143 70
1.029804 6.888339 -2.272083 255 255 255
-1.501305 6.895587 -7.714017 0 0 0
-1.362494 2.768047 -5.457002 255 255 255
-1.184076 3.916269 -3.129741 191 103 24
0.492521 3.924454 -3.099475 217 155 113
2.533287 6.307204 -8.780862 159 99 61
2.851814 10.839654 -9.061393 139 78 14
0.673874 3.746294 -3.303052 243 192 169
2.507241 6.996008 -9.849000 255 255 255
-1.748792 7.328214 -8.323963 0 0 0
-1.480135 3.205428 -5.578449 202 128 14
0.035111 2.689531 -4.615083 239 150 79
1.756756 2.746582 -4.506826 212 132 42
0.903222 2.855837 -4.384648 201 115 71
0.104253 2.797240 -4.480563 227 144 82
-1.097078 2.652719 -4.690544 230 137 15
-1.098525 2.653365 -4.692392 230 137 15
-0.244686 3.863816 -3.174030 254 155 22
-1.400191 3.415369 -3.679338 204 134 18
-1.058751 3.774390 -3.298016 212 120 23
1.782465 2.799648 -4.444251 182 98 40
0.004733 2.639345 -4.680451 204 130 90
-1.432588 3.524680 -3.611934 211 118 18
2.620045 9.089142 -7.673477 162 92 8
1.495894 2.499600 -4.811062 198 104 71
1.831702 2.692566 -4.591059 223 141 24
1.395536 2.635517 -4.643911 214 112 44
0.822054 2.602487 -4.708267 210 160 141
0.036844 2.512668 -4.838313 237 156 91
1.724145 3.058424 -4.122046 235 151 30
0.673841 8.173932 -11.343181 130 74 11
1.688606 2.617146 -4.663979 221 139 33
1.818238 2.716479 -4.544966 196 94 43
0.583325 2.765362 -4.509356 236 158 90
0.583325 2.765362 -4.509356 236 158 90
-0.249797 2.445613 -4.923316 199 114 61
0.052399 2.658025 -4.647803 227 134 89
0.052399 2.658025 -4.647803 227 134 89
-0.086475 2.675819 -4.642123 242 159 58
-0.810089 2.450256 -4.939066 227 141 20
1.625006 3.328032 -3.793836 241 173 89
-0.108250 2.870150 -4.366767 238 147 36
0.459445 3.336985 -3.802367 236 149 63
-1.033968 2.842816 -4.458138 204 123 16
-1.187939 2.774587 -4.547027 207 127 16
0.286147 3.317640 -3.841156 220 148 72
0.530132 3.850655 -3.166949 215 152 133
-1.132552 3.533428 -3.610089 240 158 14
-0.446063 4.883948 -1.168928 254 254 254
0.494955 4.962819 -1.161605 51 51 57
-1.298821 4.378122 -3.733091 244 140 22
1.837833 4.217568 -6.508824 255 255 255
2.533287 6.307204 -8.780862 166 97 55
0.243202 2.377012 -5.002353 201 158 146
-1.316759 3.631901 -6.254179 255 255 255
-0.306755 2.383639 -5.046512 210 133 55
0.191722 2.334550 -5.064503 52 54 61
-1.894026 8.809437 -12.174072 255 255 255
-0.217888 2.439319 -5.168761 51 52 59
-0.672911 3.077941 -4.154673 209 114 17
-0.675039 3.079839 -4.152357 209 114 17
-0.456075 3.930341 -3.102349 223 111 15
-1.776498 7.462799 -10.410303 255 255 255
-0.713714 3.459879 -3.673244 225 132 15
-0.881688 8.799770 -3.325057 0 0 0
-1.433258 3.590944 -3.505494 194 122 19
-1.705148 7.035942 -10.344727 134 80 17
-1.305962 2.789987 -5.561426 175 118 87
-0.507783 2.546992 -4.805565 195 118 37
-0.507742 2.546091 -4.808670 195 118 37
0.534301 4.791790 -1.204786 52 52 58
2.167857 4.256886 -6.984493 202 167 141
2.102551 3.954340 -6.656425 217 191 180
1.782347 2.466642 -4.857233 194 129 60
1.645948 6.991293 -10.279568 144 79 13
1.682957 2.468010 -4.842693 211 143 51
1.682957 2.468010 -4.842693 211 143 51
1.110176 2.422411 -4.918700 212 165 171
1.702159 2.686626 -4.574365 211 125 45
1.239115 2.561813 -4.741029 192 131 77
1.696161 2.784688 -4.458355 225 143 27
1.734030 2.824064 -4.395850 222 117 26
1.734030 2.824064 -4.395850 222 117 26
1.148063 2.879620 -4.349818 208 129 65
1.599019 3.204428 -3.942820 220 113 44
1.472162 3.234808 -3.904631 224 147 80
0.987820 3.101533 -4.077593 200 113 71
1.702121 3.403265 -3.690977 238 167 89
1.561095 3.359765 -3.753395 238 164 91
0.268203 3.404979 -3.701335 210 127 89
0.185151 3.441539 -3.688197 232 157 92
-1.023740 8.125125 -3.235610 247 166 53
-0.883780 8.868711 -0.176924 253 253 253
0.415292 4.320799 -7.104489 255 255 255
3.382636 9.676860 -12.697767 86 45 6
-2.357017 11.899452 -10.040748 74 41 6
-1.376678 2.612557 -5.344855 43 44 50
-1.390982 3.008586 -4.266413 219 138 24
-0.927745 7.862107 -3.225791 255 255 255
-1.414973 3.314881 -6.106607 184 153 147
-1.254734 3.115202 -5.840289 255 255 255
-0.358472 2.464102 -4.917267 189 108 55
-0.712344 3.748103 -3.322504 235 144 26
-1.440950 3.456636 -3.718057 206 137 15
-1.296596 2.599059 -4.777573 178 112 13
-1.090450 2.739830 -4.583217 218 145 14
-1.097838 2.791343 -4.521325 236 171 13
-0.090423 2.646089 -4.660770 233 151 49
-0.338789 2.727150 -4.582506 223 151 30
-0.338789 2.727150 -4.582506 223 151 30
0.951944 7.089879 -10.307045 151 86 8
0.244681 -1.381658 -3.527439 0 0 0
2.652269 7.495595 -10.321884 255 255 255
-1.292819 2.435943 -4.974068 159 101 13
-1.360337 2.500222 -4.878443 126 52 16
-1.202899 2.540737 -4.825355 177 85 12
-0.766440 2.410685 -4.935524 214 142 25
-0.330327 2.473418 -4.878103 206 127 65
0.203278 2.425786 -4.941757 179 136 128
-0.068089 2.782077 -4.498982 214 140 47
0.672885 2.798863 -4.463111 226 151 86
-1.341586 3.443756 -3.715138 217 123 13
-0.670335 3.403082 -3.755466 219 146 14
-0.910635 3.499457 -3.628117 242 152 20
-0.909090 3.503273 -3.626294 242 152 20
-1.123315 3.735390 -3.355589 219 133 15
-0.835538 3.720054 -3.352551 211 98 19
-1.188754 3.830253 -3.239467 210 144 15
-0.402681 3.630252 -3.460055 232 140 39
0.959189 8.247377 -3.170039 255 255 255
-0.060039 2.465668 -5.168928 38 39 43
0.674116 4.944109 -1.155943 49 48 54
-0.216940 5.490576 -5.097662 209 127 75
-0.791849 3.658673 -5.048475 183 95 38
1.517339 3.007535 -4.985611 201 117 75
-1.603248 5.534843 -7.701915 255 255 255
-2.136537 9.194831 -12.666546 94 56 10
-0.785233 2.457838 -4.911007 225 150 19
1.218037 2.981915 -4.197649 234 146 65
2.244300 4.684369 -7.149096 228 201 195
-1.220469 2.591818 -5.311399 42 43 48
-1.270104 2.583407 -4.802824 193 115 12
0.993922 7.883072 -3.015787 255 255 255
1.799767 2.868302 -5.508747 255 255 255
-1.109713 2.368910 -5.123700 112 116 132
-1.067607 2.680212 -4.662058 201 119 16
-1.065993 2.678924 -4.662092 201 119 16
2.624466 6.681107 -9.719853 154 95 13
0.053018 2.962073 -4.278029 241 146 45
1.555230 2.576376 -4.719960 191 94 55
-0.533305 2.523922 -4.834588 211 135 34
1.301638 3.060086 -4.124310 228 149 47
0.588942 3.317517 -3.822259 244 163 84
-0.119337 3.244422 -3.941311 249 156 33
-1.058742 3.156497 -4.064856 219 112 19
2.291283 4.635425 -7.406088 188 149 118
1.565172 2.439688 -4.890233 198 123 88
1.576370 2.527912 -4.781459 189 93 57
-2.003803 8.217318 -8.648847 0 0 0
-1.336758 3.401849 -6.194756 180 88 63
1.761845 2.704016 -4.557196 197 85 36
1.702177 2.687198 -4.574767 209 123 45
1.528132 2.660356 -4.610456 194 105 52
1.429935 2.627072 -4.658768 229 148 37
1.597559 2.748528 -4.503581 203 86 31
1.089427 2.628344 -4.655582 223 154 100
1.572816 2.798671 -4.436720 238 145 29
1.254101 2.791084 -4.449955 214 141 65
-1.192000 2.733857 -5.423203 151 92 24
1.536669 2.992245 -4.198246 223 151 56
1.284639 2.922105 -4.299708 207 103 51
-1.181206 2.351196 -5.097901 186 122 12
-0.033258 2.658976 -4.657520 225 146 73
1.637649 3.195714 -3.944331 234 148 39
1.348748 3.134789 -4.035958 220 121 80
0.478322 2.929324 -4.309449 229 153 54
1.528097 3.272017 -3.852911 233 151 75
1.338933 3.204727 -3.934509 243 159 77
1.696288 3.433358 -3.643335 234 138 107
1.696288 3.433358 -3.643335 234 138 107
1.668923 3.453459 -3.632060 235 171 124
1.527642 3.552481 -3.503140 207 139 125
-0.147984 3.362011 -3.787854 224 122 54
0.308054 3.647136 -3.427091 239 165 101
-0.964050 3.376619 -3.791478 255 177 14
-0.216623 4.549442 -1.239964 253 253 253
1.100120 3.941804 -3.022280 219 176 170
0.376485 3.188895 -3.990099 187 103 60
-0.226501 3.899406 -3.109370 243 151 17
-1.254268 2.583171 -5.316330 38 39 44
-1.254268 2.583171 -5.316330 38 39 44
-1.216092 3.050722 -5.885290 255 255 255
-2.155107 10.959233 -9.271609 93 55 9
-1.467456 4.274397 -3.241422 139 86 46
-1.467456 4.274397 -3.241422 139 86 46
-0.655752 3.997760 -3.155934 208 117 21
-0.416969 3.895062 -3.161011 225 131 16
1.909226 3.403267 -5.807616 87 51 32
0.270283 2.473419 -5.160470 48 49 55
1.121506 2.443309 -5.076986 50 51 58
-1.375079 3.608196 -6.412366 184 116 98
-1.412491 3.368952 -6.135517 185 154 146
-1.332773 3.202749 -5.966603 182 119 91
-1.244871 2.773830 -5.482238 167 93 38
-0.519270 2.441534 -5.185539 50 51 57
-0.214773 2.356198 -5.112557 50 51 56
0.139750 2.433621 -5.137674 47 49 56
1.775856 3.338848 -3.797858 224 147 94
-1.384975 2.710623 -4.632705 184 120 11
0.369983 2.340516 -5.230836 126 75 16
2.749183 7.410853 -10.444039 155 91 25
2.666375 7.214421 -10.269709 155 91 25
-1.323783 2.771210 -4.567443 209 145 12
-0.384536 2.650597 -4.683924 177 97 40
0.510162 2.618934 -4.686391 221 163 119
1.329694 2.608378 -4.678660 179 107 64
1.369354 7.105998 -10.386929 145 86 11
-1.202634 2.543159 -4.826880 177 87 12
-1.283388 2.564775 -4.796589 194 126 12
-1.043863 2.553401 -4.817687 183 88 14
-0.564479 2.447219 -4.930325 193 102 29
-0.797515 2.540503 -4.812786 197 102 20
-0.970765 2.637602 -4.717795 236 171 13
-1.190288 2.771533 -4.544642 202 124 14
-1.219394 2.756697 -4.552704 231 160 13
2.078128 3.801991 -6.367319 244 212 187
-1.281657 2.833970 -4.465389 189 93 16
-0.647118 2.770524 -4.528008 222 142 29
-0.906661 2.830682 -4.469922 200 116 16
-1.675210 5.696533 -4.936101 160 83 12
-1.260731 3.031228 -4.230200 194 75 15
-0.290220 2.794050 -4.476712 212 137 43
-0.721304 2.915765 -4.366284 221 131 27
0.611580 2.735439 -4.547160 212 123 84
0.103921 2.918753 -4.326246 203 123 79
-1.298524 3.294971 -3.917651 184 88 22
-1.205100 3.351577 -3.824336 200 109 14
1.248316 2.712517 -4.553589 203 125 47
-0.797652 3.396535 -3.760659 229 154 12
-0.993934 3.449994 -3.715644 232 156 13
-1.280270 3.560065 -3.570714 213 101 14
1.125395 2.949710 -4.280386 205 129 51
0.662264 3.057374 -4.137859 231 121 74
1.489962 2.912803 -4.308415 223 140 39
0.743178 3.112036 -4.083046 225 143 76
-0.297633 3.457044 -3.681259 231 119 27
-1.122155 3.756592 -3.358971 218 132 15
-0.544201 4.824461 -1.187687 253 253 253
-1.391331 2.518924 -5.273349 61 63 70
0.882113 7.111621 -2.270812 255 255 255
1.177042 2.756455 -4.161097 219 130 65
2.315693 5.755698 -7.661775 255 255 255
-1.745260 6.192223 -9.069557 126 83 56
-1.745260 6.192223 -9.069557 126 83 56
-2.218328 10.962166 -9.457437 130 75 15
-1.814881 8.318768 -11.619543 255 255 255
-1.774417 7.706790 -11.101732 255 255 255
-0.336863 2.438930 -5.169120 51 50 56
-0.802856 2.462433 -4.916705 223 150 16
2.454124 3.606015 -5.589901 157 124 107
2.875896 8.674380 -11.718568 255 255 255
-1.161902 2.707541 -4.634701 198 110 14
-1.162854 2.703288 -4.632690 198 110 14
-0.380549 2.589329 -4.740739 204 126 47
0.290343 4.865343 -1.200150 33 34 37
-0.757750 2.413854 -4.979395 212 131 26
-0.397277 2.538839 -4.806087 199 111 58
-1.356408 2.885900 -4.418833 197 105 21
-1.376694 2.920082 -4.371042 201 97 20
-0.992774 2.849047 -4.449195 226 152 14
-1.339930 3.154545 -4.079322 192 106 18
0.493455 2.804183 -4.470428 209 100 55
-0.118531 3.034599 -4.194528 228 140 57
-0.811301 3.227515 -3.958648 218 105 13
-0.811584 3.225194 -3.958167 218 105 13
1.286062 2.757136 -4.507310 184 104 58
-1.031846 8.501382 -3.209373 214 125 26
-1.562698 7.022655 -10.373610 143 86 10
-1.347416 2.351978 -5.060695 135 55 13
-0.995917 2.434988 -4.952766 190 98 14
-1.044547 2.548132 -4.815403 183 91 15
-1.347691 2.677364 -4.677974 154 79 12
-0.247050 2.482413 -4.878979 210 147 48
-0.655195 2.654817 -4.673660 216 131 21
-0.740825 2.716767 -4.622806 196 111 21
-1.069783 2.895644 -4.392394 199 80 12
-0.685635 2.998305 -4.252422 189 99 26
-1.251726 3.133349 -4.092086 205 94 16
-1.369703 3.144491 -4.092056 215 135 20
-0.229356 3.032047 -4.182614 230 145 32
-0.914067 3.225534 -3.978867 233 153 14
-0.805606 3.246944 -3.951640 219 105 13
0.875147 2.953561 -4.269054 208 117 61
0.539326 3.073788 -4.174267 218 118 59
-0.872348 3.538895 -3.602887 238 118 19
-0.508908 3.537055 -3.593623 223 138 24
-0.509471 3.533524 -3.593223 223 138 24
1.605854 3.078783 -4.100192 220 135 37
-0.415924 3.736376 -3.331201 237 153 20
-0.798979 7.455988 -9.208567 127 127 127
-1.182738 2.560122 -4.805078 176 107 11
0.865871 5.063971 -1.205526 38 39 44
-1.472370 6.933781 -7.752082 127 78 6
-1.416746 3.600674 -3.534428 195 107 27
-1.782254 6.740249 -9.661441 255 255 255
-1.748792 7.328214 -8.323963 255 255 255
-1.126123 3.714491 -3.381784 236 150 17
0.325987 5.518750 -1.055050 36 35 39
2.572803 7.378402 -10.203989 255 255 255
-1.586697 5.379209 -8.368731 107 63 11
-1.046881 2.803887 -4.505224 225 151 15
-0.758198 3.433871 -3.713969 243 140 14
0.157948 2.495449 -5.171354 47 49 57
0.790153 3.039362 -4.163462 244 154 63
-0.582991 7.047507 -10.475885 125 66 4
1.043055 2.795787 -4.460260 216 143 81
-0.121829 2.547614 -4.795991 229 143 59
1.660250 3.007303 -4.185614 201 88 28
1.309229 3.037318 -4.155756 238 152 52
-0.843004 2.624768 -4.724938 197 97 16
-1.196975 2.593025 -4.761851 179 97 13
0.401769 2.970537 -4.257287 209 118 65
-1.349528 3.037988 -4.231472 185 99 29
1.000232 7.400702 -2.522627 128 73 24
-0.459196 3.931477 -3.094877 226 122 16
-1.461786 3.718119 -3.370244 206 128 21
2.793800 7.221290 -10.343695 139 101 6
2.130840 7.130898 -10.364547 150 82 12
1.709166 6.955051 -10.252606 147 85 19
1.599967 7.086397 -10.360420 140 76 10
-2.069355 9.635363 -13.250363 73 46 21
1.894050 2.530568 -5.109123 51 52 59
1.807927 2.617943 -4.655282 220 141 24
-1.276723 3.057576 -5.835472 179 82 51
1.698736 2.729263 -4.521683 215 139 34
1.698821 2.730391 -4.522018 215 139 34
1.428172 2.649430 -4.629430 224 148 31
1.232910 2.610449 -4.682613 196 87 59
0.040419 2.388662 -4.990299 210 133 95
1.632825 2.798749 -4.440722 229 155 20
1.404313 2.712851 -4.555314 234 156 26
1.383957 2.705157 -4.570557 212 102 33
1.383957 2.705157 -4.570557 212 102 33
1.008464 2.655631 -4.630033 221 153 102
1.608053 2.854599 -4.364449 203 106 32
1.586984 2.897935 -4.326336 206 112 36
0.821675 2.772460 -4.504087 219 142 81
0.651450 2.679627 -4.614453 218 139 105
1.558965 2.952321 -4.246883 235 159 31
1.331128 2.883485 -4.335341 229 146 45
0.753935 2.854030 -4.393759 225 156 100
1.298789 2.996328 -4.201850 230 153 63
1.658875 3.181959 -3.958607 212 96 38
1.194200 3.060116 -4.136176 202 118 70
-0.113626 2.797035 -4.479795 223 143 41
-0.487644 2.857121 -4.423195 233 149 22
1.572605 3.246292 -3.871371 221 144 69
0.220100 3.038153 -4.203660 209 122 77
0.978201 3.266437 -3.880569 224 155 102
-0.475251 2.957538 -4.302040 240 148 22
-0.788691 2.922258 -4.343324 209 112 26
0.114036 3.177052 -3.997628 232 148 65
0.114036 3.177052 -3.997628 232 148 65
-0.690835 2.984854 -4.284381 205 103 25
0.111749 3.206404 -3.973869 231 150 66
-0.201614 3.141179 -4.054828 243 168 19
-0.237897 3.149726 -4.054687 225 119 24
-0.716337 3.075151 -4.151945 218 117 18
0.457713 3.366247 -3.758348 225 116 53
0.277534 3.638978 -3.434429 223 125 82
0.372673 3.814606 -3.210267 221 155 128
-0.791686 3.808872 -3.254275 205 107 25
2.831438 12.419785 -14.691814 146 76 12
0.865940 5.062505 -1.205130 37 38 43
-0.009047 4.405065 -4.738832 232 126 70
1.545276 2.768851 -5.059294 207 145 106
0.226285 5.379734 -1.686640 55 57 65
-1.937573 8.558536 -8.466080 130 72 10
1.627603 3.270701 -3.994877 225 141 39
-1.264840 3.101622 -5.688927 153 82 9
-1.860857 7.173091 -10.385175 115 77 10
0.250394 3.178658 -3.072560 226 126 61
2.950190 7.561391 -10.029988 255 255 255
-1.230303 2.864102 -4.453664 190 84 16
-0.551203 3.826063 -3.272718 238 145 29
-1.126594 3.714549 -3.382617 236 149 17
0.814618 4.995250 -1.070575 255 255 255
0.539592 5.029473 -1.078215 255 255 255
1.871131 2.479626 -5.068375 51 54 60
1.535411 2.527374 -4.776928 201 132 77
2.403353 7.202483 -10.388382 155 85 6
1.297914 2.573431 -4.734930 196 104 58
-0.785766 2.639546 -4.702422 186 96 25
-0.908257 2.852300 -4.440392 226 152 16
-1.072420 3.739022 -3.353079 227 143 21
1.109824 7.150029 -10.284822 118 65 6
0.298418 2.829321 -5.504670 126 74 12
0.130815 2.596018 -4.733810 225 154 104
0.718915 2.726040 -4.552330 209 124 88
0.785548 2.887853 -4.351772 222 149 76
1.926449 7.209339 -10.456332 152 85 13
0.407928 8.827133 -11.681528 94 55 23
0.348648 2.939921 -5.566514 125 74 14
1.702935 2.477275 -4.836310 178 94 56
1.644247 2.451411 -4.871833 216 142 68
1.090245 2.416223 -4.928250 226 198 170
1.749717 2.601254 -4.677819 195 97 31
1.711594 2.589766 -4.697893 173 99 50
1.298691 2.521798 -4.790409 213 142 54
1.106403 2.462791 -4.868439 225 193 161
0.124020 2.409489 -5.112796 49 50 57
1.745539 2.628610 -4.648364 180 103 38
1.688627 2.641528 -4.631313 210 144 35
1.666624 2.643541 -4.632095 198 86 40
1.567409 2.638444 -4.631903 213 107 40
1.175337 2.571998 -4.730038 181 121 95
0.368256 2.498487 -4.838259 191 143 135
1.719661 2.727636 -4.519638 191 84 34
1.719795 2.728175 -4.519880 191 84 34
1.377323 2.749854 -4.502636 239 151 24
1.622113 2.877906 -4.339276 219 136 26
1.077595 2.778423 -4.476839 210 92 64
0.860664 2.750278 -4.513809 198 121 83
-0.201776 2.778355 -4.509489 222 150 36
0.897665 3.012795 -4.184656 231 156 78
0.897665 3.012795 -4.184656 231 156 78
0.481680 3.028869 -4.187520 201 107 58
-0.983485 2.817067 -4.505034 215 105 20
-1.064935 2.776535 -4.535080 215 108 23
1.117695 3.232407 -3.917724 195 116 70
-0.193186 3.045606 -4.172130 235 112 37
1.408647 3.343618 -3.765020 229 130 90
1.408698 3.343477 -3.765181 229 130 90
0.062155 3.159077 -4.048464 230 138 51
-0.391149 3.168968 -4.039455 228 144 37
0.422108 3.373887 -3.751864 218 138 50
-0.963219 3.373967 -3.790138 255 180 13
-1.406304 3.026188 -4.220925 203 110 29
0.821302 5.288155 -1.253084 47 48 54
-0.981004 3.936143 -5.246206 211 135 23
-1.374594 3.219899 -5.456197 201 128 14
-1.300140 3.031993 -5.363605 201 128 14
-1.394229 2.523699 -5.225357 100 104 121
1.014748 7.196887 -2.395858 124 99 87
2.826529 8.272830 -11.299650 255 255 255
2.840252 8.344509 -11.348650 255 255 255
-0.711485 2.752989 -5.419839 123 84 23
0.987476 7.114914 -2.369911 126 71 22
0.301956 2.843986 -5.522278 126 74 12
-0.862281 2.359276 -5.121596 127 131 149
-0.985454 2.416216 -5.255524 137 85 21
0.551653 2.784688 -4.483765 226 127 83
-1.077606 2.567086 -4.794290 215 142 16
0.540186 2.918972 -4.320289 225 140 68
0.540012 2.920573 -4.320639 225 140 68
1.558059 3.369703 -3.751651 238 161 86
0.080002 3.172722 -4.007364 218 119 54
0.947523 3.562794 -3.517320 205 162 153
-0.238296 3.565690 -3.537542 251 165 21
-1.076138 7.490973 -3.188991 226 119 15
2.815770 7.314931 -10.437064 139 101 6
0.611644 7.130574 -10.391044 145 84 8
0.604376 1.643999 -6.017049 121 72 14
-1.006832 7.304486 -10.740614 118 67 9
2.234774 4.415741 -7.159289 207 173 146
-1.592218 5.124517 -8.229159 113 56 20
1.817182 2.512640 -4.783891 202 129 35
1.662181 2.464963 -4.846301 187 88 55
1.641174 2.477407 -4.836004 219 146 50
1.652529 2.536519 -4.754004 212 133 43
1.423417 2.486351 -4.829955 225 151 72
1.594051 2.577066 -4.713217 223 136 48
1.216345 2.570502 -4.742924 178 93 71
1.097788 2.543443 -4.775237 202 146 128
-0.058276 2.386751 -4.995280 217 110 73
1.056841 2.578874 -4.724816 201 139 119
1.018006 2.555947 -4.757074 206 162 149
1.366239 2.691226 -4.591943 222 146 28
1.538044 2.777942 -4.465213 226 162 33
1.362351 2.704983 -4.558275 226 142 34
1.244655 2.705206 -4.553319 218 134 44
-0.182873 2.522599 -4.834768 227 147 56
1.652250 2.807436 -4.425667 204 88 22
1.356666 2.789280 -4.460203 219 100 34
1.356666 2.789280 -4.460203 219 100 34
1.275215 2.803097 -4.441339 197 92 51
1.275215 2.803097 -4.441339 197 92 51
1.236670 2.776165 -4.489310 210 138 60
1.236670 2.776165 -4.489310 210 138 60
1.548640 2.849396 -4.375136 215 95 37
1.354918 2.834276 -4.403496 230 145 43
1.275658 2.994528 -4.205414 207 121 72
1.159399 2.949734 -4.261762 197 103 61
1.217517 3.025036 -4.164517 227 148 61
0.744947 2.960390 -4.263047 238 161 68
0.344329 3.027253 -4.191632 202 99 46
-1.279122 2.840092 -4.480551 199 102 17
-1.276384 2.830892 -4.478011 199 102 17
1.437727 3.218136 -3.922221 213 108 66
0.641991 3.103370 -4.071637 243 160 77
-0.427808 2.991053 -4.256426 224 136 33
-1.326034 2.879093 -4.408661 227 146 19
1.449223 3.295511 -3.828880 219 123 88
0.104904 3.103472 -4.105502 232 155 36
1.096196 3.295203 -3.837533 209 110 80
1.096343 3.294805 -3.837739 209 110 80
0.315121 3.224475 -3.949656 212 139 70
-0.477554 3.227106 -3.958450 195 94 26
0.586614 3.537562 -3.551423 242 183 141
-0.400328 3.457130 -3.695868 227 148 28
-0.638990 3.417359 -3.733906 214 93 17
0.731150 3.631883 -3.439517 226 146 124
-0.380923 3.533035 -3.578776 224 112 35
-0.533200 3.503547 -3.628376 202 111 20
-1.065667 3.566476 -3.560088 248 175 12
0.373398 3.809434 -3.210440 220 154 128
-0.195077 3.736238 -3.329008 245 154 32
-0.904981 3.667651 -3.430448 250 167 16
-0.904981 3.667651 -3.430448 250 167 16
-0.962071 3.741192 -3.343540 219 115 20
-0.789334 3.812403 -3.261213 206 107 25
1.054776 7.240227 -2.448283 184 152 141
-0.895625 8.220054 -3.057545 255 255 255
-1.327297 2.727310 -4.606716 195 133 10
-0.364037 2.671467 -4.647525 220 140 42
-0.981004 3.936143 -5.246206 217 126 27
1.994125 2.809523 -5.673251 255 255 255
-1.370281 6.348158 -2.559199 0 0 0
0.688175 2.508632 -4.848696 228 202 191
2.230909 5.347724 -6.988831 255 255 255
0.067321 3.078285 -4.158912 210 117 43
1.861401 2.827071 -5.341136 224 204 205
-0.601080 2.112158 -5.119689 144 89 6
1.016609 7.330578 -2.394869 124 98 87
1.568610 2.472218 -5.077349 45 46 50
1.567938 2.465183 -5.075634 45 46 50
-0.860167 2.562014 -5.349110 141 92 36
-0.827189 2.387333 -4.984708 214 115 18
-0.768657 8.749763 -3.191804 213 110 23
-1.840882 8.168766 -11.524889 255 255 255
-1.425304 3.225902 -5.971492 179 136 122
-2.035931 8.979808 -12.210585 255 255 255
-1.985519 8.767775 -12.021670 255 255 255
1.982028 3.511708 -6.077788 244 204 171
2.799554 9.032715 -8.575130 110 61 37
1.245619 7.184491 -10.487251 135 65 7
0.077167 2.473172 -4.882806 210 132 108
-1.244517 2.350128 -5.076548 176 105 12
1.189398 2.697700 -4.577270 177 99 68
-1.036427 2.504999 -4.873325 174 77 13
-0.999350 2.637515 -4.721831 207 109 17
2.081142 3.899777 -6.564321 228 200 182
0.932564 2.448782 -5.065107 131 126 155
1.726093 2.456001 -4.864472 196 127 52
-1.379870 2.999302 -5.693407 174 106 73
1.584278 2.475442 -4.838359 201 107 60
1.401429 2.484499 -4.836015 199 111 73
-0.132389 2.351590 -5.057750 98 86 108
1.736118 2.541380 -4.756258 167 84 42
1.753621 2.565821 -4.728289 209 138 28
1.753272 2.560762 -4.727411 209 138 28
1.598410 2.525527 -4.779195 222 158 38
1.242738 2.494811 -4.827192 190 138 101
0.118333 2.423613 -4.938316 198 143 120
-0.217616 2.390229 -4.986761 222 143 44
1.586929 2.629055 -4.646936 225 137 36
1.586929 2.629055 -4.646936 225 137 36
1.175600 2.572148 -4.730534 177 118 94
1.743276 2.669039 -4.592772 225 151 30
1.430249 2.625902 -4.658177 228 148 36
1.129673 2.638538 -4.647430 208 147 103
0.520043 2.594848 -4.722209 227 159 134
1.247743 2.666553 -4.612673 216 138 47
1.244700 2.703838 -4.552003 214 131 47
0.951825 2.645354 -4.650888 223 165 114
0.867569 2.670889 -4.608093 207 123 83
0.867840 2.676550 -4.610130 207 123 83
0.103872 2.596105 -4.724012 226 118 82
1.714027 2.793261 -4.440329 185 98 35
0.906689 2.698045 -4.587176 220 152 95
0.745652 2.727907 -4.550637 223 154 80
0.686112 2.732290 -4.543948 233 157 92
0.471399 2.688300 -4.602540 216 134 96
1.607837 2.855258 -4.364901 198 103 31
1.151661 2.840651 -4.398448 185 108 63
1.151661 2.840651 -4.398448 185 108 63
0.737439 2.809015 -4.444384 229 158 75
1.243021 2.954026 -4.260630 204 99 57
1.243021 2.954026 -4.260630 204 99 57
1.123005 2.952120 -4.250624 210 139 60
1.043350 2.962107 -4.276941 197 107 56
1.417198 2.990510 -4.205736 238 154 42
1.356380 3.022062 -4.175784 223 123 60
0.511309 2.949202 -4.280360 211 105 62
-0.490535 2.865379 -4.424515 232 147 22
1.391703 3.088165 -4.088104 235 157 45
1.076263 3.058932 -4.155033 189 101 54
-1.012627 2.886270 -4.396865 194 97 13
0.987812 3.101705 -4.077715 200 112 69
0.718894 3.071847 -4.119714 220 127 82
0.144290 3.061152 -4.153589 209 111 42
0.471329 3.189928 -4.008310 227 146 69
-0.001532 3.136656 -4.069717 215 108 55
0.645106 3.310946 -3.831246 239 163 98
-0.531386 3.199831 -3.999203 224 153 16
-1.362042 3.122604 -4.126621 202 103 25
0.218711 3.513770 -3.596955 230 154 90
-0.834443 3.526339 -3.603437 245 151 24
-0.405035 3.413217 -3.727626 229 143 26
2.684745 8.168067 -8.378448 208 208 208
-1.686342 5.607657 -7.500853 255 255 255
-0.703351 1.922020 -5.049812 153 91 7
0.098470 4.171656 -3.188220 228 130 56
1.662253 3.959126 -3.070381 210 192 193
3.245041 9.565139 -12.811607 124 73 20
-2.142999 9.415955 -13.053265 77 41 11
2.677240 8.717055 -8.524137 78 48 32
-1.334556 2.840420 -4.472844 196 124 19
-1.280675 7.425628 -3.256104 205 110 21
-0.926157 3.903986 -3.149374 191 113 17
-1.409566 2.451584 -5.154699 130 72 14
-0.888311 3.056324 -4.184712 211 134 16
-1.113744 7.560515 -2.698304 255 255 255
2.538082 8.583271 -8.586461 255 255 255
-1.769874 8.312098 -8.737986 255 255 255
-2.023591 8.144678 -8.640947 255 255 255
-2.139769 8.679946 -8.906441 255 255 255
-1.127089 3.182874 -4.037319 229 145 17
2.875545 8.372889 -11.370776 255 255 255
0.282142 2.460542 -4.887548 172 136 124
0.459913 2.796142 -4.485001 235 151 72
1.677991 3.156034 -4.001752 224 138 39
-1.770592 7.258596 -10.570395 135 82 18
1.805068 2.590296 -4.702748 195 128 23
1.524933 2.950957 -4.252013 206 105 51
-0.191945 3.263120 -3.871031 239 147 26
0.389707 3.636017 -3.438296 244 169 109
0.534394 3.746576 -3.275869 238 185 150
2.158217 4.078786 -6.793377 225 204 189
-2.261328 10.428698 -9.632369 89 74 77
1.864151 2.392969 -4.941182 167 100 50
1.468404 2.349774 -4.962616 115 119 136
1.548433 2.414753 -4.911647 209 150 99
1.588072 2.434741 -4.886765 205 138 80
1.467263 2.437907 -4.892833 223 160 92
1.466974 2.435421 -4.892608 223 160 92
1.226465 2.457328 -4.875693 203 152 123
-0.137529 2.352504 -5.031572 234 153 45
1.702079 2.503657 -4.803985 173 87 54
1.360919 2.520321 -4.787720 192 112 68
1.320151 2.518629 -4.787788 181 102 64
1.200465 2.516131 -4.801923 178 119 100
1.144197 2.483507 -4.843441 211 167 135
1.338366 2.545875 -4.763062 201 134 69
1.219409 2.527669 -4.785338 199 136 94
-0.401633 2.450676 -4.918696 215 141 43
1.353768 2.581989 -4.714587 198 114 66
1.290632 2.630643 -4.660623 217 137 62
0.598740 2.584731 -4.726859 222 163 154
0.599092 2.587014 -4.728261 222 163 154
0.266317 2.532171 -4.784589 198 148 118
0.266360 2.535327 -4.782746 198 148 118
1.625275 2.662482 -4.610486 191 96 47
1.369054 2.647302 -4.634128 228 160 32
1.369054 2.647302 -4.634128 228 160 32
0.930528 2.652699 -4.640165 210 134 99
-0.117287 2.595587 -4.733489 219 121 43
1.438575 2.737566 -4.513587 222 108 29
1.438575 2.737566 -4.513587 222 108 29
1.398024 2.756573 -4.495089 213 91 21
1.082814 2.715973 -4.555347 214 142 73
0.529966 2.682335 -4.613813 238 171 101
0.376147 2.658309 -4.656078 193 117 85
0.128640 2.734521 -4.555835 226 156 87
1.688870 2.858885 -4.361386 223 159 17
1.725856 2.881026 -4.333589 211 108 25
1.725856 2.881026 -4.333589 211 108 25
1.644750 2.887256 -4.327951 196 87 27
1.644755 2.888508 -4.326389 196 87 27
1.172671 2.859841 -4.378923 201 128 64
0.818916 2.794094 -4.464512 203 117 80
0.836437 2.843017 -4.406331 228 164 80
0.524010 2.790226 -4.481479 232 165 64
0.576512 2.841132 -4.421468 225 149 87
0.989641 2.879348 -4.364325 196 91 57
-0.454853 2.835491 -4.443347 209 100 25
-0.965456 2.772823 -4.532999 204 111 21
1.659486 3.008148 -4.185036 200 80 25
1.265541 2.953739 -4.256354 221 138 64
1.331663 3.053914 -4.129309 212 86 38
1.331850 3.055349 -4.129668 212 86 38
0.803376 2.990715 -4.230058 218 102 57
0.190680 3.022205 -4.202371 227 146 76
0.131386 2.988792 -4.252377 211 116 68
-0.047499 2.984550 -4.253082 216 119 56
0.875196 3.084332 -4.105500 223 121 67
-0.092474 3.064471 -4.160986 229 106 50
-0.092474 3.064471 -4.160986 229 106 50
-1.420610 3.005325 -4.276119 203 107 36
1.019723 3.186847 -3.959334 216 146 88
0.743683 3.179472 -3.984421 217 117 75
0.639154 3.119341 -4.074532 241 159 76
0.396915 3.090963 -4.093228 192 108 70
-1.162061 3.031502 -4.215217 218 112 16
-0.179279 3.153104 -4.058148 217 90 20
1.196343 3.319779 -3.812013 218 128 75
1.197187 3.322295 -3.812692 218 128 75
0.616922 3.319213 -3.824617 236 122 77
0.616922 3.319213 -3.824617 236 122 77
1.227151 3.366023 -3.747757 235 163 103
1.186818 3.389990 -3.718518 224 133 89
0.315159 3.363681 -3.774633 196 110 67
0.075083 3.411409 -3.730281 245 156 57
-0.376309 3.492882 -3.634255 227 144 33
0.400386 3.605189 -3.478592 243 172 90
-1.246214 3.569462 -3.570319 234 149 14
-0.926817 8.675335 -3.211590 225 119 15
-0.154416 4.311399 -4.825949 226 130 18
1.823149 2.706898 -4.548950 185 90 42
-0.830928 3.756593 -5.094302 212 124 19
0.046804 6.177091 -1.565828 55 56 63
1.230335 2.835235 -4.624406 175 106 69
-0.782258 5.217208 -1.352536 50 51 57
-0.787144 5.268828 -1.356379 50 51 57
0.880456 5.411403 -3.283385 236 201 183
-0.646167 2.279450 -5.035238 204 132 59
-0.994757 2.670842 -4.660806 234 152 16
-1.381716 2.911553 -4.348912 207 118 20
-1.833470 8.543777 -8.851670 255 255 255
-1.322866 3.241264 -5.958243 184 96 55
-1.393932 2.492202 -5.270606 45 47 53
-0.350504 2.472720 -5.187819 51 50 56
-0.271807 3.211997 -3.990300 227 140 21
-1.751249 7.244498 -10.252205 255 255 255
1.989205 3.587236 -6.182415 241 194 172
-0.399394 3.152457 -4.061067 229 145 30
-0.396335 3.106426 -4.051558 229 145 30
-1.035513 3.403865 -3.767680 240 161 13
1.403971 7.278261 -10.548417 142 84 9
-1.335599 3.216056 -6.041957 181 132 105
-1.368822 2.830347 -5.538842 198 128 82
1.301547 2.434252 -5.034116 133 138 160
0.007086 2.407231 -4.968709 225 155 105
-0.779634 2.586527 -4.763807 213 110 22
-1.036053 2.761570 -4.553813 229 153 15
0.326381 3.141217 -4.043946 193 116 77
1.331445 3.345300 -3.771337 233 162 105
-0.146192 3.354290 -3.789321 219 120 54
-0.484817 3.450721 -3.690234 191 107 38
2.429799 5.545469 -8.444910 167 105 32
-1.443890 4.016801 -6.983087 177 118 54
1.975426 3.455403 -6.011583 250 171 155
1.976355 3.214333 -5.800569 255 239 226
1.900289 2.789448 -5.263872 255 255 255
1.892372 2.881812 -5.308864 236 213 204
1.656566 2.392073 -4.968205 107 112 131
0.856837 2.396420 -5.015811 86 80 88
0.415055 2.395951 -5.041213 111 111 133
0.304761 2.351532 -5.027520 116 119 136
-0.096158 2.354406 -5.055580 99 92 115
-0.900139 2.336820 -5.095961 102 105 121
-1.138659 2.419970 -5.178763 123 131 148
-0.415730 2.370453 -5.028568 188 87 36
1.644456 2.452119 -4.871280 214 144 66
0.118069 2.428246 -4.940579 194 142 119
-0.262857 2.458163 -4.908089 191 110 56
-0.642513 2.461252 -4.933151 203 127 35
1.361152 2.524471 -4.788607 192 110 66
1.164214 2.495927 -4.830035 190 140 121
1.122746 2.497272 -4.826142 200 141 129
-0.306884 2.499185 -4.855870 195 106 63
-0.522413 2.478538 -4.885028 198 106 37
1.451466 2.580554 -4.712357 217 137 62
1.037041 2.569125 -4.740190 214 173 144
-0.209495 2.518019 -4.826998 197 107 57
-0.570639 2.559854 -4.789852 185 97 35
1.509531 2.634974 -4.649706 186 85 39
1.370868 2.608396 -4.682243 235 154 44
1.370868 2.608396 -4.682243 235 154 44
1.344264 2.658094 -4.621082 206 100 37
1.291697 2.660196 -4.618753 216 134 44
1.291565 2.660031 -4.618393 216 134 44
1.191714 2.620746 -4.672848 180 101 79
0.533678 2.641632 -4.656333 219 146 119
0.239953 2.618203 -4.703040 181 122 101
0.062453 2.589738 -4.738200 213 127 90
-0.055375 2.602800 -4.725165 221 108 60
-0.274039 2.589640 -4.735882 218 138 59
-0.451371 2.579490 -4.756598 185 90 29
-0.451371 2.579490 -4.756598 185 90 29
-0.493712 2.615615 -4.721812 208 91 30
-0.885698 2.574638 -4.782699 219 145 18
1.324489 2.685707 -4.582869 212 142 36
1.104980 2.692165 -4.587012 185 95 75
1.104980 2.692165 -4.587012 185 95 75
1.028972 2.672414 -4.614222 203 108 79
0.193870 2.671963 -4.628636 216 150 99
-0.833195 2.644354 -4.693608 213 129 15
1.740887 2.736351 -4.511597 209 135 32
1.578649 2.734875 -4.521626 226 147 46
0.720608 2.720412 -4.550604 208 123 84
-0.243573 2.720640 -4.583933 194 91 40
1.514605 2.790181 -4.456253 204 75 31
1.514605 2.790181 -4.456253 204 75 31
1.468260 2.823831 -4.406825 204 103 49
0.461751 2.826000 -4.439863 226 145 52
-0.111693 2.794647 -4.483066 221 141 41
-1.097329 2.760898 -4.548758 236 164 14
0.872630 2.884910 -4.358054 206 114 69
0.653681 2.874441 -4.372550 233 163 84
0.556019 2.856328 -4.394540 213 116 76
0.556019 2.856328 -4.394540 213 116 76
0.555466 2.884514 -4.359961 200 99 64
-0.510786 2.849147 -4.429445 211 97 22
-0.119524 2.909734 -4.340164 239 154 36
-0.418679 2.930855 -4.330637 229 148 28
-0.495150 2.899507 -4.366925 197 96 30
-0.693372 2.885485 -4.391815 203 97 25
-0.693372 2.885485 -4.391815 203 97 25
0.131330 2.989452 -4.252563 210 116 68
-0.616195 2.920701 -4.297211 234 153 29
1.300926 3.071214 -4.126051 223 144 44
0.639422 3.075249 -4.111191 245 158 72
-0.662944 3.026038 -4.223821 238 173 18
-0.741322 3.039836 -4.207482 223 119 16
0.674418 3.105556 -4.093239 222 123 81
0.280571 3.123316 -4.114014 224 145 70
0.280113 3.105085 -4.110113 224 145 70
0.275893 3.143605 -4.056265 204 104 63
0.018675 3.155095 -4.051447 237 154 46
-1.183944 3.081592 -4.167790 242 163 16
0.651665 3.183869 -3.990897 227 126 86
0.370134 3.189351 -3.995555 187 99 63
0.370134 3.189351 -3.995555 187 99 63
-0.560901 3.222515 -3.987200 209 101 14
0.778440 3.290954 -3.854985 223 106 66
1.053509 3.400170 -3.712586 224 163 114
0.833853 3.370185 -3.756643 230 162 116
1.197454 3.449557 -3.642331 234 176 130
-0.784934 3.445188 -3.723125 235 158 13
0.091113 3.613998 -3.474541 233 134 82
-0.249718 3.614704 -3.467302 229 122 37
-0.200955 3.702269 -3.378707 227 123 28
-0.396196 3.656937 -3.457745 234 144 43
-0.101003 3.736622 -3.328267 240 159 55
0.366085 3.872322 -3.148689 230 173 129
-0.826442 5.243847 -1.273405 39 40 44
-0.813532 5.166023 -1.321227 39 40 44
1.727926 3.379782 -3.712743 235 149 76
-1.197389 7.898086 -3.069537 255 255 255
-0.454795 2.907139 -4.371774 228 138 17
1.256194 8.079145 -2.938351 255 255 255
0.515316 3.846853 -3.169555 218 151 120
0.995624 8.314150 -2.969055 255 255 255
-0.949472 3.153499 -4.064590 235 164 13
-0.864454 2.439777 -4.948072 222 142 15
-1.348422 2.669074 -4.669971 157 83 11
0.514522 2.445183 -4.916939 205 169 161
-1.188239 2.735654 -4.592877 200 105 13
-1.375388 2.909772 -4.369565 203 101 20
-0.516828 3.071340 -4.155594 223 140 35
-0.478291 3.554235 -3.563158 210 113 37
-1.436180 3.664327 -6.558041 180 139 113
-0.711826 2.339715 -5.050085 181 94 33
-0.209482 2.665659 -5.327600 112 75 16
-0.854652 2.400742 -4.987321 226 149 15
-1.339631 2.505333 -4.875419 141 90 12
-0.392915 2.356818 -5.043024 222 150 33
-0.879057 2.471365 -4.912689 187 85 12
-0.309347 2.415869 -4.965106 207 135 44
-0.812128 2.654386 -4.683362 185 99 19
-0.947984 2.818296 -4.505108 229 152 15
0.516822 2.630470 -4.679805 225 168 118
-0.811492 2.873753 -4.405247 211 103 21
-0.873761 2.909035 -4.369237 217 135 16
-0.954373 2.920660 -4.355000 196 94 17
1.791873 2.539728 -4.761478 164 84 35
1.557536 2.575926 -4.721203 181 92 54
-0.168883 2.957732 -4.293706 220 146 30
-0.174518 3.009438 -4.221550 227 145 38
-0.280326 3.050604 -4.173896 220 132 40
1.062276 2.882890 -4.355680 201 129 57
-1.288960 3.359980 -3.811972 204 86 14
0.841435 3.213636 -3.959903 233 132 80
0.627050 3.226967 -3.934086 235 161 96
-0.872816 3.534511 -3.603071 236 115 20
1.411004 3.188548 -3.966973 223 139 67
1.408966 3.225489 -3.913403 214 145 75
0.466085 3.500415 -3.605787 236 132 84
0.033184 3.616637 -3.472452 218 117 74
0.082198 3.723286 -3.332476 232 149 81
-0.158432 3.782843 -3.269779 236 119 50
-0.746712 4.882013 -1.223952 45 46 50
0.857572 6.639436 -1.990808 40 41 45
2.550408 6.557171 -9.255913 255 255 255
2.746115 7.176440 -9.873601 255 255 255
1.861977 3.290588 -5.216413 197 127 74
1.852927 5.067294 -6.295988 54 56 63
1.091784 8.020166 -2.903755 120 81 51
0.592488 2.839048 -5.487442 124 73 14
-1.449985 3.536862 -3.607012 213 127 17
-1.304252 3.285194 -5.919411 255 255 255
0.534067 2.494807 -5.147685 43 41 47
-0.396264 2.653089 -4.670883 178 96 37
-1.429919 3.237544 -3.978697 211 116 20
1.485064 3.326751 -3.796439 228 157 104
0.038473 7.115594 -10.495414 122 64 4
1.882573 3.177789 -5.713318 253 194 170
2.750601 8.495126 -8.509780 255 255 255
1.861323 2.472231 -5.013859 128 137 158
-1.049976 2.576139 -4.785598 194 102 19
-1.245330 2.603048 -4.751170 218 152 11
-1.119135 2.735790 -4.574926 203 99 15
-1.118401 2.736587 -4.577318 203 99 15
-0.855805 2.784864 -4.525073 220 146 14
-0.221543 2.814041 -4.466549 211 126 46
-0.395540 2.851084 -4.429901 199 81 22
-0.886539 2.989514 -4.271935 224 145 13
-0.886431 2.987943 -4.270726 224 145 13
1.092660 2.949544 -4.269653 190 103 57
-0.352453 3.100367 -4.122602 219 104 25
1.424996 3.040423 -4.149103 227 146 53
0.325611 3.154421 -4.045171 192 117 76
-0.286722 3.657567 -3.431111 220 117 38
-0.851182 7.075823 -2.350414 255 255 255
0.024220 -0.314069 -4.446427 125 68 10
2.722772 7.136518 -10.156974 147 94 6
-0.648517 2.895032 -5.649677 89 75 80
-0.461151 2.354577 -5.080137 88 83 95
-1.110412 2.361926 -5.047920 198 112 14
-1.110001 2.360452 -5.047450 198 112 14
0.345944 2.411591 -5.078478 141 144 170
-0.393569 2.351202 -5.042097 221 145 34
0.417101 2.379838 -5.008211 215 183 162
-1.174111 2.434976 -4.963320 178 90 13
1.276671 2.387278 -4.963263 214 160 118
0.077292 2.421522 -4.947870 216 135 102
0.068932 2.514544 -4.831518 209 132 98
-0.125368 2.481274 -4.877952 206 118 67
-1.023233 2.544240 -4.819758 200 127 15
0.983354 2.506973 -4.818209 210 165 155
0.347218 2.517033 -4.821012 197 156 129
0.244310 2.547546 -4.779867 181 124 110
-0.570507 2.559983 -4.789696 183 95 36
0.837977 2.575251 -4.736957 207 162 152
0.833536 2.551761 -4.729009 207 162 152
0.139800 2.618948 -4.697070 205 125 94
-0.055460 2.602567 -4.724648 220 109 59
1.609673 2.596481 -4.690485 198 106 45
-1.355541 2.732831 -4.600329 166 81 11
-1.355541 2.732831 -4.600329 166 81 11
1.428074 2.650302 -4.630208 218 144 29
0.986380 2.701483 -4.577867 217 140 82
0.927750 2.683506 -4.605742 206 119 88
0.927836 2.683696 -4.605810 206 119 88
-0.243570 2.720619 -4.583918 194 91 40
1.277052 2.744200 -4.514543 185 104 57
0.025271 2.818742 -4.452236 195 97 60
0.025091 2.818272 -4.453388 195 97 60
-0.849326 2.824681 -4.463152 206 110 17
1.015814 2.805035 -4.445817 190 103 68
0.655455 2.840891 -4.416929 222 156 98
-0.750034 2.895618 -4.386246 204 111 26
1.456403 2.950732 -4.257716 233 152 33
-0.307142 2.994434 -4.236742 231 154 33
-0.361903 2.984564 -4.267610 237 150 38
-0.361696 2.982040 -4.267391 237 150 38
-0.461406 2.994190 -4.249402 203 101 26
-1.399907 3.040021 -4.222842 191 83 25
1.692507 3.069220 -4.109630 201 100 33
0.553109 3.123830 -4.079681 239 150 63
-0.755433 3.186699 -4.018934 205 90 14
-0.973349 3.178536 -4.033942 223 121 15
1.214014 3.156687 -4.004119 208 121 67
0.295278 3.160320 -4.011227 211 141 73
-0.285991 3.224844 -3.965362 234 157 21
-0.286291 3.222800 -3.967574 234 157 21
-1.270804 3.232854 -3.976122 227 147 18
0.288541 3.232082 -3.943863 202 95 63
-0.110764 3.264494 -3.900455 248 150 31
-1.003745 3.297928 -3.894573 206 98 12
1.130704 3.290556 -3.843753 233 156 71
1.011571 3.274608 -3.873467 202 118 83
0.711600 3.311894 -3.831517 230 158 95
0.663926 3.489534 -3.602159 228 156 132
0.542687 3.464603 -3.647429 241 176 119
-0.450997 3.539541 -3.592250 227 145 35
-0.450997 3.539541 -3.592250 227 145 35
-1.066241 3.567394 -3.560570 244 168 11
-1.197558 3.700339 -3.409207 213 113 20
-1.067715 2.328122 -5.079024 197 102 12
1.692250 4.309466 -3.819487 233 168 144
-0.792082 2.351361 -5.097738 93 90 106
-0.769067 2.334817 -5.067554 178 122 52
-0.949761 2.345258 -5.064689 216 143 15
-1.226928 3.627525 -3.488153 231 149 16
-0.950050 2.344668 -5.066045 216 143 15
-1.231106 3.630346 -3.493682 231 149 16
-1.071908 2.387157 -5.012962 206 134 16
-1.386681 8.668227 -6.983452 27 22 20
-1.092147 2.396504 -5.002387 177 81 18
1.842524 3.115319 -4.340041 51 49 53
-1.092147 2.396504 -5.002387 177 81 18
-1.252288 2.405808 -4.999921 162 69 16
0.340794 7.522779 -3.429118 66 67 75
-1.313645 2.419321 -4.975270 141 69 16
-0.737847 7.600788 -5.358854 75 76 86
-0.625307 2.343122 -5.058947 198 108 45
-0.633410 2.372035 -5.016542 185 99 49
1.165987 5.286882 -6.635996 229 174 146
-0.752142 2.353930 -5.044762 181 76 23
-1.321716 2.474189 -5.120524 169 109 16
-0.874092 2.391894 -5.003819 196 92 17
-0.970841 2.384441 -5.017488 187 95 15
1.637887 4.642496 -3.732549 255 255 255
-0.992157 2.382972 -5.012773 218 147 16
2.529206 8.166035 -6.771567 255 255 255
-0.992157 2.382972 -5.012773 218 147 16
1.840529 4.623342 -3.946569 255 255 255
-1.116072 2.451111 -4.940242 173 90 13
-1.255749 2.446606 -4.948774 169 106 11
0.175252 4.665017 -2.806982 255 255 255
-0.215030 2.355068 -5.031091 225 146 40
-0.373530 2.371621 -5.015470 205 98 45
0.538932 4.724074 -3.980873 255 255 255
-0.456050 2.395448 -4.992663 187 92 39
2.036436 6.381693 -7.595727 0 0 0
-0.595148 2.384045 -5.007671 177 76 35
2.036436 6.381693 -7.595727 0 0 0
-0.900017 2.454315 -4.922575 207 141 13
-1.017424 2.462329 -4.915824 180 93 15
-1.225437 12.333086 -5.503219 255 255 255
-1.278592 2.494380 -4.886843 152 68 10
-2.068924 11.123569 -9.387824 0 0 0
1.931225 3.247538 -5.799651 255 215 194
-1.914547 7.522836 -6.425515 111 64 6
-0.041384 2.403427 -4.969796 237 163 88
-1.440412 4.728565 -4.119255 141 73 8
-0.180904 2.421165 -4.950024 219 138 54
-1.581522 3.481398 -3.913276 202 122 17
-0.379622 2.453548 -4.920885 190 108 52
-1.291764 2.424998 -5.233345 184 115 19
-0.782591 2.505707 -4.861681 229 159 15
1.896494 3.381240 -5.784871 254 254 254
2.014830 3.289129 -3.138114 219 144 94
0.396741 2.392462 -4.973752 199 152 151
0.058602 2.408387 -4.960922 215 158 115
-1.472572 6.337386 -5.460247 122 75 18
0.004799 2.412131 -4.968517 220 154 104
0.063871 2.895248 -4.353264 224 140 80
-0.064125 2.445584 -4.918811 236 155 84
-1.857112 4.099896 -6.685743 231 134 27
-0.327495 2.479549 -4.879849 209 129 67
-0.733921 7.586108 -5.344829 83 86 97
-0.565041 2.506909 -4.852598 174 96 42
-0.645220 2.521183 -4.838336 220 142 33
-0.715829 6.943876 -4.886724 57 58 65
-0.906039 2.561567 -4.795354 195 96 15
0.778232 4.529778 -3.719636 52 53 58
-1.266316 2.593361 -4.765661 194 98 12
1.727918 2.755151 -4.998604 191 105 28
1.896931 2.940773 -5.492782 114 79 58
2.884763 9.002757 -12.228806 255 255 255
1.897665 2.941554 -5.493320 114 79 58
1.554455 4.127725 -3.088495 49 49 57
-0.108687 2.502624 -4.849926 223 149 56
1.912730 5.514044 -4.433405 168 90 4
-0.108641 2.500512 -4.850297 223 149 56
1.671791 4.139163 -3.081531 51 50 56
-0.468491 2.546076 -4.804126 219 149 24
0.524311 4.919545 -4.335547 255 255 255
-1.072730 2.644258 -4.694015 219 146 16
0.990767 6.133882 -1.738978 128 84 56
-1.189686 2.642914 -4.704245 232 168 13
1.839822 4.833211 -3.821696 171 102 6
-1.211782 2.637581 -4.705897 192 84 12
0.315943 4.967721 -4.416096 255 255 255
-1.314043 2.670298 -4.669647 190 122 11
1.789154 3.023275 -5.337316 155 97 47
0.434188 2.458879 -4.891932 211 183 159
1.805642 2.737304 -5.247402 57 57 64
-0.091281 2.530740 -4.818576 213 109 57
-1.354426 2.856326 -4.393453 201 120 21
-0.335563 2.594001 -4.739765 173 102 58
1.193400 8.990371 -3.597095 255 255 255
-0.456369 2.637920 -4.693629 188 92 29
0.992690 8.147537 -3.787370 136 143 162
-0.456008 2.632585 -4.691026 188 92 29
-0.753176 2.659194 -4.671556 209 130 21
-1.094264 2.700000 -4.637352 197 86 13
-0.817396 5.089320 -1.219973 122 77 43
-1.173301 2.692080 -4.647923 195 105 14
-0.383927 2.922903 -4.346463 188 100 36
0.244233 2.549755 -4.780788 180 123 108
-1.593629 5.655935 -6.335528 255 255 255
-0.598729 2.710871 -4.599238 218 153 21
-0.620905 2.712447 -4.600602 190 80 32
0.868259 5.128607 -1.128592 145 79 16
-0.652958 2.674875 -4.646694 202 102 32
-2.076126 7.325771 -10.652784 255 255 255
-0.797877 2.726436 -4.588412 221 153 15
-0.797877 2.726436 -4.588412 221 153 15
-0.878370 2.720632 -4.598523 195 101 14
-8.955600 28.064457 -26.556269 0 0 0
-0.841565 2.738182 -4.577909 218 141 13
-1.721045 7.440706 -10.768443 255 255 255
-0.841565 2.738182 -4.577909 218 141 13
-1.584844 5.163576 -4.406591 163 91 9
-0.962569 2.733610 -4.584367 216 143 17
-1.737592 6.182557 -9.479501 206 124 19
-1.058978 2.736370 -4.582521 195 93 18
0.273818 8.193365 -3.683669 33 34 39
1.575218 2.415011 -4.919675 187 119 91
-0.243898 8.762593 -4.382360 7 7 8
1.525712 2.462252 -4.861984 190 105 74
1.525493 2.461725 -4.861665 190 105 74
-1.425296 4.583818 -4.016621 143 78 12
1.439808 2.436282 -4.893374 200 124 89
1.386817 2.447456 -4.882366 195 118 85
-1.392824 4.415989 -3.758003 113 65 5
-0.059704 2.661197 -4.657989 216 112 66
-0.629567 3.143376 -4.081477 222 145 17
-0.179390 2.663813 -4.651738 236 157 26
0.909356 2.726116 -4.515774 201 133 83
-0.166691 2.705801 -4.600796 223 141 41
-0.342618 2.717484 -4.589756 226 152 28
-1.436498 14.344768 -6.953594 61 31 7
-0.342618 2.717484 -4.589756 226 152 28
-1.130034 3.267041 -3.936889 235 152 14
-0.646010 2.738660 -4.570520 202 134 34
1.103774 3.211461 -3.942932 203 129 78
-0.903064 2.771075 -4.543833 201 91 14
0.460274 2.790096 -4.478958 230 149 71
-0.999522 2.786641 -4.520499 228 159 17
-0.979285 2.801542 -4.499476 210 99 19
0.668972 2.708839 -4.606535 210 136 95
-1.021900 2.775720 -4.526620 195 98 19
-1.360536 3.339478 -3.843896 201 116 18
-1.021900 2.775720 -4.526620 195 98 19
1.223740 2.998831 -4.204980 229 142 65
-1.030612 2.841673 -4.457365 203 121 15
1.012185 9.586143 -4.156122 255 255 255
1.783676 2.464331 -4.856326 182 118 57
-0.237535 3.693424 -3.387060 239 154 29
1.621412 2.465711 -4.854190 178 103 65
-2.184726 8.319855 -7.114832 255 255 255
1.364698 2.495243 -4.824558 213 141 68
-1.932193 7.819680 -10.910209 61 35 14
0.821545 2.602376 -4.708060 200 152 134
-2.003782 7.869591 -11.237892 61 35 14
0.270952 2.713282 -4.581447 191 106 75
0.235117 2.699545 -4.597932 209 149 83
0.046383 2.488758 0.127431 131 75 18
0.235117 2.699545 -4.597932 209 149 83
-0.025037 4.137448 -0.209132 255 255 255
0.092826 2.699533 -4.598071 191 122 90
-0.025037 4.137448 -0.209132 255 255 255
0.092826 2.699533 -4.598071 191 122 90
-0.410326 2.809966 -4.479423 186 83 31
-1.234236 8.843189 -3.532018 255 255 255
-0.567291 2.787000 -4.512669 195 88 28
0.918112 4.341805 -3.306803 255 147 16
-0.681481 2.822215 -4.469000 203 135 24
-0.706559 2.826277 -4.461528 190 94 25
-0.881305 2.824562 -4.466705 230 149 15
-1.091693 2.896501 -4.387280 245 172 13
-1.059090 7.956695 -3.174301 255 255 255
-1.270998 2.894020 -4.394497 225 145 17
1.203862 13.391249 -14.668474 66 67 75
1.793036 2.539602 -4.761754 164 83 35
-1.399062 2.946995 -4.322549 202 112 26
1.652590 2.540799 -4.756054 206 128 42
0.724331 6.683364 -2.040904 19 19 22
1.651115 2.543000 -4.758852 206 128 42
0.973533 6.898497 -4.244886 63 64 71
0.708614 2.685540 -4.603994 200 124 89
0.196044 2.764100 -4.511982 201 119 76
-0.302079 3.365744 -3.770849 235 147 30
-0.096044 2.821712 -4.466970 195 113 43
-1.386321 3.298244 -3.937015 209 140 21
-0.789194 2.883503 -4.399880 226 145 21
-0.960457 2.661630 -4.588522 208 136 20
-0.911015 2.886429 -4.388891 207 118 16
-0.960457 2.661630 -4.588522 208 136 20
1.658352 2.616419 -4.669019 183 101 45
2.064030 3.908366 -3.937822 255 255 255
1.631200 2.626551 -4.658368 209 136 41
1.532872 3.904799 -2.959615 229 228 229
0.822894 2.717393 -4.563626 191 103 71
1.799960 3.032900 -4.155075 199 100 26
0.424254 2.808497 -4.459873 204 111 61
-0.858189 2.977513 -4.284334 204 117 16
-0.919771 3.001070 -4.258401 213 107 12
-1.192314 3.018293 -4.231462 227 135 15
0.778659 5.533904 -1.357628 61 63 71
-1.192186 3.022023 -4.231751 227 135 15
-1.296188 7.577763 -5.738311 255 255 255
1.711507 2.654868 -4.618206 173 100 40
1.714255 2.656345 -4.617849 173 100 40
-0.968447 5.138614 -1.308569 255 255 255
1.571746 2.691875 -4.577881 215 137 55
-1.729700 5.926442 -9.337551 203 122 19
1.571438 2.689794 -4.576708 215 137 55
0.713654 2.803833 -4.459145 195 117 88
-0.048525 3.874013 0.293275 255 255 255
0.677998 2.846563 -4.403972 211 121 84
-0.048525 3.874013 0.293275 255 255 255
0.498274 2.846343 -4.416089 208 96 45
0.712019 2.326142 -4.920789 255 255 255
0.214545 2.903422 -4.348107 212 145 72
0.459920 3.846596 -1.777954 233 129 12
0.214545 2.903422 -4.348107 212 145 72
1.004528 7.838292 -2.722819 172 117 42
-0.597348 2.978137 -4.281428 196 100 39
2.811828 8.063713 -11.109871 0 0 0
-0.663221 3.030658 -4.223376 238 173 17
1.222061 7.799167 -5.713788 128 119 133
-1.022075 3.047803 -4.215092 232 158 14
0.480218 7.259705 -4.836423 127 128 143
1.470713 2.756916 -4.506653 213 140 29
-0.948231 5.121739 -1.275268 255 255 255
1.483688 2.788365 -4.460142 227 155 38
1.302741 2.810312 -4.439754 213 138 50
-1.512435 5.359274 -4.641393 135 78 11
-0.174115 3.010163 -4.222852 227 145 38
-1.902960 6.233011 -9.527699 255 255 255
-1.207262 3.138702 -4.091019 197 87 15
-0.678471 8.134320 -3.694653 78 80 91
1.749061 2.800201 -4.438847 215 144 26
0.842708 5.768985 -1.493758 24 25 27
1.620316 2.814945 -4.420239 222 143 21
0.000837 4.897629 -1.153502 0 0 0
1.623558 2.824100 -4.420661 222 143 21
-0.206940 4.408601 -0.398746 130 137 157
1.575645 2.852475 -4.376489 224 146 32
0.382907 2.993774 1.921323 58 59 65
1.433316 2.835783 -4.402102 229 145 47
1.928212 5.004982 -4.070084 185 96 16
-0.247605 3.121536 -4.096676 212 109 19
0.692403 4.048757 -3.066395 115 120 137
-0.472974 3.127724 -4.085767 201 89 25
1.477565 3.881972 -3.186958 224 188 179
-0.654376 3.152512 -4.055243 209 109 12
-1.059332 3.223194 -3.993363 244 180 13
0.206985 3.876919 -3.060992 132 85 54
-1.118785 3.228929 -3.981560 235 151 17
-1.416457 3.709450 -3.404407 231 151 18
-1.298505 3.288096 -3.915039 185 90 23
-1.379602 3.292239 -3.916248 235 161 18
1.526911 2.948655 -4.862001 211 128 53
1.635873 2.865682 -4.362483 217 139 22
1.635738 2.866972 -4.362161 217 139 22
1.488017 2.909968 -4.309969 226 143 41
0.881600 8.285004 -2.887400 255 255 255
1.036864 2.939406 -4.280771 202 104 55
-0.903576 9.167248 -3.956681 255 255 255
0.686194 3.002369 -4.209717 239 160 69
-0.150277 3.480567 1.146074 38 39 44
0.526817 3.038995 -4.173114 219 119 61
-1.383164 7.770380 -6.162122 255 255 255
-0.364829 3.187153 -4.020354 214 95 33
0.244725 3.708546 -2.278249 224 145 78
-0.589821 3.205143 -3.997621 231 154 15
-1.057233 7.730326 -3.121197 255 255 255
-1.344776 3.331149 -3.850508 174 86 18
0.854463 5.090944 -1.081153 144 79 16
-1.344776 3.331149 -3.850508 174 86 18
-0.928157 3.622072 -3.494520 229 147 17
1.648380 2.936671 -4.273453 220 140 22
1.713686 2.954774 -4.246657 225 147 20
0.896890 6.372457 -1.805072 154 91 28
1.309410 3.037260 -4.154601 227 145 51
-1.134612 7.679025 -5.927704 65 66 73
0.834448 3.085531 -4.104192 233 147 71
-1.497714 4.271805 -3.670764 255 255 255
-0.934049 3.304224 -3.881162 245 161 12
1.577937 3.845636 -3.416450 222 199 191
-1.093933 3.341891 -3.839767 206 112 11
-0.998491 7.746255 -5.652709 31 31 35
-1.181057 3.374832 -3.801938 229 154 13
-0.101049 5.206885 -1.647310 135 140 156
-1.291731 3.404456 -3.764824 248 192 12
-1.154310 5.760183 -2.097071 0 0 0
-1.414742 4.595121 -3.952823 122 70 7
1.424610 3.039323 -4.148782 226 145 52
-1.856368 7.258165 -6.149565 148 93 14
1.058236 3.091174 -4.092498 196 110 69
-1.438120 6.707329 -4.978237 89 49 8
1.105563 3.151812 -4.020940 187 107 75
-1.627142 5.559239 -4.700852 172 105 16
0.592902 3.162559 -4.018182 222 117 69
0.424287 -1.380427 -3.513700 0 0 0
0.436086 3.204623 -3.966857 223 137 65
1.029328 4.064567 -3.087170 119 125 141
0.262574 3.225016 -3.949703 220 144 81
-0.024305 3.279308 -3.888882 243 158 38
-0.657908 3.078423 -4.153733 198 104 21
-0.217226 3.310688 -3.846064 229 117 30
-0.033154 2.525513 -4.817257 200 117 60
-0.327208 3.331226 -3.831358 214 106 28
-0.979752 5.136853 -1.290936 255 255 255
-1.313606 3.492572 -3.656547 223 105 16
1.353225 7.328322 -5.135266 16 16 18
1.724173 3.058452 -4.119716 224 143 30
0.855146 3.230736 -3.927067 236 154 82
-0.105203 3.360726 -3.790819 250 163 30
-1.370814 3.905399 -3.150225 113 71 22
-0.363425 3.443982 -3.693680 201 90 25
-0.693123 3.439560 -3.705993 204 103 11
-0.992519 3.538351 -3.593437 241 176 12
-1.149716 9.588378 -8.414946 45 47 53
-0.992716 3.538345 -3.592913 241 176 12
0.284362 6.112632 -1.847391 55 57 64
-1.347128 3.581172 -3.551681 200 84 16
-1.695435 5.620978 -6.747977 255 255 255
-1.346969 3.582161 -3.551814 200 84 16
1.621745 3.219941 -3.922560 227 140 43
-0.148961 3.488881 -3.633516 218 98 32
-0.593249 3.506643 -3.623165 205 104 16
-0.593262 3.507520 -3.623363 205 104 16
1.416518 3.309209 -3.816929 229 155 90
-1.000055 5.224132 -1.665879 40 40 46
0.795460 3.427440 -3.683015 229 155 94
0.602030 3.385263 -3.739593 244 171 93
-1.430478 6.394479 -3.930614 255 255 255
0.591778 3.459900 -3.649425 240 177 125
2.895455 8.497319 -10.831415 59 29 7
0.474833 3.435180 -3.683683 238 156 75
0.356125 3.461871 -3.656608 203 117 71
0.134737 3.539881 -3.563599 234 156 79
-1.258482 3.670452 -3.441437 216 122 19
1.403713 7.226334 -4.917519 255 255 255
1.439500 3.353052 -3.761084 227 159 104
-1.366130 4.547180 -3.974380 255 255 255
1.032885 3.420235 -3.685664 209 143 114
-1.930985 6.302714 -9.514199 255 255 255
0.770104 3.446328 -3.664739 218 135 94
-1.605934 6.305472 -9.593620 255 255 255
0.634620 3.489825 -3.612019 238 180 133
0.690225 4.128719 -2.978432 0 0 0
0.062277 3.555777 -3.544959 230 150 64
-0.090826 3.611261 -3.482796 240 161 38
-0.384729 2.382822 -4.710653 183 105 45
-0.251752 3.622476 -3.467538 225 119 37
-0.977202 8.057838 -3.047565 177 116 44
-0.431338 3.701964 -3.370377 234 149 20
0.904383 6.528084 -1.850430 169 106 24
-1.440243 3.780403 -3.310431 214 132 18
1.896840 4.874027 -3.962667 184 106 11
-0.098395 3.673593 -3.402314 227 116 40
-1.447153 4.758581 -4.135243 118 55 5
-0.101347 3.735619 -3.326829 238 158 55
-0.995023 8.547063 -3.334831 155 97 28
-0.309373 3.701182 -3.370510 229 125 30
0.413460 4.861572 -1.057340 123 129 148
-0.415971 3.736655 -3.331939 238 152 20
-1.732837 6.149398 -5.290750 157 86 15
-0.617727 3.778123 -3.286224 237 155 28
1.984802 5.389977 -4.371985 176 93 12
-0.617132 3.779654 -3.285921 237 155 28
-0.992593 3.801266 -3.271807 209 110 21
-1.094229 3.852744 -3.209537 220 147 18
-1.259047 12.305598 -5.516850 143 105 80
-1.189527 3.832587 -3.236492 211 144 16
0.811888 5.769691 -1.477877 54 56 63
-1.376250 3.895817 -3.182302 192 118 27
0.798976 5.174419 -1.160708 117 72 18
-0.041764 3.753119 -3.303279 233 150 51
-0.982769 7.166087 -4.873390 130 135 155
-0.125386 3.805243 -3.240781 238 155 27
-0.105246 5.359127 -1.908619 137 141 156
-0.280342 3.829839 -3.213886 235 118 27
0.042168 4.877666 -1.115445 137 145 165
-0.347453 3.849135 -3.195330 209 93 22
-0.540191 3.814734 -3.233041 232 149 41
0.742724 3.897012 -2.494359 115 118 134
0.212930 3.803100 -3.236773 241 155 74
0.291774 4.040545 -3.102963 73 75 85
-0.202169 3.949747 -3.071471 242 132 20
-0.211659 3.905599 -3.116914 224 114 19
-0.399301 3.928089 -3.084280 225 128 13
-0.961270 3.378150 -3.769358 242 168 16
0.364548 3.872316 -3.146956 228 170 127
0.033523 2.843411 -4.417466 192 105 59
0.365319 3.871835 -3.147576 228 170 127
1.588041 2.959996 -4.243926 191 99 35
0.080026 2.421151 -4.944503 211 151 117
1.589945 2.960644 -4.239262 191 103 36
0.330943 2.610146 -4.706586 177 120 99
-0.996822 3.834308 -3.224548 227 149 18
0.787661 2.704200 -4.576938 212 136 77
2.073678 3.657697 -3.681768 255 255 255
1.251137 2.523357 -4.776504 193 125 72
1.469736 2.392850 -4.940853 216 156 119
0.456888 2.821799 -5.445068 130 76 8
0.262710 2.456494 -4.898938 167 133 126
-1.132644 10.387212 -4.379706 123 96 82
-0.971384 9.018271 -3.910886 255 255 255
1.151385 2.763003 -5.320814 161 108 64
1.496020 2.489294 -5.093763 43 41 46
0.283502 2.967530 -4.319005 208 135 80
-0.343528 2.832464 -4.448005 233 137 30
-0.427640 2.446930 -5.185660 55 53 60
-0.610812 2.438694 -5.189554 38 37 43
2.080057 5.997926 -4.861544 167 98 7
-0.683408 2.414155 -5.179203 48 50 56
1.994852 5.530770 -4.463344 177 102 7
1.270685 2.611936 -4.682170 219 140 63
-1.895727 6.560281 -6.141324 154 87 12
1.297674 2.717644 -4.552573 191 103 46
-0.206512 6.416960 -1.795719 5 5 6
0.800950 5.524215 -1.344239 59 62 70
-1.234732 2.365716 -5.149718 117 125 143
0.764835 4.040129 -3.054667 119 124 141
-1.299677 2.338849 -5.131192 104 109 127
-0.178494 3.910793 -2.958720 230 142 25
-0.314978 2.384303 -5.098173 143 150 179
-1.199575 3.408331 -3.762369 223 154 15
-0.421360 2.367176 -5.092674 138 142 167
-1.429060 3.153430 -4.084358 196 102 20
-0.534378 2.363620 -5.096465 148 155 181
1.685740 3.152244 -4.042643 210 133 36
-1.212264 2.352624 -5.069902 162 87 14
1.704010 2.406816 -4.981711 126 133 150
1.632030 2.994721 -4.199982 229 150 27
-0.180113 2.369597 -5.014307 210 113 53
-0.884564 2.598538 -4.752159 213 133 15
-0.378279 2.405822 -4.976201 220 142 43
-1.428308 4.163640 -3.744433 10 10 11
-0.804097 2.466877 -4.915418 228 152 16
-1.939196 8.265042 -10.768817 64 34 11
-0.803747 2.463444 -4.916478 228 152 16
-1.167308 2.437569 -4.954873 176 92 14
-1.372631 3.078109 -4.229497 191 112 27
-1.206411 2.445585 -4.957089 193 129 11
-0.858264 6.137606 -1.759199 61 39 29
0.290853 2.491207 -4.853687 195 156 123
-0.821756 5.210901 -1.213111 60 63 70
0.290894 2.490704 -4.853856 195 156 123
0.116755 2.489733 -4.865723 224 173 125
-0.017682 3.117221 0.709751 248 165 13
0.077882 2.473760 -4.881229 208 132 107
-0.341403 2.385926 -4.264096 181 102 44
0.041799 2.473850 -4.880289 225 161 113
-0.820496 5.506857 -1.408417 45 38 41
-0.039061 2.529777 -4.824624 218 115 60
0.362401 5.769986 -2.537613 128 134 154
-0.334687 2.553880 -4.793249 191 108 66
1.071791 2.684502 -4.594024 213 139 83
0.115105 2.462125 -5.160875 52 54 61
-0.122833 2.421355 -4.944891 215 106 68
1.779324 4.300960 -3.446549 255 255 255
-0.616981 3.148875 -4.050846 235 157 13
-0.143338 2.451555 -4.914243 226 147 72
-1.535272 3.766169 -5.650801 199 109 37
-0.280226 2.443870 -4.927153 224 144 50
1.126873 9.110579 -3.870257 255 255 255
1.143143 2.656517 -4.402050 225 143 79
-0.324252 2.452193 -4.917200 211 132 54
2.093122 5.073477 -5.988851 255 255 255
-0.838336 2.467051 -4.909163 191 97 16
1.103989 8.024793 -2.972370 183 124 46
-1.560737 3.640623 -6.113675 125 73 12
-0.934929 2.434216 -4.949796 219 146 15
0.619898 3.245338 -3.881156 242 156 95
-0.934929 2.434216 -4.949796 219 146 15
-1.763252 6.128510 -5.409756 171 110 22
2.365898 5.406129 -8.108962 171 108 69
-0.958559 2.453367 -4.925838 209 130 16
1.848173 6.371242 -7.533901 255 255 255
-1.077150 2.458786 -4.923502 164 68 12
2.638834 7.491995 -10.456773 255 255 255
-0.931252 3.909160 -3.156379 194 114 18
-1.235969 2.454210 -4.943360 171 85 12
-0.143126 4.388322 -3.815673 230 153 13
0.363597 2.558899 -5.293371 125 74 14
-0.026945 2.491115 -4.861626 224 160 85
-0.910305 4.004540 -3.126220 37 37 42
-1.384312 3.044629 -4.219261 207 132 24
-0.285520 2.496464 -4.858223 208 143 58
-1.424914 3.707237 -3.399971 224 142 19
-0.386972 2.518822 -4.837352 194 111 63
-0.597298 3.836457 -3.210944 222 139 43
-0.515301 2.784493 -5.457313 133 84 11
-0.385272 2.525256 -4.836273 194 111 63
-0.132601 3.088156 0.498210 117 122 138
0.954689 2.851012 -4.382278 231 132 62
-0.487304 2.490820 -4.878973 220 143 43
-0.686995 3.693120 -3.398618 222 138 20
1.920618 2.966599 -5.324171 127 79 42
-0.805485 2.509823 -4.856454 199 101 17
0.885544 3.113528 -4.074890 214 140 72
1.875234 2.796427 -5.227167 255 219 198
-0.962158 2.532326 -4.834342 192 87 15
-1.153236 2.753510 -4.591672 210 136 18
-1.464824 6.970239 -10.366939 156 90 9
-1.001464 2.495933 -4.876956 194 125 13
-1.162686 2.701345 -4.646596 187 111 18
-0.701391 4.947486 -7.046268 255 255 255
-1.180553 2.498701 -4.878061 160 59 12
0.947313 2.424483 -4.875690 237 206 195
-0.766644 5.143347 -7.207916 255 255 255
-1.239289 2.508100 -4.868956 168 82 11
-0.815202 5.112311 -1.191183 89 65 56
1.674782 2.840024 -4.379809 220 105 22
-1.239289 2.508100 -4.868956 168 82 11
1.626068 4.710277 -3.918763 255 255 255
1.635397 2.867168 -4.361614 229 146 24
-1.261439 2.510042 -4.874721 178 114 10
-0.693206 3.584858 -4.456760 214 135 15
-1.559866 3.877804 -6.433450 255 255 255
-1.319006 2.504687 -4.871180 142 57 11
2.096373 3.365334 -3.609303 255 255 255
0.614460 3.042100 -4.149542 247 154 66
1.120539 2.541624 -4.773895 201 165 144
0.909549 7.915964 -2.492061 126 72 27
0.130206 2.536935 -4.805139 229 166 110
-1.586303 5.612247 -6.143463 146 96 7
2.324137 4.679061 -7.375455 186 152 128
0.028921 2.549429 -4.789353 226 112 76
1.019573 7.585974 -3.113959 24 25 28
1.803879 2.678638 -4.592628 196 90 33
-0.410000 2.569748 -4.772618 193 101 43
-0.606559 8.182674 -3.670214 70 70 78
1.818688 2.758819 -4.488163 217 148 38
-0.567271 2.534456 -4.820252 182 94 41
-0.894878 8.512047 -3.349134 255 255 255
1.901331 4.959726 -4.125222 174 87 4
-0.749948 2.570562 -4.781863 219 158 22
1.649558 3.305780 -3.805703 226 129 87
-0.964905 2.574185 -4.776966 213 136 17
1.670928 7.862029 -5.540143 33 34 38
-1.124140 2.557037 -4.802773 214 143 12
0.385743 2.693356 -4.604341 213 145 101
-1.165855 2.583316 -4.776795 201 137 14
1.548238 7.449486 -5.205718 255 255 255
0.386718 2.691245 -4.603486 213 145 101
-1.165839 2.583148 -4.776715 201 137 14
-0.800136 4.177503 -4.243238 206 128 18
0.034370 2.647137 -4.666263 237 153 79
-1.302376 2.553049 -4.820675 152 65 13
0.910510 3.129546 -4.048399 218 122 72
0.477686 2.603744 -4.712028 205 134 115
0.082080 2.724003 -4.570664 208 125 88
0.397224 2.588204 -4.734123 202 151 118
0.060516 5.941411 -2.640067 36 36 41
0.907909 3.280593 -3.868058 236 160 99
0.396695 2.587585 -4.733006 202 151 118
0.502163 4.586315 -4.168146 235 137 12
0.044761 2.620338 -4.695803 230 157 83
1.511853 3.804129 -3.301522 255 229 215
-0.297291 2.643143 -4.679148 183 98 51
0.951554 3.548962 -3.517437 207 164 155
-0.572209 2.607536 -4.730552 222 157 18
0.313588 3.365205 -3.772779 200 109 68
-0.712214 2.633119 -4.699744 183 98 32
0.009708 3.317732 -3.836065 242 151 36
-0.811250 2.620564 -4.721005 222 145 16
1.879459 4.738810 -3.861522 177 102 8
-0.572096 3.525743 -3.599560 237 157 18
-0.811250 2.620564 -4.721005 222 145 16
1.302751 2.729222 -4.571777 175 102 49
-0.572096 3.525743 -3.599560 237 157 18
-0.888375 2.611958 -4.738435 226 140 15
1.228567 7.105015 -4.596291 124 127 144
0.693218 2.654913 -4.644024 201 141 118
-0.087672 4.909811 -1.147007 253 253 253
-0.020856 2.687083 -4.624013 208 111 71
-0.200838 4.347654 -3.833542 219 133 14
-0.321657 2.696515 -4.614646 189 91 47
-1.416825 3.860196 -3.205158 141 73 32
-0.492682 2.651181 -4.671142 216 135 37
-1.422837 3.705792 -3.401841 219 140 19
0.514070 3.048814 -4.413503 226 135 86
-0.492636 2.676429 -4.640077 209 112 29
-0.351532 2.678549 -4.694055 200 124 43
0.044794 4.778303 -7.514128 255 255 255
-0.677255 2.692069 -4.628243 211 142 27
-0.252491 4.902740 -1.173832 133 139 158
1.074055 3.276678 -3.853655 230 149 79
-0.677255 2.692069 -4.628243 211 142 27
-0.340921 7.941420 -2.739362 255 255 255
-0.909254 2.653654 -4.664916 194 107 15
-1.471703 3.646768 -3.470175 170 107 30
2.579452 5.840781 -8.623573 143 79 20
-1.052852 2.662642 -4.676482 203 101 16
-0.284631 3.883623 -3.151628 234 147 19
-1.052794 2.662189 -4.676483 203 101 16
0.069556 3.073310 -4.157588 215 122 45
0.823232 2.716578 -4.562812 195 105 71
-0.678990 2.768638 -4.534060 176 97 32
1.256267 4.428932 -3.068241 237 201 185
0.609219 2.732147 -4.547627 218 124 85
-0.886334 2.595077 -4.772627 196 122 19
1.145714 7.859169 -3.057220 130 86 58
-0.904179 2.768793 -4.543337 203 91 14
1.145714 7.859169 -3.057220 130 86 58
-1.032328 2.738452 -4.582492 229 154 16
1.277070 2.490537 -4.848817 167 105 71
-1.304366 2.921909 -5.672671 126 73 30
-1.297085 2.735692 -4.588506 196 70 12
-0.760830 3.851220 -3.200676 216 145 31
3.045777 12.043777 -9.803295 87 48 5
0.881338 2.768437 -4.495226 220 151 79
3.244113 9.579838 -12.823894 114 66 18
0.549988 2.788253 -4.484147 221 124 80
-1.640179 7.353720 -10.367997 255 255 255
0.086681 2.798820 -4.480605 231 154 72
-1.392058 3.128900 -4.119271 214 140 18
-0.033639 2.795554 -4.488753 202 91 44
-0.874900 7.266750 -4.823050 27 28 31
-1.110333 7.990057 -3.229410 255 255 255
-0.467483 2.797005 -4.496640 228 143 31
1.015196 9.554104 -4.119292 255 255 255
-0.809393 7.629831 -2.906918 255 255 255
-0.823144 2.777326 -4.526873 204 94 17
-0.479648 9.966671 -4.365967 255 255 255
-0.823144 2.777326 -4.526873 204 94 17
0.867286 5.458384 -1.455664 48 49 55
1.408105 2.882867 -4.338162 238 141 60
-0.965841 2.779992 -4.532872 203 109 21
0.867286 5.458384 -1.455664 48 49 55
2.653003 9.139206 -7.885077 158 87 9
-1.184037 2.839269 -4.462728 187 87 13
-1.465053 9.927878 -8.148923 255 255 255
-0.801579 3.032182 -4.213586 207 86 16
1.264621 9.283911 -4.045578 255 255 255
0.584782 3.325311 -3.816846 239 158 83
0.663756 3.063961 -4.138819 236 124 76
1.765261 3.277428 -3.849323 242 155 88
1.600271 2.410127 -4.986415 143 133 135
0.079074 3.091551 -4.118691 192 93 39
1.706098 4.852388 -7.257936 0 0 0
-1.782572 6.745935 -9.674985 191 191 191
-0.174497 3.037567 -4.193594 232 146 40
0.984496 4.972639 -6.682685 0 0 0
-1.197721 3.699403 -3.408715 213 113 20
0.067213 4.436572 -4.847599 0 0 0
-0.429189 3.048810 -4.188599 189 72 35
-0.721480 5.997559 -5.233845 255 255 255
0.425429 3.698614 -3.357290 220 154 127
1.579578 4.486918 -7.143203 255 255 255
-0.429209 3.048197 -4.188190 189 72 35
-0.267523 6.545244 -2.439554 255 255 255
-0.149585 3.665473 -3.413353 239 124 28
-0.564989 3.036870 -4.206779 215 98 23
2.576895 8.841012 -7.164440 112 65 4
-0.356412 3.763042 -3.300601 221 120 28
1.514145 3.389925 -3.605044 223 154 118
-0.828194 3.046380 -4.197634 241 164 15
2.710897 7.187042 -10.115181 68 38 9
-1.077023 3.781235 -3.302740 217 109 19
-0.988057 3.041424 -4.204196 212 94 15
-1.327021 4.428864 -3.791730 29 21 9
2.861347 11.443391 -9.298892 118 62 11
-1.267381 3.110111 -4.135270 239 160 18
0.737387 7.358650 -4.772264 82 82 93
-0.371976 3.757132 -3.155816 221 135 18
-1.267038 3.109799 -4.134953 239 160 18
0.639640 3.082723 -4.110822 244 158 71
2.547329 8.356091 -6.923986 255 255 255
-1.798562 6.804224 -9.754475 255 255 255
0.421039 3.111883 -4.076487 227 141 57
1.316693 8.134849 -5.524062 255 255 255
-0.720161 4.331269 -7.173178 255 255 255
0.973461 2.444390 -5.088832 55 55 63
0.249912 3.122271 -4.077618 223 143 75
1.316693 8.134849 -5.524062 255 255 255
1.783583 8.592531 -9.769541 255 255 255
0.063866 3.149463 -4.049100 227 136 49
1.891522 5.088443 -4.044506 172 96 5
1.361542 2.174483 -4.762547 212 135 88
2.085994 3.935984 -6.478476 238 220 219
0.047095 3.095189 -4.111176 215 142 42
-1.083096 8.895544 -3.708203 255 255 255
1.454838 2.456793 -4.861857 202 135 94
1.682973 2.805728 -4.434713 228 143 27
-0.263954 3.249611 -3.934188 216 110 27
-0.692172 3.565323 -4.379557 218 128 17
1.495649 2.485451 -5.090719 40 38 42
1.846869 2.455410 -4.873485 167 95 59
-0.860237 3.195151 -4.016612 241 157 15
-1.326599 2.768755 -4.555729 206 142 12
1.092217 8.034547 -2.904179 118 79 48
2.229483 4.435702 -7.160411 204 169 143
-0.478635 3.229575 -3.960125 195 99 25
-0.501204 3.145642 -4.073815 229 147 21
2.684591 7.990183 -10.953104 146 85 8
-0.422068 3.188051 -4.013237 196 101 36
-0.896093 3.854156 -3.192058 185 105 21
-1.181036 2.556882 -4.804247 180 110 11
-0.548918 3.031627 -4.205114 213 121 23
-0.084400 3.203958 -3.984411 212 96 44
1.848406 3.602980 -4.824088 215 134 28
0.654957 2.813452 -5.433332 133 74 17
0.185268 3.209146 -3.973529 203 119 75
-1.893184 8.527368 -7.113468 127 79 13
1.302300 2.413668 -4.955437 216 144 107
-1.424725 3.713733 -6.599831 189 115 87
-1.306929 3.118866 -4.121023 213 108 19
0.123209 3.776525 -3.141309 215 127 70
-1.967522 6.994413 -10.141846 255 255 255
-1.144617 3.121202 -4.118527 216 110 20
-1.422503 3.603418 -3.545640 199 123 23
-1.143266 3.112746 -4.119227 216 110 20
1.896795 5.319314 -4.228065 165 107 24
0.385418 3.388009 -3.745025 198 110 45
-0.371401 2.828574 -5.502995 135 83 11
-0.516841 3.109528 -4.118584 216 122 32
1.404390 7.499790 -5.208768 255 255 255
-0.472305 3.130527 -4.085410 202 88 26
1.857418 2.592176 -4.759815 113 110 124
-0.893204 2.375389 -5.037300 216 141 17
-0.246484 3.116037 -4.095047 214 111 20
1.668239 3.917400 -4.300270 238 171 110
2.938186 8.163116 -11.064197 134 75 13
0.043444 3.119364 -4.080191 211 116 50
0.506190 8.328727 -2.584229 255 255 255
-0.239024 2.791602 -4.501539 177 88 47
-0.451982 3.026806 -4.209367 236 146 34
-0.979860 3.834781 -3.225100 225 143 19
-0.266265 2.919006 -5.588944 134 81 10
0.551305 2.999178 -4.220586 223 106 50
0.116349 2.547644 -5.307744 0 0 0
-1.209332 2.910520 -4.375995 202 86 17
1.503762 3.192510 -3.946112 197 109 62
-0.225878 5.185069 -1.091663 253 253 253
-0.954150 2.921037 -4.354907 196 92 19
-1.279218 3.562899 -3.564233 209 107 16
-0.839391 2.921714 -4.353782 199 108 23
2.012931 5.910389 -4.691550 167 88 8
-0.792522 3.698740 -3.372159 244 158 22
-0.762729 2.941315 -4.327686 228 146 22
-0.464637 3.794643 -3.260788 215 117 33
-0.762856 2.940643 -4.326769 228 146 22
1.843873 5.136058 -4.242912 124 64 4
-0.107573 3.461937 -3.645033 235 146 39
-0.622893 2.950546 -4.307186 232 151 29
-1.281662 4.240799 -3.601904 185 109 25
-0.107573 3.461937 -3.645033 235 146 39
-0.500893 2.940605 -4.323801 211 93 24
-0.159839 4.891337 -1.154893 135 141 157
0.480626 3.547658 -3.541819 243 141 103
-0.474568 2.919674 -4.344841 234 164 18
-0.548553 8.106706 -3.643392 80 82 92
0.393340 3.110943 -4.098412 198 113 72
-0.441356 2.930674 -4.331870 208 113 26
1.060944 8.499318 -3.115836 119 66 8
1.686430 3.307304 -3.817730 242 166 82
-0.331427 2.914452 -4.349243 216 112 39
-0.965452 7.131447 -2.287280 122 63 29
1.641795 2.925074 -4.280380 229 151 25
-0.243342 2.951083 -4.299931 230 154 32
-0.596590 4.344231 -3.833355 196 111 15
1.378183 2.718606 -4.533982 216 118 30
-0.214077 2.948092 -4.299842 207 111 34
-1.465431 4.268797 -7.106963 178 125 42
-0.237093 2.910801 -4.354611 206 102 37
0.850479 2.896829 -4.341370 226 154 66
-1.267856 2.870265 -4.424856 216 142 16
0.055512 2.925969 -4.327743 224 123 57
1.816816 2.525311 -4.788151 207 134 37
-1.267754 2.869809 -4.424037 216 142 16
1.804160 4.327964 -3.469789 255 255 255
-1.709756 6.557636 -9.807974 115 78 6
-1.013098 2.890304 -4.395132 191 91 13
-0.938873 2.880444 -4.397436 223 142 15
0.347205 2.847507 -4.424140 170 107 64
-1.198666 3.798257 -3.278577 198 121 19
-0.749456 2.891302 -4.385221 203 111 26
1.168517 3.661705 -3.226808 254 223 216
1.535696 3.339527 -3.761980 221 138 105
-0.430114 2.850883 -4.432137 227 155 20
0.255093 -0.774156 -3.948306 0 0 0
-1.061398 2.417533 -5.165361 111 118 133
-0.429852 2.851063 -4.430804 227 155 20
1.749223 4.664730 -3.956211 255 255 255
1.793053 3.295833 -4.026768 243 141 44
-0.297154 2.845665 -4.433418 204 112 40
-1.470600 6.464821 -9.619914 255 255 255
1.842404 2.754834 -4.560444 204 142 67
0.461127 2.822473 -4.440229 224 142 52
1.788260 2.432178 -4.882822 189 124 67
0.520728 2.844410 -4.411295 227 160 50
-0.351098 8.387025 -3.479842 38 38 43
-0.499131 2.783478 -4.517745 188 108 45
0.836475 2.844707 -4.406415 226 162 79
-1.438041 4.388961 -4.378210 6 6 7
1.136412 3.038380 -4.159661 197 120 72
0.912290 2.854627 -4.391284 188 103 60
0.981070 2.815571 -4.435504 218 141 65
2.671798 9.998405 -8.097792 163 92 8
0.981237 2.817128 -4.435577 218 141 65
-0.101065 5.980489 -1.794967 53 52 61
-0.817434 7.134602 -2.383845 188 188 188
-0.078926 2.422624 -4.947454 217 121 76
-0.343432 4.935960 -1.160495 30 30 35
-0.078967 2.423209 -4.948567 217 121 76
-0.146413 9.966944 -5.851147 7 7 8
-0.254261 3.627747 -3.462867 223 117 38
0.233716 2.430383 -4.929782 195 161 143
-1.353448 2.366224 -5.052574 117 62 16
0.255642 2.429986 -4.930972 163 120 122
-0.531451 3.514707 -3.621159 194 107 21
1.386762 2.446489 -4.882533 199 118 84
-1.509569 4.096379 -3.301702 8 8 10
-0.636914 3.480416 -3.656194 230 152 15
-1.231050 2.401196 -5.002806 182 112 15
1.792135 5.270432 -4.172017 128 78 4
-1.193058 3.661465 -3.447675 225 147 16
-1.033142 2.394499 -5.002505 220 149 17
1.194925 7.908851 -3.312013 255 255 255
-1.309922 3.523154 -3.616942 232 148 14
-1.033136 2.394355 -5.002513 220 149 17
0.176281 2.390530 -4.953137 181 134 115
0.280610 2.787380 -4.492472 216 136 67
-0.656362 2.399764 -4.987587 218 135 36
3.206725 6.560800 -10.267825 250 142 36
-1.516918 4.850929 -4.260115 156 118 5
-0.418181 2.424227 -4.957852 221 129 34
-0.792183 2.913780 -4.343897 201 110 26
-0.218206 2.392457 -4.988406 220 143 43
-0.791466 2.916209 -4.344672 201 110 26
-0.117465 2.369493 -5.012863 208 81 46
3.072558 8.585320 -11.286198 255 255 255
-0.719576 2.887801 -4.392008 215 134 29
-0.116792 2.373114 -5.012733 208 81 46
0.862100 6.063019 -1.586753 106 78 65
-0.595332 2.773842 -4.527935 204 130 24
-1.190060 2.368004 -5.042094 196 133 12
6.960690 19.981586 -17.297569 145 85 30
-0.871659 2.349156 -5.055793 178 79 24
0.844426 8.276164 -3.574298 67 67 76
-0.808707 2.337635 -5.062275 223 153 19
2.728826 6.338410 -9.113215 255 255 255
-0.691565 2.365998 -5.030768 221 145 27
1.013254 9.404346 -4.003377 255 255 255
-0.492871 2.346765 -5.048474 218 143 37
-1.790762 7.023483 -7.903771 143 78 21
-0.393543 2.351377 -5.041189 224 150 34
-1.790762 7.023483 -7.903771 143 78 21
0.051036 2.358950 -5.046285 108 111 127
-0.861429 7.494719 -5.217807 32 32 35
-0.584341 2.885929 -5.632364 94 81 85
-0.355741 3.255222 -3.918692 226 145 26
-0.957454 6.879572 -4.175874 44 45 50
-0.356085 3.265910 -3.917548 226 145 26
0.597893 9.052671 -5.039023 0 0 0
-0.115384 3.207768 -3.979077 245 157 39
-0.120790 3.247127 -3.923964 243 150 32
-0.048691 3.211517 -3.972792 240 152 46
-1.032307 3.386357 -3.778937 234 164 12
0.078229 3.184162 -4.002245 216 117 52
-1.017835 3.887047 -3.112348 209 122 19
-0.589308 3.170508 -4.040820 222 118 15
0.319556 6.524354 -3.597049 0 0 0
-0.775823 3.093050 -4.135698 220 118 16
2.626896 6.100645 -9.447255 255 132 15
0.174580 3.049645 -4.168339 229 140 57
0.917848 3.121065 -4.063216 201 117 68
-0.950147 3.002511 -4.256046 224 155 11
-0.402818 3.153709 -4.066047 213 135 32
-0.628497 3.021879 -4.222725 204 96 26
1.739833 3.804350 -3.745852 255 231 212
-0.595056 3.020788 -4.226828 222 149 25
-0.597014 3.833343 -3.197891 222 140 42
-0.340364 3.014368 -4.230009 208 106 43
0.545055 4.039744 -3.068480 90 93 104
-0.340005 3.010593 -4.231811 208 106 43
-1.567412 4.974485 -4.213282 169 98 13
-0.391392 2.997290 -4.251614 224 113 37
-1.524705 4.978046 -4.166060 163 115 4
0.064690 2.994733 -4.235035 201 115 58
2.114695 6.427564 -5.098968 165 104 18
0.831035 2.989200 -4.227920 230 148 59
-0.897997 2.920860 -4.351907 202 103 17
-0.897570 2.925778 -4.351346 202 103 17
-0.302635 2.930733 -4.330674 232 148 35
1.965252 5.468383 -4.361981 178 91 13
0.166164 2.926100 -4.302354 205 111 68
2.062972 5.965403 -4.798478 169 95 10
0.166192 2.937472 -4.306091 205 111 68
-1.624843 5.394073 -4.597782 167 100 14
0.302453 2.925742 -4.323725 219 143 64
2.179835 6.719119 -5.375924 151 88 11
0.819487 2.878380 -4.358188 200 116 79
0.889107 2.919941 -4.318738 202 112 60
-1.300823 2.879124 -4.419547 207 100 18
2.649050 9.217658 -7.818817 119 119 137
-0.456240 2.840414 -4.443408 206 97 25
-0.395309 2.850757 -4.429671 201 85 22
1.423441 3.856881 -3.085798 224 196 184
-0.089457 2.871562 -4.393214 208 112 44
0.090196 2.844436 -4.426849 217 117 68
2.723811 8.894944 -7.199779 113 100 102
0.284394 2.866021 -4.389965 196 112 70
0.284659 2.866724 -4.390240 196 112 70
-1.027859 3.907343 -3.121307 202 132 20
-1.154446 2.837120 -4.463933 217 148 12
-1.098544 2.788895 -4.519672 239 174 14
-0.428381 4.648734 -4.331291 210 128 22
-0.793961 2.781604 -4.520288 228 148 21
-0.728653 4.335456 -3.797056 192 122 16
-0.485962 2.775780 -4.526163 183 97 43
0.713038 2.800091 -4.460838 198 119 90
-0.119544 4.951503 -1.147949 37 38 43
0.906193 2.796667 -4.461577 188 107 69
1.075016 5.795712 -10.054972 216 118 54
-1.274136 2.747383 -4.573758 214 149 12
2.609772 6.488864 -9.374375 71 43 13
-1.152696 2.742954 -4.582180 228 153 14
-1.462575 4.008292 -3.141331 16 16 18
-1.152622 2.744996 -4.583185 228 153 14
1.073934 7.461924 -2.779594 255 255 255
-1.036274 2.761177 -4.554554 232 155 15
-0.934917 2.732975 -4.584167 209 100 16
-0.766346 2.725633 -4.586080 201 101 20
2.888198 7.958551 -10.755582 72 41 13
-0.766107 2.727520 -4.585763 201 101 20
2.556050 8.169009 -6.478204 255 255 255
-0.681506 2.770774 -4.533253 185 93 36
1.773545 7.648623 -5.924662 255 255 255
-0.368946 2.715673 -4.588952 207 106 35
0.177436 2.739089 -4.550996 217 153 94
2.226923 5.803299 -6.407740 255 255 255
0.177397 2.739680 -4.550997 217 153 94
2.226923 5.803299 -6.407740 255 255 255
0.905163 2.725863 -4.550449 219 149 90
2.607610 9.157260 -7.737519 128 131 150
0.905127 2.726183 -4.551076 219 149 90
-1.198828 2.697304 -4.640913 234 172 12
-0.341846 4.872520 -1.066204 16 16 18
-1.198875 2.697253 -4.640864 234 172 12
-1.117676 2.695317 -4.634740 232 168 13
0.714657 2.804362 -4.465649 187 114 85
-0.904524 2.714972 -4.614239 226 142 14
-0.117888 2.667974 -4.643633 208 112 42
-1.058988 3.732440 -3.354383 223 146 20
0.973322 2.668271 -4.613855 204 121 86
0.509706 3.983763 -3.025935 50 50 55
1.457946 2.638546 -4.642485 199 108 46
1.669975 4.282919 -3.410561 151 98 5
-1.112632 2.622903 -4.732917 228 158 14
0.349765 7.749365 -3.247645 6 6 7
-0.727316 2.610124 -4.734033 216 137 22
-1.530147 15.038074 -7.368275 61 35 14
-0.543757 2.611654 -4.728107 187 105 29
0.859176 2.430200 -4.929098 244 216 205
-0.543757 2.611654 -4.728107 187 105 29
1.496184 3.804273 -3.260345 255 231 217
-0.428385 2.638604 -4.695486 210 130 28
-0.427954 2.640062 -4.696290 210 130 28
1.853913 5.298714 -4.325874 117 65 4
-0.147995 2.621535 -4.697749 215 114 35
-0.344146 8.097581 -3.660775 46 47 53
1.299613 2.569293 -4.734353 191 100 56
-0.810895 7.936837 -3.513139 48 49 56
-1.191070 2.604720 -4.759898 179 97 14
-1.147510 2.545182 -4.824388 183 93 12
1.162346 10.007626 -4.143429 64 32 8
-1.051036 2.576659 -4.786200 196 103 19
1.299587 2.725209 -4.555763 175 101 50
-1.098392 2.548040 -4.825468 186 95 13
-1.097584 2.551498 -4.826262 186 95 13
0.793747 2.967596 -4.251014 193 113 66
-1.015519 2.577834 -4.776713 210 141 17
1.725027 3.674086 -3.298118 220 189 176
-0.880849 2.543037 -4.819923 220 143 16
1.945701 5.964698 -4.815014 106 55 4
1.186756 2.547573 -4.760004 193 142 103
1.152474 2.536701 -4.776052 183 126 110
0.953972 5.172503 -1.190490 255 255 255
-1.157143 2.496097 -4.883379 213 152 11
2.496538 6.457842 -9.570004 255 255 255
-1.036870 2.504666 -4.873468 174 77 13
-0.761678 2.529579 -4.839272 190 95 27
-1.656555 6.869198 -10.200205 255 255 255
-0.761664 2.532809 -4.840930 190 95 27
-0.015343 4.981845 -1.188443 36 36 41
-0.759407 2.491500 -4.878477 185 105 27
-0.606660 4.859272 -1.055658 34 32 36
-0.416051 2.522231 -4.834475 215 135 51
0.905654 6.366707 -1.805951 146 83 30
1.336541 2.490207 -4.832376 196 111 71
-0.901862 6.060253 -1.707786 105 77 65
1.496414 2.501436 -4.811365 191 101 68
1.556938 2.475813 -4.844396 212 139 75
1.735127 2.508908 -4.701044 160 95 46
-1.218793 2.472829 -4.911517 187 125 11
-0.901284 2.433928 -4.957264 193 96 17
-0.901346 2.434260 -4.957157 193 96 17
-1.368825 3.078981 -4.204593 190 111 26
-0.536785 2.446149 -4.932611 219 141 26
-1.567269 5.231634 -5.944723 255 255 255
-0.536655 2.446557 -4.932866 219 141 26
-0.429632 2.449038 -4.922817 193 104 53
2.888198 7.958551 -10.755582 0 0 0
-0.468667 2.451102 -4.925435 205 127 40
1.120527 7.254592 -4.701268 34 35 40
0.201979 2.422790 -4.942071 185 141 131
1.197398 3.771628 -3.435886 221 193 184
1.439942 2.438105 -4.892234 203 126 90
2.903033 10.979126 -12.727692 255 255 255
-0.940374 2.377169 -5.026535 221 140 18
0.080707 5.836684 -4.365339 255 255 255
-0.338706 2.401819 -4.980412 188 89 43
0.911143 5.004048 -1.154857 18 19 21
1.372542 2.419890 -5.017276 130 132 156
-0.898814 2.343648 -5.063911 207 129 18
-1.007035 2.357357 -5.121929 131 140 161
-0.888213 2.973946 -4.299486 208 134 18
-0.445183 2.870003 -5.601633 102 78 63
-0.992677 3.117886 -4.113325 213 115 14
-1.530695 4.635229 -3.937886 168 104 22
0.360288 3.120138 -4.074961 219 141 69
0.906458 5.192071 -1.196028 161 95 17
2.668473 9.097585 -7.609682 126 120 133
-0.457130 2.791575 -4.502780 218 140 35
-0.491239 4.881625 -1.106602 48 50 55
-1.041812 2.336964 -5.080459 211 146 12
1.277287 4.327229 -0.652824 255 255 255
2.276449 5.008815 -7.759107 153 70 21
1.042711 7.250354 -2.364649 180 90 37
-1.391274 3.457857 -6.322876 182 111 100
-1.291764 2.424998 -5.233345 185 113 19
-1.482941 7.031820 -10.434230 163 99 10
1.763079 3.361604 -5.793434 212 129 41
0.088871 3.947524 -3.061249 217 119 66
1.870051 3.083587 -5.440551 180 112 30
-0.455213 3.927497 -3.093590 225 120 15
1.831675 3.131526 -4.399208 52 50 54
-0.356300 3.934724 -3.086139 222 111 15
1.763536 3.935380 -3.312329 0 0 0
-0.505812 3.779559 -3.279432 232 144 22
1.734642 4.423186 -3.519206 153 85 5
-0.238299 3.691773 -3.387872 238 156 28
2.761774 2.091731 0.518091 255 255 255
1.029635 3.510616 -3.575443 205 151 125
-1.000789 3.722486 -3.363028 240 164 17
1.790499 3.604876 -4.437892 204 123 74
-0.961295 3.740021 -3.348601 216 113 19
0.648329 7.530245 -4.475665 116 119 135
-0.153563 3.604871 -3.489011 254 163 26
1.775264 3.339825 -3.776700 225 131 82
1.788510 2.931101 -4.199147 213 129 26
-1.126396 3.675126 -3.433902 236 165 15
2.787349 9.532063 -7.916993 255 255 255
-0.780630 3.604666 -3.506478 227 119 20
0.887454 4.168192 -3.200586 42 42 48
-1.381888 3.670932 -3.442674 231 154 18
0.887454 4.168192 -3.200586 42 42 48
-1.336366 3.640197 -3.479324 211 114 18
0.220953 2.474284 -5.019168 158 127 116
-1.296581 3.636618 -3.480773 230 153 15
1.856511 3.121184 -5.400500 122 70 19
-1.298145 3.637464 -3.478644 230 153 15
-1.235902 3.613011 -3.508326 236 163 13
0.600979 5.108965 -1.433616 255 255 255
-0.773715 3.520018 -3.605759 240 151 20
1.715982 5.334235 -5.530295 255 255 255
-0.774439 3.518552 -3.609760 240 151 20
-0.533567 3.503035 -3.623911 201 110 20
2.018766 5.826148 -6.090319 0 0 0
-0.197278 3.488961 -3.629904 229 148 34
1.381002 3.240443 -3.907299 212 126 80
1.508138 3.193089 -3.960651 205 110 61
0.118475 7.993580 -4.368278 84 85 98
-0.306228 3.362199 -3.792152 247 158 27
0.049736 3.355756 -3.792184 216 99 42
1.863505 4.784062 -3.828369 186 115 6
0.049492 3.355665 -3.792717 216 99 42
0.229506 3.292097 -3.867488 232 148 71
1.059600 6.619325 -2.010268 54 54 61
0.899713 3.204655 -3.959440 209 122 85
-2.678137 21.207384 -12.730605 255 255 255
1.302922 3.164029 -4.000541 224 149 82
-0.995296 3.405168 -3.757583 221 117 12
-0.783193 3.428638 -3.720752 233 158 12
0.899379 5.010441 -1.122826 29 30 33
0.076555 3.245190 -3.924515 233 146 59
-0.017755 7.241573 -5.133129 47 47 52
0.077511 3.247953 -3.923572 233 146 59
1.063953 3.136911 -4.036415 213 140 79
-1.199647 3.408512 -3.763004 233 161 12
-1.287184 7.994640 -6.126136 29 28 31
-1.251631 3.330982 -3.860865 203 110 16
1.776497 5.200310 -7.647512 255 255 255
-1.251441 3.329593 -3.861197 203 110 16
1.502119 6.753885 -1.649802 255 255 255
-1.164480 3.272804 -3.926889 213 113 15
2.157030 5.742481 -5.744856 255 255 255
-1.129727 3.254750 -3.945735 236 153 15
-1.071645 3.289865 -3.893831 214 122 12
1.553340 10.034609 -5.325895 255 255 255
-1.037141 3.296571 -3.895666 237 161 13
0.134653 2.499196 -4.842748 211 155 115
-0.153893 3.172382 -4.032960 238 155 25
-0.791663 2.463925 -4.915330 220 142 20
-1.346223 3.279917 -3.928531 215 106 21
-0.899286 4.952484 -1.235833 36 37 41
-1.264758 3.271525 -3.929806 229 152 19
2.544619 8.304976 -6.878327 255 255 255
1.324700 2.890925 -4.339202 218 137 41
-0.833861 7.264374 -5.306756 29 28 31
-1.336164 3.183035 -4.039097 214 140 14
-1.386523 4.560658 -3.862878 120 64 4
-1.053030 3.153546 -4.072205 215 109 16
1.689525 2.628457 -4.664932 196 124 33
0.819459 2.878360 -4.358111 197 114 78
1.689525 2.628457 -4.664932 196 124 33
0.804633 2.829954 -4.418505 206 119 83
-0.912686 5.126204 -1.257120 114 68 32
0.804773 2.830106 -4.419081 206 119 83
-1.429977 3.150332 -4.084575 200 94 17
-1.343724 3.028663 -4.235208 186 99 30
0.261839 8.111582 -3.871328 44 45 50
-0.203146 2.898728 -4.370781 213 135 24
1.236035 9.517109 -3.865905 125 77 35
1.397656 2.659596 -4.621371 206 104 40
1.842306 2.918350 -4.669444 43 41 46
1.664799 2.592538 -4.696204 175 96 53
1.859788 3.093628 -5.268960 112 63 14
1.837627 2.597111 -4.687865 176 86 24
1.300051 2.568372 -4.736642 187 101 57
2.888127 9.049661 -12.509602 255 255 255
1.556646 2.576699 -4.719998 183 94 54
1.220628 8.206897 -5.546866 128 84 56
-0.993789 2.850091 -4.446471 227 155 14
-0.992943 2.848652 -4.448512 227 155 14
-0.050113 5.178503 -5.201594 252 162 13
1.756144 2.442366 -4.877251 162 92 58
2.542040 6.977071 -9.952782 255 255 255
-1.358787 2.877915 -4.414960 198 106 21
1.883311 3.185657 -5.544168 177 105 53
-1.360206 2.884063 -4.414573 198 106 21
1.685879 4.578379 -3.701586 255 255 255
1.276238 2.483394 -4.837175 166 102 73
-1.641306 5.608255 -4.678274 255 255 255
-1.091142 2.737730 -4.581202 220 146 15
-0.889918 4.913909 -1.298705 255 255 255
-0.527721 2.674609 -4.649806 215 141 28
-2.029577 9.048252 -8.143785 91 48 20
-0.265516 2.640703 -4.675516 197 127 58
-2.029577 9.048252 -8.143785 91 48 20
0.017171 2.607627 -4.718582 218 122 71
-0.362218 5.360634 -5.498850 255 255 255
0.032100 2.577814 -4.753355 226 146 80
0.032224 2.581227 -4.753446 226 146 80
-1.189399 2.732334 -4.592454 201 106 13
-0.599887 2.611994 -4.732434 202 104 27
0.290224 5.305953 -1.725202 255 255 255
-0.524299 2.634998 -4.693078 221 139 26
1.832309 8.241838 -6.296763 255 255 255
-0.002139 2.534739 -4.803559 227 143 66
1.860235 4.699254 -3.741924 184 97 5
-0.137883 2.498302 -4.857887 206 120 66
3.042634 12.023880 -9.783057 94 56 4
-0.881460 2.541580 -4.820189 217 142 16
-0.696860 2.410862 -4.901706 199 120 30
-0.976422 2.495071 -4.885484 179 94 15
1.850638 2.591966 -4.780649 108 106 119
-0.975928 2.495008 -4.884804 179 94 15
1.845260 4.627647 -3.681310 181 74 5
-1.329462 2.537906 -4.836121 147 93 12
1.928374 4.954279 -4.038491 195 105 29
2.029577 3.876007 -6.491609 207 159 125
-1.109952 7.300849 -2.676334 255 255 255
-1.127987 2.338844 -5.095284 174 98 31
-1.588315 10.662199 -5.126919 253 253 253
-1.090686 3.396787 -5.759838 147 99 31
1.103260 7.091316 -2.253175 179 91 40
0.113892 3.785785 -1.431743 255 255 255
-0.669299 3.932927 -3.104020 206 108 16
-1.218469 4.313110 -3.604901 185 108 24
-0.235882 3.857541 -3.186235 248 156 20
1.811033 2.942934 -4.966206 48 46 52
-0.238183 3.565853 -3.536266 248 162 21
0.870372 7.321488 -4.748861 98 101 114
1.583891 3.192444 -3.957118 212 118 45
-0.402270 3.418377 -3.724098 229 143 26
0.823827 5.348968 -1.224526 13 14 15
-0.583793 3.300445 -3.874972 203 109 16
1.233887 3.016301 -4.210539 227 141 66
-0.992873 3.117264 -4.114351 210 112 13
1.945260 2.804349 -5.202606 255 255 255
0.368472 2.404526 -4.959006 206 174 155
-0.692358 2.429661 -5.058941 180 104 36
-1.016722 2.573484 -4.772683 209 140 17
-1.050848 2.464067 -4.913487 203 138 11
2.536911 8.570667 -8.596667 255 255 255
-0.183602 0.677703 -3.044108 215 154 116
1.040092 3.280554 -4.113234 197 120 72
0.194442 3.468740 -3.645298 235 151 89
1.618600 3.170651 -3.967796 215 134 38
0.195840 3.466568 -3.651375 235 151 89
0.578441 2.583927 -4.785240 182 145 135
1.879833 2.522666 -5.089706 49 52 58
-1.461952 3.992849 -3.207188 110 76 31
1.940592 2.859156 -5.314143 255 255 255
0.509816 3.846693 -3.166578 216 145 110
-0.358032 2.465616 -4.918267 192 110 55
2.754025 7.517834 -10.354825 155 88 16
2.708654 8.236100 -8.425298 255 255 255
-1.281179 2.986662 -5.703233 124 65 26
2.491829 7.921972 -6.432219 255 255 255
-1.243884 2.937588 -5.737833 255 255 255
-0.836363 7.075203 -2.352478 255 255 255
0.120853 6.096629 -2.337903 140 136 154
1.405753 2.833664 -4.401958 222 135 45
-1.110851 8.754579 -3.664389 255 255 255
1.803452 2.815918 -4.423421 186 111 33
-1.109695 8.762636 -3.666116 255 255 255
1.933785 3.195580 -5.694720 255 214 216
-1.325001 3.885259 -3.096225 0 0 0
0.006247 2.459246 -5.164903 54 55 62
1.049050 7.475238 -4.497866 103 106 121
2.047992 3.703257 -6.284754 242 210 187
2.908003 7.828368 -10.077061 60 28 8
-0.763172 2.426677 -5.196587 48 49 54
1.745635 4.307307 -3.568846 198 121 16
-1.310435 2.785493 -5.510452 204 118 66
0.693754 1.993764 -4.713853 255 255 255
-1.092459 7.165423 -2.359869 255 255 255
-0.251264 0.651941 -2.984443 127 88 57
1.871439 5.020324 -4.078120 178 89 5
-1.167779 7.953859 -3.063799 255 255 255
-0.337114 5.448761 -5.541662 0 0 0
0.748585 3.584258 -3.492644 231 151 106
1.556990 2.574271 -4.719369 177 96 53
-1.508423 4.683972 -3.970637 144 79 9
-1.119802 3.414067 -3.748688 222 145 11
-0.662993 3.333823 -3.835849 208 138 14
2.090662 6.319467 -5.027652 159 109 4
-0.032932 2.366644 -5.027100 224 142 89
0.820465 5.292763 -1.169213 14 14 16
0.114093 2.359570 -5.008222 220 162 127
-0.940133 6.778372 -2.207462 48 49 55
-1.136759 7.870435 -6.278176 255 255 255
1.663640 3.965290 -3.060957 209 194 196
-1.136759 7.870435 -6.278176 255 255 255
2.050379 6.438531 -5.159834 130 68 6
0.389182 10.418020 -3.409168 230 135 60
1.876216 3.296649 -5.557737 204 123 48
0.591830 3.490072 -3.612757 239 180 133
1.500788 4.485899 -5.093148 214 197 192
0.383022 3.395752 -3.733561 199 115 46
1.768877 4.644036 -3.706028 166 108 5
1.213192 2.857472 -4.373123 181 109 60
0.986575 6.163266 -1.677760 73 54 50
1.229577 3.613800 -3.443214 228 194 176
2.352082 7.686280 -7.779160 138 80 25
0.749141 5.773621 -1.448023 52 54 61
-0.381916 7.134489 -2.670207 255 255 255
0.259967 2.485639 -4.935387 171 138 118
1.574619 6.624394 -2.367398 255 255 255
-0.111283 5.703068 -1.618942 49 50 56
1.436818 11.794690 -5.160060 68 41 16
-0.791676 6.195383 -8.353896 255 255 255
-0.100589 4.908049 -4.770712 221 138 34
-0.343831 5.652699 -2.480197 255 255 255
1.062469 7.460777 -2.576806 184 158 147
0.948327 5.587616 -4.138365 255 255 255
0.013474 3.902740 -3.140241 228 115 50
-1.395538 12.366743 -5.574124 118 83 64
0.013474 3.902740 -3.140241 228 115 50
-1.332911 3.917763 -3.132980 163 89 30
0.313491 3.775485 -3.273400 229 166 119
-1.094665 3.854300 -3.210011 220 146 19
1.803642 11.715327 -8.431040 82 50 14
-0.715931 3.800081 -3.268193 235 153 30
-0.166093 4.303860 -3.547117 215 128 16
-0.579135 3.745892 -3.337681 218 112 28
0.809247 4.371335 -3.701411 255 169 14
0.437001 3.612183 -3.463601 233 132 89
-0.903536 4.916459 -1.197706 31 30 34
-0.556485 3.665688 -3.430013 210 105 24
0.910451 5.232997 -1.217689 7 7 8
-0.291432 3.619014 -3.482188 232 153 33
-0.253049 3.626683 -3.465003 225 118 37
0.851423 8.097871 -3.796682 88 89 102
-0.117328 3.604574 -3.492056 225 100 35
-1.163064 11.331244 -4.985505 62 41 32
-0.117328 3.604574 -3.492056 225 100 35
0.635451 3.488233 -3.614297 239 181 133
1.616656 3.429298 -3.667042 221 131 81
-0.626995 3.595084 -3.513859 224 146 15
1.285553 8.449894 -5.843976 255 255 255
-0.240787 3.536253 -3.580433 238 161 25
-0.241260 3.535227 -3.580931 238 161 25
0.894050 7.127405 -2.209347 64 65 74
1.053708 3.402097 -3.712030 221 160 113
-0.899132 7.978665 -3.144220 71 72 82
1.475955 3.315407 -3.815722 225 160 98
1.932554 2.848564 -5.420534 255 255 255
0.942987 3.353076 -3.770848 219 153 102
0.941994 3.353114 -3.770511 219 153 102
-1.439107 14.349145 -6.993073 61 34 12
1.415743 3.308360 -3.814874 229 156 92
-1.054635 3.441941 -3.716594 247 179 12
-0.994472 3.444291 -3.714808 233 156 13
-0.449158 3.441776 -3.699926 226 137 30
-0.124420 6.727758 -2.191586 8 8 9
0.546399 3.327119 -3.814227 229 125 78
-1.552815 6.663361 -2.714464 59 60 68
-1.292120 3.402892 -3.765925 242 176 13
-0.189395 3.324980 -3.831920 248 164 27
-0.283091 3.666030 -3.416626 219 117 36
-0.189501 3.329548 -3.832666 248 164 27
0.031212 2.688489 -4.607759 217 135 72
0.626194 3.183787 -3.990992 239 164 83
-1.179717 3.388582 -3.793821 218 136 16
0.626042 3.183071 -3.991141 239 164 83
-1.166130 3.381372 -3.772275 218 136 16
0.840734 3.214077 -3.962241 234 133 81
-0.768667 3.425832 -3.695148 226 148 16
0.842280 3.216984 -3.962169 234 133 81
1.457233 2.936083 -4.247113 219 140 34
-0.922757 3.275746 -3.919020 231 109 13
1.466162 3.223326 -3.900743 212 138 67
0.569161 3.153810 -4.035121 234 152 66
2.128950 6.208182 -5.103036 176 105 17
0.569161 3.153810 -4.035121 234 152 66
2.067103 3.346663 0.456167 254 254 254
0.706007 3.118940 -4.072091 231 149 80
-1.321995 8.729427 -3.502083 125 74 30
1.017423 3.078565 -4.104688 215 141 68
0.330225 8.429870 -3.497103 53 54 61
1.017803 3.078678 -4.104592 215 141 68
1.822410 2.788253 -4.524689 196 126 38
1.596399 3.022527 -4.170761 203 92 40
-1.461670 4.449515 -3.756255 135 71 9
1.595625 3.019707 -4.173184 203 92 40
-1.497788 4.817756 -4.062370 152 91 8
-0.860168 3.231360 -3.974832 229 110 14
-0.413096 4.617451 -4.165794 202 124 14
-0.589318 3.172265 -4.041456 221 116 15
-1.286392 4.312733 -3.703956 173 105 27
-0.316752 3.158276 -4.060897 210 93 22
1.875215 5.242691 -5.214989 255 255 255
1.747596 2.960272 -4.241783 213 115 26
-1.131178 10.355586 -4.378725 112 86 73
-1.369809 3.185960 -4.044178 197 99 16
-0.784738 7.533613 -2.888528 255 255 255
-1.012312 3.167544 -4.053595 241 160 13
1.314086 8.781545 -6.032626 255 255 255
-0.987337 3.154145 -4.067244 217 126 14
1.339960 9.334460 -3.935104 255 255 255
-0.571503 3.124926 -4.105956 205 82 16
-2.054778 8.536059 -7.090476 255 255 255
-0.348825 3.085092 -4.127998 217 104 27
0.402084 3.835831 -1.060469 0 0 0
-0.114887 3.095415 -4.116690 244 167 33
1.320350 8.955828 -6.057381 255 255 255
-0.115042 3.095674 -4.116373 244 167 33
-0.636416 8.941720 -3.710589 255 255 255
0.105809 3.038580 -4.182694 209 107 50
1.283617 2.571308 -4.860015 181 110 61
0.550847 3.000594 -4.220237 222 106 50
2.412074 7.825696 -6.165706 123 67 4
0.861989 2.991868 -4.226239 219 114 61
2.412074 7.825696 -6.165706 123 67 4
1.287525 2.884591 -4.342951 201 98 46
-1.151219 10.863250 -5.269413 255 255 255
0.065125 2.996454 -4.235961 198 113 59
-1.217276 11.421841 -5.141322 74 46 26
0.673452 2.891475 -4.351286 206 112 82
-0.548393 5.312685 -6.352721 233 132 16
0.748786 2.929513 -4.294660 226 153 67
0.974904 5.620176 -1.786933 119 123 140
1.384662 2.799620 -4.445026 230 145 32
1.467704 2.824498 -4.407326 201 103 49
-1.322086 3.068204 -4.180424 182 87 26
-1.492001 4.375123 -3.770847 129 80 9
-0.707060 3.038016 -4.212974 231 152 19
1.488181 3.333905 -3.797119 224 154 101
-0.214512 2.946165 -4.298946 207 111 33
-0.897519 4.948030 -1.231956 40 41 46
1.329784 2.784609 -4.474619 224 137 45
1.454702 2.789700 -4.457720 209 94 43
-1.256672 4.224790 -3.563129 10 10 11
1.494721 2.737719 -4.519458 193 104 43
-1.446770 14.408835 -7.017341 61 34 12
0.049418 2.817505 -4.449167 212 137 66
0.262880 5.870867 -2.388088 107 110 124
0.324400 2.836255 -4.433627 182 105 65
1.679250 3.150614 -3.999842 225 142 37
-1.132623 2.935544 -4.341628 234 154 14
0.344291 2.839749 -4.424650 189 121 65
-0.831882 2.889149 -4.389471 213 142 19
-0.923717 3.618151 -3.493890 235 149 15
-0.631918 2.867899 -4.414381 211 92 23
1.719197 4.333129 -3.601930 183 110 59
-0.631918 2.867899 -4.414381 211 92 23
1.785244 3.117054 -4.061111 253 165 26
-0.551670 2.864738 -4.424395 195 99 18
-1.354907 2.361880 -5.108567 136 78 15
-0.487082 2.824756 -4.454727 217 148 25
-0.371553 2.865621 -4.404822 229 152 22
0.404532 2.755481 -4.524268 211 143 89
0.708826 2.684745 -4.604138 201 126 90
2.537170 7.436092 -10.156029 232 232 232
1.773880 2.552540 -4.728502 172 94 27
-0.597817 3.004759 -4.241905 210 136 25
-1.104306 2.830914 -4.469775 244 169 13
0.837306 2.840233 -4.385118 206 141 77
-0.849250 2.824251 -4.462889 205 112 16
0.269405 1.716273 -4.968378 0 0 0
1.472707 2.568798 -4.738466 187 109 65
-0.986518 7.772314 -3.245431 254 254 254
1.470071 2.561402 -4.735640 187 109 65
-0.941565 6.917024 -2.375002 255 255 255
1.098049 2.541645 -4.775715 197 143 125
0.762976 3.320082 -3.803473 214 127 81
-1.339146 2.782105 -4.532017 217 144 14
-1.760762 7.608439 -10.154491 255 255 255
-0.758471 2.682425 -4.646426 216 134 23
-1.756850 7.586763 -10.143384 255 255 255
-0.757158 2.659542 -4.637444 216 134 23
2.725417 9.248755 -7.560585 255 255 255
-0.298400 2.643284 -4.682499 180 92 50
-1.465137 3.839223 -3.261579 149 93 35
0.420959 2.587869 -4.734189 199 127 103
-1.553739 11.609221 -12.018747 0 0 0
-1.377091 2.708729 -4.628640 190 123 11
0.821293 5.349594 -1.230595 16 17 19
0.507180 2.488673 -4.848626 209 167 164
-1.292114 6.243398 -8.723446 255 255 255
-0.888468 2.603243 -4.735503 225 141 14
-1.559608 6.514709 -9.134459 59 32 9
-0.832311 2.615980 -4.729259 194 92 15
-0.667788 2.570620 -4.781977 188 91 29
-0.526928 2.555892 -4.795136 195 104 22
-0.414328 8.747988 -10.215204 255 255 255
-0.526914 2.555861 -4.795024 195 104 22
0.049756 6.953918 -2.898172 54 56 63
-0.368711 2.536478 -4.799777 219 136 57
-0.140085 7.172357 -4.975896 76 78 88
-0.068460 2.501707 -4.842111 238 156 62
1.455954 2.863636 -4.352566 203 107 62
-0.983159 2.529733 -4.836582 222 150 14
0.049471 2.935430 -4.323575 239 132 56
-0.823954 2.531760 -4.815733 222 151 16
0.008465 10.431948 -4.592633 255 255 255
-0.542688 2.479733 -4.887919 212 139 28
-0.485461 2.491191 -4.875677 219 144 43
-1.257285 3.267825 -3.918140 216 140 21
-0.262380 2.456240 -4.908059 189 110 55
1.457534 2.937447 -4.243906 217 140 34
-0.101632 2.420973 -4.945395 226 153 70
1.398904 3.055521 -4.160515 207 113 54
-0.023879 2.436844 -4.930844 230 157 95
1.398904 3.055521 -4.160515 207 113 54
-0.023818 2.437998 -4.931131 230 157 95
-1.272524 5.880120 -7.365489 0 0 0
-0.936857 2.464171 -4.919923 199 105 13
-1.955863 7.245762 -9.842109 0 0 0
-0.936133 2.460646 -4.919017 199 105 13
1.868564 5.180444 -4.115711 166 107 4
-0.879461 2.467742 -4.909866 186 81 13
0.356929 3.111396 -4.068346 206 131 67
-0.601342 2.473055 -4.892872 184 91 34
1.921366 5.754111 -4.631147 134 82 5
-0.137848 2.378265 -5.001242 223 151 56
-0.024539 4.532337 -0.594533 0 0 0
-0.673619 2.382680 -5.013545 188 105 38
1.852828 2.429293 -4.977567 148 95 56
-0.416750 2.401977 -4.988089 192 108 38
-1.101142 3.899275 -3.068126 206 126 28
-0.892317 2.372514 -5.028497 216 145 17
-0.741512 7.494142 -4.963274 29 30 33
-0.613345 2.358677 -5.033898 207 126 42
1.085779 7.470549 -2.465167 149 89 16
-1.283108 12.456319 -9.140868 56 30 9
-1.446061 4.156662 -4.080476 192 125 11
-1.061918 9.115729 -3.805824 255 255 255
1.806500 2.421717 -4.930017 159 97 56
-1.374201 2.793783 -4.543222 209 135 13
-1.470951 3.855438 -3.207184 139 85 49
-2.381831 1.822216 -2.541851 33 33 38
-1.247389 3.541253 -4.840972 230 154 86
1.179155 8.533962 -3.352751 255 255 255
-0.955566 7.047189 -2.412497 79 43 8
-1.253451 3.784101 -4.580773 246 175 111
-1.217544 3.481445 -3.672300 238 148 14
-1.396648 4.268512 -4.047394 166 97 14
0.634745 6.821309 -9.297703 146 93 55
1.218878 3.755782 -3.212189 242 212 211
-1.443044 4.598300 -4.081098 255 255 255
1.274815 3.562184 -3.568228 222 180 158
-1.078888 4.343298 -5.579946 153 82 12
-1.702191 5.824180 -4.978741 156 74 6
-2.287344 11.073955 -9.216415 99 60 14
-0.195907 4.253618 -6.809746 0 0 0
0.541033 8.345579 -3.719147 35 35 39
-0.485384 3.691523 -3.389147 235 153 25
-0.152792 3.928329 -3.085946 206 108 26
-1.159745 2.645961 -4.703380 198 109 15
0.485875 3.930632 -3.065140 211 149 112
1.102623 3.204643 -3.945979 200 125 76
0.248574 2.828314 -4.430257 220 135 82
0.988282 5.772723 -1.570426 63 65 72
1.789949 3.141530 -4.012288 240 146 39
1.649378 4.392915 -3.788107 235 181 131
1.640322 3.786210 -4.509763 220 143 80
1.623991 3.919814 -4.346766 240 176 119
1.706226 3.329598 -5.107220 156 83 45
1.922052 4.965819 -4.039237 178 76 7
0.245945 7.556838 -11.007385 138 76 16
1.617231 10.815588 -7.827108 73 42 12
-0.313741 2.600989 -4.722481 173 105 61
1.537973 3.208760 -3.931337 234 150 59
1.690399 4.186184 -3.577086 236 164 117
0.952331 5.245648 -1.282605 89 91 101
1.766839 3.002435 -4.149033 225 142 27
2.266704 4.365351 -6.966709 203 176 158
1.349448 7.803885 -4.598325 133 83 54
-0.742879 5.234444 -1.196155 255 255 255
-0.674876 5.167819 -1.163010 255 255 255
1.793266 12.526340 -9.008159 71 40 7
-1.171092 2.682132 -5.166849 210 122 28
1.865337 3.571323 -4.732784 222 138 30
2.182370 4.150016 -6.741803 109 96 88
0.623101 6.505447 -1.900227 56 57 65
-1.988603 8.068048 -3.446009 255 255 255
0.599619 4.972619 -1.137940 112 109 127
-0.596712 3.202644 -3.993687 223 149 15
-1.658132 3.394345 -2.776091 184 115 32
-2.391872 2.024001 -2.383310 33 34 38
-1.420383 2.817462 -4.633595 61 61 69
-0.957946 6.873623 -2.356450 255 255 255
-1.234807 3.724205 -4.675829 235 162 107
-1.477226 4.280545 -3.680040 116 53 4
-1.272953 2.987997 -5.515294 123 71 30
-1.386312 3.244065 -5.228177 245 167 12
-1.133169 8.159033 -3.862306 96 100 112
-0.498665 3.813879 -3.229658 206 120 40
-1.631787 6.116413 -9.131748 255 255 255
-1.402927 4.333280 -3.608355 255 255 255
0.974769 3.715117 -3.352306 212 174 155
-0.835587 7.754782 -4.306211 42 42 47
0.936695 5.321543 -1.261197 46 48 53
0.934826 5.312105 -1.257807 46 48 53
0.599195 2.485158 -4.663846 212 182 170
-0.923180 6.621284 -2.133024 5 5 5
-0.925116 6.601508 -2.124816 5 5 5
-0.502771 2.438740 -4.996199 174 103 32
1.115724 8.509432 -11.105072 255 255 255
1.905540 7.955399 -3.254210 255 255 255
1.905540 7.955399 -3.254210 255 255 255
1.911069 12.309231 -6.615419 97 100 112
-0.720248 3.545435 -3.571603 207 124 18
-1.984153 8.509212 -7.435863 255 255 255
-0.799381 2.993914 -4.265146 221 147 18
-0.100848 2.914812 -4.336344 229 138 41
-1.210559 3.661219 -3.444229 238 150 17
-1.057428 9.437918 -4.295711 255 255 255
-1.655807 2.810117 -4.731017 151 94 6
-1.018665 8.211503 -3.194156 97 58 14
1.424199 3.722397 -3.284208 223 194 182
-0.230714 3.312941 -3.847155 214 121 33
-0.412090 7.365379 -10.693812 67 37 16
-1.318823 11.513872 -5.148034 96 58 23
-1.261173 3.708528 -4.641157 237 149 93
25.345556 149.668350 -126.731468 0 0 0
1.343657 8.272954 -4.437823 98 102 115
9.416098 84.972481 -72.618126 0 0 0
-1.454517 4.103774 -3.313514 12 12 14
-0.769298 8.516633 -3.572650 38 39 43
0.609693 6.648723 -2.106911 26 27 29
-0.370917 7.549096 -4.935276 83 85 96
-1.380732 4.189914 -3.640368 4 4 5
-0.871819 5.917161 -4.631842 255 255 255
1.897054 12.279551 -6.597619 85 85 96
0.627879 4.120341 -5.287958 206 123 33
-2.090357 10.052990 -8.721869 255 255 255
-1.334668 3.100862 -5.532502 212 133 15
1.006251 7.691586 -4.337639 96 100 113
-1.311059 3.861772 -3.204823 209 130 17
-0.918235 5.194009 -1.393108 20 20 23
-1.432445 2.579799 -4.737679 60 61 68
-1.457839 4.262526 -3.636889 119 75 4
-2.609605 4.826915 -6.336669 147 109 88
0.559956 7.047959 -2.351799 254 254 254
-1.348064 3.766569 -3.313710 216 137 17
-1.294466 4.242698 -4.003160 209 128 33
-1.491732 4.531731 -3.978270 168 111 29
-1.087304 8.067994 -5.808887 141 94 5
-2.031641 8.315520 -9.176531 131 65 14
0.707957 5.080921 -1.111330 50 31 14
-0.870015 3.396568 -6.005944 0 0 0
-2.172911 9.768191 -8.516484 255 255 255
0.820016 5.496838 -1.196289 255 255 255
-1.233737 2.684366 -4.562243 192 116 13
-0.484776 5.938802 -1.692107 52 54 60
0.913531 5.000798 -1.153937 26 27 30
-1.390584 4.185495 -3.740122 208 135 25
-1.254992 3.318482 -5.145900 218 135 74
-1.311593 3.851395 -3.203369 210 130 21
1.837219 2.992111 -4.324066 118 118 139
0.861842 5.817637 -4.976065 229 166 124
1.668986 3.995264 -4.276989 237 142 107
1.668986 3.995264 -4.276989 237 142 107
1.826408 4.190800 -4.213942 96 51 13
1.829014 4.396715 -3.639222 177 110 8
1.136403 8.660271 -3.409757 255 255 255
1.972998 5.567340 -4.507446 184 122 5
2.351824 4.835299 -7.455061 160 121 91
-0.873661 5.190876 -1.227478 68 52 49
-1.082236 8.519684 -3.489743 255 255 255
1.566483 4.333983 -3.944981 252 200 163
1.122661 8.001495 -2.883050 181 122 94
1.154735 8.296313 -3.076777 179 118 81
1.408076 8.981500 -6.239929 155 91 28
2.402815 5.039731 -7.692412 167 113 62
-1.454906 3.915723 -3.152831 109 77 66
1.941965 5.551359 -4.586195 179 98 11
1.254616 9.761711 -3.959966 107 65 25
1.678268 3.200321 -3.953232 229 136 46
1.909241 5.229600 -4.321567 180 105 10
1.279661 7.710210 -5.338610 65 65 71
2.468127 9.341220 -7.780527 255 255 255
0.843200 7.309709 -5.117887 70 72 81
1.317268 7.401459 -5.269862 7 7 7
0.723710 5.168186 -1.131874 255 255 255
0.069160 2.514410 -4.916014 215 157 116
0.902183 5.251539 -1.180641 8 8 8
0.974121 7.635199 -4.664695 87 88 102
-0.488483 7.333475 -4.691817 103 106 121
1.245610 2.529787 -4.958587 192 130 87
1.368350 4.779829 -7.533103 255 255 255
1.688120 4.372565 -3.663516 237 171 134
-0.643825 3.701726 -3.427513 243 156 21
-1.988603 8.068048 -3.446009 255 255 255
-4.029879 10.175719 -4.471375 0 0 0
1.766633 6.272369 -6.908502 255 255 255
-0.950172 3.585916 -3.530952 239 158 14
1.787721 3.216525 -4.484149 38 38 43
1.193552 8.424097 -3.174955 175 114 75
-1.007929 3.611101 -3.511304 217 122 17
1.683217 3.171468 -3.980295 233 145 38
1.622607 3.215985 -3.922538 239 150 43
1.952087 5.080193 -4.145303 184 119 5
1.436739 9.300060 -6.657566 122 77 16
1.802088 3.020658 -5.384528 162 102 49
1.926056 4.962960 -4.037626 178 76 6
0.198866 7.792367 -11.199706 73 41 15
1.521192 2.831158 -4.418607 211 120 38
0.893459 12.757426 -19.052677 255 255 255
0.087687 6.995661 -10.395577 255 255 255
1.849052 2.766969 -4.884514 58 58 66
2.932196 7.805718 -10.489583 0 0 0
-0.270423 7.097325 -4.800159 104 107 123
0.299568 7.274802 -4.747136 88 91 102
0.021419 4.238980 -1.119611 48 49 55
0.021419 4.238980 -1.119611 48 49 55
-1.145811 7.692233 -5.478213 63 63 72
1.743975 3.104060 -5.353603 113 62 37
0.319396 4.347816 -5.145557 0 0 0
1.058888 3.091125 -4.091737 196 110 69
-0.375679 3.913505 -3.078824 229 129 16
-0.009845 7.323277 -10.408170 255 255 255
2.414459 7.076684 -10.272336 102 55 8
0.172845 3.941705 -3.080241 223 131 57
2.772757 7.357639 -10.255563 153 89 9
0.846793 3.479695 -3.604274 209 143 92
1.470670 2.941748 -4.272174 213 137 36
0.548645 5.081346 -1.145148 16 16 18
-0.409974 3.589964 -3.507713 215 136 33
-1.098573 3.315691 -3.898224 221 147 12
-1.164962 3.526104 -3.608293 219 129 12
-1.164962 3.526104 -3.608293 219 129 12
-1.178030 3.094215 -5.536222 160 98 28
-1.308188 3.524771 -4.948503 224 147 92
-1.609393 5.102589 -4.356715 170 117 6
-1.414337 4.269557 -3.674138 113 60 4
0.724816 3.865042 -3.118709 243 208 191
-1.043453 7.348449 -5.385534 7 7 8
1.287509 3.878226 -3.016867 228 196 174
0.772390 2.699886 -4.519028 180 112 70
0.310396 3.804755 -6.519176 0 0 0
-1.534886 6.494729 -9.665074 255 255 255
-1.497838 6.366791 -9.501108 255 255 255
-1.279606 3.412649 -6.041599 255 255 255
1.473881 7.593475 -5.284882 19 19 22
1.254840 7.356534 -5.087888 19 19 22
0.421453 8.116619 -3.164478 56 39 26
-1.409659 2.891642 -4.393701 224 148 15
-0.919579 3.465991 -3.677509 217 113 20
-1.229491 3.460171 -4.981471 226 145 75
-0.985995 3.296798 -3.884722 213 122 16
-0.449960 2.721253 -4.601273 181 111 29
-0.652862 3.466611 -3.667322 235 147 17
1.744378 4.269118 -3.454605 229 156 11
1.814503 4.416936 -3.587003 178 113 5
2.038637 3.433591 -5.857554 125 70 50
2.156320 3.876338 -6.450542 215 199 192
2.834455 7.911704 -10.765594 0 0 0
0.936482 5.142892 -1.222001 100 101 111
1.621901 4.199965 -3.972235 255 237 200
1.712113 4.380305 -3.499681 184 113 7
1.715953 4.145825 -4.184925 231 176 147
-0.082210 7.889899 -3.141305 255 255 255
-0.578388 7.743204 -4.289979 127 133 152
-1.190592 6.907418 -2.298127 63 64 72
1.179543 6.067970 -4.622660 255 255 255
-0.987097 3.296870 -3.885744 211 120 16
1.728735 4.259443 -3.566261 237 167 122
1.895690 4.808257 -3.882005 184 83 7
2.330837 4.876403 -7.466303 125 73 58
2.466615 5.367546 -8.050364 142 73 30
2.602342 6.091844 -8.835950 128 82 6
1.543824 3.902101 -3.940003 231 187 164
1.208179 8.333696 -3.811266 86 88 100
-1.100416 8.379044 -3.507981 72 74 84
1.560678 2.994800 -4.181455 219 126 54
1.781467 3.078781 -4.129921 220 122 33
-0.854447 5.175594 -1.224012 68 48 42
1.177431 2.686604 -4.642501 185 87 58
2.263956 6.500749 -9.456607 255 255 255
0.946144 6.946135 -2.318325 255 255 255
-2.236887 9.009254 -12.214308 0 0 0
-0.946664 5.327083 -1.373459 39 39 44
-0.929473 5.295829 -1.362068 39 39 44
0.341009 3.333601 -4.598361 239 148 78
1.820477 3.326505 -5.139700 113 72 42
1.778878 2.986124 -4.310399 232 148 23
1.619413 3.662662 -4.840293 135 86 55
1.688747 4.237882 -3.575489 242 161 109
1.459564 2.905005 -4.318817 212 120 50
1.504730 3.452533 -3.660798 219 137 93
1.509391 3.446165 -3.652807 219 137 93
1.609239 3.617250 -5.886539 117 72 39
1.824303 3.373318 -5.038685 149 89 38
1.740131 3.639524 -4.698940 181 107 72
1.744753 4.267870 -3.453095 230 159 11
1.940418 5.143659 -4.129131 179 115 5
-1.520858 74.503387 -65.642532 98 58 11
-0.616645 7.106075 -2.437001 252 252 252
1.647926 4.237704 -3.955686 237 167 157
1.595992 4.297297 -3.911076 255 225 181
1.400244 7.357207 -3.928110 86 86 98
0.247841 11.700750 -10.481289 175 89 4
1.340859 7.423089 -5.302088 7 7 7
-1.136896 3.734258 -3.383467 228 145 19
-0.524028 7.204119 -2.501814 255 255 255
1.862503 2.814283 -4.755684 51 50 56
0.125004 7.323933 -5.124640 75 76 85
1.834403 4.608706 -3.907585 255 255 255
1.653423 4.145641 -4.166059 233 178 146
0.556276 5.377907 -7.695922 183 114 87
-2.742196 14.432317 -8.287212 112 116 132
-0.764066 2.553973 -4.803809 140 81 18
1.854587 3.415532 -5.020089 170 105 39
1.876340 3.387356 -4.948785 180 109 39
-0.376040 3.819038 -3.208688 205 93 23
-0.946626 6.828501 -2.384016 255 255 255
-0.709345 5.038685 -1.227011 106 108 123
-1.097426 3.317762 -3.901474 220 147 13
1.037330 8.312690 -3.085763 137 90 4
-1.419987 3.790521 -4.546587 236 140 12
-1.043321 7.453778 -2.731025 91 54 14
-1.094003 8.267388 -3.680169 56 56 63
-1.622112 6.908511 -10.139052 131 74 10
-2.512153 5.038355 -6.645362 0 0 0
-2.144029 7.487678 -8.483092 147 78 22
-1.116704 7.977461 -5.736191 140 91 6
-1.442902 3.641859 -3.493570 189 123 15
1.217949 3.680820 -3.346345 255 224 215
-0.562368 2.394944 -5.073921 169 98 38
-1.055197 6.621643 -2.210323 10 10 12
1.674863 2.758799 -4.995341 200 123 51
-0.289338 3.320634 -4.413674 0 0 0
-1.993723 8.318629 -7.251784 255 255 255
-1.345558 3.030839 -4.233793 175 92 28
-1.302793 3.244795 -5.275414 224 144 71
-1.381438 3.308263 -5.168520 240 143 12
0.528865 7.003137 -10.014606 82 46 10
-1.727695 5.953617 -5.056401 154 69 7
-1.320571 7.169798 -10.704739 0 0 0
0.677549 6.494195 -9.759764 163 103 11
-0.924957 7.120042 -2.346431 182 143 124
-1.337385 3.065187 -5.879554 147 95 62
-1.263556 2.576361 -4.815884 180 110 11
-1.030572 7.685114 -2.773474 181 158 150
-0.936762 7.023917 -2.248459 142 102 86
-1.468230 4.113152 -3.319996 5 5 6
-2.014619 8.314845 -7.239463 255 255 255
-0.886588 4.714644 -7.454710 255 255 255
-1.240895 3.684350 -3.416257 231 155 18
-1.409546 3.092665 -4.162058 213 138 19
0.268835 2.736693 -2.393436 255 255 255
1.290947 2.731061 -4.520680 175 100 51
-1.383116 3.205580 -5.250763 240 158 11
-1.521914 3.390080 -4.722770 154 89 43
0.921856 24.646126 -25.714844 0 0 0
-0.305924 2.659645 -4.653078 169 103 48
-0.977231 5.848845 -1.706604 57 57 64
-1.639364 5.818732 -3.547024 86 88 98
-1.039414 3.109924 -4.116607 210 141 15
-1.418400 2.624629 -4.999782 36 37 41
-1.045977 7.335731 -5.370360 5 5 5
1.410770 15.354907 -8.414179 85 87 96
-2.019554 8.067125 -6.857033 153 94 24
-2.142440 9.510175 -8.212820 255 255 255
-1.139838 8.738328 -3.337327 255 255 255
1.078840 3.750915 -3.291815 216 184 172
2.424023 8.659631 -7.243190 255 255 255
-1.557701 4.937284 -4.365430 255 255 255
-2.214914 9.436518 -8.175925 255 255 255
-0.602398 7.525010 -4.399026 97 100 113
-0.448983 8.274600 -3.197108 255 255 255
0.868196 5.330007 -1.263816 13 13 14
-1.219296 7.473794 -2.327452 255 255 255
-0.391002 3.302897 -4.071849 202 116 28
-1.027358 3.542789 -3.592156 229 115 10
-0.995407 7.496115 -5.228144 3 3 3
-0.532924 3.350873 -3.815135 227 141 14
-0.843190 6.540555 -7.974922 127 127 127
-0.886778 4.192972 -3.330579 12 12 14
0.956345 3.110775 -4.047961 222 141 78
1.434633 12.235844 -5.273152 59 35 14
1.095682 3.516511 -3.276178 252 210 186
0.843335 5.041247 -1.135922 255 255 255
1.358170 8.656353 -3.475162 45 45 51
1.749898 3.063069 -4.084909 199 114 34
-1.190074 4.925952 -4.609208 103 56 14
-0.006137 3.909212 -3.019771 229 140 50
-1.029995 3.111749 -4.138737 209 141 15
2.344316 8.593124 -7.162509 255 255 255
-0.850740 4.943878 -1.167114 255 255 255
2.467363 9.121439 -7.434060 84 48 4
0.701542 3.882443 -3.049143 238 202 183
-1.191066 9.292484 -4.193063 255 255 255
0.707635 3.276795 -3.944815 215 133 94
0.833450 5.301273 -1.249730 13 13 14
0.660667 7.219408 -4.779382 57 58 64
-1.854136 8.361271 -11.609600 255 255 255
0.905229 5.777107 -4.848893 255 255 255
0.824203 3.079888 -4.092625 217 138 69
-1.409598 3.653843 -3.473325 206 111 18
-1.591801 5.699417 -4.992436 175 97 26
-1.941247 7.873947 -6.626320 131 64 7
-0.500947 2.547334 -4.821912 173 104 35
-1.435555 2.897444 -5.493645 151 90 60
-0.632584 4.489976 -3.692036 255 255 255
-1.388463 3.751735 -4.883523 164 102 9
-1.857043 7.264412 -10.357948 127 71 25
-1.762200 7.390358 -6.417393 152 86 19
-1.110226 8.540383 -4.004777 96 52 5
1.714560 4.111823 -3.094005 72 73 83
1.714560 4.111823 -3.094005 72 73 83
-0.631353 3.916713 -3.082852 215 128 17
-0.565359 4.527515 -3.758065 255 255 255
-1.813729 7.031882 -6.029322 150 83 15
1.810146 28.612356 -29.794209 255 255 255
-0.812039 2.464343 -4.880527 200 134 18
-1.125236 8.694632 -3.578837 255 255 255
1.469918 4.820844 -3.937657 255 255 255
-0.463379 4.478564 -3.784503 9 9 10
-1.087925 8.388350 -3.224797 139 94 69
-0.443616 3.267621 -3.970616 201 115 30
-0.723565 2.657380 -4.659995 184 99 27
-1.316040 3.585098 -3.545063 236 161 14
-0.848947 3.622214 -3.482591 223 128 17
-1.251193 3.422410 -5.121467 210 136 78
-1.469226 4.317408 -3.822644 178 116 19
-1.611900 6.826890 -10.095863 255 255 255
-1.941835 7.870711 -6.623495 130 61 7
-0.548759 3.032197 -4.204267 193 112 23
-1.062658 7.414199 -4.693554 99 101 114
0.517418 2.425848 -4.898297 198 173 168
-1.241743 3.905741 -3.116633 198 107 19
-2.026084 8.113850 -6.988436 255 255 255
1.500116 4.699968 -3.843803 255 255 255
0.799099 8.003744 -3.919489 78 78 88
-1.021034 8.083190 -5.546773 255 255 255
-1.149783 9.001175 -3.848639 79 38 3
0.416441 6.639860 -2.471175 255 255 255
-1.382586 4.206417 -3.665451 5 5 6
-1.206331 5.224824 -5.604359 255 255 255
-1.362727 12.364596 -5.618823 255 255 255
-0.423097 2.380361 -5.058042 182 102 44
2.420891 8.671410 -7.128037 90 48 6
-1.995768 4.979019 -2.559645 69 38 13
-1.105471 7.969933 -2.960697 173 136 111
1.679749 4.485690 -3.532884 168 98 15
-0.493544 2.786125 -4.529297 171 101 41
-1.034513 6.719844 -2.165081 145 97 71
-2.132448 9.637248 -8.353500 255 255 255
-0.875402 5.158785 -1.448615 116 118 135
2.168283 8.637942 -6.963234 90 51 5
-1.254424 4.663686 -4.030290 255 255 255
-2.053903 8.743952 -7.379332 137 81 10
-1.033423 2.399792 -4.729210 190 120 17
0.705922 5.205585 -1.199848 13 13 15
0.697318 5.196657 -1.191046 13 13 15
1.054164 5.546232 -4.722221 255 255 255
-0.898973 4.984650 -7.766004 255 255 255
1.067842 2.070360 -5.399682 255 255 255
0.198406 8.592524 -4.387736 69 71 79
-1.176610 3.135161 -4.095072 230 150 14
1.842393 2.473339 -4.981691 156 97 57
-1.329000 4.160788 -4.102065 210 119 46
0.064285 2.636778 -4.719109 207 135 78
2.446782 8.816639 -7.325776 255 255 255
-1.552862 4.942294 -4.174902 156 74 5
-0.614111 7.178439 -4.923648 73 75 83
-1.121846 3.162603 -4.042058 225 143 16
-0.904678 5.239986 -1.316552 10 10 11
2.195551 4.284837 -6.966926 201 164 143
-0.904678 5.239986 -1.316552 10 10 11
-0.298509 2.354042 -5.111234 50 51 57
-0.759641 5.093732 -1.491833 98 101 113
0.975475 3.937244 -3.021560 212 176 168
1.221203 9.211685 -3.841695 67 36 5
0.973540 8.181111 -3.503737 112 118 134
-0.698165 2.586395 -4.761881 184 107 27
-1.935631 9.071026 -13.009951 52 31 12
0.216542 2.324051 -4.971606 189 148 136
-1.998380 8.072012 -6.729725 140 85 12
0.933930 2.375518 -4.883279 214 185 173
-1.998380 8.072012 -6.729725 140 85 12
-2.121052 10.964972 -9.203364 86 50 11
-0.945472 3.019948 -6.298727 199 124 17
-0.929050 3.748349 -3.335901 218 142 18
-1.084779 2.327581 -5.091094 138 123 121
0.464812 2.778181 -4.485225 210 134 71
2.583162 7.758115 -9.143085 0 0 0
-0.658604 3.768493 -3.296344 212 97 32
-1.604353 5.220976 -4.510872 179 108 27
-0.957721 3.417204 -3.741714 241 168 12
-0.710352 4.923995 -1.207643 38 38 43
-0.962068 3.352722 -3.815984 248 162 12
-0.899928 5.203353 -1.316383 11 11 12
-0.959402 3.330178 -3.845046 237 157 12
-0.899928 5.203353 -1.316383 11 11 12
-0.959402 3.330178 -3.845046 237 157 12
0.918122 6.754681 -2.097215 157 95 15
1.820626 3.189011 -5.509171 203 130 23
0.902217 3.950521 -3.279748 226 194 176
4.575049 34.353859 -25.477709 167 135 119
-1.376652 3.368173 -3.815479 194 108 17
3.041074 8.903294 -11.689813 53 30 9
-0.813471 6.907817 -2.367984 143 82 4
-0.920050 7.242969 -5.060387 55 56 62
-1.220063 2.936543 -5.861741 197 120 18
-1.688164 4.402426 -4.350724 255 255 255
0.975819 5.169124 -1.209604 255 255 255
-1.510777 4.660388 -4.097587 148 62 5
0.663827 2.541780 -4.758171 219 186 171
-1.367005 2.745579 -5.308259 28 28 30
-1.518163 4.836616 -4.255611 156 117 6
-1.479793 4.240845 -3.650729 255 255 255
-0.118712 7.481401 -2.778271 159 159 159
-1.454186 3.652643 -3.474726 140 90 10
-1.317344 3.852864 -3.170492 203 129 17
-1.573211 5.015094 -4.378382 158 73 5
1.041256 9.726359 -4.244614 255 255 255
-1.660417 5.529567 -8.893112 255 255 255
-0.705274 6.241881 -3.328388 255 255 255
0.680114 5.530183 -3.678829 255 255 255
-1.781845 6.686711 -5.689232 151 94 14
-1.297800 3.937329 -3.130151 186 118 20
1.049484 9.215918 -3.890191 255 255 255
-1.703126 6.163967 -5.372575 150 105 6
-0.410136 7.152297 -2.528589 31 32 35
1.152545 4.841636 -6.737630 126 72 18
2.528476 6.931128 -9.884630 255 255 255
-0.241408 6.996889 -4.151954 113 117 134
-1.273036 4.175362 -4.112630 237 154 66
1.315810 9.430114 -3.857468 120 73 9
-1.391321 2.684281 -4.689124 154 76 14
-0.945472 3.019948 -6.298727 199 124 17
-0.107918 4.445644 -4.884045 215 126 28
0.078827 5.616999 -2.157007 58 58 65
3.254824 9.605379 -12.835585 68 35 6
-1.462404 4.286496 -3.909376 169 99 21
-1.246323 13.921386 -6.623010 255 255 255
-1.320025 3.774709 -4.680103 242 163 92
1.731521 3.195775 -3.963816 202 113 45
-1.394179 2.472258 -5.014109 114 121 140
0.971039 5.209714 -6.010368 16 16 19
-1.276668 12.110687 -8.986511 51 28 9
-1.032944 6.018766 -2.148232 56 57 64
0.704156 3.867369 -3.268780 245 206 188
0.705684 5.202056 -1.223592 51 53 59
0.164841 7.084140 -10.371130 140 82 8
-1.396119 3.448668 -4.974605 241 149 43
2.875809 9.177292 -7.517056 255 255 255
-2.061628 9.984664 -8.587282 255 255 255
-0.773679 6.991378 -2.262213 50 51 57
-1.480782 4.434618 -3.947932 110 63 20
1.615706 3.506992 -3.574288 207 142 109
-0.641360 7.614473 -3.765697 118 123 137
-1.477622 4.913021 -4.293319 152 86 17
0.548225 2.210958 -4.698611 246 221 215
1.392656 11.597081 -5.061038 84 49 11
-1.299034 2.882048 -4.418801 209 99 18
1.009451 8.552545 -3.434497 86 89 99
-0.897809 5.458857 -1.467612 10 10 11
1.624428 3.564709 -3.385169 236 189 163
-1.061804 3.223178 -3.984175 225 160 15
-0.572587 3.439947 -3.691538 211 117 21
1.809081 2.415014 -4.929006 159 97 56
-0.905466 4.010550 -3.158559 45 46 51
-2.130945 9.441319 -7.990302 127 79 13
0.699422 5.188879 -1.109295 255 255 255
-1.526441 4.992006 -4.210529 163 114 4
0.977573 2.523820 -5.097282 246 221 218
0.034405 5.589951 -2.052601 122 129 146
-0.417753 3.144949 -4.060949 231 137 28
-1.211416 2.511451 -4.883050 181 114 10
-0.929503 4.916645 -1.237663 35 35 40
-1.510736 4.657523 -4.096395 148 62 5
-1.024464 3.086712 -4.140592 230 152 17
2.678445 10.125507 -8.407946 255 255 255
1.791896 4.422261 -3.556851 173 105 18
-0.972137 7.635738 -5.471791 19 11 7
1.796682 4.337216 -3.474599 255 255 255
-1.653309 6.771873 -9.913063 255 255 255
-0.585023 2.694275 -4.632505 202 129 23
1.552156 3.049295 -5.460438 161 98 18
-0.503464 5.818025 -4.628661 255 255 255
0.082064 3.723762 -3.334919 225 144 76
-1.636088 5.544328 -4.773411 167 91 11
1.617180 4.358802 -3.562140 239 160 114
1.223550 3.523521 -3.529037 223 172 155
-1.013575 8.637682 -3.505986 250 250 250
-1.032053 6.748137 -2.056356 182 138 117
-1.411269 2.712846 -4.733131 91 95 110
1.340439 7.411453 -5.289112 31 31 35
-0.780411 4.936441 -1.160925 255 255 255
-0.246239 2.361011 -5.030464 192 104 49
1.120039 7.185004 -4.198681 39 39 43
-1.676522 7.306821 -10.436748 255 255 255
1.226942 3.944856 -3.019022 218 187 180
1.135168 5.442205 -6.316120 232 147 11
-1.183802 2.996248 -5.479378 148 77 12
-1.580195 5.108532 -5.294074 255 255 255
-0.934329 6.447080 -1.986894 141 86 51
1.626984 6.969816 -2.528501 0 0 0
-0.171644 2.364523 -5.054042 186 106 47
1.729124 4.486473 -3.684359 0 0 0
1.672675 7.150045 -2.586102 255 255 255
-1.313963 3.492118 -6.335681 131 71 49
1.457394 12.539328 -5.547376 255 255 255
0.750217 7.299267 -4.720462 75 76 84
1.263836 2.585116 -4.711782 209 135 70
-2.194935 7.061857 -8.299459 147 79 16
1.637008 2.987276 -4.213107 209 134 30
1.263836 2.585116 -4.711782 209 135 70
-0.752701 2.518132 -4.867677 180 98 26
1.527218 2.664962 -4.612543 197 107 53
0.548404 11.085455 -15.852392 255 255 255
-1.359804 2.366352 -5.176568 115 61 15
0.532470 3.053887 -4.154311 225 125 65
-1.394131 4.878303 -4.158709 255 255 255
-1.001344 3.721604 -3.365988 239 160 17
-1.865527 4.450516 -7.017590 255 255 255
-1.355697 2.374164 -5.130022 115 61 15
-1.567159 3.904108 -6.471619 255 255 255
-1.369142 2.994338 -4.415100 199 123 26
1.866969 2.549847 -4.816092 129 129 152
0.885115 7.340573 -10.327674 255 255 255
-0.251018 3.902810 -3.117081 235 145 17
-0.956661 6.898687 -2.388902 76 40 8
1.685512 3.160009 -3.928210 207 118 43
0.690514 8.416446 -3.422301 48 49 55
-0.342018 2.432251 -4.945542 187 105 56
-0.864193 5.550577 -1.345899 55 57 64
-0.339971 2.429617 -4.943155 187 105 56
1.898338 2.511090 -5.020592 168 102 58
3.875079 7.892239 -11.808933 255 255 255
1.906464 2.513849 -5.022830 168 102 58
-1.447762 4.919030 -4.593763 151 94 4
-0.067177 7.425793 -4.670706 69 70 77
0.915091 6.356984 -3.332957 255 255 255
0.020997 4.142160 -1.155004 45 46 51
-1.907676 7.357500 -5.983719 144 89 11
1.870380 3.338110 -5.235722 228 135 40
0.010770 4.130182 -1.158557 45 46 51
0.660166 5.333555 -1.264088 55 56 64
-1.573984 6.405002 -9.603600 79 46 12
-0.645078 3.473372 -4.002448 195 112 16
1.827096 2.812629 -4.473537 225 138 38
0.170208 6.099169 -1.607930 0 0 0
1.113384 3.245063 -3.915828 181 111 67
2.498979 6.376133 -9.362916 255 255 255
-0.834912 3.709407 -3.378907 202 112 21
-0.840840 2.621539 -4.745210 179 97 19
1.938716 3.200464 -5.682874 254 236 246
-0.814318 5.330048 -1.323963 28 29 31
-0.888905 2.593998 -4.717467 199 124 18
-0.439982 3.655683 -3.430692 221 119 33
-0.581595 4.012848 -3.127149 55 57 63
1.793560 4.049042 -4.111158 115 69 14
-0.375849 7.707893 -4.331437 78 78 87
-1.280880 9.543807 -6.368099 56 30 11
-0.218932 2.524276 -4.824965 178 103 55
1.457714 2.873957 -4.459246 212 129 50
-0.944945 2.584869 -5.097293 210 132 20
-0.681561 2.576180 -4.758269 174 95 26
2.112242 8.489142 -7.104473 255 255 255
1.841385 3.021304 -5.181953 108 61 18
-1.143336 4.485479 -4.243866 210 128 46
1.190733 8.217944 -3.185380 255 255 255
-1.262635 3.933264 -4.391155 244 164 84
1.497402 3.803797 -3.265698 255 225 215
1.499385 4.150774 -6.013612 183 115 56
-1.402912 2.646719 -4.879770 100 104 116
-1.503467 4.479833 -3.880654 148 73 8
-1.475472 4.521847 -3.890569 146 75 5
-0.969513 5.869037 -1.720686 56 56 64
-1.812924 8.400115 -8.772401 0 0 0
-0.748685 3.894216 -3.137882 212 114 19
-1.040047 9.778860 -7.179152 73 37 7
1.172159 8.348637 -3.327069 57 58 65
-1.365127 3.706467 -3.395721 206 113 21
-1.257556 3.912298 -4.432859 249 166 100
0.422414 8.519989 -3.451976 60 61 68
-1.365127 3.706467 -3.395721 206 113 21
-1.417207 2.627083 -4.690140 66 65 71
2.628011 6.737494 -9.557055 69 34 8
-0.751938 3.340261 -3.848195 233 144 18
0.853483 7.007134 -10.335944 255 255 255
0.531879 4.636996 -3.108968 0 0 0
0.199918 3.117486 -4.078627 186 114 70
-1.737945 2.365948 -4.218740 26 26 29
0.932303 8.604707 -9.962719 255 255 255
-0.704894 3.391097 -3.672813 201 105 15
-1.039314 2.360501 -5.048629 201 135 13
0.883414 3.114326 -4.067660 225 148 75
-2.172976 9.546502 -8.125024 124 76 17
-0.258329 7.561178 -4.503751 71 69 78
-0.887904 8.866421 -6.449615 255 255 255
-1.653587 6.150209 -9.437667 255 255 255
1.631993 3.658243 -3.303933 253 225 216
-1.747879 6.316807 -5.358038 158 89 12
-0.585023 2.694275 -4.632505 202 129 23
-0.128222 3.175231 -4.016802 238 140 34
1.364732 7.647946 -4.815100 137 79 40
0.903775 6.551528 -2.059421 36 36 40
-0.531649 4.923537 -1.228473 122 127 140
-1.324648 3.424611 -6.162916 185 105 39
-0.140637 7.916631 -3.835838 62 62 69
0.174904 12.156520 -9.185771 0 0 0
-1.357084 2.885900 -4.418211 195 104 20
1.217511 3.683141 -3.346863 253 224 214
-0.907531 4.890928 -1.172032 28 28 31
-0.375024 2.604818 -5.064289 190 118 45
2.926816 8.288285 -9.990782 126 79 42
0.469241 2.212133 -5.000876 254 254 254
-0.239279 3.656082 -3.423757 236 134 34
1.595986 14.528627 -6.953309 62 30 8
2.894247 7.541452 -9.980598 255 255 255
-1.066893 3.877847 -3.185626 207 119 18
-1.985810 9.267332 -13.217059 52 29 12
-1.616897 7.857683 -2.613509 255 255 255
-0.323386 2.604486 -4.733454 173 105 59
0.780086 2.438478 -4.871785 242 217 215
-0.678102 3.247887 -3.622710 189 110 16
-1.195928 3.273407 -5.278750 213 139 63
1.097195 7.816270 -3.154128 255 255 255
-0.938181 5.024857 -1.218399 248 248 248
-1.636477 5.321839 -4.563194 167 107 6
1.495408 2.896646 -4.729956 193 115 45
0.879847 3.074234 -4.103644 228 125 68
0.951806 2.875190 -4.353689 202 128 70
1.596588 4.168939 -4.080626 232 186 155
1.955171 7.079021 -5.311231 255 255 255
1.204175 2.604877 -5.234022 102 64 38
-1.070365 7.554473 -5.200480 111 70 20
-0.722162 3.689123 -5.415524 190 115 68
-1.023291 8.533571 -3.469342 255 255 255
-1.541885 4.891844 -5.516208 255 255 255
-1.380655 3.317355 -3.866369 217 159 17
-1.660047 5.741517 -8.976466 0 0 0
2.638744 6.702363 -9.320067 255 255 255
-1.234942 2.534144 -4.826580 194 119 12
-1.652533 5.825300 -5.050017 161 89 19
1.554430 7.286435 -4.632205 255 255 255
-1.342152 3.255192 -3.939600 217 102 21
-1.020239 3.771628 -3.729765 222 141 19
-0.711889 2.752082 -4.544197 208 132 30
-1.074684 3.614177 -3.494637 214 124 13
0.799454 7.218947 -2.363447 255 255 255
0.376801 11.548566 -5.503443 255 255 255
2.005943 3.683640 -6.345015 244 205 205
-0.988040 7.193732 -2.564571 59 60 67
1.908876 5.664693 -4.476349 132 78 7
-1.560771 5.098485 -4.296899 169 114 5
-1.028086 3.505693 -3.639611 250 159 14
-1.284104 12.481262 -5.655423 254 254 254
0.569927 8.763067 -3.632409 41 41 46
0.034405 5.589951 -2.052601 125 128 148
-0.962068 3.352722 -3.815984 248 162 12
1.765368 3.986153 -4.256114 234 175 121
-1.004240 8.930000 -6.532485 72 35 6
1.457394 12.539328 -5.547376 255 255 255
0.318035 2.453633 -4.903465 197 166 152
-0.838544 3.615381 -3.495040 218 122 17
2.332834 8.383225 -6.984658 255 255 255
0.898298 2.677524 -4.963488 213 189 182
-1.442508 2.882963 -4.479927 68 69 78
0.966010 9.990085 -4.422925 255 255 255
1.126967 7.860273 -2.860983 182 126 96
1.287982 7.969657 -5.655525 95 52 22
-0.386550 2.817271 1.658058 188 111 20
1.591953 3.022743 -4.173827 191 103 45
-1.563165 4.775403 -4.128065 165 110 6
-1.180309 9.262333 -3.760315 132 88 62
-0.658961 3.767966 -3.296949 214 95 32
1.693755 3.326580 -5.441363 109 65 37
-0.067908 7.421600 -4.670264 69 70 77
1.823042 8.153302 -6.169042 24 24 27
-1.239379 3.687356 -4.695560 240 162 93
-1.258731 12.567558 -9.302473 58 33 12
2.047117 3.850640 -6.422623 223 179 147
0.868754 11.387907 -8.688592 164 82 16
0.868621 6.080689 -1.607227 104 77 67
1.647653 4.237384 -3.955463 237 166 157
-1.088142 2.436824 -4.991602 159 95 18
-0.053586 2.452162 -5.157808 52 53 59
0.530498 2.406933 -4.947134 209 180 170
-1.100481 9.195474 -4.120939 255 255 255
2.344448 8.426389 -7.025665 255 255 255
2.134400 3.802515 -6.389514 230 215 213
2.189212 5.834880 -5.851138 255 255 255
-0.641073 2.482218 -4.879277 187 86 35
1.214589 8.801064 -3.678034 69 46 31
-1.285194 12.426278 -9.116417 56 30 9
-1.907676 7.357500 -5.983719 144 89 11
1.881691 3.255616 -5.141670 236 147 39
-0.562792 6.735038 -2.248168 19 19 21
-2.709326 10.472845 -12.096389 255 255 255
1.829519 3.196366 -4.273213 52 48 52
-1.231102 4.424754 -3.775427 4 4 4
0.660166 5.333555 -1.264088 55 56 64
1.766572 3.422618 -3.717736 233 161 110
-0.995021 2.671744 -4.661060 232 150 16
-1.476955 5.011747 -4.240152 152 95 12
1.807861 2.517240 -5.044650 162 93 42
1.804362 3.506059 -4.821737 152 90 56
1.853701 3.108366 -5.313730 108 63 28
1.840337 3.713396 -4.622091 179 110 13
-1.042847 2.893879 -4.387909 211 143 12
1.108651 3.247374 -3.882152 190 115 67
-0.694379 2.847859 -4.437537 206 121 28
1.733964 4.582117 -3.747541 120 66 3
-1.067676 9.028795 -3.770163 255 255 255
-0.194377 3.489032 -3.631843 218 137 36
1.718745 2.705437 -4.557913 204 105 45
-1.344096 2.711871 -5.243878 49 39 35
-0.787155 8.032782 -3.150395 64 65 73
-2.114415 9.108358 -7.861797 138 71 33
-0.511530 4.896690 -7.837682 255 255 255
0.543488 8.436545 -4.531144 55 55 63
1.407786 2.882638 -4.337465 238 141 61
1.883768 2.540774 -5.095986 60 62 69
0.674853 5.352279 -1.345116 53 55 62
-0.830088 2.342273 -5.060399 200 84 21
0.727208 4.004239 -3.045422 70 70 79
-1.234383 2.544086 -4.830817 194 119 12
1.667890 11.986129 -8.500818 111 69 20
3.047582 8.165509 -11.020252 255 255 255
1.684882 2.967519 -4.236374 221 122 25
-1.225011 2.894921 -5.364407 35 36 40
1.263867 3.783006 -3.236751 250 222 220
1.836725 2.568610 -4.718077 179 91 34
-0.213847 4.308732 -3.667807 223 143 12
1.759675 2.748166 -4.505108 196 123 38
-1.784074 7.629900 -10.306646 255 255 255
1.321364 2.779871 -4.469345 219 132 51
-1.179359 9.786767 -4.193094 79 38 6
0.667578 8.460167 -3.250253 255 255 255
-1.131780 3.185332 -4.032843 233 145 18
0.994817 7.745820 -4.400094 125 132 150
0.337864 2.373446 -5.005285 176 146 134
-1.142023 2.519797 -4.846706 181 94 11
1.752372 3.533579 -6.487525 210 125 40
-0.264709 2.714236 -4.591387 219 142 43
2.686265 6.596783 -9.445388 116 60 6
1.595376 8.072086 -2.685226 255 255 255
0.180316 2.902564 -4.374176 204 122 75
-0.041307 5.006029 -4.565023 255 255 255
-1.492142 4.515421 -4.033491 255 255 255
-0.785039 7.801378 -5.560424 55 56 62
0.199918 3.117486 -4.078627 186 114 70
-0.736467 2.168100 -4.591474 0 0 0
-0.755434 2.523079 -4.865764 180 99 27
2.292079 4.878647 -7.555398 191 148 126
2.491077 7.776130 -6.252120 255 255 255
1.434768 8.110391 -5.313631 255 255 255
-1.484365 4.054802 -7.021368 172 88 66
2.557194 8.703817 -7.221573 255 255 255
-1.409962 14.138520 -6.897943 0 0 0
-0.843213 6.017488 -1.649327 39 39 45
1.865876 3.526690 -4.735228 226 135 31
-1.235754 3.102595 -4.137032 219 119 16
1.603130 2.388426 -4.918880 182 113 75
3.031771 8.140503 -10.972998 255 255 255
1.481901 2.792014 -4.461509 240 165 41
1.901223 2.994021 -5.274209 58 27 6
-1.330628 2.916783 -5.213500 175 104 36
-0.728102 2.582433 -4.769897 183 88 30
-1.817660 6.558995 -9.503549 0 0 0
-1.025035 2.842221 -5.180329 186 114 24
0.504731 6.484975 -2.993034 122 126 143
-0.749452 3.347600 -3.850687 232 144 18
2.873086 8.640958 -11.555444 255 255 255
-1.169584 3.641341 -3.448622 210 105 15
-2.028254 8.652055 -11.584185 136 83 49
-0.237977 3.846787 -3.186091 247 155 20
1.755915 4.629195 -3.869556 255 255 255
-1.097080 2.596801 -4.792705 204 131 16
-0.702155 2.798883 -4.493306 196 112 30
1.515900 3.435291 -3.523396 216 145 103
0.999767 6.859597 -2.305484 255 255 255
0.519006 6.191666 -2.964859 133 138 154
-1.109120 2.418230 -5.089870 200 123 15
-0.195907 4.253618 -6.809746 0 0 0
-1.336153 4.898456 -4.448485 255 255 255
2.070335 3.569168 -6.079990 242 214 202
0.801460 5.054235 -1.105911 255 255 255
1.821068 3.059150 -4.297736 110 110 131
0.799869 5.217827 -1.172825 14 14 15
1.815242 3.477488 -4.903721 157 84 34
-0.942646 5.704982 -1.640755 58 59 67
-1.197896 6.145641 -4.811011 255 255 255
-0.478644 3.229924 -3.960481 183 94 25
-1.482573 4.057190 -3.798196 170 99 15
-1.345007 2.789023 -5.629962 255 255 255
-1.082869 3.753954 -3.377077 228 144 17
2.048213 6.347135 -5.024810 151 91 5
-1.567219 5.875019 -8.843833 255 255 255
-0.479872 3.552283 -3.544655 202 111 38
1.589045 2.440918 -4.890450 215 145 83
0.110081 4.857859 -4.582268 8 8 9
1.306852 7.859287 -2.369777 255 255 255
-0.249924 2.410232 -5.087612 204 135 59
-0.945999 5.114627 -1.288890 255 255 255
0.674853 5.352279 -1.345116 53 55 62
0.271209 2.400395 -5.077065 132 137 161
1.505164 12.323593 -5.342657 68 40 14
1.841271 2.707454 -4.608828 192 127 63
-0.878991 5.032638 -1.208977 255 255 255
1.394256 2.842713 -4.471740 214 130 45
-1.257749 2.755671 -5.265314 74 74 85
-1.371092 2.327593 -5.098744 124 66 17
2.007884 5.504342 -4.502686 189 106 16
1.629398 4.422539 -3.407366 51 51 57
-0.897729 2.337470 -5.063469 207 129 18
1.832375 4.513347 -3.612782 172 80 5
3.852820 37.212387 -25.824348 60 33 13
-0.887841 7.601547 -2.408254 255 255 255
-0.025928 3.841972 -3.192668 243 121 38
1.370895 9.160622 -3.841099 255 255 255
0.629325 2.802331 -4.463323 220 145 105
-1.167360 2.442185 -4.953548 175 92 14
-0.902040 5.834619 -1.736630 59 61 69
-0.866008 4.923512 -1.155919 182 182 182
1.095979 8.205103 -3.616314 116 119 136
0.892714 4.247397 -6.636023 255 255 255
-1.230277 3.329767 -5.158965 220 135 79
-0.824898 6.476626 -1.968230 12 12 13
1.751915 3.048538 -5.459475 141 82 50
-0.769180 3.470342 -3.665927 237 148 15
0.925709 6.645522 -1.994586 143 88 19
0.892714 4.247397 -6.636023 255 255 255
1.821700 8.748851 -6.847297 255 255 255
0.486631 8.561611 -3.459710 51 52 59
-0.725453 4.635570 -7.480983 255 255 255
-0.649079 4.923417 -1.237330 118 124 143
-1.941282 7.721036 -10.813120 255 255 255
-1.144102 2.468170 -4.868882 184 122 16
2.030331 5.724520 -4.619620 169 93 8
1.061025 6.767772 -2.162844 49 49 56
1.655708 2.703843 -4.561443 187 107 64
-1.310690 4.850677 -5.258900 255 255 255
-1.368578 2.990463 -5.772704 179 148 127
1.758574 3.727670 -3.511132 134 132 149
-0.993063 3.372807 -3.804957 224 118 11
0.426258 5.831187 -1.621543 57 57 65
1.522826 3.785927 -3.225159 228 202 197
-1.258686 3.325870 -6.020563 255 255 255
-1.836012 8.819566 -12.500599 255 255 255
2.794378 7.419955 -10.026340 144 82 18
-1.025406 3.677177 -3.406383 223 131 18
2.498536 8.335291 -6.837380 131 77 9
-1.362018 3.787329 -3.236576 211 136 16
-1.279511 12.212710 -9.048051 51 28 9
1.906326 4.964492 -3.956850 178 87 6
-0.936794 3.213901 -3.987366 213 98 15
-0.732609 2.622140 -4.729345 215 135 22
-1.207289 3.060464 -5.469174 153 92 29
-1.087068 3.428887 -3.726075 211 113 14
1.246571 2.422338 -4.919976 204 145 121
-1.337621 2.468110 -5.201674 148 82 12
2.907722 7.755460 -10.734334 64 37 12
-1.186706 2.985047 -5.472994 148 77 12
-1.213905 10.057001 -5.606339 255 255 255
-1.102942 7.461682 -5.263515 255 255 255
1.871081 2.501246 -4.877879 139 137 159
1.193360 8.976974 -3.606165 255 255 255
0.026501 7.196452 -4.946482 44 43 49
-1.355493 4.302281 -3.677587 90 52 5
2.517237 6.036862 -9.055847 255 255 255
1.306030 3.625747 -3.259008 219 191 181
-0.834064 5.137581 -1.215671 67 47 39
-1.441478 3.503115 -3.663851 215 140 18
1.712991 4.238414 -3.439682 235 152 12
0.693965 7.982764 -3.422256 65 66 74
-0.125974 2.152299 -4.873097 206 124 55
1.732958 4.317864 -3.581394 54 53 59
1.326693 3.274705 -3.848559 225 153 96
-1.637865 6.813114 -10.039474 255 255 255
1.673464 4.252299 -3.881186 236 178 154
0.366586 4.335394 -3.744825 242 152 15
1.817365 2.787530 -4.455132 219 148 40
-1.831686 7.206116 -10.520681 68 37 11
-1.616443 3.853071 -3.101073 45 45 50
0.874275 5.156293 -1.198226 133 75 15
-1.106105 8.567689 -3.511517 255 255 255
0.586033 4.366286 -3.809872 255 178 14
-1.508266 3.992439 -3.258452 6 6 7
-1.823364 7.170500 -10.454292 96 61 12
1.349812 4.285036 -3.417472 238 166 112
1.846247 3.707118 -4.557935 196 122 13
-0.715133 3.799823 -3.266617 233 151 29
-1.400086 2.890090 -4.320830 201 102 22
1.197101 8.159599 -3.449430 87 86 98
-0.029905 19.990753 -6.225755 255 255 255
-1.042203 7.518255 -5.421585 255 255 255
1.827458 4.532223 -3.670352 179 114 4
2.668473 9.097585 -7.609682 126 120 133
-1.678574 5.735340 -6.001362 255 255 255
-1.081992 3.081207 -5.722557 78 51 31
2.608231 7.535958 -10.482427 255 255 255
1.853686 2.657367 -4.674661 140 132 136
1.730276 4.026109 -3.006751 97 97 111
-0.606746 6.841897 -4.585421 84 86 98
-1.344903 3.133315 -4.111909 181 99 20
-0.355403 4.766195 -7.030374 255 255 255
-0.933523 5.561727 -1.699230 53 54 61
-1.356163 2.367641 -5.098658 118 59 16
1.860748 2.600582 -4.756606 139 135 160
0.906796 4.033688 -3.240924 240 205 181
1.774672 4.651428 -3.647271 175 96 9
-0.942262 3.790106 -3.277514 226 129 24
-1.082169 2.429895 -4.962967 162 97 18
1.587745 3.030341 -4.162833 158 89 40
-1.268291 3.062627 -4.200661 199 116 17
0.054189 7.651923 -2.778619 56 56 62
0.341404 7.435088 -2.891034 6 7 8
-0.942262 3.790106 -3.277514 226 129 24
0.369716 6.368724 -2.434643 0 0 0
-2.009515 8.299190 -7.254333 255 255 255
-0.383352 4.919568 -1.212964 131 138 158
-1.148530 9.736374 -4.601275 255 255 255
-2.155323 9.557038 -8.280737 255 255 255
0.403344 4.445354 -3.666696 230 130 13
2.109545 3.726573 -6.264062 231 211 204
-1.131998 4.118206 -3.722786 205 125 19
-1.303752 2.943352 -5.552310 76 39 7
-1.165500 3.267403 -3.904029 204 111 18
-1.367405 3.748008 -6.524393 183 101 18
-0.838758 5.101821 -1.229936 117 75 56
-1.555300 5.045026 -4.404490 169 84 21
1.733068 4.321138 -3.583218 93 52 4
1.784299 4.362359 -3.651970 170 117 4
-1.375843 3.136866 -5.345632 228 151 11
-0.651286 2.795896 -4.528421 222 140 29
0.234796 2.730739 -4.568588 214 141 86
1.236974 8.477032 -3.398630 43 43 48
2.062907 5.892984 -6.090740 255 255 255
-0.033376 3.554319 -3.539341 213 130 81
0.593880 3.627132 -3.423607 227 170 142
3.653655 7.560352 -11.124472 255 255 255
1.832491 4.827740 -4.079406 255 255 255
-1.115121 2.710419 -4.648976 213 150 13
-1.289195 12.230978 -8.870524 58 33 12
-0.784056 2.637295 -4.703931 185 94 23
-0.466819 8.424059 -3.447591 46 45 50
0.579602 9.187362 -4.819820 40 41 46
0.757489 5.547100 -2.695317 255 255 255
0.046918 7.428497 -3.019288 255 255 255
2.300829 6.513899 -9.239802 255 255 255
0.057218 5.717612 -5.121425 0 0 0
0.735941 2.073335 -4.777026 0 0 0
2.344186 6.586846 -9.451762 255 255 255
0.944181 2.743967 -4.987293 213 189 182
0.384155 3.395580 -3.723591 179 99 47
-1.358339 5.616587 -3.434263 58 58 64
1.599608 9.787601 -9.900021 201 123 12
2.876063 7.281979 -10.040398 255 255 255
-1.811525 6.499398 -9.724444 103 62 12
-1.288258 2.578947 -4.807031 172 109 14
1.892287 3.505645 -5.952047 255 255 255
1.831037 3.084837 -5.379652 126 71 41
0.532949 2.480472 -5.142344 40 39 44
1.374748 11.532351 -5.015597 79 45 11
-1.064403 9.692928 -4.543499 255 255 255
0.992632 6.993080 -2.305894 255 255 255
0.843424 6.060586 -4.750869 255 255 255
1.436818 11.794690 -5.160060 68 41 16
1.468564 2.562867 -4.738371 194 112 69
1.690585 4.740027 -4.006426 255 255 255
-1.258246 5.908174 -6.607694 255 255 255
-0.888856 2.973115 -4.305807 203 130 17
-1.387326 2.863991 -4.468163 217 132 17
0.010502 3.885282 -3.140615 221 111 47
-1.380553 2.487819 -5.270359 40 41 47
0.976011 7.367167 -4.724977 89 91 103
1.539237 5.778782 -4.113671 58 59 67
0.010502 3.885282 -3.140615 221 111 47
-0.127252 2.487489 -5.138503 136 124 124
-1.626103 6.653859 -5.701099 144 86 10
1.277743 2.614873 -4.696096 195 121 60
-1.369500 2.485188 -4.895927 117 59 16
-1.422181 3.264422 -3.871867 196 99 22
-1.279158 3.562453 -3.569803 214 102 14
-1.467153 7.208073 -10.674150 123 72 6
-1.216096 3.913337 -3.154162 192 113 18
-1.329351 2.537170 -4.846047 149 93 12
-1.888073 7.302981 -6.154966 146 90 18
-0.941897 2.544569 -4.800170 197 129 14
-1.531980 4.725981 -4.108073 162 97 8
1.887883 4.968753 -4.161810 126 67 4
-1.044651 3.480419 -3.664034 246 165 12
-1.350566 3.135249 -5.506492 211 138 9
-1.350566 3.135249 -5.506492 211 138 9
1.118055 9.253496 -3.662040 112 69 10
-0.553137 7.210324 -10.608620 121 61 4
-1.020655 7.847807 -5.543230 122 78 18
-1.994240 7.902605 -9.536546 151 73 27
-1.886068 6.394148 -5.234397 255 255 255
-1.124954 2.507789 -4.872032 192 101 11
-1.720140 6.137814 -5.273125 168 97 22
-0.624833 2.345190 -5.060155 194 106 43
2.655319 7.612093 -10.133549 255 255 255
-0.338642 2.446326 -4.942928 178 97 54
-0.590567 2.999419 -4.219545 208 133 27
0.785063 3.283369 -4.812012 202 123 74
-0.821354 5.045020 -1.238198 46 47 52
-0.194186 2.395857 -4.973639 198 112 51
-1.072047 3.616584 -3.503879 214 125 13
-0.191363 2.400276 -4.974893 198 112 51
-0.239549 3.922750 -3.025002 247 167 17
-0.958554 2.854371 -4.438774 201 117 18
-1.453560 3.443536 -6.214507 109 58 24
0.200833 2.421502 -4.938777 177 134 125
-1.141492 2.619488 -4.738306 201 102 15
-1.179781 3.005960 -4.258008 203 110 17
-1.638311 6.018512 -5.130425 154 79 5
-0.579090 7.908179 -4.098206 105 108 122
-0.784046 3.688039 -3.404043 233 156 21
-1.041254 8.756677 -3.644600 255 255 255
0.103669 2.484983 -4.811862 202 149 112
-1.116279 3.712628 -3.386858 210 139 14
-1.053888 3.154304 -4.069325 218 111 17
1.912178 6.159823 -5.931353 255 255 255
-0.883146 7.945661 -4.488624 51 51 56
1.782604 2.542813 -4.942908 167 97 48
-0.832754 6.710897 -2.249098 131 80 49
3.087519 7.242094 -10.024660 255 255 255
-1.361805 2.938244 -5.418056 60 29 6
1.158741 9.092218 -3.746286 66 35 5
-1.415191 5.214285 -5.422240 255 255 255
-0.921788 8.451015 -5.982398 255 255 255
-0.942646 5.704982 -1.640755 58 59 67
1.221119 8.795509 -3.542979 255 255 255
-1.944441 8.658084 -11.762633 255 255 255
-2.028710 2.987762 -0.476812 255 255 255
-1.850453 6.616810 -5.938223 155 88 15
1.150015 8.317769 -3.261212 43 43 48
-0.287449 2.913772 -4.349515 210 127 34
-1.235103 7.885301 -3.726319 67 44 25
-1.956724 7.767014 -6.530744 143 89 19
1.172444 9.333756 -3.987928 255 255 255
-1.878127 7.013605 -5.873249 158 99 29
0.879737 5.151310 -1.203243 133 75 15
-1.798543 7.030762 -5.877781 138 73 5
1.006951 8.218910 -3.101934 255 255 255
-0.840731 4.922566 -1.208823 31 31 35
-1.515693 4.687472 -3.958703 160 105 4
-1.487176 4.568390 -3.842998 148 100 4
1.644932 3.574986 -3.409635 242 193 168
-0.314951 14.422376 -8.964502 0 0 0
-1.057372 7.536884 -3.049618 27 28 31
0.398306 5.591481 -2.354210 255 255 255
1.162182 3.749783 -3.220305 228 199 186
-1.327753 2.447966 -5.107075 111 67 16
1.302456 2.507118 -4.866791 170 109 66
-0.438124 5.437400 -1.817728 107 112 128
-0.737259 6.803102 -2.161570 55 55 61
1.216653 9.682312 -3.923521 107 64 8
1.207957 8.798560 -3.534941 255 255 255
-0.927858 5.597688 -1.586734 58 59 66
-0.946975 5.560001 -1.551027 58 59 66
-0.628705 3.928755 -3.106003 216 141 16
1.603164 4.413245 -3.572965 242 162 113
0.870143 5.116733 -1.112003 133 73 16
1.540133 3.016208 -4.083645 190 102 43
-0.332977 3.122848 -4.100299 215 128 21
-1.527804 4.982742 -4.191486 164 115 5
0.846956 5.202298 -1.226298 12 13 14
0.388437 4.434597 -3.663282 234 135 11
-1.331251 2.826227 -4.471306 175 80 19
-0.402122 3.138786 -4.068080 212 133 27
-0.747984 2.565315 -4.787238 197 126 26
-0.324417 5.671193 -4.736026 255 255 255
1.755945 3.569492 -4.762881 153 95 70
-1.040556 4.046406 -3.701789 0 0 0
1.396605 3.702950 -3.296097 228 200 192
-0.741181 5.178557 -1.282986 46 44 51
-0.709630 5.166215 -1.273193 46 44 51
1.067057 6.729268 -2.044228 170 94 37
-0.239512 7.523772 -4.469306 97 98 110
1.754305 3.808010 -4.293558 233 157 104
-1.038325 2.630561 -4.686956 197 114 18
1.420276 4.127182 -3.096214 47 47 53
-1.903627 8.612812 -7.514795 255 255 255
1.835004 4.640854 -3.840935 179 92 10
1.656696 4.207901 -3.850549 255 226 197
1.759092 14.731115 -6.945347 74 40 7
0.807728 3.341028 -3.785865 227 158 100
-1.140974 2.637363 -4.796247 212 129 18
1.602515 7.877652 -5.730903 39 40 44
0.425816 3.618160 -3.456566 242 147 95
-0.926756 3.750040 -3.345411 221 145 18
-1.760632 5.350113 -5.263832 255 255 255
-0.939938 3.891217 -2.878570 0 0 0
0.300214 2.540404 -4.826467 171 126 105
-1.353435 3.562727 -5.871920 255 255 255
-1.328582 2.445317 -5.081655 111 66 16
-0.887443 5.026909 -1.296217 34 35 39
0.411102 7.046380 -2.410371 10 11 12
-2.028858 7.548807 -6.384613 255 255 255
1.149493 7.795722 -3.013151 255 255 255
1.743565 3.058353 -4.078416 192 104 33
0.471351 2.856644 -4.398392 184 109 55
-1.621379 5.266045 -4.517766 174 99 19
-1.563384 4.820228 -4.156544 175 102 19
-0.244568 2.365832 -5.024431 182 102 47
1.591395 2.822023 -4.394959 206 127 29
-0.836476 7.164298 -5.027194 61 62 69
-0.840216 5.602695 -5.009336 127 127 127
-0.865006 3.340003 -3.832292 245 154 15
-1.498485 4.360944 -3.860343 104 60 20
-1.112052 3.814746 -3.257715 205 136 17
1.046046 2.457067 -4.869946 223 188 171
-1.330301 2.413407 -5.082218 169 107 17
0.066125 7.392920 -2.563924 52 53 59
-0.872525 7.401366 -2.460880 255 255 255
-1.906465 9.002265 -7.636476 67 33 3
1.458494 12.121325 -5.212258 70 42 12
1.868932 4.620184 -3.976554 255 255 255
-0.027488 2.369875 -5.017137 230 153 94
1.827105 3.187535 -4.276423 53 49 53
1.709793 4.333367 -3.372336 255 255 255
1.801357 4.161585 -4.393244 147 87 12
1.804416 6.194956 -6.013804 255 255 255
-0.905782 2.716472 -4.612177 224 139 14
1.709822 3.946788 -2.947463 215 196 193
1.903561 5.119561 -4.303828 255 255 255
1.038602 4.323274 -3.283336 255 255 255
1.038602 4.323274 -3.283336 255 255 255
2.557194 8.703817 -7.221573 255 255 255
1.274065 7.935528 -4.033626 80 82 93
1.360866 7.623541 -3.758313 80 82 93
1.875010 3.322291 -5.085480 214 133 60
2.010335 6.018707 -4.799301 159 105 21
-0.950009 8.643028 -3.554058 255 255 255
1.921808 5.252492 -4.185712 173 110 4
1.795218 3.577422 -4.793308 155 104 70
-1.042847 2.893879 -4.387909 211 143 12
0.768184 3.340137 -3.785003 220 131 85
-1.598784 5.828837 -4.871225 165 98 13
0.028827 2.842046 -4.428637 203 104 63
1.404571 3.678088 -3.262232 229 201 194
1.557055 2.574609 -4.693984 177 96 53
1.767460 3.315124 -3.847381 234 155 98
0.866933 3.191149 -3.975965 241 155 67
-1.795877 6.714335 -9.851371 0 0 0
-0.990146 5.394970 -1.404208 113 116 131
0.940453 5.215487 -1.165551 8 8 9
1.560392 3.879346 -3.261101 212 197 196
1.644721 3.492042 -3.603667 244 175 120
-1.399955 3.544081 -6.432741 182 141 115
1.158817 4.252968 -3.213983 89 51 17
1.253295 9.128881 -3.580225 137 81 17
-1.061977 9.434834 -4.299162 153 153 153
-1.311294 2.790846 -5.559907 174 105 72
1.177691 8.931688 -3.583779 255 255 255
1.209971 8.531356 -3.412948 56 58 65
1.767001 3.993811 -3.240759 49 50 55
1.726913 3.310733 -4.619776 53 49 53
-0.700261 4.866944 -1.122745 255 255 255
1.862152 3.493607 -4.859080 223 139 50
-1.607573 5.721864 -5.003353 137 79 8
-1.136709 2.449777 -4.946097 191 124 13
-0.539242 3.329890 -3.843788 225 134 17
-0.129677 3.167774 -4.028453 238 138 35
-1.099653 2.484182 -4.892897 196 122 11
2.163092 3.458145 -3.639246 255 255 255
2.148554 3.492194 -5.851921 220 192 181
-0.927234 4.884451 -1.204412 255 255 255
-2.856942 14.660589 -8.418002 90 93 105
-1.137071 11.198079 -4.959941 88 61 47
-0.705918 2.494331 -4.873350 207 130 30
0.901777 6.757445 -2.076345 43 44 49
1.346981 8.262108 -5.471639 255 255 255
0.821964 3.452428 -3.650339 206 94 72
1.547253 2.384129 -4.949789 208 137 104
-0.871866 5.546461 -1.298049 255 255 255
-0.619196 7.690845 -4.487894 121 127 145
1.806505 3.220979 -4.315392 55 52 58
-0.555530 6.597289 -2.198695 19 20 22
1.727802 4.178080 -3.141319 54 57 63
1.597630 5.070506 -5.532470 80 51 34
-1.237994 2.603482 -4.776221 199 136 11
-0.335539 2.596183 -4.739574 174 103 59
-1.207330 7.290351 -2.588064 0 0 0
-0.990489 7.850962 -3.087075 255 255 255
-0.572397 2.605868 -4.730252 220 156 18
2.245366 7.279391 -5.822879 121 67 7
1.159747 8.207803 -5.406602 144 90 57
2.083262 6.439356 -5.147746 155 90 7
2.255023 4.539041 -7.069904 148 117 92
-0.271277 3.885629 -3.145328 249 156 19
-1.391156 3.489587 -3.589064 204 121 21
1.798920 3.428233 -4.040177 57 58 65
-0.770262 2.606360 -4.737884 170 98 27
0.082388 2.593963 -4.729176 228 158 94
1.667042 4.247335 -3.916784 254 216 182
1.667042 4.247335 -3.916784 254 216 182
1.861955 2.894221 -4.539622 41 39 44
0.883824 5.109599 -1.156443 144 82 14
-1.245386 3.683431 -3.412352 229 152 19
-1.298126 2.739897 -4.588215 197 80 12
-4.476145 12.568312 -8.050686 102 106 120
1.876018 3.342390 -5.749062 182 182 182
-0.720501 10.100787 -5.568362 110 116 132
0.265293 2.448636 -4.897189 157 125 116
0.383200 3.016265 -4.201663 206 125 48
-0.819700 2.734064 -4.584335 209 98 15
-1.340835 7.444297 -3.169185 0 0 0
1.106150 7.404380 -2.468969 181 95 53
0.002101 3.561978 -3.535164 232 146 71
-0.009191 2.756821 -4.533485 200 100 56
-1.340835 7.444297 -3.169185 0 0 0
1.463542 4.992701 -7.789881 255 255 255
0.430901 6.096040 -1.703789 62 65 73
1.200484 9.876460 -4.465600 255 255 255
-1.042232 8.444949 -3.756914 36 36 41
-0.857927 7.668394 -4.272021 58 58 65
1.002519 8.405248 -3.637060 122 126 145
-0.572717 8.020643 -3.919242 95 98 112
2.397373 6.566970 -9.463478 255 255 255
2.397373 6.566970 -9.463478 255 255 255
1.345340 9.397335 -4.082653 255 255 255
0.246988 2.825857 -4.468489 221 145 79
-1.129335 7.467943 -5.484939 44 44 48
2.235496 7.336942 -5.887567 121 66 5
1.066449 6.738659 -2.139511 46 48 54
1.533680 3.375100 -5.417014 49 49 55
1.380547 7.663754 -4.606918 123 77 46
1.339122 7.772078 -4.793507 123 73 43
2.193323 4.307936 -6.811149 142 113 94
0.943602 6.627955 -2.087244 61 62 70
2.548931 6.941708 -9.858108 255 255 255
-1.042760 9.349985 -4.177517 255 255 255
0.227719 2.983713 -4.250172 227 149 92
1.669437 4.207143 -3.648529 236 175 124
-0.774796 7.570552 -5.259370 66 67 75
0.521477 3.535143 -3.559522 246 174 117
-1.347020 3.501659 -3.664286 229 164 16
-0.893226 3.856992 -3.192227 186 103 19
-1.269263 3.750648 -3.338513 236 169 14
-1.518269 4.485999 -4.008075 255 255 255
-0.521053 5.751370 -4.539822 255 255 255
-1.389391 8.581666 -6.810068 255 255 255
1.406165 7.958132 -5.585212 56 55 63
-1.110512 5.007100 -7.448523 255 255 255
-1.385551 8.731799 -3.873597 255 255 255
-1.027404 6.703883 -2.252190 8 8 9
0.512720 7.832315 -4.207519 80 81 91
-1.984595 9.074652 -7.594604 108 59 8
-1.615795 5.664519 -4.726187 164 104 7
-1.193652 9.316338 -4.111973 255 255 255
1.699646 25.922565 -32.100174 149 92 19
-1.331283 2.987677 -5.450199 194 116 16
-1.328369 4.102574 -3.555947 196 116 19
0.145090 29.783148 -11.928100 0 0 0
-1.621554 5.485562 -8.283822 0 0 0
-1.276815 4.070992 -3.483390 196 116 19
2.415212 8.738942 -7.250538 255 255 255
-1.147811 3.592153 -3.535027 203 110 12
1.731950 4.025738 -3.008285 100 101 115
-0.474052 5.346436 -1.629466 255 255 255
-1.461923 3.785446 -3.295923 187 115 17
-1.530883 5.220691 -4.485052 164 96 6
-0.541229 3.350986 -3.809509 228 145 17
1.680966 4.190146 -3.402164 49 49 55
-0.835999 3.659585 -3.436562 233 148 20
0.103431 8.340522 -4.201237 68 70 78
-1.298524 3.031816 -5.590891 185 114 16
-0.615801 2.427627 -4.918245 170 103 30
0.612816 5.312252 -5.165417 255 255 255
1.623975 4.681075 -3.872029 255 255 255
-1.310347 3.041751 -5.590891 197 124 16
2.748683 6.251719 -9.183687 0 0 0
-1.069653 8.127508 -3.060088 173 135 111
-1.076587 7.664290 -4.421684 98 98 111
1.428391 3.725038 -3.290450 224 194 184
-1.320845 3.880280 -3.178391 198 125 20
2.514399 8.775296 -7.380750 255 255 255
-1.130461 3.918233 -3.135459 210 121 25
-1.068696 7.643601 -2.725963 184 164 156
-1.230575 2.856989 -4.446600 186 94 15
1.049675 7.864034 -4.124188 101 105 118
-1.310388 3.012815 -5.553118 220 125 16
0.954833 2.510868 -5.073522 243 219 215
1.723805 3.377073 -3.717922 223 139 80
1.566688 3.678058 -3.289823 252 229 223
-1.053247 8.759624 -4.037799 99 52 5
-2.198957 7.075918 -6.304063 141 91 31
-1.532200 4.347405 -7.059331 255 255 255
-1.054961 7.337720 -5.062449 8 7 9
-1.393090 2.801247 -4.528681 206 127 14
-0.973312 8.828411 -4.017886 82 83 95
-1.426948 3.011334 -4.309498 28 28 31
-1.454498 4.318024 -3.924254 168 97 21
-1.180738 3.374513 -3.800224 224 149 12
-0.341623 2.403340 -4.981486 177 91 41
-0.614889 3.466350 -3.680074 213 113 15
-0.235608 3.741523 -3.317174 227 118 37
-1.129903 7.977429 -5.456450 182 182 182
-0.848591 2.991068 -4.267401 208 116 16
1.399055 2.837505 -4.401939 231 144 49
-1.053099 2.471580 -4.916647 203 138 11
-0.911042 2.477102 -4.913662 200 132 12
-0.736098 2.633441 -4.708779 213 129 25
-0.339820 2.829041 -4.449882 230 139 33
-1.053682 5.674926 -3.497819 83 85 95
0.898725 5.203008 -1.219076 42 43 48
-1.381275 6.083107 -4.823623 255 255 255
0.787241 4.953952 -1.079058 255 255 255
-1.160263 3.695730 -6.144156 255 255 255
-1.311521 2.717748 -5.494158 255 255 255
-1.030604 7.424190 -5.409826 5 5 5
-1.681105 4.741601 -4.127110 169 93 10
-1.441884 4.248670 -3.734339 118 72 4
-1.232736 3.327056 -5.157746 220 136 76
-1.106278 7.924804 -4.069579 101 104 117
-0.275964 2.332239 -5.010073 184 108 52
-1.014618 3.577750 -3.557373 220 133 11
-0.128510 3.166655 -4.029520 233 135 31
-2.001081 7.897308 -9.505096 157 79 32
3.235533 44.675465 -40.902046 0 0 0
-1.394639 2.916453 -5.582541 146 75 45
-1.258254 2.905453 -5.445292 125 70 27
-1.205700 2.341101 -5.101643 160 90 12
-2.056755 10.036059 -8.625436 255 255 255
0.144269 15.177172 -11.303527 153 101 31
-1.369479 2.331870 -5.109369 121 64 14
-1.222722 3.357125 -5.115796 216 150 72
-0.939585 7.680984 -5.433749 9 9 10
-0.939585 7.680984 -5.433749 9 9 10
-1.415384 3.735759 -4.613779 235 151 11
1.914164 12.778989 -9.337843 255 255 255
-1.511914 4.462741 -3.846630 145 75 6
-1.239529 2.858391 -4.435559 182 90 17
-0.719783 2.331958 -5.052656 164 91 39
-0.739723 3.316806 -3.858211 233 145 19
0.028194 2.692297 -4.626831 236 148 75
-0.455063 3.842942 -3.103364 219 127 14
-0.910148 5.973968 -3.648759 83 84 94
1.292432 3.994752 -3.097937 221 194 183
-2.156637 9.466111 -13.052915 72 41 11
-2.159334 9.484448 -13.072292 72 41 11
0.531372 7.979007 -4.025914 88 89 99
1.002131 3.910169 -3.016870 211 180 170
-2.053637 10.612628 -9.132490 255 255 255
-1.337204 4.226145 -4.018448 227 130 24
-0.940021 4.147448 -3.140981 73 73 82
-1.384799 2.470957 -5.248949 34 35 40
-1.389181 2.464749 -5.240936 34 35 40
-1.322488 4.314833 -3.957630 211 125 29
-1.413389 4.194632 -3.777421 199 117 22
-1.235832 3.399035 -5.068714 221 143 84
-0.823669 2.415201 -5.019927 206 115 17
1.310231 3.748033 -3.105291 226 192 187
-1.531517 3.086020 -4.968329 165 93 11
-1.413534 3.736396 -4.615122 238 155 11
1.210789 2.619479 -4.673401 166 111 75
-1.345626 3.486196 -4.991060 176 102 15
-1.345626 3.486196 -4.991060 176 102 15
-1.408656 2.733076 -4.648942 49 50 55
-1.280490 3.495857 -3.651863 229 161 14
-0.326864 7.229753 -4.932334 91 93 105
-1.518781 4.443883 -3.837056 145 77 6
-1.295086 3.865363 -3.214215 213 138 15
-0.033508 2.370627 -5.013535 213 142 86
0.284091 2.786224 -4.489110 209 131 68
-0.864902 4.980265 -1.272793 28 28 32
-0.647795 2.821006 -4.472549 224 133 23
0.298571 7.931344 -4.356045 106 109 125
0.097875 5.393554 -1.552048 57 59 66
0.883655 7.376754 -4.795297 82 84 96
-1.082846 8.171621 -3.343578 255 255 255
-0.149605 3.939701 -3.101187 225 130 29
-0.745017 7.254453 -2.480175 255 255 255
0.898172 7.211034 -5.056605 69 71 79
2.696882 7.082109 -9.885591 79 44 14
1.511635 4.740989 -4.316944 233 186 163
0.108863 2.798500 -4.484521 219 136 85
1.512190 12.389771 -5.475121 255 255 255
1.512190 12.389771 -5.475121 255 255 255
1.156512 9.204405 -3.718249 255 255 255
1.806607 3.179048 -4.153870 132 125 140
1.972054 5.643847 -4.558465 184 120 5
1.792009 3.423831 -3.649606 121 115 129
1.079734 6.589703 -1.947189 161 92 24
0.952490 5.342498 -1.360884 50 51 57
1.257824 10.959098 -6.110230 255 255 255
-0.783462 2.635965 -4.699359 185 95 24
-1.032944 6.018766 -2.148232 56 57 64
3.254512 9.593199 -12.819832 68 35 6
1.794429 12.532400 -9.013140 70 38 7
0.808717 4.501248 -6.831034 0 0 0
0.808717 4.501248 -6.831034 0 0 0
1.351241 7.806891 -4.510013 135 78 49
1.841494 2.733056 -5.268151 255 255 255
2.209982 6.643771 -5.393576 169 115 4
1.698675 3.818961 -4.506268 225 151 92
0.956551 7.975599 -4.013536 117 123 140
1.739637 4.264539 -3.487362 210 103 9
0.969467 6.947344 -2.264146 255 255 255
-0.970398 8.053761 -3.086604 141 88 4
-0.542032 2.346464 -5.053348 175 108 54
-0.877683 2.343373 -5.072083 185 104 22
-0.911364 3.411050 -3.741700 226 119 19
-0.911364 3.411050 -3.741700 226 119 19
-0.923195 3.875076 -3.154618 192 114 20
-1.191028 3.720516 -3.345749 216 125 23
-0.347020 7.848914 -4.165078 88 90 103
-1.045023 3.686931 -3.405059 219 125 16
1.654678 3.753757 -4.560432 226 139 65
-0.733114 2.406401 -4.980729 216 124 26
0.224509 4.221019 -2.399345 0 0 0
0.559547 7.115590 -3.888597 103 106 121
1.669874 4.346306 -6.529098 255 255 255
1.237049 3.530583 -3.521595 242 202 176
-0.814300 2.207265 -4.680577 180 105 17
-0.814300 2.207265 -4.680577 180 105 17
1.916620 2.824670 -5.357573 225 223 223
1.122425 9.124104 -3.518047 133 81 42
1.711596 4.283015 -3.460674 234 152 12
-1.347341 2.361855 -5.104607 137 79 15
2.480615 8.798154 -7.235020 128 76 7
2.454934 9.327431 -7.762448 255 255 255
1.739965 4.365958 -3.677511 239 164 120
-0.421751 2.705333 -4.604535 194 109 32
1.703374 3.996275 -2.988699 225 202 201
-1.172033 3.073485 -4.185397 236 145 19
-0.427571 3.444814 -3.691157 233 131 30
1.833012 3.383147 -4.987621 163 88 29
1.682010 3.416868 -4.977349 208 128 40
1.806451 2.390848 -4.944805 164 93 64
1.823124 4.189173 -3.990973 152 90 16
1.722802 4.242036 -3.531978 170 81 6
1.520388 2.610698 -4.665835 194 100 41
1.519176 2.613367 -4.668951 194 100 41
1.184273 8.449135 -3.185002 176 112 74
0.966407 8.069118 -3.859979 120 126 143
1.346677 2.806685 -4.438179 221 115 44
1.495988 3.341855 -3.773767 242 166 108
1.483287 3.968747 -2.979251 237 211 206
1.164624 8.658646 -3.484481 48 49 55
0.254620 2.965258 -4.265906 220 142 85
-0.887613 3.055308 -4.185403 209 132 15
1.231458 3.060015 -4.125340 220 139 53
0.439049 3.267806 -4.498394 230 135 83
1.666957 3.051782 -5.254495 64 62 70
1.805249 2.706203 -4.609067 216 132 28
1.724601 4.257181 -3.653563 242 176 117
1.724601 4.257181 -3.653563 242 176 117
1.764218 3.375661 -3.681239 239 162 107
1.885442 2.534797 -5.080890 58 59 66
1.779495 2.407634 -4.946533 168 101 57
1.661578 3.373391 -4.832889 50 50 56
1.784190 4.684626 -3.951909 255 255 255
1.240954 2.389175 -4.958082 206 152 124
0.555647 7.654647 -4.119554 83 84 96
0.495087 7.815336 -4.177226 83 84 96
2.226611 5.106752 -7.839674 177 142 121
1.851447 2.729494 -5.277703 255 255 255
1.387040 8.189990 -5.580578 255 255 255
1.727350 3.667296 -4.686358 208 137 88
1.672545 3.549739 -4.814712 191 120 57
-1.363077 3.250108 -3.828667 208 123 30
1.863968 2.393823 -4.944114 171 101 50
1.834213 2.953543 -4.407767 127 129 149
1.583797 2.405434 -4.906254 196 123 92
1.684984 2.666456 -4.596729 194 100 55
-0.102669 2.914376 -4.339501 231 138 42
1.225177 2.998513 -4.205582 229 142 66
-0.110084 2.362352 -5.021818 214 134 51
1.233496 3.060793 -4.125343 225 143 53
1.592501 2.652834 -4.627524 221 138 37
-0.872437 5.006580 -1.277732 30 30 34
0.236344 3.151817 -4.040435 214 133 74
1.669097 3.052924 -5.256413 59 58 65
-0.822992 8.850782 -4.024620 59 59 67
1.365384 4.246821 -3.287209 225 205 201
1.252268 3.501978 -3.498763 241 201 180
0.267279 2.420836 -4.932073 185 154 143
0.937349 4.384448 -3.117408 49 50 57
1.140143 4.096836 -3.084556 240 203 196
1.943010 3.130576 -5.452493 255 255 255
1.810253 3.382693 -5.018581 164 99 31
1.861671 2.476824 -4.965522 130 127 146
1.745118 3.395091 -3.785877 239 152 98
1.088053 7.608950 -2.625409 183 152 141
2.612960 10.073341 -8.423670 138 78 4
1.726342 3.531640 -4.846873 150 84 46
1.656204 3.687077 -4.643484 216 144 85
1.038972 2.720844 -4.560301 191 121 89
-0.988028 3.300446 -3.889717 214 149 15
1.799928 3.065190 -4.939262 162 113 44
1.673132 3.481372 -4.897725 211 141 36
1.723731 3.736749 -4.599537 221 142 67
1.843956 2.857928 -4.510426 129 126 148
1.739182 2.636606 -4.654389 182 107 37
1.057974 6.076123 -1.775785 53 54 61
-0.025839 2.920209 -4.317259 218 114 54
-1.010821 2.708218 -4.626815 224 142 18
1.001640 8.577591 -3.430679 93 95 107
1.539203 2.515456 -4.799780 214 135 59
0.636061 2.801353 -4.463058 215 143 106
1.309073 5.534512 -3.263690 97 100 115
-0.868575 3.892339 -3.635941 227 130 22
0.019882 7.719999 -2.830535 255 255 255
0.636534 2.601788 -4.832876 227 194 184
-0.750218 5.236070 -1.364765 53 55 61
1.703050 3.914278 -2.992532 221 199 201
2.692278 6.656689 -9.753243 255 255 255
1.872846 2.547880 -4.818904 121 120 142
1.684689 5.257288 -4.260096 21 21 23
1.226838 8.165464 -3.899106 67 67 75
1.729660 4.309288 -3.576081 169 82 5
1.199434 8.357559 -3.641143 71 71 80
2.092342 3.424639 -5.848173 117 77 60
0.944480 8.289330 -3.621576 104 108 122
-0.507864 3.619434 -3.478812 238 142 31
2.073734 3.741259 -6.187159 120 90 75
1.879741 3.205975 -5.167248 231 139 35
2.115155 4.020979 -6.679606 222 190 178
1.885421 2.875656 -4.754821 144 88 52
-0.702455 2.800320 -4.495409 196 112 30
1.850601 2.686308 -4.648077 106 102 111
1.732216 3.644340 -4.708363 172 104 86
-1.219063 3.479905 -3.670429 239 147 15
1.705185 3.594907 -4.645871 205 142 99
1.560480 2.912124 -4.294292 232 142 42
1.815279 4.410950 -3.583985 178 113 5
1.259247 8.127424 -2.920134 255 255 255
-0.965018 2.708769 -4.618109 204 122 18
1.225880 2.998135 -4.205791 231 144 68
-0.644893 2.397054 -5.129203 133 141 163
1.578367 6.518979 -7.879934 255 255 255
-0.633985 2.587646 -4.758923 219 137 25
-0.165235 2.025530 -4.243596 198 110 27
-0.087403 2.650332 -4.663154 238 154 49
-0.874411 8.945041 -4.054064 66 67 76
1.756341 2.744777 -4.504399 203 126 39
0.441467 3.909660 -3.481925 246 184 155
0.679613 3.881551 -3.267130 244 205 190
0.161481 28.045879 -11.656928 61 31 7
1.756178 2.442262 -4.877112 164 94 59
0.145286 27.579657 -11.639328 61 31 7
1.266582 2.509042 -4.812781 182 102 62
1.791940 3.578164 -4.793594 155 104 70
1.265473 2.507184 -4.811405 182 102 62
1.719506 3.572706 -4.692454 198 136 89
0.031884 2.852706 -4.427064 203 104 63
1.654794 3.843925 -4.513480 231 154 98
-0.390791 3.152420 -4.039186 226 143 35
1.689523 4.241129 -3.727337 241 179 133
1.783691 3.191575 -3.954984 220 120 56
0.573577 4.570660 -3.179960 103 105 120
0.547712 3.327860 -3.814003 231 127 78
2.301179 4.896909 -7.527037 166 125 94
-0.803865 3.469096 -3.672555 230 117 17
1.832201 2.667534 -4.612073 210 129 26
-0.368091 4.572133 -3.246982 46 46 51
-1.378896 3.314864 -6.154847 181 151 136
-0.948269 8.498980 -3.422827 255 255 255
-1.338490 3.226689 -6.047837 183 135 108
-0.266788 3.379401 -4.464173 218 133 24
-0.864589 2.894008 -5.646431 103 83 80
-2.141412 3.183078 -2.556622 51 51 57
-0.148742 2.688458 -5.282976 190 111 48
-1.288568 2.355843 -5.055035 165 98 11
-1.614657 4.344431 -4.216750 255 255 255
-0.830087 2.342716 -5.060879 200 84 21
0.099142 7.704888 -4.109280 96 99 112
-0.595255 2.381249 -5.006486 179 78 36
-1.359585 6.264323 -4.807938 34 26 7
-0.773945 2.371435 -5.024585 197 130 23
-0.417236 4.351021 -3.150610 255 255 255
-1.136709 2.449777 -4.946097 191 124 13
-1.547252 5.551373 -4.882396 255 255 255
0.075141 2.453422 -4.904189 199 131 110
-1.297134 3.782540 -4.573421 246 156 97
-0.200885 2.430742 -4.937565 198 103 50
0.026081 2.363645 -5.014879 206 133 78
-0.860529 2.487943 -4.885280 218 153 11
-1.209727 3.496549 -3.682736 238 152 14
1.624641 2.435336 -4.887636 177 105 76
-1.384283 3.136491 -5.480766 139 84 6
-0.295233 2.602141 -4.726410 174 101 61
-1.488764 3.698972 -6.504151 164 124 97
-0.470948 2.572254 -4.766866 213 141 24
-1.320652 2.738904 -4.604805 194 134 10
-1.432125 3.848514 -4.484272 230 147 11
-0.953371 2.652192 -4.687030 189 96 16
-1.001050 7.465861 -5.231968 6 6 7
-1.444033 4.080570 -4.195430 201 126 14
-1.270216 2.670761 -4.669156 198 133 11
-1.321671 2.952480 -4.311340 193 104 20
0.443459 2.592982 -4.726200 219 161 105
-1.321671 2.952480 -4.311340 193 104 20
0.082388 2.593963 -4.729176 228 158 94
-0.962120 2.787258 -4.537979 194 104 20
-0.556255 2.674524 -4.654346 196 75 22
-1.471097 4.293886 -3.691862 113 49 4
-0.812212 2.655107 -4.682741 187 102 19
-0.343436 3.451338 -3.654092 229 143 27
0.097253 2.664524 -4.643811 203 108 74
0.383200 3.016265 -4.201663 206 125 48
-0.298580 2.686061 -4.627007 211 140 39
-0.355861 2.525320 -4.824807 214 140 60
-0.226319 2.742000 -4.562463 210 140 34
1.071702 6.754824 -2.162343 45 46 52
-1.304169 2.830346 -4.471020 221 156 16
-0.933372 2.419098 -4.981533 212 130 17
0.644052 2.742555 -4.531768 221 156 97
-1.929027 8.252670 -10.234577 79 47 28
0.608083 2.765393 -4.512463 219 127 82
-0.457653 2.412546 -4.992810 184 95 39
0.607854 2.765522 -4.511945 219 127 82
-0.351991 2.523775 -4.829620 214 138 60
0.425620 2.780128 -4.505828 204 111 73
0.719540 8.626012 -3.814577 32 32 35
-2.045760 9.428243 -8.025806 142 80 32
-0.370025 2.840460 -4.438973 234 155 22
-1.016171 3.957326 -3.177455 213 126 20
-0.729530 2.842914 -4.450244 220 148 23
1.234918 2.716219 -4.599941 165 103 63
0.415493 2.844502 -4.411088 197 106 46
-1.348726 2.461755 -4.933175 121 66 14
1.172281 2.856064 -4.377373 198 126 62
-1.285647 3.669248 -4.737953 242 160 101
0.650813 2.917495 -4.348494 228 153 88
-1.763736 7.019171 -10.027003 255 255 255
0.455345 2.872601 -4.376542 191 99 50
-0.922416 5.569259 -4.570385 204 120 31
-0.978681 2.994784 -4.259893 209 102 12
-2.053244 6.964359 -9.428672 155 102 71
-0.193891 3.050188 -4.175025 232 109 35
-1.389917 3.299517 -5.312685 164 97 6
-0.252546 3.057075 -4.161758 211 87 29
-1.224464 2.375652 -5.118238 171 103 12
-0.690304 3.136064 -4.072791 233 161 13
-1.090452 7.754665 -4.333139 99 102 115
-0.986097 3.154349 -4.067118 218 124 14
-0.798332 2.990708 -4.260397 221 143 17
-1.191206 3.179387 -4.056218 233 161 13
-1.369997 3.901466 -3.145879 182 115 33
0.140139 3.126978 -4.104163 218 108 46
0.448469 8.707103 -6.699275 233 156 101
-1.078929 3.195546 -4.026182 216 123 16
-1.475550 4.282552 -3.687635 114 50 5
0.108835 3.221346 -3.973584 232 147 66
-0.882246 2.833855 -4.969334 208 127 23
-0.316724 3.257986 -3.920855 218 114 28
-0.933208 3.609110 -6.651807 0 0 0
0.061012 7.621235 -2.802109 255 255 255
-1.318810 4.665477 -4.119050 255 255 255
-1.379748 3.325313 -3.869544 216 156 18
-1.062905 9.222443 -3.493973 182 182 182
1.648234 14.460775 -6.842062 61 30 6
-0.753827 3.357270 -3.799511 238 164 16
1.079973 2.812956 -4.437664 203 127 83
1.788198 3.603340 -2.925261 223 201 200
0.557684 3.154007 -4.499146 0 0 0
0.282154 2.968570 -4.245813 221 147 82
-1.110659 3.379839 -3.796321 219 145 11
0.598506 3.634495 -3.428431 248 189 155
0.145090 29.783148 -11.928100 0 0 0
1.649492 3.986584 -3.136427 232 215 217
-1.228933 3.433234 -3.734904 216 108 12
1.858514 2.974660 -4.462128 50 50 57
2.529701 6.934992 -9.895109 255 255 255
-1.381797 3.439714 -3.731487 233 151 14
0.310396 3.804755 -6.519176 76 45 16
0.066496 3.581119 -1.377566 0 0 0
0.436850 3.497629 -3.603774 232 156 89
2.846362 7.644658 -10.421210 255 255 255
1.503180 2.884960 -4.351907 239 142 54
1.785476 12.531719 -9.046723 102 58 7
0.164876 3.590750 -3.501365 229 153 88
1.503180 2.884960 -4.351907 239 142 54
0.428784 8.354376 -3.301602 121 122 142
-0.193767 3.604604 -3.499744 217 100 27
2.792473 7.805902 -10.535968 143 81 36
1.781679 3.089040 -4.083394 246 157 29
-0.298235 3.786549 -3.275900 235 123 35
1.728972 3.201138 -3.978893 237 140 47
1.672783 3.151820 -4.019352 238 153 36
2.018676 5.999858 -4.843870 156 78 4
-0.690246 3.818165 -3.237028 215 101 39
1.112363 7.993710 -2.878371 181 126 97
-0.283833 3.890460 -3.147696 243 153 18
-0.025153 2.920959 -4.315501 219 116 54
-0.658785 3.462798 -3.690262 227 147 17
-1.351292 6.041858 -2.494711 255 255 255
0.246040 3.467441 -3.663749 222 133 86
1.080475 6.813826 -2.551679 137 143 164
2.266912 5.488308 -7.248880 255 255 255
2.648933 8.833121 -8.102747 166 104 15
1.768140 3.378263 -5.031465 169 92 35
-1.639749 7.312100 -10.398772 170 170 170
-1.118955 2.360614 -5.047852 200 120 15
1.849154 2.812129 -4.567749 129 135 158
1.817448 2.770864 -4.499504 217 151 39
1.682234 2.807889 -4.437631 229 144 27
-0.513465 2.799335 -4.494050 189 110 46
-0.612828 2.893461 -4.378902 223 140 25
-0.176780 2.368703 -5.037942 205 118 52
-1.451469 3.306142 -3.935697 213 111 22
0.053797 3.944507 -3.050533 233 155 53
-1.460307 3.931733 -3.178810 149 106 32
-0.642380 2.516536 -5.402305 255 255 255
-1.184879 4.001580 -3.334861 144 87 10
-0.659437 2.343693 -5.068468 157 136 125
-1.034415 2.881491 -4.402067 202 131 13
-0.715686 2.662907 -4.678050 188 99 27
-1.850641 8.254425 -11.602556 255 255 255
-0.121506 3.486056 -4.459530 217 149 27
2.679754 6.947704 -9.538729 255 255 255
-1.889245 3.077634 -5.238034 255 255 255
-2.317393 7.029817 -11.026700 255 255 255
-1.085674 2.390208 -5.192397 41 42 47
1.691968 2.634644 -4.947751 181 108 63
0.918968 6.666839 -1.965049 182 114 37
-0.270809 3.187994 -4.001021 227 141 21
-1.346203 2.934142 -4.398596 201 113 21
-0.891232 3.849927 -3.179999 179 101 20
-1.375706 2.435966 -5.243928 43 45 50
-1.558016 5.617339 -4.430247 255 255 255
-1.046764 3.481232 -3.674109 246 172 12
-0.655730 4.501705 -3.201811 73 74 83
-1.430330 2.476680 -5.073041 27 27 30
-1.296377 3.216723 -5.172276 230 134 61
-3.063973 7.980759 -12.829123 255 255 255
0.791391 2.967971 -4.248936 209 120 68
-1.332304 3.133483 -4.133491 187 108 25
1.257067 9.570160 -3.534726 255 255 255
-1.302998 3.084767 -5.451880 146 91 38
-0.537836 2.342046 -5.042500 187 109 42
-0.255805 2.606759 -4.731671 200 113 47
1.526275 3.119935 -5.970512 0 0 0
-0.536954 2.346633 -5.042822 187 109 42
-1.977560 7.092803 -10.210527 255 255 255
-1.321811 5.655567 -5.699652 255 255 255
0.207903 2.368272 -5.004459 210 164 135
-1.473918 3.406710 -4.845387 158 85 35
-0.842046 3.701685 -3.376487 202 111 21
-1.297486 3.027750 -4.232426 212 139 20
-1.772823 8.835144 -11.527825 145 101 80
3.109956 9.339454 -12.825920 53 30 9
-0.116950 3.257189 -3.918286 239 147 32
-1.539280 5.296210 -4.032946 88 92 102
-1.063270 3.240930 -3.967679 237 164 13
-1.000438 2.879925 -5.650249 105 83 82
-0.355403 4.766195 -7.030374 0 0 0
-0.936475 5.049767 -1.236831 79 53 35
-1.095083 7.339508 -2.794506 255 255 255
1.987375 3.506319 -5.981882 245 176 133
1.850719 3.084959 -4.167089 195 108 46
0.855962 5.182889 -1.236609 139 77 15
-0.792708 2.421748 -4.985942 179 81 22
0.136099 2.494758 -4.850794 223 160 121
0.775096 5.759573 -1.515121 59 61 69
1.877860 3.106214 -5.617712 253 212 195
-0.922470 2.429567 -3.939981 202 128 22
1.704595 4.931213 -4.319837 255 255 255
0.323069 2.504338 -4.839764 172 130 128
-0.983135 6.370606 -4.477245 140 84 8
-0.934984 2.732917 -4.584293 208 100 15
-1.236932 11.329056 -5.073404 67 31 3
-0.555465 6.683681 -3.624033 123 126 144
-0.033140 2.659760 -4.655644 222 143 68
-1.236932 11.329056 -5.073404 67 31 3
-0.681711 2.771061 -4.533226 186 94 34
-0.567846 7.923841 -4.097394 94 97 109
2.033968 5.654473 -4.575193 176 95 9
-1.328552 2.825693 -4.473660 189 81 17
1.662498 3.213010 -3.974328 216 128 40
1.923082 5.088528 -4.409073 185 100 13
-0.986486 2.915874 -4.364821 221 149 15
-1.002893 2.670914 -5.298385 196 106 13
1.713259 3.962153 -2.931223 216 195 192
-0.987134 2.914047 -4.364318 221 149 15
-1.077681 6.085666 -4.810135 30 30 33
-0.839328 5.544445 -1.547320 59 61 69
-0.207916 2.883174 -4.372731 212 135 24
1.624855 3.968907 -3.075066 255 253 254
1.944771 5.651500 -4.540974 168 117 4
-0.302159 2.932385 -4.330431 232 147 33
-1.784486 6.919901 -10.398692 255 255 255
-1.429270 3.120672 -4.129748 194 105 18
-1.269022 3.187089 -5.314388 207 126 70
-1.349797 3.107318 -4.117256 188 108 25
-0.166712 3.064442 -4.144481 237 145 34
-1.334253 4.077857 -4.178574 243 154 98
-1.970413 6.352058 -9.558088 255 255 255
-0.760817 3.130281 -4.094737 227 158 15
-1.357038 2.973639 -5.561705 90 50 12
0.049197 2.935908 -4.303491 237 134 53
0.790038 3.039610 -4.162547 237 150 60
-1.358307 2.417822 -5.046786 122 61 15
-0.668084 3.451569 -3.748402 0 0 0
-1.008379 3.229274 -3.969625 242 164 15
-1.371309 2.378010 -5.014044 122 61 15
-1.008324 3.257311 -3.951218 242 164 15
-1.302972 12.146932 -5.388506 97 59 33
-0.858636 3.378085 -3.783047 247 177 15
-0.349704 2.380943 -5.012233 185 104 51
-0.858303 3.378721 -3.784032 247 177 15
-1.592312 4.509092 -7.400687 137 92 55
1.723913 2.573423 -4.716574 170 98 43
-0.811074 3.566396 -3.543650 233 160 16
-1.353575 3.041448 -5.487982 214 131 16
-0.814455 3.570326 -3.537035 233 160 16
-1.396029 3.485747 -4.919636 238 143 32
-0.933589 2.421354 -4.981369 203 125 16
2.407766 7.039681 -7.418383 172 97 6
-0.152470 3.604494 -3.487834 254 173 24
-1.298544 3.207982 -4.025599 202 120 14
1.804591 2.505447 -5.004189 163 95 47
0.076672 3.764091 -3.287650 234 155 65
-0.418340 3.834887 -3.202410 208 118 30
1.202169 8.554904 -3.354785 255 255 255
1.257425 8.048695 -3.819602 99 102 115
-1.438120 3.680421 -6.578508 180 139 111
1.634170 3.715045 -3.244143 252 226 223
-1.331003 2.941078 -5.723837 178 139 117
-1.319765 2.766190 -5.389227 180 124 29
-1.115919 2.647259 -4.697480 217 137 13
-1.913652 8.483632 -7.509956 255 255 255
-0.990015 2.360931 -5.043014 214 139 14
-1.431481 3.996446 -4.303023 212 132 16
-1.305267 11.511531 -5.159114 119 86 67
-0.492787 2.345266 -5.049010 217 141 36
-1.444400 4.078649 -4.194150 200 126 13
-1.362592 3.117240 -4.119673 196 100 24
-1.441931 4.104894 -4.151879 197 130 13
-0.627386 2.946633 -4.308115 225 145 28
-0.741227 3.022386 -4.220174 207 119 17
-1.069657 9.190210 -3.767399 87 50 8
-1.078665 9.185419 -3.776600 87 50 8
-0.873622 3.716461 -3.368396 231 149 17
0.493511 3.383737 -6.013868 69 36 18
-0.092284 13.339658 -7.891372 0 0 0
2.683636 6.523180 -9.384462 146 96 9
-0.666610 5.460570 -2.834550 255 255 255
0.243709 5.389000 -1.599916 57 59 66
1.102852 9.716016 -3.900189 85 44 7
-0.803295 5.136775 -1.328728 52 53 59
-0.803295 5.136775 -1.328728 52 53 59
2.622888 9.690963 -7.935287 116 71 17
0.480509 3.828349 -6.665332 255 255 255
1.805331 5.140546 -3.823367 34 34 39
1.521909 6.040340 -4.825306 255 255 255
0.944670 8.611653 -3.308448 255 255 255
2.723740 9.988201 -8.371687 255 255 255
2.626723 6.847124 -9.472101 255 255 255
-0.473281 3.222978 -3.965312 196 118 28
-0.471955 3.221936 -3.965268 196 118 28
1.863525 2.592941 -4.751873 139 135 157
1.111937 3.152379 -4.015130 196 116 79
1.112082 3.152457 -4.015312 196 116 79
1.870269 3.063899 -5.383139 195 122 31
1.855866 2.733648 -4.637715 126 122 145
1.817528 3.629623 -4.746968 160 97 19
1.817744 3.630590 -4.748711 160 97 19
1.750010 3.487889 -4.701886 185 135 97
-1.921834 7.377341 -10.664403 126 73 20
1.832979 4.532190 -3.728490 175 104 4
1.048321 10.104140 -4.237126 255 255 255
1.104233 3.255991 -3.882967 206 124 77
-0.311353 3.072004 -4.148787 231 133 33
-1.131721 8.428954 -3.535723 63 64 72
2.185333 7.073392 -10.172465 147 83 7
2.026876 3.161866 -5.570905 113 69 43
2.492110 8.501557 -6.958868 132 86 4
1.309270 3.625470 -6.730007 135 78 6
1.825989 4.022941 -4.182389 186 115 11
1.820435 4.119726 -4.063022 181 114 14
1.615504 3.160536 -4.004687 236 160 39
1.446930 3.006179 -4.199007 225 127 59
1.040336 3.051831 -4.132799 219 138 73
-0.376866 3.354646 -3.801520 234 141 32
-0.235405 3.587333 -3.515406 245 149 26
1.045285 2.630852 -4.663306 197 131 104
1.604599 2.472121 -4.848925 179 109 72
-0.979477 2.438190 -4.959104 190 110 15
1.115657 2.881476 -4.336572 197 115 65
2.657748 7.388617 -10.257374 145 90 11
1.765599 4.516510 -6.435444 255 255 255
2.310228 9.489384 -7.767903 255 255 255
2.679000 7.236970 -10.468482 255 255 255
1.858103 2.807664 -5.239781 250 219 205
-0.070277 37.575455 -13.670138 0 0 0
-0.009464 38.639286 -13.921293 0 0 0
1.507847 2.836293 -4.417214 207 94 39
1.808234 4.367858 -3.732624 99 66 43
1.156124 9.713978 -4.282276 255 255 255
2.291999 4.840348 -7.515590 187 157 130
1.693807 2.666740 -4.607084 194 106 50
1.693807 2.666740 -4.607084 194 106 50
1.909389 2.865515 -4.279440 50 50 56
1.323229 2.611678 -4.676458 198 115 68
-0.086011 3.012039 -4.205779 238 136 57
-0.667788 3.294104 -3.883095 209 131 17
1.792514 3.341813 -4.785277 188 111 34
1.801896 2.981852 -4.222222 242 147 20
0.851025 2.630346 -5.239578 61 59 68
-1.642659 5.525729 -8.550746 115 71 5
0.956348 2.877358 -4.347408 216 134 77
0.358773 2.077201 -4.912483 255 255 255
0.442153 3.207325 -4.020320 229 145 70
-0.311104 3.072153 -4.148920 232 135 33
-0.985209 8.874859 -3.497139 255 255 255
-1.433351 3.637253 -3.416517 213 125 22
2.192923 7.009059 -5.699603 166 112 4
1.564993 2.663742 -4.603664 229 142 45
1.822835 4.087025 -4.117766 161 99 14
1.690377 3.091613 -4.078639 218 110 40
0.466610 2.812380 -4.434607 230 146 53
-0.229121 3.306707 -3.852883 223 127 37
0.183254 3.892392 -3.043163 224 135 72
0.348192 2.360823 -5.011661 190 159 143
-1.631893 0.970662 -3.228537 220 138 26
-1.581947 4.329947 -6.155976 255 255 255
0.529055 5.190889 -2.668081 255 255 255
-0.104835 7.556674 -2.794582 255 255 255
-1.360143 3.557652 -3.193179 211 130 16
-1.232439 5.691206 -4.944596 255 255 255
-1.874201 9.200624 -7.945961 255 255 255
-1.242642 2.613167 -4.804130 198 124 10
-2.065887 10.370667 -8.927596 255 255 255
-0.539635 3.769659 -3.290927 231 138 24
-1.355301 2.789960 -5.488945 143 101 60
-1.369603 2.427114 -5.015178 116 61 18
0.032222 15.169165 -5.417364 255 255 255
-0.321794 3.769319 -3.113873 242 152 18
-1.850199 8.584741 -10.988170 156 100 65
-1.295814 3.025096 -5.484173 140 75 25
-1.413824 3.694873 -4.655080 240 152 12
-1.373340 3.882485 -3.185924 189 118 26
-0.442916 3.647805 -3.434302 216 118 36
-0.981288 2.794858 -4.495763 206 98 19
-1.514066 4.650654 -4.095229 150 67 6
-1.373316 3.373009 -3.816229 193 107 17
-1.458731 4.271648 -3.737687 110 54 3
-1.384895 3.663687 -3.443755 231 155 16
-0.967151 3.381393 -3.788135 253 177 12
1.275080 2.612890 -4.680044 205 131 60
1.861010 2.773848 -5.271261 35 36 40
2.004883 9.225346 -7.016448 255 255 255
1.439283 4.104778 -3.210062 230 210 205
1.541410 4.062969 -3.162678 214 199 197
-2.069407 9.108847 -12.601479 133 82 8
1.361441 11.468727 -4.985330 93 52 5
2.608365 9.232944 -8.224238 132 60 16
1.819994 2.723399 -5.268534 63 64 70
1.749174 3.628472 -4.628496 207 129 83
1.751019 4.097986 -3.117825 52 53 61
2.448656 9.317881 -7.681292 255 255 255
1.878734 2.604807 -5.097716 57 58 65
1.836798 3.126300 -4.353395 51 48 52
1.836798 3.126300 -4.353395 51 48 52
2.014715 5.866433 -4.707861 177 103 5
1.868477 3.430511 -4.884304 247 161 85
1.987996 5.217088 -4.281707 177 99 5
1.228549 9.173150 -3.697002 122 80 45
-1.078250 2.430163 -4.954870 170 100 15
-1.308019 3.843071 -3.188798 213 130 23
2.254807 4.366146 -6.969196 204 177 160
1.821306 2.782668 -4.454107 219 148 40
-0.913665 3.294099 -3.887481 242 155 14
1.176974 2.781791 -4.468668 212 133 71
0.715134 2.740563 -4.524312 215 130 88
1.734609 4.237451 -3.440197 226 152 11
1.088830 3.194412 -4.015488 189 117 87
0.583044 2.830221 -4.416505 230 152 91
1.055331 8.662197 -3.375996 255 255 255
1.050003 8.679963 -3.378520 255 255 255
-1.049377 3.482626 -3.658795 253 162 16
-1.423753 3.293823 -5.752671 255 255 255
-1.510317 9.360641 -7.292213 91 57 18
-1.216431 4.398566 -4.484319 9 9 10
-1.065292 9.691429 -4.544678 255 255 255
1.672168 3.038152 -4.115708 204 117 27
1.536582 4.143355 -3.086349 225 187 174
-1.434940 14.334233 -6.949855 62 30 7
-1.335309 2.588655 -5.367229 43 45 50
1.005623 8.311732 -3.546604 102 104 119
-0.975457 6.642074 -5.089530 21 20 22
1.179119 3.331949 -3.050295 255 254 255
-1.145356 3.898159 -3.121391 217 128 27
-1.593598 6.155705 -9.390812 255 255 255
-1.339094 3.130185 -5.336650 164 93 8
-1.322330 3.138250 -5.202117 225 147 75
-1.393796 3.484231 -4.917346 235 143 30
-0.949562 3.155026 -4.065918 235 165 13
-1.202346 3.263027 -3.928904 225 153 15
-0.760591 3.255837 -3.986288 229 134 13
1.445181 2.493723 -4.826102 208 128 71
-1.419754 3.114910 -5.831055 142 91 81
-1.209678 2.521939 -4.866182 178 114 10
-1.270789 2.820391 -4.486985 195 101 15
-0.865934 2.933023 -4.341699 203 134 15
-0.146779 3.356090 -3.795108 213 117 51
1.233912 3.032085 -4.160675 210 129 58
0.396582 2.853154 -4.398988 198 125 50
-1.537784 6.242313 -4.345733 255 255 255
0.460225 3.844239 -6.311321 90 59 47
-1.021619 3.089816 -4.142940 234 155 17
-0.523499 2.635627 -4.694004 222 139 26
-1.546859 4.287532 -3.201844 28 28 31
-1.108504 6.009247 -4.619804 163 96 14
0.386744 5.422817 -3.002695 255 255 255
-1.847501 7.450460 -10.712825 105 66 12
-1.191776 2.890066 -4.648880 217 132 11
-1.298295 5.357394 -3.860627 42 42 46
3.269109 9.543958 -12.635309 156 89 11
-1.437450 3.712381 -3.404074 219 129 20
-1.655701 4.621870 -4.047420 255 255 255
-0.209077 4.586475 -3.164018 255 255 255
-1.331268 2.888474 -4.391847 224 137 20
-1.332338 2.889448 -4.395552 224 137 20
-1.608252 5.198003 -4.373855 255 255 255
-1.643219 4.535251 -3.984551 18 12 8
-1.371274 3.907619 -3.141762 179 113 33
0.937952 7.044465 -10.331047 136 78 3
-1.411921 3.685715 -4.648408 235 145 10
-0.917318 9.739679 -4.262767 60 44 29
-0.968697 8.613779 -3.472830 255 255 255
1.244584 8.485503 -3.400699 39 39 43
1.753522 4.212246 -3.033401 255 255 255
-1.500515 3.856892 -6.732998 175 147 124
-1.384323 2.630888 -4.845028 79 75 80
-1.068283 2.555642 -4.801492 207 133 15
-1.401188 3.602164 -4.759956 242 169 12
-1.028021 2.746391 -4.587638 223 152 14
2.325747 5.249518 -7.914534 140 86 4
-1.287008 3.128399 -4.103882 227 146 16
-1.487774 4.387005 -3.889767 107 62 18
-0.122111 2.580393 -4.718799 211 116 41
-0.210011 2.611944 -4.714581 177 95 42
-1.093225 3.215377 -3.994282 211 109 17
-0.242191 2.837582 -4.455588 182 98 52
-0.867929 3.607410 -3.515595 238 158 18
-1.063155 3.883783 -3.190058 214 117 18
-0.220859 3.754357 -3.062449 0 0 0
0.041195 5.200458 -3.258027 68 68 76
-0.520680 7.406048 -3.497201 33 33 37
1.537970 56.179459 -54.027485 255 255 255
-1.030159 6.704659 -2.275545 43 43 48
-2.023297 3.998424 -6.022690 189 100 36
1.991891 9.173916 -6.971063 255 255 255
2.660083 6.460651 -9.363905 149 87 10
-0.033323 4.083628 -6.472455 107 65 31
1.723995 4.833365 -3.553731 77 78 88
1.360874 11.476885 -4.989985 90 51 6
1.717107 5.160705 -3.687448 43 43 48
2.620508 5.848036 -8.517037 255 255 255
0.114496 33.281532 -12.681421 58 29 7
0.114496 33.281532 -12.681421 58 29 7
1.696640 4.154928 -3.510010 62 63 71
2.161821 4.254157 -6.856489 219 201 199
1.698993 2.380416 -4.937976 208 114 71
-0.518978 4.762408 -7.104067 0 0 0
-0.518978 4.762408 -7.104067 0 0 0
1.921606 2.986988 -5.346837 107 63 30
-0.850046 3.932499 -3.118589 208 121 20
1.866360 2.466614 -5.013149 129 129 148
1.843677 3.207322 -5.226371 106 58 29
1.820951 3.312325 -5.104452 118 72 48
1.711548 3.349441 -5.045095 175 105 38
1.867838 3.430725 -4.884562 248 161 84
-0.510229 2.583112 -4.762591 218 130 24
1.892967 2.966938 -5.285498 202 134 22
2.016267 5.663381 -4.560043 182 105 6
1.452963 2.860160 -4.388158 212 115 62
1.042888 2.718850 -4.558572 196 123 89
0.264181 1.802852 -4.759127 255 255 255
-1.343985 3.161446 -5.973825 186 130 109
-0.773019 2.379138 -5.112280 148 110 70
-0.692231 2.848676 -4.436972 204 119 28
2.160559 4.009091 -6.690320 227 208 199
1.914542 3.395530 -4.600688 218 141 22
1.543244 2.636271 -4.637802 222 141 39
1.853667 3.776052 -4.501344 169 109 9
1.754499 2.873122 -4.347621 225 139 34
1.298819 2.503320 -4.828380 201 134 76
0.925840 3.104867 -4.077692 214 120 73
0.910590 3.161992 -4.002210 219 133 85
1.038939 3.572484 -3.508572 222 176 166
-1.446579 2.992955 -4.346191 215 119 27
2.607389 6.015729 -8.653550 255 255 255
1.135367 8.273919 -3.049648 177 118 81
-0.574762 2.877301 -4.401511 198 113 22
-1.665769 6.854932 -2.661686 0 0 0
1.922631 6.725700 -6.774756 255 255 255
-1.481978 3.637748 -6.217141 0 0 0
1.368495 4.957551 -3.384232 224 206 207
1.778722 12.224768 -8.847213 63 33 7
1.785517 12.175992 -8.830724 63 33 7
1.771605 3.358345 -3.718935 234 148 102
0.476908 3.948204 -3.067289 220 151 119
1.868005 2.804559 -4.718388 52 52 58
1.859863 2.871084 -4.669586 55 53 60
1.877534 3.268589 -5.156134 236 148 41
1.744845 3.592156 -4.725337 201 132 84
0.200141 2.724920 -5.410992 131 80 18
1.750350 4.219208 -3.645989 250 172 118
1.747455 4.227359 -3.646604 250 172 118
0.797390 2.933028 -4.308357 217 125 68
-0.127136 3.164536 -4.030664 248 144 32
0.238603 3.869787 -3.152261 245 165 108
-0.477307 3.426505 -3.715775 201 114 41
-0.257925 3.716467 -3.350381 248 144 28
-0.280095 3.910142 -3.172372 255 155 22
1.893331 3.124701 -5.278234 210 133 26
1.369364 3.303882 -5.777941 103 60 21
1.396476 2.661084 -4.618351 212 109 45
1.829197 4.904427 -4.087767 167 93 18
0.433133 3.689548 -3.361450 228 160 130
-0.209706 2.614222 -4.714099 189 104 46
0.019403 3.289478 -3.866190 252 152 51
0.016318 3.300378 -3.868821 252 152 51
-0.814919 3.346132 -3.821258 227 128 19
-1.219051 3.664788 -3.436297 242 155 19
0.818879 5.290171 -1.254394 46 47 52
-1.524172 9.236292 -7.220176 255 255 255
0.085201 3.852807 -3.172262 236 140 51
-1.380749 3.377082 -6.077416 176 129 111
-1.380749 3.377082 -6.077416 176 129 111
-1.762702 7.133197 -10.662137 255 255 255
-2.355502 11.877487 -10.016843 82 41 7
-0.827170 2.355669 -5.073586 189 72 20
1.094298 9.084999 -3.343836 255 255 255
-2.102592 10.846112 -9.372142 255 255 255
-1.417013 3.193912 -4.021378 221 129 18
-1.481386 4.153159 -7.000323 175 141 116
-1.393841 2.574999 -5.155145 29 29 32
1.646879 2.899612 -4.312501 190 90 28
-1.781133 6.999493 -10.447330 255 255 255
-2.046279 9.788231 -8.366865 147 86 28
-1.501742 5.423125 -4.625844 153 85 12
-1.362394 2.948860 -5.528948 102 56 11
-1.408975 2.650252 -4.776053 99 103 117
-0.838328 2.366216 -5.113275 128 133 154
-0.157659 2.381228 -4.974365 217 131 57
-1.339613 3.154627 -4.079715 190 105 18
-1.000624 3.398400 -3.751599 220 119 12
1.748953 4.032094 -2.984550 222 201 199
-1.365802 2.645462 -4.710865 160 101 12
-1.667103 5.846013 -5.053581 150 73 6
-1.414516 2.920075 -4.363204 219 139 17
-1.605488 -0.441650 -3.088889 255 255 255
-0.663108 3.135921 -4.054067 212 118 12
0.015818 3.324857 -3.830563 235 146 32
-0.952471 3.889490 -3.159368 191 100 18
-0.021744 3.973002 -3.064203 233 115 44
1.590395 3.623132 -5.671504 187 107 58
1.871949 2.842084 -4.525349 53 52 60
2.116020 6.033029 -4.925395 172 98 7
1.347467 3.201001 -3.947318 243 158 77
0.646363 3.134132 -4.446024 223 130 76
2.756494 11.056376 -8.936629 91 51 4
-0.530536 7.343814 -3.450005 55 54 60
-1.357100 3.969414 -6.599133 255 255 255
-0.664799 3.893955 -3.117830 208 105 20
0.126131 2.506326 -4.868195 227 164 123
-0.831173 2.348985 -5.059801 220 119 20
-1.350633 3.102697 -4.099153 213 123 22
0.571356 2.615423 -5.317193 128 72 14
1.788734 2.960332 -4.192750 241 144 20
1.860788 2.390257 -4.937780 178 104 53
1.037448 7.020431 -2.245721 181 124 92
-0.693321 3.652257 -3.444692 220 127 22
-1.412252 2.677521 -4.945185 30 30 34
0.783036 2.338408 -4.946041 213 192 184
-0.419359 3.142139 -4.059220 230 137 27
1.109215 2.399806 -4.974967 209 180 164
-1.370059 2.480276 -4.892195 117 59 16
-0.398224 3.671443 -3.409354 235 148 28
-1.188491 3.028968 -4.235620 224 134 15
-0.140678 3.502894 -3.636971 216 100 34
1.114918 5.141998 -1.684783 49 51 57
0.312907 41.393757 -17.312910 158 81 11
-0.268445 3.206113 -3.982708 234 145 20
1.246571 2.422338 -4.919976 204 145 121
1.807553 2.876878 -4.349843 240 163 26
1.808438 2.873634 -4.348704 240 163 26
0.382976 2.866612 -4.389926 215 134 54
0.410811 2.462132 -4.888851 117 94 96
-2.361141 11.678571 -9.952331 81 42 6
-1.410406 3.466771 -6.222917 180 150 137
-1.387478 2.707684 -4.632208 185 122 11
-1.384081 3.046843 -5.516297 153 95 12
-0.765894 2.607947 -4.738607 177 102 28
-1.410197 2.874931 -4.384616 228 152 16
-1.418342 3.855141 -3.205855 147 74 33
-1.045321 2.321061 -5.069474 208 141 11
-0.090119 2.869856 -4.391682 203 110 42
1.621573 3.175136 -3.968887 218 135 39
-0.692987 2.584906 -4.757021 184 107 27
-1.506425 4.006498 -6.902171 178 134 113
-1.939422 7.572603 -6.565749 142 80 12
-1.043909 3.482499 -3.664182 246 165 12
-1.233993 2.693076 -4.630047 193 98 11
-0.481231 2.509347 -4.848055 207 134 48
1.752971 3.007004 -4.178396 215 138 25
-1.205608 2.883973 -5.497501 154 88 26
-0.059687 2.401102 -5.095565 139 149 175
-1.028264 3.544755 -3.591128 230 119 11
-1.450092 3.909927 -6.844630 178 134 97
-1.392243 3.457571 -6.329589 182 111 100
-0.673789 2.386080 -5.014766 186 102 39
-1.013022 2.403732 -4.991745 205 100 21
-0.302987 2.441164 -4.927874 198 98 49
-0.323622 2.455017 -4.918257 208 130 54
-0.403943 2.491521 -4.875119 224 137 52
-0.482967 2.506868 -4.847714 212 138 48
1.625090 2.439006 -4.888036 177 105 76
1.167254 2.455175 -4.877868 191 142 130
-1.364972 2.845089 -4.460895 205 141 18
0.499616 2.802397 -4.482000 212 94 54
-0.531336 2.929202 -4.337594 224 143 26
-0.534857 2.928317 -4.334780 224 143 26
-0.931225 2.927108 -4.351618 215 145 16
1.796458 2.764542 -4.481959 174 85 41
1.176970 2.817275 -4.430164 175 104 66
0.314475 2.877632 -4.372733 222 149 62
0.032770 2.981873 -4.250545 227 146 44
-0.617977 3.151032 -4.051337 235 161 13
-0.755486 3.190696 -4.019764 206 93 14
1.216855 3.123911 -4.068210 222 141 58
-0.954534 3.267431 -3.936341 234 154 13
1.176888 7.472965 -5.126483 20 20 23
-0.888954 3.378057 -3.792705 220 100 14
1.648525 14.462111 -6.843021 61 29 6
1.525235 2.957683 -4.254952 201 103 49
0.320986 3.314005 -3.840462 204 95 61
-0.541494 3.766858 -3.293998 231 139 24
0.320986 3.314005 -3.840462 204 95 61
-2.147995 9.447254 -13.084276 72 39 11
-0.584803 3.422973 -3.727023 211 115 19
-0.830148 3.389425 -3.779297 226 93 16
-0.890829 9.097903 -3.903906 255 255 255
-1.028075 3.458608 -3.691060 231 135 12
0.040515 8.455084 -3.472619 52 53 60
1.809709 2.515596 -5.000874 161 94 43
-1.172647 3.439529 -3.721330 201 94 11
-1.280490 3.495857 -3.651863 229 161 14
-0.888197 5.210541 -1.254250 62 43 37
0.491043 3.386072 -3.755270 230 149 78
-0.065484 7.088782 -3.076135 0 0 0
-0.193849 3.605824 -3.500220 217 100 27
-0.836650 3.668348 -3.429991 234 145 21
-0.080927 6.078984 -2.667549 130 132 146
-0.316108 3.829150 -3.213183 229 156 24
-1.027579 3.140892 -3.994860 210 116 22
1.371411 4.130123 -2.943218 239 157 85
-1.278912 3.687457 -5.784233 118 124 143
-0.398537 3.975783 -3.171737 222 136 17
0.892049 5.591955 -1.427890 13 13 14
-0.884175 4.982323 -1.248542 29 29 32
-0.712639 7.023679 -4.257197 124 130 149
-0.883718 4.930950 -1.265632 29 29 32
0.211832 3.710301 -1.441908 255 255 255
-0.880851 2.445050 -5.213212 34 30 36
-1.699533 6.299069 -5.207621 0 0 0
-0.077076 3.843354 -2.261385 210 129 14
0.385833 2.441113 -5.128753 42 42 47
-0.243392 2.789832 -4.499505 176 96 54
-1.286983 7.962220 -6.135817 57 58 64
-0.749013 2.359482 -5.060328 174 89 21
0.393463 2.903547 -5.547073 128 74 12
1.774725 2.405372 -4.984461 114 120 136
-0.291007 6.758021 -3.853931 102 105 118
-1.296692 3.029911 -4.233414 212 139 20
1.866819 5.193690 -4.978648 176 116 6
-1.449214 3.544149 -3.584272 210 127 17
-1.910733 7.523392 -10.754201 68 42 25
-1.729027 7.090985 -10.411539 138 85 17
1.697172 4.781839 -4.238111 255 255 255
-0.526148 2.585950 -4.749003 214 143 25
-1.105437 3.465990 -3.686132 236 153 12
1.723913 2.573423 -4.716574 170 98 43
0.442825 3.418304 -3.701420 217 120 61
-1.160527 3.653738 -3.457158 215 108 15
1.225188 7.209664 -4.726239 38 39 44
1.500319 3.489789 -3.516713 207 144 110
-1.417557 3.868321 -3.211315 146 73 32
0.096986 4.080141 0.051826 0 0 0
0.076676 3.764238 -3.287677 234 155 65
-0.087483 3.937124 -3.071096 240 114 36
-0.928925 2.345234 -5.058289 199 109 19
-1.860966 8.406389 -7.357893 255 255 255
