mtllib mesh.mtl
g default
v 0.017601104453206062 0.026325678452849388 0.3978844881057739 
v 0.0021712766028940678 0.02634716033935547 0.38886165618896484 
v 0.05287489295005798 0.02558627910912037 0.41108715534210205 
v 0.10764720290899277 0.02432744763791561 0.41364502906799316 
v 0.1657286137342453 0.02285914123058319 0.4021097421646118 
v 0.20035183429718018 0.02165013551712036 0.38837069272994995 
v 0.19864687323570251 0.021074574440717697 0.38486939668655396 
v 0.16290591657161713 0.021510189399123192 0.3933835029602051 
v 0.10759615153074265 0.022000020369887352 0.3978182077407837 
v 0.05824191868305206 0.0223995354026556 0.3900914788246155 
v 0.022079844027757645 0.02264290116727352 0.3732428550720215 
v 0.0031887234654277563 0.008715531788766384 0.3499396741390228 
v 0.002814915031194687 0.0225925762206316 0.36254170536994934 
v 0.024371203035116196 0.008715531788766384 0.36101213097572327 
v 0.1672959327697754 0.011414522305130959 0.40626493096351624 
v 0.16165052354335785 0.008715531788766384 0.38881248235702515 
v 0.0503993034362793 0.014183173887431622 0.421688973903656 
v 0.20872028172016144 0.008776843547821045 0.381487101316452 
v 0.0019014469580724835 0.014183173887431622 0.40257957577705383 
v 0.061133358627557755 0.008715531788766384 0.37969762086868286 
v 0.2096506506204605 0.009109568782150745 0.38327521085739136 
v 0.20094439387321472 0.009875400923192501 0.3904852271080017 
v 0.1975344866514206 0.008715531788766384 0.38348260521888733 
v 0.10788063704967499 0.01337101124227047 0.4214024543762207 
v 0.10777853429317474 0.008715531788766384 0.38974884152412415 
v 0.015413724817335606 0.014183173887431622 0.41029542684555054 
v 0.019814487546682358 0.024478448554873466 0.3855186402797699 
v 0.0393453873693943 0.022540636360645294 0.38236454129219055 
v 0.08043650537729263 0.022213950753211975 0.39553797245025635 
v 0.13624466955661774 0.02177860029041767 0.3970580995082855 
v 0.1846749186515808 0.02124507911503315 0.3886891007423401 
v 0.03304881975054741 0.02600417472422123 0.4050617516040802 
v 0.07757558673620224 0.025027083232998848 0.41445139050483704 
v 0.13854610919952393 0.02361256442964077 0.4093153476715088 
v 0.1870465874671936 0.022148119285702705 0.3943532109260559 
v 0.1996292918920517 0.021346746012568474 0.3864381015300751 
v 0.164239302277565 0.02219570241868496 0.3978506028652191 
v 0.10751771926879883 0.023175133392214775 0.40580955147743225 
v 0.055454425513744354 0.02398931048810482 0.400537371635437 
v 0.0024671093560755253 0.024431491270661354 0.37542271614074707 
v 0.009038621559739113 0.022700779139995575 0.3656580448150635 
v 0.007114372681826353 0.026548221707344055 0.3917522132396698 
v 0.010078704915940762 0.008715531788766384 0.352863073348999 
v 0.006230240222066641 0.014183173887431622 0.40505141019821167 
v 0.18836240470409393 0.010521844029426575 0.3972761929035187 
v 0.13978776335716248 0.01238392386585474 0.4150930643081665 
v 0.13518495857715607 0.008715531788766384 0.39057859778404236 
v 0.18361905217170715 0.008715531788766384 0.3859480023384094 
v 0.07645700126886368 0.014183173887431622 0.4239991009235382 
v 0.02996552549302578 0.014183173887431622 0.4164588451385498 
v 0.20527537167072296 0.008715531788766384 0.38185086846351624 
v 0.20960131287574768 0.008932101540267467 0.38206925988197327 
v 0.04255862906575203 0.008715531788766384 0.3710644543170929 
v 0.08217883110046387 0.008715531788766384 0.38617223501205444 
v 0.2072908580303192 0.009619595482945442 0.3858366012573242 
v 0.008037509396672249 0.024606449529528618 0.3785790503025055 
v 0.03616461530327797 0.024270260706543922 0.3936888873577118 
v 0.07885009795427322 0.023617349565029144 0.40494921803474426 
v 0.137349933385849 0.02271968685090542 0.4033621549606323 
v 0.18579576909542084 0.021686730906367302 0.3914756774902344 
v -0.017601104453206062 0.026325678452849388 0.3978844881057739 
v -0.0021712766028940678 0.02634716033935547 0.38886165618896484 
v -0.05287489295005798 0.02558627910912037 0.41108715534210205 
v -0.10764720290899277 0.02432744763791561 0.41364502906799316 
v -0.1657286137342453 0.02285914123058319 0.4021097421646118 
v -0.20035183429718018 0.02165013551712036 0.38837069272994995 
v -0.19864687323570251 0.021074574440717697 0.38486939668655396 
v -0.16290591657161713 0.021510189399123192 0.3933835029602051 
v -0.10759615153074265 0.022000020369887352 0.3978182077407837 
v -0.05824191868305206 0.0223995354026556 0.3900914788246155 
v -0.022079844027757645 0.02264290116727352 0.3732428550720215 
v -0.0031887234654277563 0.008715531788766384 0.3499396741390228 
v -0.002814915031194687 0.0225925762206316 0.36254170536994934 
v -0.024371203035116196 0.008715531788766384 0.36101213097572327 
v -0.1672959327697754 0.011414522305130959 0.40626493096351624 
v -0.16165052354335785 0.008715531788766384 0.38881248235702515 
v -0.0503993034362793 0.014183173887431622 0.421688973903656 
v -0.20872028172016144 0.008776843547821045 0.381487101316452 
v -0.0019014469580724835 0.014183173887431622 0.40257957577705383 
v -0.061133358627557755 0.008715531788766384 0.37969762086868286 
v -0.2096506506204605 0.009109568782150745 0.38327521085739136 
v -0.20094439387321472 0.009875400923192501 0.3904852271080017 
v -0.1975344866514206 0.008715531788766384 0.38348260521888733 
v -0.10788063704967499 0.01337101124227047 0.4214024543762207 
v -0.10777853429317474 0.008715531788766384 0.38974884152412415 
v -0.015413724817335606 0.014183173887431622 0.41029542684555054 
v -0.019814487546682358 0.024478448554873466 0.3855186402797699 
v -0.0393453873693943 0.022540636360645294 0.38236454129219055 
v 0.0 0.02258218266069889 0.36165961623191833 
v -0.08043650537729263 0.022213950753211975 0.39553797245025635 
v -0.13624466955661774 0.02177860029041767 0.3970580995082855 
v -0.1846749186515808 0.02124507911503315 0.3886891007423401 
v -0.03304881975054741 0.02600417472422123 0.4050617516040802 
v 0.0 0.026257306337356567 0.3875919580459595 
v -0.07757558673620224 0.025027083232998848 0.41445139050483704 
v -0.13854610919952393 0.02361256442964077 0.4093153476715088 
v -0.1870465874671936 0.022148119285702705 0.3943532109260559 
v -0.1996292918920517 0.021346746012568474 0.3864381015300751 
v -0.164239302277565 0.02219570241868496 0.3978506028652191 
v -0.10751771926879883 0.023175133392214775 0.40580955147743225 
v -0.055454425513744354 0.02398931048810482 0.400537371635437 
v -0.0024671093560755253 0.024431491270661354 0.37542271614074707 
v -0.009038621559739113 0.022700779139995575 0.3656580448150635 
v -0.007114372681826353 0.026548221707344055 0.3917522132396698 
v -0.010078704915940762 0.008715531788766384 0.352863073348999 
v -0.006230240222066641 0.014183173887431622 0.40505141019821167 
v 0.0 0.008715531788766384 0.34962913393974304 
v -0.18836240470409393 0.010521844029426575 0.3972761929035187 
v -0.13978776335716248 0.01238392386585474 0.4150930643081665 
v -0.13518495857715607 0.008715531788766384 0.39057859778404236 
v -0.18361905217170715 0.008715531788766384 0.3859480023384094 
v 0.0 0.014183173887431622 0.4014938175678253 
v -0.07645700126886368 0.014183173887431622 0.4239991009235382 
v -0.02996552549302578 0.014183173887431622 0.4164588451385498 
v -0.20527537167072296 0.008715531788766384 0.38185086846351624 
v -0.20960131287574768 0.008932101540267467 0.38206925988197327 
v -0.04255862906575203 0.008715531788766384 0.3710644543170929 
v -0.08217883110046387 0.008715531788766384 0.38617223501205444 
v -0.2072908580303192 0.009619595482945442 0.3858366012573242 
v -0.008037509396672249 0.024606449529528618 0.3785790503025055 
v -0.03616461530327797 0.024270260706543922 0.3936888873577118 
v 0.0 0.024350084364414215 0.37415796518325806 
v -0.07885009795427322 0.023617349565029144 0.40494921803474426 
v -0.137349933385849 0.02271968685090542 0.4033621549606323 
v -0.18579576909542084 0.021686730906367302 0.3914756774902344 
v 0.017601104453206062 -0.026325678452849388 0.3978844881057739 
v 0.0021712766028940678 -0.02634716033935547 0.38886165618896484 
v 0.05287489295005798 -0.02558627910912037 0.41108715534210205 
v 0.10764720290899277 -0.02432744763791561 0.41364502906799316 
v 0.1657286137342453 -0.02285914123058319 0.4021097421646118 
v 0.20035183429718018 -0.02165013551712036 0.38837069272994995 
v 0.19864687323570251 -0.021074574440717697 0.38486939668655396 
v 0.16290591657161713 -0.021510189399123192 0.3933835029602051 
v 0.10759615153074265 -0.022000020369887352 0.3978182077407837 
v 0.05824191868305206 -0.0223995354026556 0.3900914788246155 
v 0.022079844027757645 -0.02264290116727352 0.3732428550720215 
v 0.0031887234654277563 -0.008715531788766384 0.3499396741390228 
v 0.002814915031194687 -0.0225925762206316 0.36254170536994934 
v 0.024371203035116196 -0.008715531788766384 0.36101213097572327 
v 0.1672959327697754 -0.011414522305130959 0.40626493096351624 
v 0.16165052354335785 -0.008715531788766384 0.38881248235702515 
v 0.0503993034362793 -0.014183173887431622 0.421688973903656 
v 0.20872028172016144 -0.008776843547821045 0.381487101316452 
v 0.0019014469580724835 -0.014183173887431622 0.40257957577705383 
v 0.061133358627557755 -0.008715531788766384 0.37969762086868286 
v 0.2096506506204605 -0.009109568782150745 0.38327521085739136 
v 0.20094439387321472 -0.009875400923192501 0.3904852271080017 
v 0.1975344866514206 -0.008715531788766384 0.38348260521888733 
v 0.10788063704967499 -0.01337101124227047 0.4214024543762207 
v 0.10777853429317474 -0.008715531788766384 0.38974884152412415 
v 0.015413724817335606 -0.014183173887431622 0.41029542684555054 
v 0.0019014469580724835 0.0 0.40257957577705383 
v 0.0503993034362793 0.0 0.421688973903656 
v 0.061133358627557755 0.0 0.37969762086868286 
v 0.10788063704967499 0.0 0.4214024543762207 
v 0.10777853429317474 0.0 0.38974884152412415 
v 0.1672959327697754 0.0 0.40626493096351624 
v 0.16165052354335785 0.0 0.38881248235702515 
v 0.20872028172016144 0.0 0.381487101316452 
v 0.20094439387321472 0.0 0.3904852271080017 
v 0.1975344866514206 0.0 0.38348260521888733 
v 0.2096506506204605 0.0 0.38327521085739136 
v 0.019814487546682358 -0.024478448554873466 0.3855186402797699 
v 0.0031887234654277563 0.0 0.3499396741390228 
v 0.0393453873693943 -0.022540636360645294 0.38236454129219055 
v 0.08043650537729263 -0.022213950753211975 0.39553797245025635 
v 0.13624466955661774 -0.02177860029041767 0.3970580995082855 
v 0.1846749186515808 -0.02124507911503315 0.3886891007423401 
v 0.03304881975054741 -0.02600417472422123 0.4050617516040802 
v 0.07757558673620224 -0.025027083232998848 0.41445139050483704 
v 0.13854610919952393 -0.02361256442964077 0.4093153476715088 
v 0.1870465874671936 -0.022148119285702705 0.3943532109260559 
v 0.1996292918920517 -0.021346746012568474 0.3864381015300751 
v 0.164239302277565 -0.02219570241868496 0.3978506028652191 
v 0.10751771926879883 -0.023175133392214775 0.40580955147743225 
v 0.055454425513744354 -0.02398931048810482 0.400537371635437 
v 0.024371203035116196 0.0 0.36101213097572327 
v 0.0024671093560755253 -0.024431491270661354 0.37542271614074707 
v 0.009038621559739113 -0.022700779139995575 0.3656580448150635 
v 0.015413724817335606 0.0 0.41029542684555054 
v 0.007114372681826353 -0.026548221707344055 0.3917522132396698 
v 0.010078704915940762 -0.008715531788766384 0.352863073348999 
v 0.006230240222066641 -0.014183173887431622 0.40505141019821167 
v 0.18836240470409393 -0.010521844029426575 0.3972761929035187 
v 0.13978776335716248 -0.01238392386585474 0.4150930643081665 
v 0.13518495857715607 -0.008715531788766384 0.39057859778404236 
v 0.18361905217170715 -0.008715531788766384 0.3859480023384094 
v 0.07645700126886368 -0.014183173887431622 0.4239991009235382 
v 0.02996552549302578 -0.014183173887431622 0.4164588451385498 
v 0.20527537167072296 -0.008715531788766384 0.38185086846351624 
v 0.20960131287574768 -0.008932101540267467 0.38206925988197327 
v 0.04255862906575203 -0.008715531788766384 0.3710644543170929 
v 0.08217883110046387 -0.008715531788766384 0.38617223501205444 
v 0.2072908580303192 -0.009619595482945442 0.3858366012573242 
v 0.02996552549302578 0.0 0.4164588451385498 
v 0.04255862906575203 0.0 0.3710644543170929 
v 0.07645700126886368 0.0 0.4239991009235382 
v 0.08217883110046387 0.0 0.38617223501205444 
v 0.13978776335716248 0.0 0.4150930643081665 
v 0.13518495857715607 0.0 0.39057859778404236 
v 0.18836240470409393 0.0 0.3972761929035187 
v 0.18361905217170715 0.0 0.3859480023384094 
v 0.2072908580303192 0.0 0.3858366012573242 
v 0.20527540147304535 0.0 0.38185086846351624 
v 0.20960131287574768 0.0 0.38206925988197327 
v 0.008037509396672249 -0.024606449529528618 0.3785790503025055 
v 0.03616461530327797 -0.024270260706543922 0.3936888873577118 
v 0.07885009795427322 -0.023617349565029144 0.40494921803474426 
v 0.137349933385849 -0.02271968685090542 0.4033621549606323 
v 0.18579576909542084 -0.021686730906367302 0.3914756774902344 
v 0.010078704915940762 0.0 0.352863073348999 
v 0.006230240222066641 0.0 0.40505141019821167 
v -0.017601104453206062 -0.026325678452849388 0.3978844881057739 
v -0.0021712766028940678 -0.02634716033935547 0.38886165618896484 
v -0.05287489295005798 -0.02558627910912037 0.41108715534210205 
v -0.10764720290899277 -0.02432744763791561 0.41364502906799316 
v -0.1657286137342453 -0.02285914123058319 0.4021097421646118 
v -0.20035183429718018 -0.02165013551712036 0.38837069272994995 
v -0.19864687323570251 -0.021074574440717697 0.38486939668655396 
v -0.16290591657161713 -0.021510189399123192 0.3933835029602051 
v -0.10759615153074265 -0.022000020369887352 0.3978182077407837 
v -0.05824191868305206 -0.0223995354026556 0.3900914788246155 
v -0.022079844027757645 -0.02264290116727352 0.3732428550720215 
v -0.0031887234654277563 -0.008715531788766384 0.3499396741390228 
v -0.002814915031194687 -0.0225925762206316 0.36254170536994934 
v -0.024371203035116196 -0.008715531788766384 0.36101213097572327 
v -0.1672959327697754 -0.011414522305130959 0.40626493096351624 
v -0.16165052354335785 -0.008715531788766384 0.38881248235702515 
v -0.0503993034362793 -0.014183173887431622 0.421688973903656 
v -0.20872028172016144 -0.008776843547821045 0.381487101316452 
v -0.0019014469580724835 -0.014183173887431622 0.40257957577705383 
v -0.061133358627557755 -0.008715531788766384 0.37969762086868286 
v -0.2096506506204605 -0.009109568782150745 0.38327521085739136 
v -0.20094439387321472 -0.009875400923192501 0.3904852271080017 
v -0.1975344866514206 -0.008715531788766384 0.38348260521888733 
v -0.10788063704967499 -0.01337101124227047 0.4214024543762207 
v -0.10777853429317474 -0.008715531788766384 0.38974884152412415 
v -0.015413724817335606 -0.014183173887431622 0.41029542684555054 
v -0.0019014469580724835 0.0 0.40257957577705383 
v -0.0503993034362793 0.0 0.421688973903656 
v -0.061133358627557755 0.0 0.37969762086868286 
v -0.10788063704967499 0.0 0.4214024543762207 
v -0.10777853429317474 0.0 0.38974884152412415 
v -0.1672959327697754 0.0 0.40626493096351624 
v -0.16165052354335785 0.0 0.38881248235702515 
v -0.20872028172016144 0.0 0.381487101316452 
v -0.20094439387321472 0.0 0.3904852271080017 
v -0.1975344866514206 0.0 0.38348260521888733 
v -0.2096506506204605 0.0 0.38327521085739136 
v -0.019814487546682358 -0.024478448554873466 0.3855186402797699 
v -0.0031887234654277563 0.0 0.3499396741390228 
v -0.0393453873693943 -0.022540636360645294 0.38236454129219055 
v 0.0 -0.02258218266069889 0.36165961623191833 
v -0.08043650537729263 -0.022213950753211975 0.39553797245025635 
v -0.13624466955661774 -0.02177860029041767 0.3970580995082855 
v -0.1846749186515808 -0.02124507911503315 0.3886891007423401 
v -0.03304881975054741 -0.02600417472422123 0.4050617516040802 
v 0.0 -0.026257306337356567 0.3875919580459595 
v -0.07757558673620224 -0.025027083232998848 0.41445139050483704 
v -0.13854610919952393 -0.02361256442964077 0.4093153476715088 
v -0.1870465874671936 -0.022148119285702705 0.3943532109260559 
v -0.1996292918920517 -0.021346746012568474 0.3864381015300751 
v -0.164239302277565 -0.02219570241868496 0.3978506028652191 
v -0.10751771926879883 -0.023175133392214775 0.40580955147743225 
v -0.055454425513744354 -0.02398931048810482 0.400537371635437 
v -0.024371203035116196 0.0 0.36101213097572327 
v -0.0024671093560755253 -0.024431491270661354 0.37542271614074707 
v -0.009038621559739113 -0.022700779139995575 0.3656580448150635 
v -0.015413724817335606 0.0 0.41029542684555054 
v -0.007114372681826353 -0.026548221707344055 0.3917522132396698 
v -0.010078704915940762 -0.008715531788766384 0.352863073348999 
v -0.006230240222066641 -0.014183173887431622 0.40505141019821167 
v 0.0 -0.008715531788766384 0.34962913393974304 
v -0.18836240470409393 -0.010521844029426575 0.3972761929035187 
v -0.13978776335716248 -0.01238392386585474 0.4150930643081665 
v -0.13518495857715607 -0.008715531788766384 0.39057859778404236 
v -0.18361905217170715 -0.008715531788766384 0.3859480023384094 
v 0.0 -0.014183173887431622 0.4014938175678253 
v -0.07645700126886368 -0.014183173887431622 0.4239991009235382 
v -0.02996552549302578 -0.014183173887431622 0.4164588451385498 
v -0.20527537167072296 -0.008715531788766384 0.38185086846351624 
v -0.20960131287574768 -0.008932101540267467 0.38206925988197327 
v -0.04255862906575203 -0.008715531788766384 0.3710644543170929 
v -0.08217883110046387 -0.008715531788766384 0.38617223501205444 
v -0.2072908580303192 -0.009619595482945442 0.3858366012573242 
v -0.02996552549302578 0.0 0.4164588451385498 
v -0.04255862906575203 0.0 0.3710644543170929 
v 0.0 0.0 0.40176522731781006 
v 0.0 0.0 0.349706768989563 
v -0.07645700126886368 0.0 0.4239991009235382 
v -0.08217883110046387 0.0 0.38617223501205444 
v -0.13978776335716248 0.0 0.4150930643081665 
v -0.13518495857715607 0.0 0.39057859778404236 
v -0.18836240470409393 0.0 0.3972761929035187 
v -0.18361905217170715 0.0 0.3859480023384094 
v -0.2072908580303192 0.0 0.3858366012573242 
v -0.20527540147304535 0.0 0.38185086846351624 
v -0.20960131287574768 0.0 0.38206925988197327 
v -0.008037509396672249 -0.024606449529528618 0.3785790503025055 
v -0.03616461530327797 -0.024270260706543922 0.3936888873577118 
v 0.0 -0.024350084364414215 0.37415796518325806 
v -0.07885009795427322 -0.023617349565029144 0.40494921803474426 
v -0.137349933385849 -0.02271968685090542 0.4033621549606323 
v -0.18579576909542084 -0.021686730906367302 0.3914756774902344 
v -0.010078704915940762 0.0 0.352863073348999 
v -0.006230240222066641 0.0 0.40505141019821167 
v 0.024371203035116196 0.020279506221413612 0.36101213097572327 
v 0.024268677458167076 0.020895028486847878 0.3615593910217285 
v 0.024341173470020294 0.020680833607912064 0.3611724078655243 
v 0.0503993034362793 0.026653453707695007 0.421688973903656 
v 0.050530437380075455 0.027102336287498474 0.4211273491382599 
v 0.05043771117925644 0.027005977928638458 0.4215244948863983 
v 0.061133358627557755 0.020279506221413612 0.37969762086868286 
v 0.06098770350217819 0.020893050357699394 0.3802211284637451 
v 0.06109069287776947 0.02068023942410946 0.37985095381736755 
v 0.10788063704967499 0.024934984743595123 0.4214024543762207 
v 0.10786376893520355 0.02538624219596386 0.4208422899246216 
v 0.10787568241357803 0.025288201868534088 0.42123839259147644 
v 0.10777853429317474 0.020279506221413612 0.38974884152412415 
v 0.10776612907648087 0.02089400589466095 0.3902985155582428 
v 0.10777490586042404 0.020680537447333336 0.3899098336696625 
v 0.1672959327697754 0.022978495806455612 0.40626493096351624 
v 0.16710175573825836 0.023431269451975822 0.4057500958442688 
v 0.16723905503749847 0.023332174867391586 0.4061141908168793 
v 0.16165052354335785 0.020279506221413612 0.38881248235702515 
v 0.16180108487606049 0.020896777510643005 0.38936081528663635 
v 0.16169460117816925 0.02068132907152176 0.38897308707237244 
v 0.20872028172016144 0.020788872614502907 0.381487101316452 
v 0.20850767195224762 0.021376874297857285 0.3819965720176697 
v 0.20865802466869354 0.021182149648666382 0.3816363215446472 
v 0.20094439387321472 0.021439339965581894 0.3904852271080017 
v 0.20079265534877777 0.021890366449952126 0.38994377851486206 
v 0.20089994370937347 0.021792491897940636 0.3903266489505768 
v 0.1975344866514206 0.020279506221413612 0.38348260521888733 
v 0.197938933968544 0.02090819552540779 0.38398686051368713 
v 0.1976529359817505 0.02068469487130642 0.38363033533096313 
v 0.2096506506204605 0.021121598780155182 0.38327521085739136 
v 0.20907753705978394 0.021654954180121422 0.3835892379283905 
v 0.2094828188419342 0.021498870104551315 0.3833671808242798 
v 0.015413724817335606 0.027645064517855644 0.41029542684555054 
v 0.015515394508838654 0.02809259109199047 0.40971845388412476 
v 0.015443489886820316 0.02799719199538231 0.4101264178752899 
v 0.0031887234654277563 0.020279506221413612 0.3499396741390228 
v 0.003171201329678297 0.020896611735224724 0.350530743598938 
v 0.003183575812727213 0.020681295543909073 0.35011279582977295 
v 0.0019014469580724835 0.027781546115875244 0.40257957577705383 
v 0.0019137884955853224 0.02822524681687355 0.4019524157047272 
v 0.0019050438422709703 0.028132550418376923 0.40239590406417847 
v 0.010078704915940762 0.020279506221413612 0.352863073348999 
v 0.010031715966761112 0.02089846134185791 0.3534413278102875 
v 0.010064944624900818 0.02068185620009899 0.3530324399471283 
v 0.030116133391857147 0.02765548974275589 0.41590213775634766 
v 0.02996552549302578 0.02720661088824272 0.4164588451385498 
v 0.030009647831320763 0.027559135109186172 0.4162957966327667 
v 0.04241013154387474 0.020892983302474022 0.3715866506099701 
v 0.04255862906575203 0.020279506221413612 0.3710644543170929 
v 0.04251513630151749 0.02068023942410946 0.37121739983558655 
v 0.07645700126886368 0.025906959548592567 0.4239991009235382 
v 0.07652346044778824 0.026356665417551994 0.4234318733215332 
v 0.07647646963596344 0.026259716600179672 0.4238329231739044 
v 0.08207883685827255 0.02089354395866394 0.38670969009399414 
v 0.08217883110046387 0.020279506221413612 0.38617223501205444 
v 0.08214955776929855 0.02068040519952774 0.38632965087890625 
v 0.13978776335716248 0.023947864770889282 0.4150930643081665 
v 0.13967163860797882 0.02440030872821808 0.41455283761024475 
v 0.13975374400615692 0.024301443248987198 0.41493484377861023 
v 0.13527530431747437 0.020895490422844887 0.39113113284111023 
v 0.13518495857715607 0.020279506221413612 0.39057859778404236 
v 0.13521142303943634 0.02068096585571766 0.39074039459228516 
v 0.18836240470409393 0.022085784003138542 0.3972761929035187 
v 0.1881367713212967 0.02253865823149681 0.3967750072479248 
v 0.18829630315303802 0.022439496591687202 0.3971294164657593 
v 0.18382728099822998 0.020898329094052315 0.38648855686187744 
v 0.18361905217170715 0.020279506221413612 0.3859480023384094 
v 0.18368002772331238 0.020681792870163918 0.38610631227493286 
v 0.2072908580303192 0.021633736789226532 0.3858366012573242 
v 0.20717482268810272 0.021816713735461235 0.385426789522171 
v 0.20725686848163605 0.021908383816480637 0.3857165575027466 
v 0.20527540147304535 0.020279506221413612 0.38185086846351624 
v 0.20557409524917603 0.02129289321601391 0.3821292519569397 
v 0.20536287128925323 0.020797353237867355 0.38193240761756897 
v 0.2090102583169937 0.021470028907060623 0.38232821226119995 
v 0.20960131287574768 0.020944131538271904 0.38206925988197327 
v 0.20942820608615875 0.021319225430488586 0.38214510679244995 
v 0.006270960438996553 0.028221318498253822 0.4044388234615326 
v 0.006230240222066641 0.027768412604928017 0.40505141019821167 
v 0.0062421527691185474 0.028122125193476677 0.40487200021743774 
v -0.024270227178931236 0.020893806591629982 0.36155128479003906 
v -0.024371203035116196 0.020279506221413612 0.36101213097572327 
v -0.024341637268662453 0.020680472254753113 0.36117005348205566 
v -0.050530437380075455 0.027102336287498474 0.4211273491382599 
v -0.0503993034362793 0.026653453707695007 0.421688973903656 
v -0.05043771117925644 0.027005977928638458 0.4215244948863983 
v -0.06098988279700279 0.020891893655061722 0.3802133798599243 
v -0.061133358627557755 0.020279506221413612 0.37969762086868286 
v -0.06109131872653961 0.020679909735918045 0.3798486888408661 
v -0.10786376893520355 0.02538624219596386 0.4208422899246216 
v -0.10788063704967499 0.024934984743595123 0.4214024543762207 
v -0.10787568241357803 0.025288201868534088 0.42123839259147644 
v -0.107766292989254 0.02089281752705574 0.39029034972190857 
v -0.10777853429317474 0.020279506221413612 0.38974884152412415 
v -0.10777497291564941 0.020680176094174385 0.38990744948387146 
v -0.16710175573825836 0.023431269451975822 0.4057500958442688 
v -0.1672959327697754 0.022978495806455612 0.40626493096351624 
v -0.16723905503749847 0.023332174867391586 0.4061141908168793 
v -0.1617988795042038 0.020895523950457573 0.3893526792526245 
v -0.16165052354335785 0.020279506221413612 0.38881248235702515 
v -0.1616939753293991 0.02068096585571766 0.3889707028865814 
v -0.20850767195224762 0.021376874297857285 0.3819965720176697 
v -0.20872028172016144 0.020788872614502907 0.381487101316452 
v -0.20865802466869354 0.021182149648666382 0.3816363215446472 
v -0.20079265534877777 0.021890366449952126 0.38994377851486206 
v -0.20094439387321472 0.021439339965581894 0.3904852271080017 
v -0.20089994370937347 0.021792491897940636 0.3903266489505768 
v -0.19793294370174408 0.020906809717416763 0.3839794099330902 
v -0.1975344866514206 0.020279506221413612 0.38348260521888733 
v -0.1976511925458908 0.020684266462922096 0.38362812995910645 
v -0.20907753705978394 0.021654954180121422 0.3835892379283905 
v -0.2096506506204605 0.021121598780155182 0.38327521085739136 
v -0.2094828188419342 0.021498870104551315 0.3833671808242798 
v -0.015515394508838654 0.02809259109199047 0.40971845388412476 
v -0.015413724817335606 0.027645064517855644 0.41029542684555054 
v -0.015443489886820316 0.02799719199538231 0.4101264178752899 
v -0.0031714653596282005 0.020895391702651978 0.3505220115184784 
v -0.0031887234654277563 0.020279506221413612 0.3499396741390228 
v -0.003183674765750766 0.020680934190750122 0.35011026263237 
v -0.0019137884955853224 0.02822524681687355 0.4019524157047272 
v -0.0019014469580724835 0.027781546115875244 0.40257957577705383 
v -0.0019050438422709703 0.028132550418376923 0.40239590406417847 
v -0.010032407939434052 0.02089720591902733 0.3534327745437622 
v -0.010078704915940762 0.020279506221413612 0.352863073348999 
v -0.010065142996609211 0.020681461319327354 0.35302993655204773 
v -0.02996552549302578 0.02720661088824272 0.4164588451385498 
v -0.030116133391857147 0.02765548974275589 0.41590213775634766 
v -0.030009647831320763 0.027559135109186172 0.4162957966327667 
v -0.04255862906575203 0.020279506221413612 0.3710644543170929 
v -0.042412348091602325 0.020891794934868813 0.37157896161079407 
v -0.042515795677900314 0.020679878070950508 0.37121516466140747 
v 0.0 0.028141791000962257 0.400859534740448 
v 0.0 0.027698224410414696 0.4014938175678253 
v 0.0 0.028049197047948837 0.4013080298900604 
v 0.0 0.020279506221413612 0.34962913393974304 
v 0.0 0.020898956805467606 0.35021263360977173 
v 0.0 0.020681988447904587 0.3498000204563141 
v -0.07652346044778824 0.026356665417551994 0.4234318733215332 
v -0.07645700126886368 0.025906959548592567 0.4239991009235382 
v -0.07647646963596344 0.026259716600179672 0.4238329231739044 
v -0.08217883110046387 0.020279506221413612 0.38617223501205444 
v -0.08208032697439194 0.02089235559105873 0.3867017328739166 
v -0.08214998245239258 0.02068004384636879 0.3863272964954376 
v -0.13967163860797882 0.02440030872821808 0.41455283761024475 
v -0.13978776335716248 0.023947864770889282 0.4150930643081665 
v -0.13975374400615692 0.024301443248987198 0.41493484377861023 
v -0.13518495857715607 0.020279506221413612 0.39057859778404236 
v -0.1352739781141281 0.02089426852762699 0.3911229074001312 
v -0.1352110207080841 0.020680604502558708 0.39073801040649414 
v -0.1881367713212967 0.02253865823149681 0.3967750072479248 
v -0.18836240470409393 0.022085784003138542 0.3972761929035187 
v -0.18829630315303802 0.022439496591687202 0.3971294164657593 
v -0.18361905217170715 0.020279506221413612 0.3859480023384094 
v -0.18382421135902405 0.020897073671221733 0.38648056983947754 
v -0.18367914855480194 0.02068142779171467 0.3861039876937866 
v -0.20717482268810272 0.021816713735461235 0.385426789522171 
v -0.2072908580303192 0.021633736789226532 0.3858366012573242 
v -0.20725686848163605 0.021908383816480637 0.3857165575027466 
v -0.20552608370780945 0.021285798400640488 0.3821343183517456 
v -0.20527540147304535 0.020279506221413612 0.38185086846351624 
v -0.20534881949424744 0.020795274525880814 0.38193389773368835 
v -0.20960131287574768 0.020944131538271904 0.38206925988197327 
v -0.2090102583169937 0.021470028907060623 0.38232821226119995 
v -0.20942820608615875 0.021319225430488586 0.38214510679244995 
v -0.006230240222066641 0.027768412604928017 0.40505141019821167 
v -0.006270960438996553 0.028221318498253822 0.4044388234615326 
v -0.0062421527691185474 0.028122125193476677 0.40487200021743774 
v 0.024268677458167076 -0.020895028486847878 0.3615593910217285 
v 0.024371203035116196 -0.020279506221413612 0.36101213097572327 
v 0.024341173470020294 -0.020680833607912064 0.3611724078655243 
v 0.050530437380075455 -0.027102336287498474 0.4211273491382599 
v 0.0503993034362793 -0.026653453707695007 0.421688973903656 
v 0.05043771117925644 -0.027005977928638458 0.4215244948863983 
v 0.06098770350217819 -0.020893050357699394 0.3802211284637451 
v 0.061133358627557755 -0.020279506221413612 0.37969762086868286 
v 0.06109069287776947 -0.02068023942410946 0.37985095381736755 
v 0.10786376893520355 -0.02538624219596386 0.4208422899246216 
v 0.10788063704967499 -0.024934984743595123 0.4214024543762207 
v 0.10787568241357803 -0.025288201868534088 0.42123839259147644 
v 0.10776612907648087 -0.02089400589466095 0.3902985155582428 
v 0.10777853429317474 -0.020279506221413612 0.38974884152412415 
v 0.10777490586042404 -0.020680537447333336 0.3899098336696625 
v 0.16710175573825836 -0.023431269451975822 0.4057500958442688 
v 0.1672959327697754 -0.022978495806455612 0.40626493096351624 
v 0.16723905503749847 -0.023332174867391586 0.4061141908168793 
v 0.16180108487606049 -0.020896777510643005 0.38936081528663635 
v 0.16165052354335785 -0.020279506221413612 0.38881248235702515 
v 0.16169460117816925 -0.02068132907152176 0.38897308707237244 
v 0.20850767195224762 -0.021376874297857285 0.3819965720176697 
v 0.20872028172016144 -0.020788872614502907 0.381487101316452 
v 0.20865802466869354 -0.021182149648666382 0.3816363215446472 
v 0.20079265534877777 -0.021890366449952126 0.38994377851486206 
v 0.20094439387321472 -0.021439339965581894 0.3904852271080017 
v 0.20089994370937347 -0.021792491897940636 0.3903266489505768 
v 0.197938933968544 -0.02090819552540779 0.38398686051368713 
v 0.1975344866514206 -0.020279506221413612 0.38348260521888733 
v 0.1976529359817505 -0.02068469487130642 0.38363033533096313 
v 0.20907753705978394 -0.021654954180121422 0.3835892379283905 
v 0.2096506506204605 -0.021121598780155182 0.38327521085739136 
v 0.2094828188419342 -0.021498870104551315 0.3833671808242798 
v 0.015515394508838654 -0.02809259109199047 0.40971845388412476 
v 0.015413724817335606 -0.027645064517855644 0.41029542684555054 
v 0.015443489886820316 -0.02799719199538231 0.4101264178752899 
v 0.003171201329678297 -0.020896611735224724 0.350530743598938 
v 0.0031887234654277563 -0.020279506221413612 0.3499396741390228 
v 0.003183575812727213 -0.020681295543909073 0.35011279582977295 
v 0.0019137884955853224 -0.02822524681687355 0.4019524157047272 
v 0.0019014469580724835 -0.027781546115875244 0.40257957577705383 
v 0.0019050438422709703 -0.028132550418376923 0.40239590406417847 
v 0.010031715966761112 -0.02089846134185791 0.3534413278102875 
v 0.010078704915940762 -0.020279506221413612 0.352863073348999 
v 0.010064944624900818 -0.02068185620009899 0.3530324399471283 
v 0.02996552549302578 -0.02720661088824272 0.4164588451385498 
v 0.030116133391857147 -0.02765548974275589 0.41590213775634766 
v 0.030009647831320763 -0.027559135109186172 0.4162957966327667 
v 0.04255862906575203 -0.020279506221413612 0.3710644543170929 
v 0.04241013154387474 -0.020892983302474022 0.3715866506099701 
v 0.04251513630151749 -0.02068023942410946 0.37121739983558655 
v 0.07652346044778824 -0.026356665417551994 0.4234318733215332 
v 0.07645700126886368 -0.025906959548592567 0.4239991009235382 
v 0.07647646963596344 -0.026259716600179672 0.4238329231739044 
v 0.08217883110046387 -0.020279506221413612 0.38617223501205444 
v 0.08207883685827255 -0.02089354395866394 0.38670969009399414 
v 0.08214955776929855 -0.02068040519952774 0.38632965087890625 
v 0.13967163860797882 -0.02440030872821808 0.41455283761024475 
v 0.13978776335716248 -0.023947864770889282 0.4150930643081665 
v 0.13975374400615692 -0.024301443248987198 0.41493484377861023 
v 0.13518495857715607 -0.020279506221413612 0.39057859778404236 
v 0.13527530431747437 -0.020895490422844887 0.39113113284111023 
v 0.13521142303943634 -0.02068096585571766 0.39074039459228516 
v 0.1881367713212967 -0.02253865823149681 0.3967750072479248 
v 0.18836240470409393 -0.022085784003138542 0.3972761929035187 
v 0.18829630315303802 -0.022439496591687202 0.3971294164657593 
v 0.18361905217170715 -0.020279506221413612 0.3859480023384094 
v 0.18382728099822998 -0.020898329094052315 0.38648855686187744 
v 0.18368002772331238 -0.020681792870163918 0.38610631227493286 
v 0.20717482268810272 -0.021816713735461235 0.385426789522171 
v 0.2072908580303192 -0.021633736789226532 0.3858366012573242 
v 0.20725686848163605 -0.021908383816480637 0.3857165575027466 
v 0.20557409524917603 -0.02129289321601391 0.3821292519569397 
v 0.20527540147304535 -0.020279506221413612 0.38185086846351624 
v 0.20536287128925323 -0.020797353237867355 0.38193240761756897 
v 0.20960131287574768 -0.020944131538271904 0.38206925988197327 
v 0.2090102583169937 -0.021470028907060623 0.38232821226119995 
v 0.20942820608615875 -0.021319225430488586 0.38214510679244995 
v 0.006230240222066641 -0.027768412604928017 0.40505141019821167 
v 0.006270960438996553 -0.028221318498253822 0.4044388234615326 
v 0.0062421527691185474 -0.028122125193476677 0.40487200021743774 
v -0.024371203035116196 -0.020279506221413612 0.36101213097572327 
v -0.024270227178931236 -0.020893806591629982 0.36155128479003906 
v -0.024341637268662453 -0.020680472254753113 0.36117005348205566 
v -0.0503993034362793 -0.026653453707695007 0.421688973903656 
v -0.050530437380075455 -0.027102336287498474 0.4211273491382599 
v -0.05043771117925644 -0.027005977928638458 0.4215244948863983 
v -0.061133358627557755 -0.020279506221413612 0.37969762086868286 
v -0.06098988279700279 -0.020891893655061722 0.3802133798599243 
v -0.06109131872653961 -0.020679909735918045 0.3798486888408661 
v -0.10788063704967499 -0.024934984743595123 0.4214024543762207 
v -0.10786376893520355 -0.02538624219596386 0.4208422899246216 
v -0.10787568241357803 -0.025288201868534088 0.42123839259147644 
v -0.10777853429317474 -0.020279506221413612 0.38974884152412415 
v -0.107766292989254 -0.02089281752705574 0.39029034972190857 
v -0.10777497291564941 -0.020680176094174385 0.38990744948387146 
v -0.1672959327697754 -0.022978495806455612 0.40626493096351624 
v -0.16710175573825836 -0.023431269451975822 0.4057500958442688 
v -0.16723905503749847 -0.023332174867391586 0.4061141908168793 
v -0.16165052354335785 -0.020279506221413612 0.38881248235702515 
v -0.1617988795042038 -0.020895523950457573 0.3893526792526245 
v -0.1616939753293991 -0.02068096585571766 0.3889707028865814 
v -0.20872028172016144 -0.020788872614502907 0.381487101316452 
v -0.20850767195224762 -0.021376874297857285 0.3819965720176697 
v -0.20865802466869354 -0.021182149648666382 0.3816363215446472 
v -0.20094439387321472 -0.021439339965581894 0.3904852271080017 
v -0.20079265534877777 -0.021890366449952126 0.38994377851486206 
v -0.20089994370937347 -0.021792491897940636 0.3903266489505768 
v -0.1975344866514206 -0.020279506221413612 0.38348260521888733 
v -0.19793294370174408 -0.020906809717416763 0.3839794099330902 
v -0.1976511925458908 -0.020684266462922096 0.38362812995910645 
v -0.2096506506204605 -0.021121598780155182 0.38327521085739136 
v -0.20907753705978394 -0.021654954180121422 0.3835892379283905 
v -0.2094828188419342 -0.021498870104551315 0.3833671808242798 
v -0.015413724817335606 -0.027645064517855644 0.41029542684555054 
v -0.015515394508838654 -0.02809259109199047 0.40971845388412476 
v -0.015443489886820316 -0.02799719199538231 0.4101264178752899 
v -0.0031887234654277563 -0.020279506221413612 0.3499396741390228 
v -0.0031714653596282005 -0.020895391702651978 0.3505220115184784 
v -0.003183674765750766 -0.020680934190750122 0.35011026263237 
v -0.0019014469580724835 -0.027781546115875244 0.40257957577705383 
v -0.0019137884955853224 -0.02822524681687355 0.4019524157047272 
v -0.0019050438422709703 -0.028132550418376923 0.40239590406417847 
v -0.010078704915940762 -0.020279506221413612 0.352863073348999 
v -0.010032407939434052 -0.02089720591902733 0.3534327745437622 
v -0.010065142996609211 -0.020681461319327354 0.35302993655204773 
v -0.030116133391857147 -0.02765548974275589 0.41590213775634766 
v -0.02996552549302578 -0.02720661088824272 0.4164588451385498 
v -0.030009647831320763 -0.027559135109186172 0.4162957966327667 
v -0.042412348091602325 -0.020891794934868813 0.37157896161079407 
v -0.04255862906575203 -0.020279506221413612 0.3710644543170929 
v -0.042515795677900314 -0.020679878070950508 0.37121516466140747 
v 0.0 -0.027698224410414696 0.4014938175678253 
v 0.0 -0.028141791000962257 0.400859534740448 
v 0.0 -0.028049197047948837 0.4013080298900604 
v 0.0 -0.020898956805467606 0.35021263360977173 
v 0.0 -0.020279506221413612 0.34962913393974304 
v 0.0 -0.020681988447904587 0.3498000204563141 
v -0.07645700126886368 -0.025906959548592567 0.4239991009235382 
v -0.07652346044778824 -0.026356665417551994 0.4234318733215332 
v -0.07647646963596344 -0.026259716600179672 0.4238329231739044 
v -0.08208032697439194 -0.02089235559105873 0.3867017328739166 
v -0.08217883110046387 -0.020279506221413612 0.38617223501205444 
v -0.08214998245239258 -0.02068004384636879 0.3863272964954376 
v -0.13978776335716248 -0.023947864770889282 0.4150930643081665 
v -0.13967163860797882 -0.02440030872821808 0.41455283761024475 
v -0.13975374400615692 -0.024301443248987198 0.41493484377861023 
v -0.1352739781141281 -0.02089426852762699 0.3911229074001312 
v -0.13518495857715607 -0.020279506221413612 0.39057859778404236 
v -0.1352110207080841 -0.020680604502558708 0.39073801040649414 
v -0.18836240470409393 -0.022085784003138542 0.3972761929035187 
v -0.1881367713212967 -0.02253865823149681 0.3967750072479248 
v -0.18829630315303802 -0.022439496591687202 0.3971294164657593 
v -0.18382421135902405 -0.020897073671221733 0.38648056983947754 
v -0.18361905217170715 -0.020279506221413612 0.3859480023384094 
v -0.18367914855480194 -0.02068142779171467 0.3861039876937866 
v -0.2072908580303192 -0.021633736789226532 0.3858366012573242 
v -0.20717482268810272 -0.021816713735461235 0.385426789522171 
v -0.20725686848163605 -0.021908383816480637 0.3857165575027466 
v -0.20527540147304535 -0.020279506221413612 0.38185086846351624 
v -0.20552608370780945 -0.021285798400640488 0.3821343183517456 
v -0.20534881949424744 -0.020795274525880814 0.38193389773368835 
v -0.2090102583169937 -0.021470028907060623 0.38232821226119995 
v -0.20960131287574768 -0.020944131538271904 0.38206925988197327 
v -0.20942820608615875 -0.021319225430488586 0.38214510679244995 
v -0.006270960438996553 -0.028221318498253822 0.4044388234615326 
v -0.006230240222066641 -0.027768412604928017 0.40505141019821167 
v -0.0062421527691185474 -0.028122125193476677 0.40487200021743774 
v 0.038718611001968384 0.013728386722505093 0.9003183841705322 
v 0.04418552666902542 0.014747384935617447 0.9168137907981873 
v 0.04587126150727272 0.017254948616027832 0.9555121064186096 
v 0.017850112169981003 0.021859347820281982 0.9772400856018066 
v 0.03202830255031586 0.019531195983290672 0.975737452507019 
v 0.05801551789045334 0.015382310375571251 0.9391247034072876 
v 0.05359739437699318 0.014353876002132893 0.9617500305175781 
v 0.0578860305249691 0.008397887460887432 0.964790403842926 
v 0.03237449377775192 0.012622668407857418 0.8571048378944397 
v 0.036660585552453995 0.013660739175975323 0.8864307403564453 
v 0.019519217312335968 0.010740657337009907 0.9943811893463135 
v 0.01855730637907982 0.018366310745477676 0.9889291524887085 
v 0.05086992681026459 0.012018794193863869 0.9146105647087097 
v 0.05478132143616676 0.007055205758661032 0.913364827632904 
v 0.0678376629948616 0.00749900471419096 0.9411200284957886 
v 0.0637076124548912 0.012788783758878708 0.9403243660926819 
v 0.0350065603852272 0.010502176359295845 0.851439356803894 
v 0.037783894687891006 0.006352368276566267 0.8485422134399414 
v 0.042604960501194 0.006816526874899864 0.8795813918113708 
v 0.039622772485017776 0.01126797590404749 0.882444441318512 
v 0.04365408420562744 0.011556911282241344 0.8982014656066895 
v 0.047008756548166275 0.007039036601781845 0.8962904810905457 
v 0.03403831645846367 0.016658037900924683 0.9807583093643188 
v 0.03600625321269035 0.010153282433748245 0.9842765927314758 
v 0.022281961515545845 0.0068543762899935246 0.9167702794075012 
v 0.031232213601469994 0.006539701484143734 0.8923171162605286 
v 0.02138010784983635 0.011363341473042965 0.919539749622345 
v 0.02932673878967762 0.010935415513813496 0.8947619199752808 
v 0.028701679781079292 0.013240799307823181 0.899071455001831 
v 0.022710975259542465 0.01471662987023592 0.925083339214325 
v 0.037757955491542816 0.01852434128522873 0.9669049382209778 
v 0.043543800711631775 0.015346771106123924 0.9721310138702393 
v 0.046903226524591446 0.009004797786474228 0.9753221869468689 
v 0.01927090249955654 0.01954878307878971 0.9573014378547668 
v 0.025589019060134888 0.020531319081783295 0.9762241244316101 
v 0.05201154574751854 0.015202634036540985 0.9301670789718628 
v 0.02709946408867836 0.010382292792201042 0.9901087284088135 
v 0.058692846447229385 0.012323502451181412 0.9285256266593933 
v 0.06284001469612122 0.007209606468677521 0.9280614256858826 
v 0.025934414938092232 0.01774616725742817 0.9853967428207397 
v 0.035310711711645126 0.017387770116329193 0.945358395576477 
v 0.02902618795633316 0.01931479014456272 0.9616587162017822 
v 0.05345672369003296 0.016274329274892807 0.9458826780319214 
v 0.03429244086146355 0.013193808495998383 0.8645229935646057 
v 0.06105666980147362 0.013549896888434887 0.9510173201560974 
v 0.06557381898164749 0.007950854487717152 0.9532691836357117 
v 0.0407181940972805 0.006540460046380758 0.8545713424682617 
v 0.03760005906224251 0.01079484075307846 0.8562839031219482 
v 0.03524633124470711 0.014892380684614182 0.9205650091171265 
v 0.03316632658243179 0.013857146725058556 0.899681031703949 
v 0.04405996948480606 0.016315115615725517 0.9355970025062561 
v 0.012843594886362553 0.011048139072954655 0.9970120787620544 
v 0.012032091617584229 0.01894787885248661 0.9913918972015381 
v 0.013092338107526302 0.0077627296559512615 0.9314067959785461 
v 0.012066872790455818 0.012796802446246147 0.9332379698753357 
v 0.011340671218931675 0.017422648146748543 0.94106525182724 
v 0.010901262052357197 0.022559016942977905 0.9794546961784363 
v 0.010603845119476318 0.021235376596450806 0.9602124094963074 
v 0.004524508025497198 0.01819640025496483 0.9448844790458679 
v 0.0052687921561300755 0.023163486272096634 0.9808804988861084 
v 0.006772308610379696 0.011233625002205372 0.9982027411460876 
v 0.00623584957793355 0.019445860758423805 0.9925476312637329 
v 0.005871841683983803 0.007942473515868187 0.939875066280365 
v 0.005226487759500742 0.013806527480483055 0.9406859278678894 
v 0.004589349962770939 0.022353172302246094 0.9627018570899963 
v -0.038718611001968384 0.013728386722505093 0.9003183841705322 
v -0.04418552666902542 0.014747384935617447 0.9168137907981873 
v -0.04587126150727272 0.017254948616027832 0.9555121064186096 
v -0.017850112169981003 0.021859347820281982 0.9772400856018066 
v -0.03202830255031586 0.019531195983290672 0.975737452507019 
v -0.05801551789045334 0.015382310375571251 0.9391247034072876 
v -0.05359739437699318 0.014353876002132893 0.9617500305175781 
v -0.0578860305249691 0.008397887460887432 0.964790403842926 
v -0.03237449377775192 0.012622668407857418 0.8571048378944397 
v -0.036660585552453995 0.013660739175975323 0.8864307403564453 
v -0.019519217312335968 0.010740657337009907 0.9943811893463135 
v -0.01855730637907982 0.018366310745477676 0.9889291524887085 
v -0.05086992681026459 0.012018794193863869 0.9146105647087097 
v -0.05478132143616676 0.007055205758661032 0.913364827632904 
v -0.0678376629948616 0.00749900471419096 0.9411200284957886 
v -0.0637076124548912 0.012788783758878708 0.9403243660926819 
v -0.0350065603852272 0.010502176359295845 0.851439356803894 
v -0.037783894687891006 0.006352368276566267 0.8485422134399414 
v -0.042604960501194 0.006816526874899864 0.8795813918113708 
v -0.039622772485017776 0.01126797590404749 0.882444441318512 
v -0.04365408420562744 0.011556911282241344 0.8982014656066895 
v -0.047008756548166275 0.007039036601781845 0.8962904810905457 
v -0.03403831645846367 0.016658037900924683 0.9807583093643188 
v -0.03600625321269035 0.010153282433748245 0.9842765927314758 
v 0.0 0.007813217118382454 0.9419417381286621 
v -0.022281961515545845 0.0068543762899935246 0.9167702794075012 
v -0.031232213601469994 0.006539701484143734 0.8923171162605286 
v 0.0 0.013934759423136711 0.9425478577613831 
v -0.02138010784983635 0.011363341473042965 0.919539749622345 
v -0.02932673878967762 0.010935415513813496 0.8947619199752808 
v -0.028701679781079292 0.013240799307823181 0.899071455001831 
v -0.022710975259542465 0.01471662987023592 0.925083339214325 
v 0.0 0.020296895876526833 0.9458417296409607 
v 0.0 0.011295265518128872 0.9982314705848694 
v 0.0 0.025092488154768944 0.9807974100112915 
v 0.0 0.01982620358467102 0.9923714399337769 
v -0.037757955491542816 0.01852434128522873 0.9669049382209778 
v -0.043543800711631775 0.015346771106123924 0.9721310138702393 
v -0.046903226524591446 0.009004797786474228 0.9753221869468689 
v -0.01927090249955654 0.01954878307878971 0.9573014378547668 
v 0.0 0.02394142933189869 0.9638224244117737 
v -0.025589019060134888 0.020531319081783295 0.9762241244316101 
v -0.05201154574751854 0.015202634036540985 0.9301670789718628 
v -0.02709946408867836 0.010382292792201042 0.9901087284088135 
v -0.058692846447229385 0.012323502451181412 0.9285256266593933 
v -0.06284001469612122 0.007209606468677521 0.9280614256858826 
v -0.025934414938092232 0.01774616725742817 0.9853967428207397 
v -0.035310711711645126 0.017387770116329193 0.945358395576477 
v -0.02902618795633316 0.01931479014456272 0.9616587162017822 
v -0.05345672369003296 0.016274329274892807 0.9458826780319214 
v -0.03429244086146355 0.013193808495998383 0.8645229935646057 
v -0.06105666980147362 0.013549896888434887 0.9510173201560974 
v -0.06557381898164749 0.007950854487717152 0.9532691836357117 
v -0.0407181940972805 0.006540460046380758 0.8545713424682617 
v -0.03760005906224251 0.01079484075307846 0.8562839031219482 
v -0.03524633124470711 0.014892380684614182 0.9205650091171265 
v -0.03316632658243179 0.013857146725058556 0.899681031703949 
v -0.04405996948480606 0.016315115615725517 0.9355970025062561 
v -0.012843594886362553 0.011048139072954655 0.9970120787620544 
v -0.012032091617584229 0.01894787885248661 0.9913918972015381 
v -0.013092338107526302 0.0077627296559512615 0.9314067959785461 
v -0.012066872790455818 0.012796802446246147 0.9332379698753357 
v -0.011340671218931675 0.017422648146748543 0.94106525182724 
v -0.010901262052357197 0.022559016942977905 0.9794546961784363 
v -0.010603845119476318 0.021235376596450806 0.9602124094963074 
v -0.004524508025497198 0.01819640025496483 0.9448844790458679 
v -0.0052687921561300755 0.023163486272096634 0.9808804988861084 
v -0.006772308610379696 0.011233625002205372 0.9982027411460876 
v -0.00623584957793355 0.019445860758423805 0.9925476312637329 
v -0.005871841683983803 0.007942473515868187 0.939875066280365 
v -0.005226487759500742 0.013806527480483055 0.9406859278678894 
v -0.004589349962770939 0.022353172302246094 0.9627018570899963 
v 0.04128560796380043 0.0 0.849532961845398 
v 0.0685468316078186 0.0 0.9412862658500671 
v 0.019909491762518883 0.0 0.9958066940307617 
v 0.05611608177423477 0.0 0.9127219319343567 
v 0.048583682626485825 0.0 0.8956226110458374 
v 0.044123951345682144 0.0 0.8791247606277466 
v 0.03699539229273796 0.0 0.98519366979599 
v 0.05891406908631325 0.0 0.9655871987342834 
v 0.038718611001968384 -0.013728386722505093 0.9003183841705322 
v 0.04418552666902542 -0.014747384935617447 0.9168137907981873 
v 0.04587126150727272 -0.017254948616027832 0.9555121064186096 
v 0.017850112169981003 -0.021859347820281982 0.9772400856018066 
v 0.03202830255031586 -0.019531195983290672 0.975737452507019 
v 0.05801551789045334 -0.015382310375571251 0.9391247034072876 
v 0.05359739437699318 -0.014353876002132893 0.9617500305175781 
v 0.0578860305249691 -0.008397887460887432 0.964790403842926 
v 0.03237449377775192 -0.012622668407857418 0.8571048378944397 
v 0.036660585552453995 -0.013660739175975323 0.8864307403564453 
v 0.019519217312335968 -0.010740657337009907 0.9943811893463135 
v 0.01855730637907982 -0.018366310745477676 0.9889291524887085 
v 0.05086992681026459 -0.012018794193863869 0.9146105647087097 
v 0.05478132143616676 -0.007055205758661032 0.913364827632904 
v 0.0678376629948616 -0.00749900471419096 0.9411200284957886 
v 0.0637076124548912 -0.012788783758878708 0.9403243660926819 
v 0.0350065603852272 -0.010502176359295845 0.851439356803894 
v 0.037783894687891006 -0.006352368276566267 0.8485422134399414 
v 0.042604960501194 -0.006816526874899864 0.8795813918113708 
v 0.039622772485017776 -0.01126797590404749 0.882444441318512 
v 0.04365408420562744 -0.011556911282241344 0.8982014656066895 
v 0.047008756548166275 -0.007039036601781845 0.8962904810905457 
v 0.03403831645846367 -0.016658037900924683 0.9807583093643188 
v 0.03600625321269035 -0.010153282433748245 0.9842765927314758 
v 0.03186730295419693 0.0 0.8918055295944214 
v 0.02280614525079727 0.0 0.9152101278305054 
v 0.022281961515545845 -0.0068543762899935246 0.9167702794075012 
v 0.031232213601469994 -0.006539701484143734 0.8923171162605286 
v 0.02138010784983635 -0.011363341473042965 0.919539749622345 
v 0.02932673878967762 -0.010935415513813496 0.8947619199752808 
v 0.028701679781079292 -0.013240799307823181 0.899071455001831 
v 0.022710975259542465 -0.01471662987023592 0.925083339214325 
v 0.04803098738193512 0.0 0.9762241244316101 
v 0.037757955491542816 -0.01852434128522873 0.9669049382209778 
v 0.043543800711631775 -0.015346771106123924 0.9721310138702393 
v 0.046903226524591446 -0.009004797786474228 0.9753221869468689 
v 0.01927090249955654 -0.01954878307878971 0.9573014378547668 
v 0.06392122060060501 0.0 0.9277936816215515 
v 0.027744587510824203 0.0 0.9914117455482483 
v 0.025589019060134888 -0.020531319081783295 0.9762241244316101 
v 0.05201154574751854 -0.015202634036540985 0.9301670789718628 
v 0.02709946408867836 -0.010382292792201042 0.9901087284088135 
v 0.058692846447229385 -0.012323502451181412 0.9285256266593933 
v 0.06284001469612122 -0.007209606468677521 0.9280614256858826 
v 0.025934414938092232 -0.01774616725742817 0.9853967428207397 
v 0.035310711711645126 -0.017387770116329193 0.945358395576477 
v 0.02902618795633316 -0.01931479014456272 0.9616587162017822 
v 0.04194234684109688 0.0 0.8573490977287292 
v 0.0664898231625557 0.0 0.9538297057151794 
v 0.05345672369003296 -0.016274329274892807 0.9458826780319214 
v 0.03429244086146355 -0.013193808495998383 0.8645229935646057 
v 0.06105666980147362 -0.013549896888434887 0.9510173201560974 
v 0.06557381898164749 -0.007950854487717152 0.9532691836357117 
v 0.0407181940972805 -0.006540460046380758 0.8545713424682617 
v 0.03760005906224251 -0.01079484075307846 0.8562839031219482 
v 0.03524633124470711 -0.014892380684614182 0.9205650091171265 
v 0.03316632658243179 -0.013857146725058556 0.899681031703949 
v 0.04405996948480606 -0.016315115615725517 0.9355970025062561 
v 0.012843594886362553 -0.011048139072954655 0.9970120787620544 
v 0.012032091617584229 -0.01894787885248661 0.9913918972015381 
v 0.013664699159562588 0.0 0.9303397536277771 
v 0.013092338107526302 -0.0077627296559512615 0.9314067959785461 
v 0.012066872790455818 -0.012796802446246147 0.9332379698753357 
v 0.011340671218931675 -0.017422648146748543 0.94106525182724 
v 0.013035810552537441 0.0 0.9985012412071228 
v 0.010901262052357197 -0.022559016942977905 0.9794546961784363 
v 0.010603845119476318 -0.021235376596450806 0.9602124094963074 
v 0.006211892701685429 0.0 0.9395236968994141 
v 0.004524508025497198 -0.01819640025496483 0.9448844790458679 
v 0.006748846732079983 0.0 0.9997920989990234 
v 0.0052687921561300755 -0.023163486272096634 0.9808804988861084 
v 0.006772308610379696 -0.011233625002205372 0.9982027411460876 
v 0.00623584957793355 -0.019445860758423805 0.9925476312637329 
v 0.005871841683983803 -0.007942473515868187 0.939875066280365 
v 0.005226487759500742 -0.013806527480483055 0.9406859278678894 
v 0.004589349962770939 -0.022353172302246094 0.9627018570899963 
v -0.04128560796380043 0.0 0.849532961845398 
v -0.0685468316078186 0.0 0.9412862658500671 
v -0.019909491762518883 0.0 0.9958066940307617 
v -0.05611608177423477 0.0 0.9127219319343567 
v -0.048583682626485825 0.0 0.8956226110458374 
v -0.044123951345682144 0.0 0.8791247606277466 
v -0.03699539229273796 0.0 0.98519366979599 
v -0.05891406908631325 0.0 0.9655871987342834 
v -0.038718611001968384 -0.013728386722505093 0.9003183841705322 
v -0.04418552666902542 -0.014747384935617447 0.9168137907981873 
v -0.04587126150727272 -0.017254948616027832 0.9555121064186096 
v -0.017850112169981003 -0.021859347820281982 0.9772400856018066 
v -0.03202830255031586 -0.019531195983290672 0.975737452507019 
v -0.05801551789045334 -0.015382310375571251 0.9391247034072876 
v -0.05359739437699318 -0.014353876002132893 0.9617500305175781 
v -0.0578860305249691 -0.008397887460887432 0.964790403842926 
v -0.03237449377775192 -0.012622668407857418 0.8571048378944397 
v -0.036660585552453995 -0.013660739175975323 0.8864307403564453 
v -0.019519217312335968 -0.010740657337009907 0.9943811893463135 
v -0.01855730637907982 -0.018366310745477676 0.9889291524887085 
v -0.05086992681026459 -0.012018794193863869 0.9146105647087097 
v -0.05478132143616676 -0.007055205758661032 0.913364827632904 
v -0.0678376629948616 -0.00749900471419096 0.9411200284957886 
v -0.0637076124548912 -0.012788783758878708 0.9403243660926819 
v -0.0350065603852272 -0.010502176359295845 0.851439356803894 
v -0.037783894687891006 -0.006352368276566267 0.8485422134399414 
v -0.042604960501194 -0.006816526874899864 0.8795813918113708 
v -0.039622772485017776 -0.01126797590404749 0.882444441318512 
v -0.04365408420562744 -0.011556911282241344 0.8982014656066895 
v -0.047008756548166275 -0.007039036601781845 0.8962904810905457 
v -0.03403831645846367 -0.016658037900924683 0.9807583093643188 
v -0.03600625321269035 -0.010153282433748245 0.9842765927314758 
v -0.03186730295419693 0.0 0.8918055295944214 
v -0.02280614525079727 0.0 0.9152101278305054 
v 0.0 0.0 0.9417286515235901 
v 0.0 -0.007813217118382454 0.9419417381286621 
v -0.022281961515545845 -0.0068543762899935246 0.9167702794075012 
v -0.031232213601469994 -0.006539701484143734 0.8923171162605286 
v 0.0 -0.013934759423136711 0.9425478577613831 
v -0.02138010784983635 -0.011363341473042965 0.919539749622345 
v -0.02932673878967762 -0.010935415513813496 0.8947619199752808 
v -0.028701679781079292 -0.013240799307823181 0.899071455001831 
v -0.022710975259542465 -0.01471662987023592 0.925083339214325 
v 0.0 -0.020296895876526833 0.9458417296409607 
v 0.0 0.0 1.0 
v 0.0 -0.011295265518128872 0.9982314705848694 
v 0.0 -0.025092488154768944 0.9807974100112915 
v 0.0 -0.01982620358467102 0.9923714399337769 
v -0.04803098738193512 0.0 0.9762241244316101 
v -0.037757955491542816 -0.01852434128522873 0.9669049382209778 
v -0.043543800711631775 -0.015346771106123924 0.9721310138702393 
v -0.046903226524591446 -0.009004797786474228 0.9753221869468689 
v -0.01927090249955654 -0.01954878307878971 0.9573014378547668 
v 0.0 -0.02394142933189869 0.9638224244117737 
v -0.06392122060060501 0.0 0.9277936816215515 
v -0.027744587510824203 0.0 0.9914117455482483 
v -0.025589019060134888 -0.020531319081783295 0.9762241244316101 
v -0.05201154574751854 -0.015202634036540985 0.9301670789718628 
v -0.02709946408867836 -0.010382292792201042 0.9901087284088135 
v -0.058692846447229385 -0.012323502451181412 0.9285256266593933 
v -0.06284001469612122 -0.007209606468677521 0.9280614256858826 
v -0.025934414938092232 -0.01774616725742817 0.9853967428207397 
v -0.035310711711645126 -0.017387770116329193 0.945358395576477 
v -0.02902618795633316 -0.01931479014456272 0.9616587162017822 
v -0.04194234684109688 0.0 0.8573490977287292 
v -0.0664898231625557 0.0 0.9538297057151794 
v -0.05345672369003296 -0.016274329274892807 0.9458826780319214 
v -0.03429244086146355 -0.013193808495998383 0.8645229935646057 
v -0.06105666980147362 -0.013549896888434887 0.9510173201560974 
v -0.06557381898164749 -0.007950854487717152 0.9532691836357117 
v -0.0407181940972805 -0.006540460046380758 0.8545713424682617 
v -0.03760005906224251 -0.01079484075307846 0.8562839031219482 
v -0.03524633124470711 -0.014892380684614182 0.9205650091171265 
v -0.03316632658243179 -0.013857146725058556 0.899681031703949 
v -0.04405996948480606 -0.016315115615725517 0.9355970025062561 
v -0.012843594886362553 -0.011048139072954655 0.9970120787620544 
v -0.012032091617584229 -0.01894787885248661 0.9913918972015381 
v -0.013664699159562588 0.0 0.9303397536277771 
v -0.013092338107526302 -0.0077627296559512615 0.9314067959785461 
v -0.012066872790455818 -0.012796802446246147 0.9332379698753357 
v -0.011340671218931675 -0.017422648146748543 0.94106525182724 
v -0.013035810552537441 0.0 0.9985012412071228 
v -0.010901262052357197 -0.022559016942977905 0.9794546961784363 
v -0.010603845119476318 -0.021235376596450806 0.9602124094963074 
v -0.006211892701685429 0.0 0.9395236968994141 
v -0.004524508025497198 -0.01819640025496483 0.9448844790458679 
v -0.006748846732079983 0.0 0.9997920989990234 
v -0.0052687921561300755 -0.023163486272096634 0.9808804988861084 
v -0.006772308610379696 -0.011233625002205372 0.9982027411460876 
v -0.00623584957793355 -0.019445860758423805 0.9925476312637329 
v -0.005871841683983803 -0.007942473515868187 0.939875066280365 
v -0.005226487759500742 -0.013806527480483055 0.9406859278678894 
v -0.004589349962770939 -0.022353172302246094 0.9627018570899963 
v 0.0 0.025331266224384308 0.39344266057014465 
v -0.017335137352347374 0.024091441184282303 0.39344266057014465 
v -0.032973382622003555 0.02049340307712555 0.39344266057014465 
v -0.04538397118449211 0.014889344573020935 0.39344266057014465 
v -0.053352050483226776 0.007827802561223507 0.39344266057014465 
v -0.05609767138957977 -0.0 0.39344266057014465 
v -0.053352050483226776 -0.007827802561223507 0.39344266057014465 
v -0.04538397118449211 -0.014889344573020935 0.39344266057014465 
v -0.032973382622003555 -0.02049340307712555 0.39344266057014465 
v -0.017335103824734688 -0.024091441184282303 0.39344266057014465 
v 3.299862783023855e-08 -0.025331266224384308 0.39344266057014465 
v 0.01733517087996006 -0.024091441184282303 0.39344266057014465 
v 0.03297341614961624 -0.02049340307712555 0.39344266057014465 
v 0.04538397118449211 -0.014889311045408249 0.39344266057014465 
v 0.053352050483226776 -0.007827769964933395 0.39344266057014465 
v 0.05609767138957977 3.299862783023855e-08 0.39344266057014465 
v 0.05335201695561409 0.007827802561223507 0.39344266057014465 
v 0.04538390412926674 0.014889377169311047 0.39344266057014465 
v 0.03297331929206848 0.020493434742093086 0.39344266057014465 
v 0.017335038632154465 0.02409147471189499 0.39344266057014465 
v -0.0 0.01650373637676239 0.9517184495925903 
v -0.01129414327442646 0.015695996582508087 0.9517184495925903 
v -0.02148270234465599 0.013351806439459324 0.9517184495925903 
v -0.029568420723080635 0.009700672701001167 0.9517184495925903 
v -0.0347597673535347 0.005099938251078129 0.9517184495925903 
v -0.036548588424921036 0.0 0.9517184495925903 
v -0.0347597673535347 -0.005099938251078129 0.9517184495925903 
v -0.029568420723080635 -0.009700640104711056 0.9517184495925903 
v -0.02148270234465599 -0.013351806439459324 0.9517184495925903 
v -0.011294110678136349 -0.015695996582508087 0.9517184495925903 
v 0.0 -0.01650373637676239 0.9517184495925903 
v 0.01129414327442646 -0.015695996582508087 0.9517184495925903 
v 0.021482734009623528 -0.013351806439459324 0.9517184495925903 
v 0.029568420723080635 -0.009700640104711056 0.9517184495925903 
v 0.0347597673535347 -0.00509990518912673 0.9517184495925903 
v 0.036548588424921036 3.299862783023855e-08 0.9517184495925903 
v 0.03475973382592201 0.00509997084736824 0.9517184495925903 
v 0.029568389058113098 0.009700672701001167 0.9517184495925903 
v 0.021482668817043304 0.013351839035749435 0.9517184495925903 
v 0.011294077150523663 0.015695996582508087 0.9517184495925903 
v -0.04484698548913002 -0.01471316535025835 0.5060333609580994 
v -0.04219580814242363 -0.013843386434018612 0.6162480115890503 
v -0.03827395662665367 -0.012556737288832664 0.723500669002533 
v -0.03414981812238693 -0.011203695088624954 0.815967321395874 
v -0.03089183196425438 -0.010134835727512836 0.8903184533119202 
v -0.03631555289030075 -0.005328189581632614 0.8903184533119202 
v -0.04014553502202034 -0.005890123546123505 0.815967321395874 
v -0.04499372839927673 -0.006601474713534117 0.723500669002533 
v -0.04960416629910469 -0.007277913391590118 0.6162480115890503 
v -0.05272078886628151 -0.007735175546258688 0.5060333609580994 
v 0.0171300508081913 -0.02380639873445034 0.5060333609580994 
v 0.016117388382554054 -0.022399073466658592 0.6162480115890503 
v 0.014619382098317146 -0.020317189395427704 0.723500669002533 
v 0.013044094666838646 -0.018127961084246635 0.815967321395874 
v 0.011799650266766548 -0.01639850251376629 0.8903184533119202 
v 0.0 -0.01724241115152836 0.8903184533119202 
v 0.0 -0.01906086504459381 0.815967321395874 
v 0.0 -0.021362783387303352 0.723500669002533 
v 3.299862783023855e-08 -0.023551782593131065 0.6162480115890503 
v 3.299862783023855e-08 -0.02503153868019581 0.5060333609580994 
v 0.055433932691812515 3.299862783023855e-08 0.5060333609580994 
v 0.05215690657496452 3.299862783023855e-08 0.6162480115890503 
v 0.047309208661317825 3.299862783023855e-08 0.723500669002533 
v 0.042211513966321945 3.299862783023855e-08 0.815967321395874 
v 0.038184430450201035 3.299862783023855e-08 0.8903184533119202 
v 0.03631555289030075 -0.005328189581632614 0.8903184533119202 
v 0.04014553502202034 -0.005890123546123505 0.815967321395874 
v 0.04499376565217972 -0.006601441651582718 0.723500669002533 
v 0.04960416629910469 -0.007277880795300007 0.6162480115890503 
v 0.0527208186686039 -0.007735142949968576 0.5060333609580994 
v -0.05272078886628151 0.007735175546258688 0.5060333609580994 
v -0.04960416629910469 0.007277913391590118 0.6162480115890503 
v -0.04499372839927673 0.006601474713534117 0.723500669002533 
v -0.04014553502202034 0.005890123546123505 0.815967321395874 
v -0.03631555289030075 0.005328189581632614 0.8903184533119202 
v -0.03089183196425438 0.010134835727512836 0.8903184533119202 
v -0.03414981812238693 0.011203695088624954 0.815967321395874 
v -0.03827395662665367 0.012556737288832664 0.723500669002533 
v -0.04219580814242363 0.013843386434018612 0.6162480115890503 
v -0.04484698548913002 0.01471316535025835 0.5060333609580994 
v 0.01712995022535324 0.023806430399417877 0.5060333609580994 
v 0.016117289662361145 0.022399073466658592 0.6162480115890503 
v 0.014619283378124237 0.02031722292304039 0.723500669002533 
v 0.013044027611613274 0.01812799461185932 0.815967321395874 
v 0.01179958414286375 0.016398536041378975 0.8903184533119202 
v 0.02244418114423752 0.013949410989880562 0.8903184533119202 
v 0.0248112715780735 0.015420589596033096 0.815967321395874 
v 0.02780761383473873 0.017282867804169655 0.723500669002533 
v 0.03065701387822628 0.019053803756833076 0.6162480115890503 
v 0.03258317708969116 0.020250961184501648 0.5060333609580994 
v -0.017130017280578613 0.02380639873445034 0.5060333609580994 
v -0.016117354854941368 0.022399073466658592 0.6162480115890503 
v -0.014619349502027035 0.02031722292304039 0.723500669002533 
v -0.01304406113922596 0.018127961084246635 0.815967321395874 
v -0.011799650266766548 0.01639850251376629 0.8903184533119202 
v -0.0 0.01724241115152836 0.8903184533119202 
v -0.0 0.01906086504459381 0.815967321395874 
v -0.0 0.021362783387303352 0.723500669002533 
v -0.0 0.023551782593131065 0.6162480115890503 
v -0.0 0.02503153868019581 0.5060333609580994 
v -0.032583240419626236 -0.02025092951953411 0.5060333609580994 
v -0.030657047405838966 -0.019053803756833076 0.6162480115890503 
v -0.027807647362351418 -0.017282867804169655 0.723500669002533 
v -0.024811305105686188 -0.01542055606842041 0.815967321395874 
v -0.02244424819946289 -0.013949410989880562 0.8903184533119202 
v 0.03258327394723892 -0.02025092951953411 0.5060333609580994 
v 0.030657080933451653 -0.01905377209186554 0.6162480115890503 
v 0.027807680889964104 -0.01728283427655697 0.723500669002533 
v 0.024811338633298874 -0.01542055606842041 0.815967321395874 
v 0.02244424819946289 -0.013949410989880562 0.8903184533119202 
v 0.052720751613378525 0.007735208608210087 0.5060333609580994 
v 0.0496041364967823 0.007277913391590118 0.6162480115890503 
v 0.04499372839927673 0.006601474713534117 0.723500669002533 
v 0.04014550521969795 0.005890156142413616 0.815967321395874 
v 0.036315519362688065 0.005328222643584013 0.8903184533119202 
v -0.055433932691812515 -0.0 0.5060333609580994 
v -0.05215690657496452 0.0 0.6162480115890503 
v -0.047309208661317825 0.0 0.723500669002533 
v -0.042211513966321945 0.0 0.815967321395874 
v -0.038184430450201035 0.0 0.8903184533119202 
v -0.017130017280578613 -0.02380639873445034 0.5060333609580994 
v -0.016117354854941368 -0.022399073466658592 0.6162480115890503 
v -0.014619349502027035 -0.02031722292304039 0.723500669002533 
v -0.01304406113922596 -0.018127961084246635 0.815967321395874 
v -0.011799616739153862 -0.01639850251376629 0.8903184533119202 
v 0.04484701529145241 -0.01471316535025835 0.5060333609580994 
v 0.042195841670036316 -0.013843386434018612 0.6162480115890503 
v 0.03827398642897606 -0.012556704692542553 0.723500669002533 
v 0.03414985164999962 -0.011203695088624954 0.815967321395874 
v 0.030891863629221916 -0.010134835727512836 0.8903184533119202 
v -0.032583240419626236 0.02025092951953411 0.5060333609580994 
v -0.030657047405838966 0.019053803756833076 0.6162480115890503 
v -0.027807647362351418 0.017282867804169655 0.723500669002533 
v -0.024811305105686188 0.015420589596033096 0.815967321395874 
v -0.02244424819946289 0.013949410989880562 0.8903184533119202 
v 0.044846951961517334 0.014713197015225887 0.5060333609580994 
v 0.042195774614810944 0.013843419961631298 0.6162480115890503 
v 0.03827391937375069 0.012556737288832664 0.723500669002533 
v 0.034149788320064545 0.011203726753592491 0.815967321395874 
v 0.030891798436641693 0.010134869255125523 0.8903184533119202 
v -0.03216594085097313 -0.010552829131484032 0.8612421154975891 
v -0.037813324481248856 -0.005547960288822651 0.8612421154975891 
v 0.012286313809454441 -0.017074842005968094 0.8612421154975891 
v 0.0 -0.01795356348156929 0.8612421154975891 
v 0.03975928947329521 3.299862783023855e-08 0.8612421154975891 
v 0.037813324481248856 -0.005547927692532539 0.8612421154975891 
v -0.037813324481248856 0.005547960288822651 0.8612421154975891 
v -0.03216594085097313 0.010552829131484032 0.8612421154975891 
v 0.012286246754229069 0.017074842005968094 0.8612421154975891 
v 0.023369893431663513 0.01452474296092987 0.8612421154975891 
v -0.012286280281841755 0.017074842005968094 0.8612421154975891 
v -0.0 0.01795356348156929 0.8612421154975891 
v -0.02336992509663105 -0.01452474296092987 0.8612421154975891 
v 0.02336992509663105 -0.014524709433317184 0.8612421154975891 
v 0.03781329467892647 0.005547960288822651 0.8612421154975891 
v -0.03975928947329521 0.0 0.8612421154975891 
v -0.012286280281841755 -0.017074842005968094 0.8612421154975891 
v 0.03216594085097313 -0.010552829131484032 0.8612421154975891 
v -0.02336992509663105 0.01452474296092987 0.8612421154975891 
v 0.03216590732336044 0.010552862659096718 0.8612421154975891 
v -0.030230144038796425 -0.009917737916111946 0.9210184812545776 
v 0.011546912603080273 -0.01604723371565342 0.9210184812545776 
v 0.03736649081110954 3.299862783023855e-08 0.9210184812545776 
v -0.03553764522075653 0.005214080214500427 0.9210184812545776 
v 0.011546814814209938 0.016047267243266106 0.9210184812545776 
v -0.011546880006790161 0.016047267243266106 0.9210184812545776 
v -0.021963492035865784 -0.01365060918033123 0.9210184812545776 
v 0.021963492035865784 -0.01365060918033123 0.9210184812545776 
v 0.03553764522075653 0.005214080214500427 0.9210184812545776 
v -0.03736649081110954 0.0 0.9210184812545776 
v -0.011546880006790161 -0.01604723371565342 0.9210184812545776 
v 0.030230144038796425 -0.009917737916111946 0.9210184812545776 
v -0.021963492035865784 0.01365060918033123 0.9210184812545776 
v 0.03023011051118374 0.009917770512402058 0.9210184812545776 
v -0.03553764522075653 -0.005214080214500427 0.9210184812545776 
v 0.0 -0.016873091459274292 0.9210184812545776 
v 0.03553764522075653 -0.005214047152549028 0.9210184812545776 
v -0.030230144038796425 0.009917737916111946 0.9210184812545776 
v 0.02196342498064041 0.01365060918033123 0.9210184812545776 
v -0.0 0.016873091459274292 0.9210184812545776 
v 0.0 0.019532911479473114 0.06100679561495781 
v 0.0 0.019532911479473114 -0.061950914561748505 
v 0.0 0.019532911479473114 0.2837822735309601 
v 0.0 0.019532911479473114 0.4051450490951538 
v 0.0 0.019532911479473114 -0.36120155453681946 
v 0.0 0.005318586714565754 -0.9580402970314026 
v 0.0 0.01790294423699379 -0.4805692732334137 
v 0.0 0.01627294346690178 -0.5999370217323303 
v 0.0 0.013012976385653019 -0.7193048000335693 
v 0.0 0.009752975776791573 -0.8386725187301636 
v 0.0 0.019532911479473114 -0.21157623827457428 
v 0.0 0.019532911479473114 0.1732257902622223 
v 0.0 0.019532911479473114 0.3141229748725891 
v 0.0 0.019532911479473114 0.34446364641189575 
v 0.0 0.019532911479473114 0.37480437755584717 
v 0.012003217823803425 0.013335042633116245 0.06100679561495781 
v 0.03562135994434357 0.008316446095705032 0.06100679561495781 
v 0.011669634841382504 0.013491356745362282 0.2837822735309601 
v 0.034631337970495224 0.008564463816583157 0.2837822735309601 
v 0.02434685081243515 0.008191315457224846 0.4051450490951538 
v 0.07225287705659866 0.0017017063219100237 0.4051450490951538 
v 0.011669634841382504 0.013491356745362282 0.1732257604598999 
v 0.034631337970495224 0.008564463816583157 0.1732257902622223 
v 0.012003217823803425 0.013335042633116245 0.3141229450702667 
v 0.03562135994434357 0.008316446095705032 0.3141229748725891 
v 0.013004066422581673 0.012871511280536652 0.34446361660957336 
v 0.03859146684408188 0.0075942715629935265 0.34446364641189575 
v 0.016673777252435684 0.011242104694247246 0.3748043179512024 
v 0.049481939524412155 0.005226884037256241 0.37480437755584717 
v 0.03859146684408188 0.0075942715629935265 -0.061950914561748505 
v 0.013004066422581673 0.012871511280536652 -0.061950914561748505 
v 0.04453171417117119 0.00624832371249795 -0.36120155453681946 
v 0.015005730092525482 0.011969064362347126 -0.36120155453681946 
v 0.008292291313409805 0.004334436263889074 -0.9599372148513794 
v 0.002995714545249939 0.005214476492255926 -0.9588131904602051 
v 0.04433372616767883 0.006101842503994703 -0.4805692732334137 
v 0.014939007349312305 0.011272728443145752 -0.4805692732334137 
v 0.04017556458711624 0.006696807686239481 -0.5999370217323303 
v 0.01353785302489996 0.011038239113986492 -0.5999370217323303 
v 0.03205721080303192 0.007457162253558636 -0.7193048000335693 
v 0.010802233591675758 0.010148365050554276 -0.7193048000335693 
v 0.02294882945716381 0.007561668753623962 -0.8386725187301636 
v 0.007732998114079237 0.008717181161046028 -0.8386725187301636 
v 0.04354168847203255 0.006463540717959404 -0.21157623827457428 
v 0.01467211451381445 0.012117195874452591 -0.21157623827457428 
v -0.013004066422581673 0.012871511280536652 -0.061950914561748505 
v -0.03859146684408188 0.0075942715629935265 -0.061950914561748505 
v -0.015005730092525482 0.011969064362347126 -0.36120155453681946 
v -0.04453171417117119 0.00624832371249795 -0.36120155453681946 
v -0.002995714545249939 0.005214476492255926 -0.9588131904602051 
v -0.008292291313409805 0.004334436263889074 -0.9599372148513794 
v -0.014939007349312305 0.011272728443145752 -0.4805692732334137 
v -0.04433372616767883 0.006101842503994703 -0.4805692732334137 
v -0.01353785302489996 0.011038239113986492 -0.5999370217323303 
v -0.04017556458711624 0.006696807686239481 -0.5999370217323303 
v -0.010802233591675758 0.010148365050554276 -0.7193048000335693 
v -0.03205721080303192 0.007457162253558636 -0.7193048000335693 
v -0.007732998114079237 0.008717181161046028 -0.8386725187301636 
v -0.02294882945716381 0.007561668753623962 -0.8386725187301636 
v -0.01467211451381445 0.012117195874452591 -0.21157623827457428 
v -0.04354168847203255 0.006463540717959404 -0.21157623827457428 
v -0.03562135994434357 0.008316446095705032 0.06100679561495781 
v -0.012003217823803425 0.013335042633116245 0.06100679561495781 
v -0.034631337970495224 0.008564463816583157 0.2837822735309601 
v -0.011669634841382504 0.013491356745362282 0.2837822735309601 
v -0.07225287705659866 0.0017017063219100237 0.4051450490951538 
v -0.02434685081243515 0.008191315457224846 0.4051450490951538 
v -0.034631337970495224 0.008564463816583157 0.1732257902622223 
v -0.011669634841382504 0.013491356745362282 0.1732257604598999 
v -0.03562135994434357 0.008316446095705032 0.3141229748725891 
v -0.012003217823803425 0.013335042633116245 0.3141229450702667 
v -0.03859146684408188 0.0075942715629935265 0.34446364641189575 
v -0.013004066422581673 0.012871511280536652 0.34446361660957336 
v -0.049481939524412155 0.005226884037256241 0.37480437755584717 
v -0.016673777252435684 0.011242104694247246 0.3748043179512024 
v 0.0 0.004797208588570356 -0.963397204875946 
v -0.0028961575590074062 0.003494323929771781 -0.9718455076217651 
v 0.0028961575590074062 0.003494323929771781 -0.9718455076217651 
v 0.0 0.0022326542530208826 -0.9832618832588196 
v -0.059816353023052216 0.0 0.06100679561495781 
v 0.059816353023052216 0.0 0.06100679561495781 
v -0.06480386108160019 0.0 -0.061950914561748505 
v 0.06480386108160019 0.0 -0.061950914561748505 
v -0.058153845369815826 0.0 0.2837822735309601 
v 0.058153845369815826 0.0 0.2837822735309601 
v -0.12132899463176727 0.0 0.4051450490951538 
v 0.12132899463176727 0.0 0.4051450490951538 
v -0.07477888464927673 0.0 -0.36120155453681946 
v 0.07477888464927673 0.0 -0.36120155453681946 
v -0.014928745105862617 0.0 -0.9580402970314026 
v 0.014928745105862617 0.0 -0.9580402970314026 
v 0.0 0.0 -1.0 
v 0.07444639503955841 0.0 -0.4805692732334137 
v 0.06746388226747513 0.0 -0.5999370217323303 
v 0.05383135378360748 0.0 -0.7193048000335693 
v 0.038536328822374344 0.0 -0.8386725187301636 
v -0.038536328822374344 0.0 -0.8386725187301636 
v -0.05383135378360748 0.0 -0.7193048000335693 
v -0.06746388226747513 0.0 -0.5999370217323303 
v -0.07444639503955841 0.0 -0.4805692732334137 
v 0.07311638444662094 0.0 -0.21157623827457428 
v -0.07311638444662094 0.0 -0.21157623827457428 
v -0.058153845369815826 0.0 0.1732257902622223 
v 0.058153845369815826 0.0 0.1732257902622223 
v -0.059816353023052216 0.0 0.3141229748725891 
v -0.06480386108160019 0.0 0.34446364641189575 
v -0.08309140801429749 0.0 0.37480437755584717 
v 0.08309140801429749 0.0 0.37480437755584717 
v 0.06480386108160019 0.0 0.34446364641189575 
v 0.059816353023052216 0.0 0.3141229748725891 
v 0.0 -0.019532911479473114 0.06100679561495781 
v 0.0 -0.019532911479473114 -0.061950914561748505 
v 0.0 -0.019532911479473114 0.2837822735309601 
v 0.0 -0.019532911479473114 0.4051450490951538 
v 0.0 -0.019532911479473114 -0.36120155453681946 
v 0.0 -0.005318586714565754 -0.9580402970314026 
v 0.0 -0.01790294423699379 -0.4805692732334137 
v 0.0 -0.01627294346690178 -0.5999370217323303 
v 0.0 -0.013012976385653019 -0.7193048000335693 
v 0.0 -0.009752975776791573 -0.8386725187301636 
v 0.0 -0.019532911479473114 -0.21157623827457428 
v 0.0 -0.019532911479473114 0.1732257902622223 
v 0.0 -0.019532911479473114 0.3141229748725891 
v 0.0 -0.019532911479473114 0.34446364641189575 
v 0.0 -0.019532911479473114 0.37480437755584717 
v 0.012003217823803425 -0.013335042633116245 0.06100679561495781 
v 0.03562135994434357 -0.008316446095705032 0.06100679561495781 
v 0.011669634841382504 -0.013491356745362282 0.2837822735309601 
v 0.034631337970495224 -0.008564463816583157 0.2837822735309601 
v 0.02434685081243515 -0.008191315457224846 0.4051450490951538 
v 0.07225287705659866 -0.0017017063219100237 0.4051450490951538 
v -0.004105029162019491 0.0 -0.9901820421218872 
v -0.008019492030143738 0.0 -0.9741112589836121 
v 0.011669634841382504 -0.013491356745362282 0.1732257604598999 
v 0.034631337970495224 -0.008564463816583157 0.1732257902622223 
v 0.012003217823803425 -0.013335042633116245 0.3141229450702667 
v 0.03562135994434357 -0.008316446095705032 0.3141229748725891 
v 0.013004066422581673 -0.012871511280536652 0.34446361660957336 
v 0.03859146684408188 -0.0075942715629935265 0.34446364641189575 
v 0.016673777252435684 -0.011242104694247246 0.3748043179512024 
v 0.049481939524412155 -0.005226884037256241 0.37480437755584717 
v 0.03859146684408188 -0.0075942715629935265 -0.061950914561748505 
v 0.013004066422581673 -0.012871511280536652 -0.061950914561748505 
v 0.04453171417117119 -0.00624832371249795 -0.36120155453681946 
v 0.015005730092525482 -0.011969064362347126 -0.36120155453681946 
v 0.008292291313409805 -0.004334436263889074 -0.9599372148513794 
v 0.002995714545249939 -0.005214476492255926 -0.9588131904602051 
v 0.04433372616767883 -0.006101842503994703 -0.4805692732334137 
v 0.014939007349312305 -0.011272728443145752 -0.4805692732334137 
v 0.04017556458711624 -0.006696807686239481 -0.5999370217323303 
v 0.01353785302489996 -0.011038239113986492 -0.5999370217323303 
v 0.03205721080303192 -0.007457162253558636 -0.7193048000335693 
v 0.010802233591675758 -0.010148365050554276 -0.7193048000335693 
v 0.02294882945716381 -0.007561668753623962 -0.8386725187301636 
v 0.007732998114079237 -0.008717181161046028 -0.8386725187301636 
v 0.04354168847203255 -0.006463540717959404 -0.21157623827457428 
v 0.01467211451381445 -0.012117195874452591 -0.21157623827457428 
v -0.013004066422581673 -0.012871511280536652 -0.061950914561748505 
v -0.03859146684408188 -0.0075942715629935265 -0.061950914561748505 
v -0.015005730092525482 -0.011969064362347126 -0.36120155453681946 
v -0.04453171417117119 -0.00624832371249795 -0.36120155453681946 
v -0.002995714545249939 -0.005214476492255926 -0.9588131904602051 
v -0.008292291313409805 -0.004334436263889074 -0.9599372148513794 
v 0.008019492030143738 0.0 -0.9741112589836121 
v 0.004105029162019491 0.0 -0.9901820421218872 
v -0.014939007349312305 -0.011272728443145752 -0.4805692732334137 
v -0.04433372616767883 -0.006101842503994703 -0.4805692732334137 
v -0.01353785302489996 -0.011038239113986492 -0.5999370217323303 
v -0.04017556458711624 -0.006696807686239481 -0.5999370217323303 
v -0.010802233591675758 -0.010148365050554276 -0.7193048000335693 
v -0.03205721080303192 -0.007457162253558636 -0.7193048000335693 
v -0.007732998114079237 -0.008717181161046028 -0.8386725187301636 
v -0.02294882945716381 -0.007561668753623962 -0.8386725187301636 
v -0.01467211451381445 -0.012117195874452591 -0.21157623827457428 
v -0.04354168847203255 -0.006463540717959404 -0.21157623827457428 
v -0.03562135994434357 -0.008316446095705032 0.06100679561495781 
v -0.012003217823803425 -0.013335042633116245 0.06100679561495781 
v -0.034631337970495224 -0.008564463816583157 0.2837822735309601 
v -0.011669634841382504 -0.013491356745362282 0.2837822735309601 
v -0.07225287705659866 -0.0017017063219100237 0.4051450490951538 
v -0.02434685081243515 -0.008191315457224846 0.4051450490951538 
v -0.034631337970495224 -0.008564463816583157 0.1732257902622223 
v -0.011669634841382504 -0.013491356745362282 0.1732257604598999 
v -0.03562135994434357 -0.008316446095705032 0.3141229748725891 
v -0.012003217823803425 -0.013335042633116245 0.3141229450702667 
v -0.03859146684408188 -0.0075942715629935265 0.34446364641189575 
v -0.013004066422581673 -0.012871511280536652 0.34446361660957336 
v -0.049481939524412155 -0.005226884037256241 0.37480437755584717 
v -0.016673777252435684 -0.011242104694247246 0.3748043179512024 
v 0.0 -0.004797208588570356 -0.963397204875946 
v -0.0028961575590074062 -0.003494323929771781 -0.9718455076217651 
v 0.0028961575590074062 -0.003494323929771781 -0.9718455076217651 
v 0.0 -0.0022326542530208826 -0.9832618832588196 
vt 0.27559998631477356 0.8834999799728394 
vt 0.29350000619888306 0.8816999793052673 
vt 0.2948000133037567 0.8960000276565552 
vt 0.2773999869823456 0.8992000222206116 
vt 0.2612000107765198 0.9799000024795532 
vt 0.2578999996185303 0.9810000061988831 
vt 0.25450000166893005 0.9692000150680542 
vt 0.25769999623298645 0.968500018119812 
vt 0.27720001339912415 0.914900004863739 
vt 0.2962000072002411 0.909600019454956 
vt 0.2980000078678131 0.9229000210762024 
vt 0.27810001373291016 0.9298999905586243 
vt 0.263700008392334 0.9369000196456909 
vt 0.26339998841285706 0.9207000136375427 
vt 0.25690001249313354 0.8848999738693237 
vt 0.2630000114440918 0.8847000002861023 
vt 0.26429998874664307 0.9020000100135803 
vt 0.2574999928474426 0.9035000205039978 
vt 0.22910000383853912 0.9444000124931335 
vt 0.2443999946117401 0.95169997215271 
vt 0.24400000274181366 0.9646999835968018 
vt 0.22789999842643738 0.9578999876976013 
vt 0.25690001249313354 0.9240999817848206 
vt 0.2572000026702881 0.9402999877929688 
vt 0.25429999828338623 0.9416999816894531 
vt 0.25429999828338623 0.925599992275238 
vt 0.31859999895095825 0.9057000279426575 
vt 0.320499986410141 0.9175999760627747 
vt 0.3165999948978424 0.8801000118255615 
vt 0.3449000120162964 0.8802000284194946 
vt 0.3443000018596649 0.8927000164985657 
vt 0.31700000166893005 0.8934000134468079 
vt 0.32269999384880066 0.9297000169754028 
vt 0.3483000099658966 0.9247000217437744 
vt 0.35019999742507935 0.9348999857902527 
vt 0.32510000467300415 0.9413999915122986 
vt 0.34529998898506165 0.9035999774932861 
vt 0.3465999960899353 0.9139999747276306 
vt 0.37770000100135803 0.9035999774932861 
vt 0.3781000077724457 0.9121999740600586 
vt 0.3790000081062317 0.882099986076355 
vt 0.4142000079154968 0.8859999775886536 
vt 0.41200000047683716 0.8982999920845032 
vt 0.3776000142097473 0.894599974155426 
vt 0.37880000472068787 0.9211000204086304 
vt 0.4104999899864197 0.9190000295639038 
vt 0.41029998660087585 0.9257000088691711 
vt 0.37950000166893005 0.9296000003814697 
vt 0.4113999903202057 0.9053000211715698 
vt 0.4108999967575073 0.911899983882904 
vt 0.44119998812675476 0.9086999893188477 
vt 0.44040000438690186 0.9135000109672546 
vt 0.44519999623298645 0.8913999795913696 
vt 0.4693000018596649 0.8973000049591064 
vt 0.4652999937534332 0.9088000059127808 
vt 0.4422000050544739 0.9035000205039978 
vt 0.4397999942302704 0.9185000061988831 
vt 0.46320000290870667 0.9187999963760376 
vt 0.4629000127315521 0.9212999939918518 
vt 0.43939998745918274 0.9229999780654907 
vt 0.4643999934196472 0.9125999808311462 
vt 0.46369999647140503 0.9157999753952026 
vt 0.47839999198913574 0.9154000282287598 
vt 0.4781999886035919 0.9174000024795532 
vt 0.4837999939918518 0.9024999737739563 
vt 0.49129998683929443 0.9064000248908997 
vt 0.48510000109672546 0.9153000116348267 
vt 0.47870001196861267 0.9128000140190125 
vt 0.4787999987602234 0.9325000047683716 
vt 0.4641000032424927 0.934499979019165 
vt 0.4629000127315521 0.9223999977111816 
vt 0.4771000146865845 0.9212999939918518 
vt 0.26429998874664307 0.9035000205039978 
vt 0.2775000035762787 0.9004999995231628 
vt 0.49480000138282776 0.9079999923706055 
vt 0.4959000051021576 0.9085999727249146 
vt 0.48829999566078186 0.917900025844574 
vt 0.4875999987125397 0.9168999791145325 
vt 0.47769999504089355 0.9192000031471252 
vt 0.4900999963283539 0.9302999973297119 
vt 0.4867999851703644 0.9311000108718872 
vt 0.4844000041484833 0.9204000234603882 
vt 0.48730000853538513 0.9194999933242798 
vt 0.4650000035762787 0.9099000096321106 
vt 0.47839999198913574 0.9138000011444092 
vt 0.48739999532699585 0.9182999730110168 
vt 0.4869000017642975 0.9186999797821045 
vt 0.4406000077724457 0.9366999864578247 
vt 0.41179999709129333 0.9394999742507935 
vt 0.41029998660087585 0.9269000291824341 
vt 0.43939998745918274 0.9241999983787537 
vt 0.41190001368522644 0.8995000123977661 
vt 0.44200000166893005 0.904699981212616 
vt 0.38179999589920044 0.9437000155448914 
vt 0.353300005197525 0.9490000009536743 
vt 0.35040000081062317 0.9362000226974487 
vt 0.3797000050544739 0.9308000206947327 
vt 0.3443000018596649 0.8938999772071838 
vt 0.3774999976158142 0.8956999778747559 
vt 0.3003000020980835 0.9362999796867371 
vt 0.32919999957084656 0.9553999900817871 
vt 0.30730000138282776 0.9625999927520752 
vt 0.3027999997138977 0.9502999782562256 
vt 0.3253999948501587 0.9426000118255615 
vt 0.27950000762939453 0.9444000124931335 
vt 0.26429998874664307 0.95169997215271 
vt 0.2856000065803528 0.9708999991416931 
vt 0.26899999380111694 0.9772999882698059 
vt 0.2648000121116638 0.9659000039100647 
vt 0.2809999883174896 0.9589999914169312 
vt 0.29490000009536743 0.8971999883651733 
vt 0.31709998846054077 0.894599974155426 
vt 0.2721000015735626 0.986299991607666 
vt 0.26429998874664307 0.9890000224113464 
vt 0.26100000739097595 0.9901000261306763 
vt 0.2574000060558319 0.9549000263214111 
vt 0.26460000872612 0.9646999835968018 
vt 0.25760000944137573 0.9674000144004822 
vt 0.25429999828338623 0.9679999947547913 
vt 0.25429999828338623 0.9557999968528748 
vt 0.25429999828338623 0.9060999751091003 
vt 0.2574999928474426 0.9052000045776367 
vt 0.31049999594688416 0.9718000292778015 
vt 0.2890999913215637 0.9799000024795532 
vt 0.2806999981403351 0.9577999711036682 
vt 0.4165000021457672 0.8725000023841858 
vt 0.44830000400543213 0.8790000081062317 
vt 0.4733999967575073 0.8862000107765198 
vt 0.4652000069618225 0.9437000155448914 
vt 0.4415000081062317 0.9459999799728394 
vt 0.41290000081062317 0.9490000009536743 
vt 0.2922999858856201 0.8658000230789185 
vt 0.31610000133514404 0.864300012588501 
vt 0.3456000089645386 0.8646000027656555 
vt 0.4912000000476837 0.9298999905586243 
vt 0.49309998750686646 0.9390000104904175 
vt 0.4921000003814697 0.9391999840736389 
vt 0.4884999990463257 0.9399999976158142 
vt 0.48809999227523804 0.9187999963760376 
vt 0.4867999851703644 0.9186000227928162 
vt 0.4844000041484833 0.9193999767303467 
vt 0.4772999882698059 0.920199990272522 
vt 0.25429999828338623 0.8848999738693237 
vt 0.25429999828338623 0.8682000041007996 
vt 0.2567000091075897 0.8682000041007996 
vt 0.2624000012874603 0.8679999709129333 
vt 0.25429999828338623 0.9043999910354614 
vt 0.3555000126361847 0.9585000276565552 
vt 0.3319999873638153 0.9646999835968018 
vt 0.30250000953674316 0.9491000175476074 
vt 0.4968000054359436 0.8974000215530396 
vt 0.5001000165939331 0.8995000123977661 
vt 0.5012000203132629 0.9002000093460083 
vt 0.48669999837875366 0.9172000288963318 
vt 0.4887999892234802 0.892799973487854 
vt 0.4848000109195709 0.916100025177002 
vt 0.48030000925064087 0.9416000247001648 
vt 0.3806000053882599 0.8675000071525574 
vt 0.3833000063896179 0.9531000256538391 
vt 0.274399995803833 0.8672999739646912 
vt 0.2329999953508377 0.8834999799728394 
vt 0.23119999468326569 0.8992000222206116 
vt 0.21379999816417694 0.8960000276565552 
vt 0.2152000069618225 0.8816999793052673 
vt 0.24570000171661377 0.8847000002861023 
vt 0.2442999929189682 0.9020000100135803 
vt 0.23149999976158142 0.914900004863739 
vt 0.2304999977350235 0.9298999905586243 
vt 0.21060000360012054 0.9229000210762024 
vt 0.21250000596046448 0.909600019454956 
vt 0.24529999494552612 0.9207000136375427 
vt 0.24490000307559967 0.9369000196456909 
vt 0.251800000667572 0.8848999738693237 
vt 0.25119999051094055 0.9035000205039978 
vt 0.2517000138759613 0.9240999817848206 
vt 0.2515000104904175 0.9402999877929688 
vt 0.1899999976158142 0.9057000279426575 
vt 0.1881999969482422 0.9175999760627747 
vt 0.19200000166893005 0.8801000118255615 
vt 0.1915999948978424 0.8934000134468079 
vt 0.16429999470710754 0.8927000164985657 
vt 0.16369999945163727 0.8802000284194946 
vt 0.16200000047683716 0.9139999747276306 
vt 0.16329999268054962 0.9035999774932861 
vt 0.13089999556541443 0.9035999774932861 
vt 0.13050000369548798 0.9121999740600586 
vt 0.12960000336170197 0.882099986076355 
vt 0.13109999895095825 0.894599974155426 
vt 0.0966000035405159 0.8982999920845032 
vt 0.09440000355243683 0.8859999775886536 
vt 0.09780000150203705 0.911899983882904 
vt 0.09730000048875809 0.9053000211715698 
vt 0.06750000268220901 0.9086999893188477 
vt 0.06830000132322311 0.9135000109672546 
vt 0.06340000033378601 0.8913999795913696 
vt 0.06639999896287918 0.9035000205039978 
vt 0.043299999088048935 0.9088000059127808 
vt 0.03929999843239784 0.8973000049591064 
vt 0.04490000009536743 0.9157999753952026 
vt 0.04430000111460686 0.9125999808311462 
vt 0.03020000085234642 0.9154000282287598 
vt 0.030400000512599945 0.9174000024795532 
vt 0.024800000712275505 0.9024999737739563 
vt 0.029899999499320984 0.9128000140190125 
vt 0.023499999195337296 0.9153000116348267 
vt 0.017400000244379044 0.9064000248908997 
vt 0.013899999670684338 0.9079999923706055 
vt 0.0210999995470047 0.9168999791145325 
vt 0.02979999966919422 0.9325000047683716 
vt 0.021900000050663948 0.9311000108718872 
vt 0.02419999986886978 0.9204000234603882 
vt 0.03150000050663948 0.9212999939918518 
vt 0.030899999663233757 0.9192000031471252 
vt 0.04540000110864639 0.9189000129699707 
vt 0.01850000023841858 0.9302999973297119 
vt 0.021400000900030136 0.9194999933242798 
vt 0.017500000074505806 0.9298999905586243 
vt 0.020500000566244125 0.9187999963760376 
vt 0.06809999793767929 0.9366999864578247 
vt 0.04450000077486038 0.934499979019165 
vt 0.04580000042915344 0.9223999977111816 
vt 0.06920000165700912 0.9241999983787537 
vt 0.06880000233650208 0.9185000061988831 
vt 0.09809999912977219 0.9190000295639038 
vt 0.09830000251531601 0.9269000291824341 
vt 0.09690000116825104 0.9394999742507935 
vt 0.12690000236034393 0.9437000155448914 
vt 0.12890000641345978 0.9308000206947327 
vt 0.1298999935388565 0.9211000204086304 
vt 0.16040000319480896 0.9247000217437744 
vt 0.1581999957561493 0.9362000226974487 
vt 0.15539999306201935 0.9490000009536743 
vt 0.1793999969959259 0.9553999900817871 
vt 0.18320000171661377 0.9426000118255615 
vt 0.1859000027179718 0.9297000169754028 
vt 0.20839999616146088 0.9362999796867371 
vt 0.20579999685287476 0.9502999782562256 
vt 0.2013999968767166 0.9625999927520752 
vt 0.22300000488758087 0.9708999991416931 
vt 0.22769999504089355 0.9589999914169312 
vt 0.24379999935626984 0.9659000039100647 
vt 0.23970000445842743 0.9772999882698059 
vt 0.24740000069141388 0.9799000024795532 
vt 0.2442999929189682 0.9890000224113464 
vt 0.23649999499320984 0.986299991607666 
vt 0.2508000135421753 0.9810000061988831 
vt 0.24770000576972961 0.9901000261306763 
vt 0.2442999929189682 0.9035000205039978 
vt 0.25119999051094055 0.9052000045776367 
vt 0.25119999051094055 0.9549000263214111 
vt 0.25110000371932983 0.9674000144004822 
vt 0.250900000333786 0.968500018119812 
vt 0.2542000114917755 0.9692000150680542 
vt 0.21960000693798065 0.9799000024795532 
vt 0.1981000006198883 0.9718000292778015 
vt 0.16429999470710754 0.8938999772071838 
vt 0.1914999932050705 0.894599974155426 
vt 0.2061000019311905 0.9491999745368958 
vt 0.06040000170469284 0.8790000081062317 
vt 0.09210000187158585 0.8725000023841858 
vt 0.03519999980926514 0.8862000107765198 
vt 0.09830000251531601 0.9257000088691711 
vt 0.06920000165700912 0.9229999780654907 
vt 0.06669999659061432 0.904699981212616 
vt 0.09679999947547913 0.8995000123977661 
vt 0.06719999760389328 0.9460999965667725 
vt 0.04340000078082085 0.9437000155448914 
vt 0.09570000320672989 0.9490000009536743 
vt 0.031300000846385956 0.920199990272522 
vt 0.024299999698996544 0.9193999767303467 
vt 0.021900000050663948 0.9186000227928162 
vt 0.04569999873638153 0.9212999939918518 
vt 0.19249999523162842 0.864300012588501 
vt 0.21639999747276306 0.8658000230789185 
vt 0.163100004196167 0.8646000027656555 
vt 0.1835000067949295 0.9413999915122986 
vt 0.21369999647140503 0.8971999883651733 
vt 0.016599999740719795 0.9391999840736389 
vt 0.01549999974668026 0.9390000104904175 
vt 0.020099999383091927 0.9399999976158142 
vt 0.021900000050663948 0.9172000288963318 
vt 0.023900000378489494 0.916100025177002 
vt 0.03020000085234642 0.9138000011444092 
vt 0.021700000390410423 0.9186999797821045 
vt 0.021199999377131462 0.9182999730110168 
vt 0.25189998745918274 0.8682000041007996 
vt 0.24619999527931213 0.8679999709129333 
vt 0.27950000762939453 0.9444000124931335 
vt 0.26429998874664307 0.95169997215271 
vt 0.26460000872612 0.9646999835968018 
vt 0.2806999981403351 0.9577999711036682 
vt 0.17659999430179596 0.9646999835968018 
vt 0.15320000052452087 0.9585000276565552 
vt 0.13109999895095825 0.8956999778747559 
vt 0.15850000083446503 0.9350000023841858 
vt 0.00860000029206276 0.8995000123977661 
vt 0.011900000274181366 0.8974000215530396 
vt 0.01269999984651804 0.9085999727249146 
vt 0.007400000002235174 0.9003000259399414 
vt 0.23109999299049377 0.9004999995231628 
vt 0.0203000009059906 0.917900025844574 
vt 0.01979999989271164 0.892799973487854 
vt 0.04360000044107437 0.9099000096321106 
vt 0.028300000354647636 0.9416000247001648 
vt 0.12800000607967377 0.8675000071525574 
vt 0.1290999948978424 0.9296000003814697 
vt 0.12530000507831573 0.9531000256538391 
vt 0.23420000076293945 0.8672999739646912 
vt 0.27559998631477356 0.8834999799728394 
vt 0.2773999869823456 0.8992000222206116 
vt 0.2948000133037567 0.8960000276565552 
vt 0.29350000619888306 0.8816999793052673 
vt 0.2630000114440918 0.8847000002861023 
vt 0.26429998874664307 0.9020000100135803 
vt 0.27720001339912415 0.914900004863739 
vt 0.27810001373291016 0.9298999905586243 
vt 0.2980000078678131 0.9229000210762024 
vt 0.2962000072002411 0.909600019454956 
vt 0.26339998841285706 0.9207000136375427 
vt 0.263700008392334 0.9369000196456909 
vt 0.25690001249313354 0.8848999738693237 
vt 0.2574999928474426 0.9035000205039978 
vt 0.25429999828338623 0.8848999738693237 
vt 0.25429999828338623 0.9043999910354614 
vt 0.25690001249313354 0.9240999817848206 
vt 0.2572000026702881 0.9402999877929688 
vt 0.25429999828338623 0.925599992275238 
vt 0.25429999828338623 0.9416999816894531 
vt 0.31859999895095825 0.9057000279426575 
vt 0.320499986410141 0.9175999760627747 
vt 0.3165999948978424 0.8801000118255615 
vt 0.31700000166893005 0.8934000134468079 
vt 0.3443000018596649 0.8927000164985657 
vt 0.3449000120162964 0.8802000284194946 
vt 0.3465999960899353 0.9139999747276306 
vt 0.34529998898506165 0.9035999774932861 
vt 0.37770000100135803 0.9035999774932861 
vt 0.3781000077724457 0.9121999740600586 
vt 0.3790000081062317 0.882099986076355 
vt 0.3776000142097473 0.894599974155426 
vt 0.41200000047683716 0.8982999920845032 
vt 0.4142000079154968 0.8859999775886536 
vt 0.4108999967575073 0.911899983882904 
vt 0.4113999903202057 0.9053000211715698 
vt 0.44119998812675476 0.9086999893188477 
vt 0.44040000438690186 0.9135000109672546 
vt 0.44519999623298645 0.8913999795913696 
vt 0.4422000050544739 0.9035000205039978 
vt 0.4652999937534332 0.9088000059127808 
vt 0.4693000018596649 0.8973000049591064 
vt 0.46369999647140503 0.9157999753952026 
vt 0.4643999934196472 0.9125999808311462 
vt 0.47839999198913574 0.9154000282287598 
vt 0.4781999886035919 0.9174000024795532 
vt 0.4837999939918518 0.9024999737739563 
vt 0.47870001196861267 0.9128000140190125 
vt 0.48510000109672546 0.9153000116348267 
vt 0.49129998683929443 0.9064000248908997 
vt 0.49480000138282776 0.9079999923706055 
vt 0.4875999987125397 0.9168999791145325 
vt 0.4787999987602234 0.9325000047683716 
vt 0.4867999851703644 0.9311000108718872 
vt 0.4844000041484833 0.9204000234603882 
vt 0.4771000146865845 0.9212999939918518 
vt 0.47769999504089355 0.9192000031471252 
vt 0.46320000290870667 0.9187999963760376 
vt 0.4900999963283539 0.9302999973297119 
vt 0.48730000853538513 0.9194999933242798 
vt 0.4912000000476837 0.9298999905586243 
vt 0.48809999227523804 0.9187999963760376 
vt 0.4406000077724457 0.9366999864578247 
vt 0.4641000032424927 0.934499979019165 
vt 0.4629000127315521 0.9223999977111816 
vt 0.43939998745918274 0.9241999983787537 
vt 0.4397999942302704 0.9185000061988831 
vt 0.4104999899864197 0.9190000295639038 
vt 0.41029998660087585 0.9269000291824341 
vt 0.41179999709129333 0.9394999742507935 
vt 0.38179999589920044 0.9437000155448914 
vt 0.3797000050544739 0.9308000206947327 
vt 0.37880000472068787 0.9211000204086304 
vt 0.3483000099658966 0.9247000217437744 
vt 0.35040000081062317 0.9362000226974487 
vt 0.353300005197525 0.9490000009536743 
vt 0.32919999957084656 0.9553999900817871 
vt 0.3253999948501587 0.9426000118255615 
vt 0.32269999384880066 0.9297000169754028 
vt 0.3003000020980835 0.9362999796867371 
vt 0.3027999997138977 0.9502999782562256 
vt 0.30730000138282776 0.9625999927520752 
vt 0.2856000065803528 0.9708999991416931 
vt 0.2809999883174896 0.9589999914169312 
vt 0.2648000121116638 0.9659000039100647 
vt 0.26899999380111694 0.9772999882698059 
vt 0.2612000107765198 0.9799000024795532 
vt 0.2578999996185303 0.9810000061988831 
vt 0.26429998874664307 0.9035000205039978 
vt 0.2574999928474426 0.9052000045776367 
vt 0.2574000060558319 0.9549000263214111 
vt 0.25429999828338623 0.9557999968528748 
vt 0.25429999828338623 0.9679999947547913 
vt 0.25760000944137573 0.9674000144004822 
vt 0.25769999623298645 0.968500018119812 
vt 0.25450000166893005 0.9692000150680542 
vt 0.3443000018596649 0.8938999772071838 
vt 0.31709998846054077 0.894599974155426 
vt 0.30250000953674316 0.9491000175476074 
vt 0.41029998660087585 0.9257000088691711 
vt 0.43939998745918274 0.9229999780654907 
vt 0.44200000166893005 0.904699981212616 
vt 0.41190001368522644 0.8995000123977661 
vt 0.4772999882698059 0.920199990272522 
vt 0.4844000041484833 0.9193999767303467 
vt 0.4867999851703644 0.9186000227928162 
vt 0.4629000127315521 0.9212999939918518 
vt 0.32510000467300415 0.9413999915122986 
vt 0.29490000009536743 0.8971999883651733 
vt 0.48669999837875366 0.9172000288963318 
vt 0.4848000109195709 0.916100025177002 
vt 0.47839999198913574 0.9138000011444092 
vt 0.4869000017642975 0.9186999797821045 
vt 0.48739999532699585 0.9182999730110168 
vt 0.22910000383853912 0.9444000124931335 
vt 0.20839999616146088 0.9362999796867371 
vt 0.2061000019311905 0.9491999745368958 
vt 0.22789999842643738 0.9578999876976013 
vt 0.25429999828338623 0.9060999751091003 
vt 0.3774999976158142 0.8956999778747559 
vt 0.35019999742507935 0.9348999857902527 
vt 0.4959000051021576 0.9085999727249146 
vt 0.2775000035762787 0.9004999995231628 
vt 0.48829999566078186 0.917900025844574 
vt 0.4650000035762787 0.9099000096321106 
vt 0.37950000166893005 0.9296000003814697 
vt 0.2329999953508377 0.8834999799728394 
vt 0.2152000069618225 0.8816999793052673 
vt 0.21379999816417694 0.8960000276565552 
vt 0.23119999468326569 0.8992000222206116 
vt 0.24740000069141388 0.9799000024795532 
vt 0.2508000135421753 0.9810000061988831 
vt 0.2542000114917755 0.9692000150680542 
vt 0.250900000333786 0.968500018119812 
vt 0.23149999976158142 0.914900004863739 
vt 0.21250000596046448 0.909600019454956 
vt 0.21060000360012054 0.9229000210762024 
vt 0.2304999977350235 0.9298999905586243 
vt 0.24490000307559967 0.9369000196456909 
vt 0.24529999494552612 0.9207000136375427 
vt 0.251800000667572 0.8848999738693237 
vt 0.24570000171661377 0.8847000002861023 
vt 0.2442999929189682 0.9020000100135803 
vt 0.25119999051094055 0.9035000205039978 
vt 0.2517000138759613 0.9240999817848206 
vt 0.2515000104904175 0.9402999877929688 
vt 0.1899999976158142 0.9057000279426575 
vt 0.1881999969482422 0.9175999760627747 
vt 0.19200000166893005 0.8801000118255615 
vt 0.16369999945163727 0.8802000284194946 
vt 0.16429999470710754 0.8927000164985657 
vt 0.1915999948978424 0.8934000134468079 
vt 0.1859000027179718 0.9297000169754028 
vt 0.16040000319480896 0.9247000217437744 
vt 0.15850000083446503 0.9350000023841858 
vt 0.1835000067949295 0.9413999915122986 
vt 0.16329999268054962 0.9035999774932861 
vt 0.16200000047683716 0.9139999747276306 
vt 0.13089999556541443 0.9035999774932861 
vt 0.13050000369548798 0.9121999740600586 
vt 0.12960000336170197 0.882099986076355 
vt 0.09440000355243683 0.8859999775886536 
vt 0.0966000035405159 0.8982999920845032 
vt 0.13109999895095825 0.894599974155426 
vt 0.1298999935388565 0.9211000204086304 
vt 0.09809999912977219 0.9190000295639038 
vt 0.09830000251531601 0.9257000088691711 
vt 0.1290999948978424 0.9296000003814697 
vt 0.09730000048875809 0.9053000211715698 
vt 0.09780000150203705 0.911899983882904 
vt 0.06750000268220901 0.9086999893188477 
vt 0.06830000132322311 0.9135000109672546 
vt 0.06340000033378601 0.8913999795913696 
vt 0.03929999843239784 0.8973000049591064 
vt 0.043299999088048935 0.9088000059127808 
vt 0.06639999896287918 0.9035000205039978 
vt 0.06880000233650208 0.9185000061988831 
vt 0.04540000110864639 0.9189000129699707 
vt 0.04569999873638153 0.9212999939918518 
vt 0.06920000165700912 0.9229999780654907 
vt 0.04430000111460686 0.9125999808311462 
vt 0.04490000009536743 0.9157999753952026 
vt 0.03020000085234642 0.9154000282287598 
vt 0.030400000512599945 0.9174000024795532 
vt 0.024800000712275505 0.9024999737739563 
vt 0.017400000244379044 0.9064000248908997 
vt 0.023499999195337296 0.9153000116348267 
vt 0.029899999499320984 0.9128000140190125 
vt 0.02979999966919422 0.9325000047683716 
vt 0.04450000077486038 0.934499979019165 
vt 0.04580000042915344 0.9223999977111816 
vt 0.03150000050663948 0.9212999939918518 
vt 0.2442999929189682 0.9035000205039978 
vt 0.23109999299049377 0.9004999995231628 
vt 0.013899999670684338 0.9079999923706055 
vt 0.01269999984651804 0.9085999727249146 
vt 0.0203000009059906 0.917900025844574 
vt 0.0210999995470047 0.9168999791145325 
vt 0.030899999663233757 0.9192000031471252 
vt 0.01850000023841858 0.9302999973297119 
vt 0.021900000050663948 0.9311000108718872 
vt 0.02419999986886978 0.9204000234603882 
vt 0.021400000900030136 0.9194999933242798 
vt 0.04360000044107437 0.9099000096321106 
vt 0.03020000085234642 0.9138000011444092 
vt 0.021199999377131462 0.9182999730110168 
vt 0.021700000390410423 0.9186999797821045 
vt 0.06809999793767929 0.9366999864578247 
vt 0.09690000116825104 0.9394999742507935 
vt 0.09830000251531601 0.9269000291824341 
vt 0.06920000165700912 0.9241999983787537 
vt 0.09679999947547913 0.8995000123977661 
vt 0.06669999659061432 0.904699981212616 
vt 0.12690000236034393 0.9437000155448914 
vt 0.15539999306201935 0.9490000009536743 
vt 0.1581999957561493 0.9362000226974487 
vt 0.12890000641345978 0.9308000206947327 
vt 0.16429999470710754 0.8938999772071838 
vt 0.13109999895095825 0.8956999778747559 
vt 0.1793999969959259 0.9553999900817871 
vt 0.2013999968767166 0.9625999927520752 
vt 0.20579999685287476 0.9502999782562256 
vt 0.18320000171661377 0.9426000118255615 
vt 0.2443999946117401 0.95169997215271 
vt 0.22300000488758087 0.9708999991416931 
vt 0.23970000445842743 0.9772999882698059 
vt 0.24379999935626984 0.9659000039100647 
vt 0.22769999504089355 0.9589999914169312 
vt 0.21369999647140503 0.8971999883651733 
vt 0.1914999932050705 0.894599974155426 
vt 0.25119999051094055 0.9549000263214111 
vt 0.24400000274181366 0.9646999835968018 
vt 0.25110000371932983 0.9674000144004822 
vt 0.25119999051094055 0.9052000045776367 
vt 0.017500000074505806 0.9298999905586243 
vt 0.020500000566244125 0.9187999963760376 
vt 0.021900000050663948 0.9186000227928162 
vt 0.024299999698996544 0.9193999767303467 
vt 0.031300000846385956 0.920199990272522 
vt 0.021900000050663948 0.9172000288963318 
vt 0.023900000378489494 0.916100025177002 
vt 0.2808000147342682 0.9585000276565552 
vt 0.3025999963283539 0.9498000144958496 
vt 0.2646999955177307 0.9653000235557556 
vt 0.31709998846054077 0.8939999938011169 
vt 0.29490000009536743 0.8964999914169312 
vt 0.3443000018596649 0.8932999968528748 
vt 0.32519999146461487 0.9419999718666077 
vt 0.35030001401901245 0.9355999827384949 
vt 0.3774999976158142 0.8950999975204468 
vt 0.41190001368522644 0.8988999724388123 
vt 0.37959998846054077 0.9301999807357788 
vt 0.41029998660087585 0.9262999892234802 
vt 0.44209998846054077 0.9041000008583069 
vt 0.4650999903678894 0.9093999862670898 
vt 0.43939998745918274 0.9236000180244446 
vt 0.462799996137619 0.9218999743461609 
vt 0.4871000051498413 0.9190000295639038 
vt 0.4878999888896942 0.91839998960495 
vt 0.48429998755455017 0.9199000000953674 
vt 0.47850000858306885 0.9132999777793884 
vt 0.48489999771118164 0.9157000184059143 
vt 0.4771000146865845 0.920799970626831 
vt 0.487199991941452 0.9172000288963318 
vt 0.4878999888896942 0.9182999730110168 
vt 0.2775000035762787 0.8998000025749207 
vt 0.26429998874664307 0.9027000069618225 
vt 0.25760000944137573 0.9679999947547913 
vt 0.25429999828338623 0.9685999751091003 
vt 0.2574000060558319 0.9042999744415283 
vt 0.25429999828338623 0.9050999879837036 
vt 0.22789999842643738 0.9585000276565552 
vt 0.20600000023841858 0.9498000144958496 
vt 0.24400000274181366 0.9653000235557556 
vt 0.1915999948978424 0.8939999938011169 
vt 0.21379999816417694 0.8964999914169312 
vt 0.16439999639987946 0.8932999968528748 
vt 0.1834000051021576 0.9419999718666077 
vt 0.15839999914169312 0.9355999827384949 
vt 0.13109999895095825 0.8950999975204468 
vt 0.09669999778270721 0.8988999724388123 
vt 0.1289999932050705 0.9301999807357788 
vt 0.09839999675750732 0.9262999892234802 
vt 0.066600002348423 0.9041000008583069 
vt 0.04349999874830246 0.9093999862670898 
vt 0.06930000334978104 0.9236000180244446 
vt 0.04580000042915344 0.9218999743461609 
vt 0.0215000007301569 0.9190000295639038 
vt 0.020800000056624413 0.91839998960495 
vt 0.024299999698996544 0.9199000000953674 
vt 0.03020000085234642 0.9132999777793884 
vt 0.023800000548362732 0.9157000184059143 
vt 0.03150000050663948 0.920799970626831 
vt 0.021400000900030136 0.9172000288963318 
vt 0.02070000022649765 0.9182999730110168 
vt 0.23119999468326569 0.8998000025749207 
vt 0.2442999929189682 0.9027000069618225 
vt 0.25099998712539673 0.9679999947547913 
vt 0.25119999051094055 0.9042999744415283 
vt 0.2808000147342682 0.9585000276565552 
vt 0.3025999963283539 0.9498000144958496 
vt 0.2646999955177307 0.9653000235557556 
vt 0.31709998846054077 0.8939999938011169 
vt 0.29490000009536743 0.8964999914169312 
vt 0.3443000018596649 0.8932999968528748 
vt 0.32519999146461487 0.9419999718666077 
vt 0.35030001401901245 0.9355999827384949 
vt 0.3774999976158142 0.8950999975204468 
vt 0.41190001368522644 0.8988999724388123 
vt 0.37959998846054077 0.9301999807357788 
vt 0.41029998660087585 0.9262999892234802 
vt 0.44209998846054077 0.9041000008583069 
vt 0.4650999903678894 0.9093999862670898 
vt 0.43939998745918274 0.9236000180244446 
vt 0.462799996137619 0.9218999743461609 
vt 0.4871000051498413 0.9190000295639038 
vt 0.4878999888896942 0.91839998960495 
vt 0.48429998755455017 0.9199000000953674 
vt 0.47850000858306885 0.9132999777793884 
vt 0.48489999771118164 0.9157000184059143 
vt 0.4771000146865845 0.920799970626831 
vt 0.487199991941452 0.9172000288963318 
vt 0.4878999888896942 0.9182999730110168 
vt 0.2775000035762787 0.8998000025749207 
vt 0.26429998874664307 0.9027000069618225 
vt 0.25760000944137573 0.9679999947547913 
vt 0.25429999828338623 0.9685999751091003 
vt 0.2574000060558319 0.9042999744415283 
vt 0.25429999828338623 0.9050999879837036 
vt 0.22789999842643738 0.9585000276565552 
vt 0.20600000023841858 0.9498000144958496 
vt 0.24400000274181366 0.9653000235557556 
vt 0.1915999948978424 0.8939999938011169 
vt 0.21379999816417694 0.8964999914169312 
vt 0.16439999639987946 0.8932999968528748 
vt 0.1834000051021576 0.9419999718666077 
vt 0.15839999914169312 0.9355999827384949 
vt 0.13109999895095825 0.8950999975204468 
vt 0.09669999778270721 0.8988999724388123 
vt 0.1289999932050705 0.9301999807357788 
vt 0.09839999675750732 0.9262999892234802 
vt 0.066600002348423 0.9041000008583069 
vt 0.04349999874830246 0.9093999862670898 
vt 0.06930000334978104 0.9236000180244446 
vt 0.04580000042915344 0.9218999743461609 
vt 0.0215000007301569 0.9190000295639038 
vt 0.020800000056624413 0.91839998960495 
vt 0.024299999698996544 0.9199000000953674 
vt 0.03020000085234642 0.9132999777793884 
vt 0.023800000548362732 0.9157000184059143 
vt 0.03150000050663948 0.920799970626831 
vt 0.021400000900030136 0.9172000288963318 
vt 0.02070000022649765 0.9182999730110168 
vt 0.23119999468326569 0.8998000025749207 
vt 0.2442999929189682 0.9027000069618225 
vt 0.25099998712539673 0.9679999947547913 
vt 0.25119999051094055 0.9042999744415283 
vt 0.0754999965429306 0.4921000003814697 
vt 0.08889999985694885 0.47200000286102295 
vt 0.10249999910593033 0.48259997367858887 
vt 0.0869000032544136 0.5006999969482422 
vt 0.19920000433921814 0.4401000142097473 
vt 0.22849999368190765 0.4309999942779541 
vt 0.22550000250339508 0.44089996814727783 
vt 0.20100000500679016 0.4514000415802002 
vt 0.16500000655651093 0.4444999694824219 
vt 0.16760000586509705 0.4586000442504883 
vt 0.19820000231266022 0.42869997024536133 
vt 0.2295999974012375 0.42009997367858887 
vt 0.09470000118017197 0.44710004329681396 
vt 0.1111999973654747 0.437999963760376 
vt 0.1160999983549118 0.44700002670288086 
vt 0.10220000147819519 0.4562000036239624 
vt 0.2718999981880188 0.39469999074935913 
vt 0.2969000041484833 0.41439998149871826 
vt 0.2766999900341034 0.42229998111724854 
vt 0.2703999876976013 0.4104999899864197 
vt 0.26899999380111694 0.4228999614715576 
vt 0.2635999917984009 0.41850000619888306 
vt 0.028699999675154686 0.5145000219345093 
vt 0.03799999877810478 0.4961000084877014 
vt 0.05350000038743019 0.505299985408783 
vt 0.04600000008940697 0.5216000080108643 
vt 0.06499999761581421 0.5108000040054321 
vt 0.05999999865889549 0.5252000093460083 
vt 0.16200000047683716 0.4194999933242798 
vt 0.195700004696846 0.41519999504089355 
vt 0.163100004196167 0.4326000213623047 
vt 0.0746999979019165 0.5133000016212463 
vt 0.07559999823570251 0.5239999890327454 
vt 0.08709999918937683 0.4365999698638916 
vt 0.10660000145435333 0.4262999892234802 
vt 0.2630000114440918 0.4246000051498413 
vt 0.2558000087738037 0.42649996280670166 
vt 0.1362999975681305 0.4449000358581543 
vt 0.13910000026226044 0.45739996433258057 
vt 0.12160000205039978 0.45509999990463257 
vt 0.11410000175237656 0.4659000039100647 
vt 0.13330000638961792 0.43410003185272217 
vt 0.131400004029274 0.4212999939918518 
vt 0.22660000622272491 0.4067000150680542 
vt 0.05180000141263008 0.47440004348754883 
vt 0.06870000064373016 0.453000009059906 
vt 0.07940000295639038 0.46299999952316284 
vt 0.06480000168085098 0.48409998416900635 
vt 0.22349999845027924 0.4645000100135803 
vt 0.21400000154972076 0.4672999978065491 
vt 0.18610000610351562 0.5034000277519226 
vt 0.17239999771118164 0.5047000050544739 
vt 0.15539999306201935 0.5533000230789185 
vt 0.15369999408721924 0.5669999718666077 
vt 0.13689999282360077 0.5669999718666077 
vt 0.14090000092983246 0.5562999844551086 
vt 0.2434999942779541 0.4745999574661255 
vt 0.23350000381469727 0.4668999910354614 
vt 0.20999999344348907 0.5101000070571899 
vt 0.1973000019788742 0.5041999816894531 
vt 0.18379999697208405 0.5562999844551086 
vt 0.18240000307559967 0.5669999718666077 
vt 0.1678999960422516 0.5669999718666077 
vt 0.16899999976158142 0.554099977016449 
vt 0.018400000408291817 0.5547999739646912 
vt 0.03739999979734421 0.5562000274658203 
vt 0.037300001829862595 0.5669999718666077 
vt 0.01769999973475933 0.5669999718666077 
vt 0.052799999713897705 0.5575000047683716 
vt 0.05339999869465828 0.5669999718666077 
vt 0.07199999690055847 0.5582000017166138 
vt 0.07270000129938126 0.5669999718666077 
vt 0.1071000024676323 0.5468000173568726 
vt 0.07360000163316727 0.5489000082015991 
vt 0.07599999755620956 0.5371999740600586 
vt 0.11060000211000443 0.5299999713897705 
vt 0.09920000284910202 0.5138000249862671 
vt 0.1251000016927719 0.4952999949455261 
vt 0.1363999992609024 0.4743000268936157 
vt 0.16930000483989716 0.477400004863739 
vt 0.2079000025987625 0.4602000117301941 
vt 0.1468999981880188 0.5389999747276306 
vt 0.05609999969601631 0.5376999974250793 
vt 0.041200000792741776 0.5351999998092651 
vt 0.023099999874830246 0.5302000045776367 
vt 0.10320000350475311 0.5580999851226807 
vt 0.053700000047683716 0.5483999848365784 
vt 0.038600001484155655 0.5464000105857849 
vt 0.019899999722838402 0.5432999730110168 
vt 0.17710000276565552 0.5329999923706055 
vt 0.16590000689029694 0.5324000120162964 
vt 0.19140000641345978 0.5375000238418579 
vt 0.10100000351667404 0.5669999718666077 
vt 0.0754999965429306 0.6419000029563904 
vt 0.0869000032544136 0.6333000063896179 
vt 0.10249999910593033 0.6514000296592712 
vt 0.08889999985694885 0.6620000004768372 
vt 0.19920000433921814 0.6938999891281128 
vt 0.20100000500679016 0.6826000213623047 
vt 0.22550000250339508 0.6930999755859375 
vt 0.22849999368190765 0.703000009059906 
vt 0.16500000655651093 0.6894999742507935 
vt 0.16760000586509705 0.6754000186920166 
vt 0.19820000231266022 0.705299973487854 
vt 0.2295999974012375 0.7139000296592712 
vt 0.09480000287294388 0.6869000196456909 
vt 0.10220000147819519 0.6777999997138977 
vt 0.1160999983549118 0.6869999766349792 
vt 0.1111999973654747 0.6959999799728394 
vt 0.2718999981880188 0.739300012588501 
vt 0.2703999876976013 0.7235000133514404 
vt 0.2766999900341034 0.7117000222206116 
vt 0.2969000041484833 0.7196000218391418 
vt 0.2635999917984009 0.715499997138977 
vt 0.26899999380111694 0.7110999822616577 
vt 0.028699999675154686 0.6194999814033508 
vt 0.04600000008940697 0.6123999953269958 
vt 0.05350000038743019 0.6287000179290771 
vt 0.03799999877810478 0.6378999948501587 
vt 0.05999999865889549 0.6087999939918518 
vt 0.06499999761581421 0.623199999332428 
vt 0.16200000047683716 0.7145000100135803 
vt 0.163100004196167 0.7013999819755554 
vt 0.195700004696846 0.7188000082969666 
vt 0.07559999823570251 0.6100000143051147 
vt 0.0746999979019165 0.6207000017166138 
vt 0.08709999918937683 0.6973999738693237 
vt 0.10660000145435333 0.7077000141143799 
vt 0.2558000087738037 0.7074999809265137 
vt 0.2630000114440918 0.7095000147819519 
vt 0.1362999975681305 0.6891000270843506 
vt 0.13910000026226044 0.6765999794006348 
vt 0.11410000175237656 0.6680999994277954 
vt 0.12160000205039978 0.6789000034332275 
vt 0.13330000638961792 0.6998999714851379 
vt 0.131400004029274 0.7127000093460083 
vt 0.22660000622272491 0.7272999882698059 
vt 0.05180000141263008 0.659600019454956 
vt 0.06480000168085098 0.6499000191688538 
vt 0.07940000295639038 0.6710000038146973 
vt 0.06870000064373016 0.6809999942779541 
vt 0.21400000154972076 0.666700005531311 
vt 0.22349999845027924 0.6694999933242798 
vt 0.17239999771118164 0.6292999982833862 
vt 0.18610000610351562 0.6306999921798706 
vt 0.15539999306201935 0.5806999802589417 
vt 0.14090000092983246 0.5777000188827515 
vt 0.23350000381469727 0.6671000123023987 
vt 0.2434999942779541 0.6593999862670898 
vt 0.1973000019788742 0.629800021648407 
vt 0.20999999344348907 0.6238999962806702 
vt 0.18379999697208405 0.5777000188827515 
vt 0.16899999976158142 0.5799000263214111 
vt 0.018400000408291817 0.579200029373169 
vt 0.03739999979734421 0.5777999758720398 
vt 0.052799999713897705 0.5764999985694885 
vt 0.07199999690055847 0.5758000016212463 
vt 0.1071000024676323 0.5871999859809875 
vt 0.11060000211000443 0.6039999723434448 
vt 0.07599999755620956 0.5968999862670898 
vt 0.07360000163316727 0.585099995136261 
vt 0.09920000284910202 0.620199978351593 
vt 0.1251000016927719 0.6388000249862671 
vt 0.1363999992609024 0.6596999764442444 
vt 0.16930000483989716 0.6565999984741211 
vt 0.2079000025987625 0.673799991607666 
vt 0.1468999981880188 0.5950000286102295 
vt 0.05620000138878822 0.5963000059127808 
vt 0.041200000792741776 0.5989000201225281 
vt 0.023099999874830246 0.6037999987602234 
vt 0.10320000350475311 0.5759000182151794 
vt 0.053700000047683716 0.5856000185012817 
vt 0.038600001484155655 0.5875999927520752 
vt 0.019899999722838402 0.5906999707221985 
vt 0.16590000689029694 0.6015999913215637 
vt 0.17710000276565552 0.6010000109672546 
vt 0.19140000641345978 0.5964999794960022 
vt 0.0754999965429306 0.4921000003814697 
vt 0.0869000032544136 0.5006999969482422 
vt 0.10249999910593033 0.48259997367858887 
vt 0.08889999985694885 0.47200000286102295 
vt 0.19920000433921814 0.4401000142097473 
vt 0.20100000500679016 0.4514000415802002 
vt 0.22550000250339508 0.44089996814727783 
vt 0.22849999368190765 0.4309999942779541 
vt 0.16500000655651093 0.4444999694824219 
vt 0.16760000586509705 0.4586000442504883 
vt 0.19820000231266022 0.42869997024536133 
vt 0.2295999974012375 0.42009997367858887 
vt 0.09470000118017197 0.44710004329681396 
vt 0.10220000147819519 0.4562000036239624 
vt 0.1160999983549118 0.44700002670288086 
vt 0.1111999973654747 0.437999963760376 
vt 0.2703999876976013 0.4104999899864197 
vt 0.2766999900341034 0.42229998111724854 
vt 0.2635999917984009 0.41850000619888306 
vt 0.26899999380111694 0.4228999614715576 
vt 0.04600000008940697 0.5216000080108643 
vt 0.05350000038743019 0.505299985408783 
vt 0.05999999865889549 0.5252000093460083 
vt 0.06499999761581421 0.5108000040054321 
vt 0.163100004196167 0.4326000213623047 
vt 0.07559999823570251 0.5239999890327454 
vt 0.0746999979019165 0.5133000016212463 
vt 0.2558000087738037 0.42649996280670166 
vt 0.2630000114440918 0.4246000051498413 
vt 0.1362999975681305 0.4449000358581543 
vt 0.13910000026226044 0.45739996433258057 
vt 0.11410000175237656 0.4659000039100647 
vt 0.12160000205039978 0.45509999990463257 
vt 0.13330000638961792 0.43410003185272217 
vt 0.06480000168085098 0.48409998416900635 
vt 0.07940000295639038 0.46299999952316284 
vt 0.21400000154972076 0.4672999978065491 
vt 0.22349999845027924 0.4645000100135803 
vt 0.17239999771118164 0.5047000050544739 
vt 0.18610000610351562 0.5034000277519226 
vt 0.15539999306201935 0.5533000230789185 
vt 0.14090000092983246 0.5562999844551086 
vt 0.13689999282360077 0.5669999718666077 
vt 0.15369999408721924 0.5669999718666077 
vt 0.23350000381469727 0.4668999910354614 
vt 0.1973000019788742 0.5041999816894531 
vt 0.16899999976158142 0.554099977016449 
vt 0.1678999960422516 0.5669999718666077 
vt 0.037300001829862595 0.5669999718666077 
vt 0.03739999979734421 0.5562000274658203 
vt 0.05339999869465828 0.5669999718666077 
vt 0.052799999713897705 0.5575000047683716 
vt 0.07270000129938126 0.5669999718666077 
vt 0.07199999690055847 0.5582000017166138 
vt 0.1071000024676323 0.5468000173568726 
vt 0.11060000211000443 0.5299999713897705 
vt 0.07599999755620956 0.5371999740600586 
vt 0.07360000163316727 0.5489000082015991 
vt 0.09920000284910202 0.5138000249862671 
vt 0.1251000016927719 0.4952999949455261 
vt 0.1363999992609024 0.4743000268936157 
vt 0.16930000483989716 0.477400004863739 
vt 0.2079000025987625 0.4602000117301941 
vt 0.1468999981880188 0.5389999747276306 
vt 0.05609999969601631 0.5376999974250793 
vt 0.041200000792741776 0.5351999998092651 
vt 0.10320000350475311 0.5580999851226807 
vt 0.053700000047683716 0.5483999848365784 
vt 0.038600001484155655 0.5464000105857849 
vt 0.16590000689029694 0.5324000120162964 
vt 0.17710000276565552 0.5329999923706055 
vt 0.10100000351667404 0.5669999718666077 
vt 0.0754999965429306 0.6419000029563904 
vt 0.08889999985694885 0.6620000004768372 
vt 0.10249999910593033 0.6514000296592712 
vt 0.0869000032544136 0.6333000063896179 
vt 0.19920000433921814 0.6938999891281128 
vt 0.22849999368190765 0.703000009059906 
vt 0.22550000250339508 0.6930999755859375 
vt 0.20100000500679016 0.6826000213623047 
vt 0.16500000655651093 0.6894999742507935 
vt 0.16760000586509705 0.6754000186920166 
vt 0.19820000231266022 0.705299973487854 
vt 0.2295999974012375 0.7139000296592712 
vt 0.09480000287294388 0.6869000196456909 
vt 0.1111999973654747 0.6959999799728394 
vt 0.1160999983549118 0.6869999766349792 
vt 0.10220000147819519 0.6777999997138977 
vt 0.2766999900341034 0.7117000222206116 
vt 0.2703999876976013 0.7235000133514404 
vt 0.26899999380111694 0.7110999822616577 
vt 0.2635999917984009 0.715499997138977 
vt 0.05350000038743019 0.6287000179290771 
vt 0.04600000008940697 0.6123999953269958 
vt 0.06499999761581421 0.623199999332428 
vt 0.05999999865889549 0.6087999939918518 
vt 0.163100004196167 0.7013999819755554 
vt 0.0746999979019165 0.6207000017166138 
vt 0.07559999823570251 0.6100000143051147 
vt 0.2630000114440918 0.7095000147819519 
vt 0.2558000087738037 0.7074999809265137 
vt 0.1362999975681305 0.6891000270843506 
vt 0.13910000026226044 0.6765999794006348 
vt 0.12160000205039978 0.6789000034332275 
vt 0.11410000175237656 0.6680999994277954 
vt 0.13330000638961792 0.6998999714851379 
vt 0.07940000295639038 0.6710000038146973 
vt 0.06480000168085098 0.6499000191688538 
vt 0.22349999845027924 0.6694999933242798 
vt 0.21400000154972076 0.666700005531311 
vt 0.18610000610351562 0.6306999921798706 
vt 0.17239999771118164 0.6292999982833862 
vt 0.15539999306201935 0.5806999802589417 
vt 0.14090000092983246 0.5777000188827515 
vt 0.23350000381469727 0.6671000123023987 
vt 0.1973000019788742 0.629800021648407 
vt 0.16899999976158142 0.5799000263214111 
vt 0.03739999979734421 0.5777999758720398 
vt 0.052799999713897705 0.5764999985694885 
vt 0.07199999690055847 0.5758000016212463 
vt 0.1071000024676323 0.5871999859809875 
vt 0.07360000163316727 0.585099995136261 
vt 0.07599999755620956 0.5968999862670898 
vt 0.11060000211000443 0.6039999723434448 
vt 0.09920000284910202 0.620199978351593 
vt 0.1251000016927719 0.6388000249862671 
vt 0.1363999992609024 0.6596999764442444 
vt 0.16930000483989716 0.6565999984741211 
vt 0.2079000025987625 0.673799991607666 
vt 0.1468999981880188 0.5950000286102295 
vt 0.05620000138878822 0.5963000059127808 
vt 0.041200000792741776 0.5989000201225281 
vt 0.10320000350475311 0.5759000182151794 
vt 0.053700000047683716 0.5856000185012817 
vt 0.038600001484155655 0.5875999927520752 
vt 0.17710000276565552 0.6010000109672546 
vt 0.16590000689029694 0.6015999913215637 
vt 0.5637000203132629 0.06790000200271606 
vt 0.5584999918937683 0.07309997081756592 
vt 0.5353999733924866 0.05290001630783081 
vt 0.5404999852180481 0.04790002107620239 
vt 0.536300003528595 0.09539997577667236 
vt 0.5281000137329102 0.10360002517700195 
vt 0.5058000087738037 0.08259999752044678 
vt 0.5138000249862671 0.0745999813079834 
vt 0.5087000131607056 0.12290000915527344 
vt 0.5044999718666077 0.12720000743865967 
vt 0.4830000102519989 0.10540002584457397 
vt 0.4869999885559082 0.10130000114440918 
vt 0.4505000114440918 0.1811000108718872 
vt 0.44530001282691956 0.18629997968673706 
vt 0.4253999888896942 0.16289997100830078 
vt 0.43050000071525574 0.15789997577667236 
vt 0.4884999990463257 0.14310002326965332 
vt 0.48089998960494995 0.15069997310638428 
vt 0.460099995136261 0.1281999945640564 
vt 0.4675000011920929 0.12080001831054688 
vt 0.47269999980926514 0.15890002250671387 
vt 0.46459999680519104 0.16710001230239868 
vt 0.4442000091075897 0.14410001039505005 
vt 0.4521999955177307 0.13620001077651978 
vt 0.5519999861717224 0.07959997653961182 
vt 0.5291000008583069 0.0591999888420105 
vt 0.5205000042915344 0.11119997501373291 
vt 0.4984000027179718 0.08990001678466797 
vt 0.5002999901771545 0.1313999891281128 
vt 0.4788999855518341 0.109499990940094 
vt 0.5720999836921692 0.059599995613098145 
vt 0.5679000020027161 0.06370002031326294 
vt 0.5446000099182129 0.0437999963760376 
vt 0.5486999750137329 0.03970003128051758 
vt 0.5444999933242798 0.08719998598098755 
vt 0.5217000246047974 0.0666000247001648 
vt 0.5139999985694885 0.11769998073577881 
vt 0.4921000003814697 0.09630000591278076 
vt 0.4569999873638153 0.17470002174377441 
vt 0.4368000030517578 0.15149998664855957 
vt 0.4950000047683716 0.13660001754760742 
vt 0.4738999903202057 0.11449998617172241 
vt 0.8457000255584717 0.5005999803543091 
vt 0.8360000252723694 0.5103999972343445 
vt 0.7702999711036682 0.4424999952316284 
vt 0.779699981212616 0.43299996852874756 
vt 0.6952000260353088 0.36409997940063477 
vt 0.7041000127792358 0.35519999265670776 
vt 0.6226999759674072 0.28700000047683716 
vt 0.6309000253677368 0.27890002727508545 
vt 0.5601999759674072 0.21979999542236328 
vt 0.5676000118255615 0.2124999761581421 
vt 0.5418999791145325 0.18559998273849487 
vt 0.5349000096321106 0.19260001182556152 
vt 0.5095000267028809 0.1654999852180481 
vt 0.5162000060081482 0.15869998931884766 
vt 0.7889000177383423 0.5575000047683716 
vt 0.77920001745224 0.5672000050544739 
vt 0.7146000266075134 0.49810004234313965 
vt 0.7242000102996826 0.4884999990463257 
vt 0.6428999900817871 0.4163999557495117 
vt 0.6518999934196472 0.4074000120162964 
vt 0.5751000046730042 0.33459997177124023 
vt 0.583299994468689 0.3264999985694885 
vt 0.5174000263214111 0.26260000467300415 
vt 0.5246999859809875 0.25529998540878296 
vt 0.5008999705314636 0.22659999132156372 
vt 0.49399998784065247 0.23350000381469727 
vt 0.47049999237060547 0.20440000295639038 
vt 0.4771000146865845 0.19779998064041138 
vt 0.8741000294685364 0.4722999930381775 
vt 0.8661999702453613 0.48010003566741943 
vt 0.7993999719619751 0.4133000373840332 
vt 0.8069999814033508 0.4057999849319458 
vt 0.7228000164031982 0.33660000562667847 
vt 0.7299000024795532 0.3294999599456787 
vt 0.6478999853134155 0.26179999113082886 
vt 0.6543999910354614 0.25529998540878296 
vt 0.5830000042915344 0.1970999836921692 
vt 0.5889000296592712 0.19120001792907715 
vt 0.5623000264167786 0.16519999504089355 
vt 0.5566999912261963 0.17079997062683105 
vt 0.5303999781608582 0.1445000171661377 
vt 0.5357999801635742 0.13910001516342163 
vt 0.9196000099182129 0.426800012588501 
vt 0.9074000120162964 0.4390000104904175 
vt 0.8393999934196472 0.3733999729156494 
vt 0.8513000011444092 0.3614000082015991 
vt 0.7603999972343445 0.2990000247955322 
vt 0.7716000080108643 0.28769999742507935 
vt 0.682200014591217 0.22750002145767212 
vt 0.6924999952316284 0.21719998121261597 
vt 0.6140000224113464 0.16610002517700195 
vt 0.623199999332428 0.1568000316619873 
vt 0.5952000021934509 0.1323000192642212 
vt 0.5863999724388123 0.1410999894142151 
vt 0.5587999820709229 0.11619997024536133 
vt 0.5672000050544739 0.10780000686645508 
vt 0.954800009727478 0.39160001277923584 
vt 0.9484999775886536 0.3978999853134155 
vt 0.8795999884605408 0.33309996128082275 
vt 0.8858000040054321 0.32690000534057617 
vt 0.7982000112533569 0.26109999418258667 
vt 0.804099977016449 0.25529998540878296 
vt 0.71670001745224 0.19300001859664917 
vt 0.722000002861023 0.1877000331878662 
vt 0.6449000239372253 0.13510000705718994 
vt 0.6496000289916992 0.13040000200271606 
vt 0.6204000115394592 0.10699999332427979 
vt 0.6158999800682068 0.11159998178482056 
vt 0.586899995803833 0.08799999952316284 
vt 0.5911999940872192 0.08370000123977661 
vt 0.8535000085830688 0.4927999973297119 
vt 0.7871999740600586 0.4255000352859497 
vt 0.7111999988555908 0.3481000065803528 
vt 0.6373999714851379 0.27240002155303955 
vt 0.5734999775886536 0.20660001039505005 
vt 0.5475000143051147 0.18000000715255737 
vt 0.5216000080108643 0.1532999873161316 
vt 0.8001999855041504 0.5461000204086304 
vt 0.7353000044822693 0.477400004863739 
vt 0.6624000072479248 0.3970000147819519 
vt 0.5928000211715698 0.31700003147125244 
vt 0.53329998254776 0.2468000054359436 
vt 0.5091000199317932 0.2184000015258789 
vt 0.48489999771118164 0.19010001420974731 
vt 0.8838000297546387 0.4624999761581421 
vt 0.8163999915122986 0.39629995822906494 
vt 0.7387999892234802 0.3206000328063965 
vt 0.6625000238418579 0.24720001220703125 
vt 0.5961999893188477 0.18379998207092285 
vt 0.5694000124931335 0.15810000896453857 
vt 0.5425999760627747 0.1324000358581543 
vt 0.930899977684021 0.41540002822875977 
vt 0.8623999953269958 0.35030001401901245 
vt 0.7821000218391418 0.27730000019073486 
vt 0.7020000219345093 0.20770001411437988 
vt 0.6316999793052673 0.14829999208450317 
vt 0.6033999919891357 0.1240999698638916 
vt 0.574999988079071 0.10000002384185791 
vt 0.8246999979019165 0.5217000246047974 
vt 0.8123999834060669 0.5339000225067139 
vt 0.7473000288009644 0.46539998054504395 
vt 0.7591999769210815 0.45350003242492676 
vt 0.6736000180244446 0.385699987411499 
vt 0.6848999857902527 0.374500036239624 
vt 0.6029999852180481 0.3066999912261963 
vt 0.6133000254631042 0.29649996757507324 
vt 0.5425000190734863 0.23759996891021729 
vt 0.5516999959945679 0.22839999198913574 
vt 0.5267000198364258 0.20080000162124634 
vt 0.5178999900817871 0.20959997177124023 
vt 0.4932999908924103 0.1816999912261963 
vt 0.5016999840736389 0.17330002784729004 
vt 0.9610999822616577 0.38530004024505615 
vt 0.8920000195503235 0.3206999897956848 
vt 0.8098999857902527 0.24950003623962402 
vt 0.7272999882698059 0.18250000476837158 
vt 0.6543999910354614 0.1256999969482422 
vt 0.6248999834060669 0.10259997844696045 
vt 0.5954999923706055 0.07940000295639038 
vt 0.8598999977111816 0.4865000247955322 
vt 0.7932999730110168 0.4193999767303467 
vt 0.7170000076293945 0.3424000144004822 
vt 0.6425999999046326 0.2670999765396118 
vt 0.5781999826431274 0.20179998874664307 
vt 0.5521000027656555 0.1754000186920166 
vt 0.5260000228881836 0.14890003204345703 
vt 0.8950999975204468 0.451200008392334 
vt 0.8274000287055969 0.38530004024505615 
vt 0.7491000294685364 0.3101999759674072 
vt 0.671999990940094 0.2376999855041504 
vt 0.6047999858856201 0.1753000020980835 
vt 0.5776000022888184 0.14990001916885376 
vt 0.5504000186920166 0.12459999322891235 
vt 0.9406999945640564 0.4056999683380127 
vt 0.871999979019165 0.3407999873161316 
vt 0.7910000085830688 0.26829999685287476 
vt 0.7102000117301941 0.1995999813079834 
vt 0.6391000151634216 0.14100003242492676 
vt 0.6103000044822693 0.11710000038146973 
vt 0.58160001039505 0.0932999849319458 
vt 0.771399974822998 0.574999988079071 
vt 0.7069000005722046 0.5058000087738037 
vt 0.635699987411499 0.4235999584197998 
vt 0.5684999823570251 0.34119999408721924 
vt 0.5116000175476074 0.2684999704360962 
vt 0.48840001225471497 0.23909997940063477 
vt 0.4652000069618225 0.20969998836517334 
vt 0.33880001306533813 0.29269999265670776 
vt 0.3547999858856201 0.2767000198364258 
vt 0.43470001220703125 0.350600004196167 
vt 0.41760000586509705 0.3676999807357788 
vt 0.22220000624656677 0.26899999380111694 
vt 0.20659999549388885 0.28460001945495605 
vt 0.13740000128746033 0.21549999713897705 
vt 0.15309999883174896 0.19990003108978271 
vt 0.08640000224113464 0.15250003337860107 
vt 0.06509999930858612 0.17379999160766602 
vt 0.022299999371170998 0.178600013256073 
vt 0.05299999937415123 0.14800000190734863 
vt 0.5144000053405762 0.4580000042915344 
vt 0.53329998254776 0.4391000270843506 
vt 0.6277999877929688 0.5317000150680542 
vt 0.6085000038146973 0.5508999824523926 
vt 0.8919000029563904 0.8640000224113464 
vt 0.902899980545044 0.8533999919891357 
vt 0.9620000123977661 0.9427000284194946 
vt 0.9577999711036682 0.9484999775886536 
vt 0.9620000123977661 0.9592999815940857 
vt 0.9675999879837036 0.9573000073432922 
vt 0.7019000053405762 0.6068000197410583 
vt 0.682699978351593 0.6258999705314636 
vt 0.7720000147819519 0.6859999895095825 
vt 0.7542999982833862 0.7034000158309937 
vt 0.8378000259399414 0.7692999839782715 
vt 0.8234000205993652 0.7835000157356262 
vt 0.29170000553131104 0.33980000019073486 
vt 0.27570000290870667 0.3558000326156616 
vt 0.11749999970197678 0.19760000705718994 
vt 0.13339999318122864 0.18150001764297485 
vt 0.09549999982118607 0.18159997463226318 
vt 0.11249999701976776 0.16449999809265137 
vt 0.14710000157356262 0.12980002164840698 
vt 0.1379999965429306 0.13889998197555542 
vt 0.11900000274181366 0.11989998817443848 
vt 0.1306000053882599 0.10829997062683105 
vt 0.16539999842643738 0.1495000123977661 
vt 0.15700000524520874 0.15789997577667236 
vt 0.1842000037431717 0.1686999797821045 
vt 0.17599999904632568 0.17690002918243408 
vt 0.3237000107765198 0.3077999949455261 
vt 0.31529998779296875 0.31630003452301025 
vt 0.2451000064611435 0.24610000848770142 
vt 0.2533000111579895 0.2379000186920166 
vt 0.382999986410141 0.40230000019073486 
vt 0.3921999931335449 0.3931000232696533 
vt 0.48570001125335693 0.48669999837875366 
vt 0.47540000081062317 0.49699997901916504 
vt 0.7958999872207642 0.8108999729156494 
vt 0.8027999997138977 0.8037999868392944 
vt 0.8773999810218811 0.8784000277519226 
vt 0.8726000189781189 0.8833000063896179 
vt 0.7192000150680542 0.7383000254631042 
vt 0.7282000184059143 0.729200005531311 
vt 0.6434999704360962 0.664900004863739 
vt 0.6536999940872192 0.6546000242233276 
vt 0.5687000155448914 0.5906000137329102 
vt 0.5791000127792358 0.5800999999046326 
vt 0.9513999819755554 0.9524000287055969 
vt 0.9501000046730042 0.9546999931335449 
vt 0.10000000149011612 0.10100001096725464 
vt 0.11670000106096268 0.08420002460479736 
vt 0.3068000078201294 0.3246999979019165 
vt 0.28369998931884766 0.20749998092651367 
vt 0.2680000066757202 0.2231999635696411 
vt 0.1988999992609024 0.15399998426437378 
vt 0.21449999511241913 0.13840001821517944 
vt 0.1728000044822693 0.06610000133514404 
vt 0.15160000324249268 0.08740001916885376 
vt 0.1469999998807907 0.054000020027160645 
vt 0.17759999632835388 0.02319997549057007 
vt 0.18060000240802765 0.13440001010894775 
vt 0.19660000503063202 0.118399977684021 
vt 0.16349999606609344 0.11349999904632568 
vt 0.18060000240802765 0.09640002250671387 
vt 0.40130001306533813 0.3840000033378601 
vt 0.4959999918937683 0.4764000177383423 
vt 0.8098999857902527 0.7968999743461609 
vt 0.8823000192642212 0.8734999895095825 
vt 0.7373999953269958 0.7202000021934509 
vt 0.6639000177383423 0.6445000171661377 
vt 0.5896999835968018 0.5697000026702881 
vt 0.9538000226020813 0.9509999752044678 
vt 0.954800009727478 0.9556999802589417 
vt 0.9563000202178955 0.968500018119812 
vt 0.958299994468689 0.9628999829292297 
vt 0.9674000144004822 0.9684000015258789 
vt 0.9693999886512756 0.975600004196167 
vt 0.9416999816894531 0.9629999995231628 
vt 0.9474999904632568 0.9588000178337097 
vt 0.3666999936103821 0.4185999631881714 
vt 0.3495999872684479 0.435699999332428 
vt 0.43810001015663147 0.5343000292778015 
vt 0.4569999873638153 0.5153999924659729 
vt 0.5498999953269958 0.6093999743461609 
vt 0.5307000279426575 0.6287999749183655 
vt 0.8525000214576721 0.9038000106811523 
vt 0.863099992275238 0.8928999900817871 
vt 0.6248999834060669 0.6836000084877014 
vt 0.6057999730110168 0.7028999924659729 
vt 0.7024999856948853 0.755299985408783 
vt 0.6850000023841858 0.7728999853134155 
vt 0.7825999855995178 0.8242999911308289 
vt 0.7682999968528748 0.8388000130653381 
vt 0.12880000472068787 0.14810001850128174 
vt 0.10729999840259552 0.131600022315979 
vt 0.148499995470047 0.1664000153541565 
vt 0.16769999265670776 0.18519997596740723 
vt 0.23690000176429749 0.25429999828338623 
vt 0.9746000170707703 0.9703999757766724 
vt 0.9782999753952026 0.9793000221252441 
vt 0.08320000022649765 0.11769998073577881 
vt 0.33880001306533813 0.29269999265670776 
vt 0.41760000586509705 0.3676999807357788 
vt 0.22220000624656677 0.26899999380111694 
vt 0.15309999883174896 0.19990003108978271 
vt 0.08640000224113464 0.15250003337860107 
vt 0.05299999937415123 0.14800000190734863 
vt 0.5144000053405762 0.4580000042915344 
vt 0.6085000038146973 0.5508999824523926 
vt 0.8919000029563904 0.8640000224113464 
vt 0.9577999711036682 0.9484999775886536 
vt 0.9620000123977661 0.9592999815940857 
vt 0.682699978351593 0.6258999705314636 
vt 0.7542999982833862 0.7034000158309937 
vt 0.8234000205993652 0.7835000157356262 
vt 0.29170000553131104 0.33980000019073486 
vt 0.13339999318122864 0.18150001764297485 
vt 0.11249999701976776 0.16449999809265137 
vt 0.14710000157356262 0.12980002164840698 
vt 0.1306000053882599 0.10829997062683105 
vt 0.11900000274181366 0.11989998817443848 
vt 0.1379999965429306 0.13889998197555542 
vt 0.16539999842643738 0.1495000123977661 
vt 0.15700000524520874 0.15789997577667236 
vt 0.1842000037431717 0.1686999797821045 
vt 0.17599999904632568 0.17690002918243408 
vt 0.3237000107765198 0.3077999949455261 
vt 0.2533000111579895 0.2379000186920166 
vt 0.2451000064611435 0.24610000848770142 
vt 0.31529998779296875 0.31630003452301025 
vt 0.382999986410141 0.40230000019073486 
vt 0.47540000081062317 0.49699997901916504 
vt 0.48570001125335693 0.48669999837875366 
vt 0.3921999931335449 0.3931000232696533 
vt 0.7958999872207642 0.8108999729156494 
vt 0.8726000189781189 0.8833000063896179 
vt 0.8773999810218811 0.8784000277519226 
vt 0.8027999997138977 0.8037999868392944 
vt 0.7192000150680542 0.7383000254631042 
vt 0.7282000184059143 0.729200005531311 
vt 0.6434999704360962 0.664900004863739 
vt 0.6536999940872192 0.6546000242233276 
vt 0.5687000155448914 0.5906000137329102 
vt 0.5791000127792358 0.5800999999046326 
vt 0.9501000046730042 0.9546999931335449 
vt 0.9513999819755554 0.9524000287055969 
vt 0.11670000106096268 0.08420002460479736 
vt 0.10000000149011612 0.10100001096725464 
vt 0.3068000078201294 0.3246999979019165 
vt 0.1988999992609024 0.15399998426437378 
vt 0.2680000066757202 0.2231999635696411 
vt 0.1469999998807907 0.054000020027160645 
vt 0.15160000324249268 0.08740001916885376 
vt 0.18060000240802765 0.13440001010894775 
vt 0.16349999606609344 0.11349999904632568 
vt 0.4959999918937683 0.4764000177383423 
vt 0.40130001306533813 0.3840000033378601 
vt 0.8823000192642212 0.8734999895095825 
vt 0.8098999857902527 0.7968999743461609 
vt 0.7373999953269958 0.7202000021934509 
vt 0.6639000177383423 0.6445000171661377 
vt 0.5896999835968018 0.5697000026702881 
vt 0.954800009727478 0.9556999802589417 
vt 0.9538000226020813 0.9509999752044678 
vt 0.9674000144004822 0.9684000015258789 
vt 0.958299994468689 0.9628999829292297 
vt 0.9474999904632568 0.9588000178337097 
vt 0.3666999936103821 0.4185999631881714 
vt 0.5498999953269958 0.6093999743461609 
vt 0.4569999873638153 0.5153999924659729 
vt 0.863099992275238 0.8928999900817871 
vt 0.6248999834060669 0.6836000084877014 
vt 0.7024999856948853 0.755299985408783 
vt 0.7825999855995178 0.8242999911308289 
vt 0.10729999840259552 0.131600022315979 
vt 0.12880000472068787 0.14810001850128174 
vt 0.148499995470047 0.1664000153541565 
vt 0.16769999265670776 0.18519997596740723 
vt 0.23690000176429749 0.25429999828338623 
vt 0.08320000022649765 0.11769998073577881 
vn 0.08622383326292038 0.9876087307929993 -0.1311274915933609
vn 0.04741461202502251 0.9892020225524902 -0.13867680728435516
vn 0.051198579370975494 0.9891736507415771 -0.1375289112329483
vn 0.011563277803361416 0.9892303347587585 -0.1459096074104309
vn -0.01510970015078783 0.9888759255409241 -0.14797364175319672
vn -0.04220600426197052 0.9886254668235779 -0.14435508847236633
vn -0.03759586066007614 0.9896509051322937 -0.13848312199115753
vn -0.013638160191476345 0.989071249961853 -0.14680591225624084
vn 0.012413457967340946 0.9892700910568237 -0.14556989073753357
vn 0.05221174657344818 0.9892324805259705 -0.1367224007844925
vn 0.07900894433259964 0.9878964424133301 -0.13348478078842163
vn 0.3040958046913147 -0.0005769178969785571 -0.9526413083076477
vn 0.047501251101493835 0.9889419078826904 -0.14049045741558075
vn 0.4888613820075989 2.1950437023576796e-09 -0.872361421585083
vn 0.34349146485328674 -1.8982357907759706e-09 0.9391557574272156
vn -0.09517214447259903 3.321561081737201e-10 -0.9954608678817749
vn -0.16106322407722473 1.8102680465759136e-09 0.9869441390037537
vn 0.05241703987121582 5.772249900282134e-10 -0.9986253380775452
vn -0.4885319173336029 0.0013015964068472385 0.8725450038909912
vn 0.356291264295578 7.891157949302396e-09 -0.9343749284744263
vn 0.8511657118797302 -1.9578760834804143e-09 0.5248971581459045
vn 0.5169558525085449 -8.424382968996724e-09 0.8560120463371277
vn -0.18589122593402863 -1.0144187712057828e-09 -0.9825703501701355
vn 0.13815881311893463 -5.4931614812403495e-09 0.9904100894927979
vn 0.08284355700016022 -3.63581054152462e-09 -0.9965626001358032
vn -0.4334397315979004 -4.279748555546803e-09 0.9011825323104858
vn 0.08299992233514786 0.9876978397369385 -0.13252921402454376
vn 0.0680953860282898 0.9889255166053772 -0.13186831772327423
vn 0.03029930777847767 0.9893480539321899 -0.14238105714321136
vn -0.00302733201533556 0.9891303181648254 -0.14701040089130402
vn -0.02302192524075508 0.9888335466384888 -0.1472352147102356
vn 0.0699969232082367 0.9888240694999695 -0.13163407146930695
vn 0.029411446303129196 0.9892969131469727 -0.14292138814926147
vn -0.004318705294281244 0.9890321493148804 -0.14763730764389038
vn -0.024288587272167206 0.9886578321456909 -0.1482083648443222
vn -0.04600553214550018 0.9890561699867249 -0.140183687210083
vn -0.015214460901916027 0.9888785481452942 -0.14794503152370453
vn 0.011232596822082996 0.9892919063568115 -0.14551742374897003
vn 0.051281675696372986 0.9892374277114868 -0.13703849911689758
vn 0.045451819896698 0.9891096949577332 -0.13998661935329437
vn 0.07501477003097534 0.9873496890068054 -0.13968989253044128
vn 0.07898251712322235 0.9880023002624512 -0.13271471858024597
vn 0.4632475674152374 -1.3814886123952874e-08 -0.8862289190292358
vn -0.49587482213974 4.6205900217088924e-10 0.8683940172195435
vn 0.42458799481391907 2.859916969910614e-09 0.9053866863250732
vn 0.24688804149627686 -1.8907748255969636e-08 0.9690439701080322
vn -0.017378563061356544 -4.730828506716023e-10 -0.9998490214347839
vn -0.1469191163778305 -1.4982205476243848e-09 -0.9891484975814819
vn 0.004984505940228701 -1.1648064734970376e-09 0.9999875426292419
vn -0.30965715646743774 -3.2625435686384208e-09 0.9508482813835144
vn -0.17562352120876312 1.6574536187974331e-09 -0.9844574332237244
vn 0.8871047496795654 7.784314304259965e-10 -0.46156826615333557
vn 0.4531092643737793 2.0543060585964668e-08 -0.8914550542831421
vn 0.2106475532054901 -1.6411487724354856e-09 -0.9775620698928833
vn 0.6378216743469238 -8.593032951864643e-09 0.7701840996742249
vn 0.07712779939174652 0.9875683188438416 -0.13696762919425964
vn 0.06980374455451965 0.9886896014213562 -0.13274167478084564
vn 0.030669985339045525 0.9893245697021484 -0.14246539771556854
vn -0.0027520146686583757 0.9891265630722046 -0.14704109728336334
vn -0.022793449461460114 0.9888403415679932 -0.14722540974617004
vn -0.08622384816408157 0.987608790397644 -0.1311274915933609
vn -0.04741460457444191 0.9892020225524902 -0.13867679238319397
vn -0.05119858309626579 0.9891736507415771 -0.1375289112329483
vn -0.01156327873468399 0.9892303347587585 -0.1459096074104309
vn 0.015109699219465256 0.9888759255409241 -0.14797364175319672
vn 0.04220600053668022 0.9886254668235779 -0.14435508847236633
vn 0.03766080364584923 0.9896061420440674 -0.13878509402275085
vn 0.013638656586408615 0.9890711903572083 -0.14680661261081696
vn -0.01241321861743927 0.9892701506614685 -0.14556950330734253
vn -0.052211448550224304 0.98923259973526 -0.1367219090461731
vn -0.0790078192949295 0.9878964424133301 -0.13348516821861267
vn -0.3040958046913147 -0.0005769125418737531 -0.9526413083076477
vn -0.04750199615955353 0.9889419078826904 -0.14048974215984344
vn -0.4888613820075989 -2.1950437023576796e-09 -0.872361421585083
vn -0.34349146485328674 1.8982360128205755e-09 0.9391557574272156
vn 0.09517215192317963 -3.321561081737201e-10 -0.9954608678817749
vn 0.16106322407722473 -1.8102680465759136e-09 0.9869441390037537
vn -0.05241703242063522 -5.772249900282134e-10 -0.9986253380775452
vn 0.4885319769382477 0.001301596756093204 0.872545063495636
vn -0.356291264295578 -7.891157061123977e-09 -0.9343749284744263
vn -0.8511656522750854 1.9578760834804143e-09 0.5248972177505493
vn -0.5169558525085449 8.424382968996724e-09 0.8560120463371277
vn 0.18589122593402863 1.0144187712057828e-09 -0.9825703501701355
vn -0.13815881311893463 5.4931614812403495e-09 0.9904100894927979
vn -0.08284355700016022 3.63581054152462e-09 -0.9965626001358032
vn 0.433439701795578 4.279748555546803e-09 0.9011825323104858
vn -0.08299992233514786 0.9876977801322937 -0.13252921402454376
vn -0.06809557229280472 0.9889255166053772 -0.13186872005462646
vn 0.0 0.9897730350494385 -0.14265131950378418
vn -0.030299291014671326 0.9893480539321899 -0.14238092303276062
vn 0.003027302445843816 0.9891303777694702 -0.14701002836227417
vn 0.023021696135401726 0.9888336658477783 -0.14723427593708038
vn -0.0699969232082367 0.9888239502906799 -0.13163407146930695
vn -1.941435900931765e-09 0.9900674819946289 -0.14059269428253174
vn -0.029411446303129196 0.9892969131469727 -0.14292140305042267
vn 0.004318705294281244 0.9890321493148804 -0.14763732254505157
vn 0.024288587272167206 0.9886578321456909 -0.1482083648443222
vn 0.04600553214550018 0.9890561699867249 -0.140183687210083
vn 0.015214460901916027 0.9888785481452942 -0.14794501662254333
vn -0.011232598684728146 0.9892919063568115 -0.14551743865013123
vn -0.05128167197108269 0.9892374277114868 -0.13703849911689758
vn -0.045451823621988297 0.9891096353530884 -0.13998661935329437
vn -0.0750146210193634 0.987349808216095 -0.139689639210701
vn -0.07898251712322235 0.9880023002624512 -0.13271470367908478
vn -0.4632475674152374 1.3814886123952874e-08 -0.8862289190292358
vn 0.4958748519420624 -4.6205902992646486e-10 0.8683940172195435
vn 0.0 -0.0038282230962067842 -0.9999926686286926
vn -0.42458802461624146 -2.859917191955219e-09 0.9053866863250732
vn -0.24688805639743805 1.8907750032326476e-08 0.9690439701080322
vn 0.017378563061356544 4.730828506716023e-10 -0.9998490214347839
vn 0.1469191163778305 1.4982205476243848e-09 -0.9891484975814819
vn 0.0 0.009798341430723667 0.9999520182609558
vn -0.004984504543244839 1.1648064734970376e-09 0.9999875426292419
vn 0.30965715646743774 3.2625435686384208e-09 0.9508482813835144
vn 0.17562350630760193 -1.6574533967528282e-09 -0.9844573736190796
vn -0.8871047496795654 -7.784314304259965e-10 -0.46156829595565796
vn -0.4531092941761017 -2.0543060585964668e-08 -0.8914550542831421
vn -0.2106475532054901 1.6411487724354856e-09 -0.9775620698928833
vn -0.6378216743469238 8.593032951864643e-09 0.7701840996742249
vn -0.07712779939174652 0.9875683188438416 -0.13696762919425964
vn -0.06980375200510025 0.9886896014213562 -0.13274165987968445
vn -1.2978119690032486e-09 0.9901114106178284 -0.14028315246105194
vn -0.030669981613755226 0.9893245697021484 -0.14246538281440735
vn 0.0027520139701664448 0.9891265034675598 -0.14704106748104095
vn 0.022793449461460114 0.9888403415679932 -0.14722540974617004
vn 0.08622383326292038 -0.9876087307929993 -0.1311274766921997
vn 0.04741460457444191 -0.9892020225524902 -0.13867679238319397
vn 0.051198579370975494 -0.9891736507415771 -0.1375289112329483
vn 0.01156327873468399 -0.9892303347587585 -0.1459096074104309
vn -0.015109699219465256 -0.9888758659362793 -0.1479736715555191
vn -0.04220600053668022 -0.9886254668235779 -0.14435508847236633
vn -0.03759585693478584 -0.9896509051322937 -0.13848312199115753
vn -0.01363816112279892 -0.989071249961853 -0.14680592715740204
vn 0.012413457967340946 -0.9892700910568237 -0.14556987583637238
vn 0.05221174657344818 -0.9892324805259705 -0.1367224007844925
vn 0.07900894433259964 -0.9878964424133301 -0.13348478078842163
vn 0.3040958046913147 0.0005769125418737531 -0.9526413083076477
vn 0.04750124737620354 -0.9889419078826904 -0.14049044251441956
vn 0.48886144161224365 2.1950437023576796e-09 -0.872361421585083
vn 0.34349146485328674 -1.8982357907759706e-09 0.9391557574272156
vn -0.09517214447259903 3.321561081737201e-10 -0.9954608678817749
vn -0.16106323897838593 1.8102680465759136e-09 0.9869441390037537
vn 0.05241703242063522 5.772249900282134e-10 -0.9986253380775452
vn -0.4885319769382477 -0.001301596756093204 0.872545063495636
vn 0.356291264295578 7.891157949302396e-09 -0.9343749284744263
vn 0.8511656522750854 -1.9578760834804143e-09 0.5248972177505493
vn 0.5169558525085449 -8.424382968996724e-09 0.8560120463371277
vn -0.18589122593402863 -1.0144187712057828e-09 -0.9825703501701355
vn 0.13815882802009583 -5.493161925329559e-09 0.9904100894927979
vn 0.08284355700016022 -3.63581054152462e-09 -0.9965626001358032
vn -0.4334397315979004 -4.279748555546803e-09 0.9011825323104858
vn -0.4665365517139435 0.0 0.8845018744468689
vn -0.16009385883808136 0.0 0.9871017336845398
vn 0.356291264295578 0.0 -0.934374988079071
vn 0.13925710320472717 0.0 0.9902562499046326
vn 0.08284355700016022 0.0 -0.9965625405311584
vn 0.34435978531837463 0.0 0.9388378262519836
vn -0.09517213702201843 0.0 -0.9954608678817749
vn 0.05042028799653053 0.0 -0.9987280964851379
vn 0.5172366499900818 0.0 0.8558424115180969
vn -0.18589109182357788 0.0 -0.9825703501701355
vn 0.8524560928344727 0.0 0.5227987766265869
vn 0.08299992233514786 -0.9876977801322937 -0.13252921402454376
vn 0.29885369539260864 0.0 -0.9542989134788513
vn 0.06809539347887039 -0.988925576210022 -0.13186833262443542
vn 0.030299311503767967 -0.9893480539321899 -0.14238105714321136
vn -0.00302733201533556 -0.9891303181648254 -0.14701038599014282
vn -0.023021923378109932 -0.9888335466384888 -0.1472352147102356
vn 0.0699969232082367 -0.9888239502906799 -0.13163407146930695
vn 0.029411446303129196 -0.9892969131469727 -0.14292140305042267
vn -0.004318705294281244 -0.9890321493148804 -0.14763732254505157
vn -0.024288587272167206 -0.9886578321456909 -0.1482083648443222
vn -0.04600553214550018 -0.9890561699867249 -0.140183687210083
vn -0.015214460901916027 -0.9888785481452942 -0.14794501662254333
vn 0.011232598684728146 -0.9892919063568115 -0.14551743865013123
vn 0.05128167197108269 -0.9892374277114868 -0.13703849911689758
vn 0.48886141180992126 0.0 -0.872361421585083
vn 0.045451823621988297 -0.9891096353530884 -0.13998660445213318
vn 0.07501476258039474 -0.9873496890068054 -0.13968989253044128
vn -0.43317845463752747 0.0 0.9013081192970276
vn 0.07898251712322235 -0.988002359867096 -0.13271471858024597
vn 0.4632475674152374 -1.3814886123952874e-08 -0.8862289190292358
vn -0.4958748519420624 4.6205902992646486e-10 0.8683940172195435
vn 0.42458802461624146 2.859917191955219e-09 0.9053866863250732
vn 0.24688805639743805 -1.8907750032326476e-08 0.9690439701080322
vn -0.017378563061356544 -4.730828506716023e-10 -0.9998490214347839
vn -0.1469191163778305 -1.4982205476243848e-09 -0.9891484975814819
vn 0.004984505474567413 -1.16480658451934e-09 0.9999876618385315
vn -0.30965715646743774 -3.2625435686384208e-09 0.9508482813835144
vn -0.17562350630760193 1.6574533967528282e-09 -0.9844573736190796
vn 0.8871047496795654 7.784314304259965e-10 -0.46156829595565796
vn 0.4531092941761017 2.0543060585964668e-08 -0.8914550542831421
vn 0.2106475532054901 -1.6411487724354856e-09 -0.9775620698928833
vn 0.6378216743469238 -8.593032951864643e-09 0.7701840996742249
vn -0.30965715646743774 -1.564578244739323e-09 0.9508482217788696
vn 0.4531092345714569 1.1950019640494247e-08 -0.8914549946784973
vn 0.0037498550955206156 -5.403690273020345e-10 0.9999929666519165
vn 0.2106475979089737 -9.54666123931247e-10 -0.9775621294975281
vn 0.24469175934791565 -9.116227772665297e-09 0.9696008563041687
vn -0.017378563061356544 -2.7519508893902866e-10 -0.9998489618301392
vn 0.42317116260528564 1.4795704661452191e-09 0.9060497879981995
vn -0.14691908657550812 -8.715236310408159e-10 -0.9891484975814819
vn 0.6365540623664856 -4.825745136827209e-09 0.7712321281433105
vn -0.17554835975170135 9.631203612414652e-10 -0.984470784664154
vn 0.8892790079116821 4.556743316008749e-10 -0.4573650658130646
vn 0.07712779939174652 -0.9875683188438416 -0.13696762919425964
vn 0.06980375200510025 -0.9886896014213562 -0.13274167478084564
vn 0.030669981613755226 -0.9893245697021484 -0.14246538281440735
vn -0.0027520139701664448 -0.9891265034675598 -0.14704106748104095
vn -0.022793449461460114 -0.9888403415679932 -0.14722540974617004
vn 0.4632475674152374 -8.036201037953106e-09 -0.8862289786338806
vn -0.4958747923374176 2.2615963268801664e-10 0.8683940172195435
vn -0.08622384816408157 -0.987608790397644 -0.1311275213956833
vn -0.047414615750312805 -0.9892020225524902 -0.13867680728435516
vn -0.051198579370975494 -0.9891736507415771 -0.1375289112329483
vn -0.011563277803361416 -0.9892303347587585 -0.1459096074104309
vn 0.015109699219465256 -0.9888759255409241 -0.14797364175319672
vn 0.04220600426197052 -0.9886254668235779 -0.14435508847236633
vn 0.037660807371139526 -0.9896061420440674 -0.13878509402275085
vn 0.013638659380376339 -0.9890711903572083 -0.14680659770965576
vn -0.012413219548761845 -0.9892701506614685 -0.14556953310966492
vn -0.052211444824934006 -0.98923259973526 -0.13672193884849548
vn -0.0790078192949295 -0.9878964424133301 -0.13348515331745148
vn -0.3040958046913147 0.0005769178387708962 -0.9526413083076477
vn -0.04750199243426323 -0.9889419078826904 -0.14048974215984344
vn -0.48886144161224365 -2.1950437023576796e-09 -0.872361421585083
vn -0.34349149465560913 1.8982360128205755e-09 0.9391557574272156
vn 0.09517215192317963 -3.321561081737201e-10 -0.9954608678817749
vn 0.16106325387954712 -1.8102682686205185e-09 0.9869441390037537
vn -0.052417024970054626 -5.772248790059109e-10 -0.9986252784729004
vn 0.4885319769382477 -0.0013015966396778822 0.872545063495636
vn -0.356291264295578 -7.891157949302396e-09 -0.9343749284744263
vn -0.8511657118797302 1.9578760834804143e-09 0.5248971581459045
vn -0.5169558525085449 8.424383857175144e-09 0.8560121059417725
vn 0.18589122593402863 1.0144187712057828e-09 -0.9825703501701355
vn -0.13815881311893463 5.4931614812403495e-09 0.9904100894927979
vn -0.08284357190132141 3.63581054152462e-09 -0.9965626001358032
vn 0.4334397315979004 4.279748555546803e-09 0.9011825323104858
vn 0.4665365517139435 0.0 0.8845018744468689
vn 0.16009385883808136 0.0 0.9871017336845398
vn -0.356291264295578 0.0 -0.934374988079071
vn -0.13925710320472717 0.0 0.9902562499046326
vn -0.08284355700016022 0.0 -0.9965625405311584
vn -0.34435978531837463 0.0 0.9388378262519836
vn 0.09517213702201843 0.0 -0.9954608678817749
vn -0.05042028799653053 0.0 -0.9987280964851379
vn -0.5172366499900818 0.0 0.8558424115180969
vn 0.1858910769224167 0.0 -0.9825703501701355
vn -0.8524560928344727 0.0 0.5227987766265869
vn -0.08299992233514786 -0.9876978397369385 -0.13252921402454376
vn -0.29885369539260864 0.0 -0.9542989134788513
vn -0.06809557974338531 -0.9889255166053772 -0.13186873495578766
vn 0.0 -0.9897730350494385 -0.14265130460262299
vn -0.030299291014671326 -0.9893480539321899 -0.14238092303276062
vn 0.003027302445843816 -0.9891303777694702 -0.14701002836227417
vn 0.023021701723337173 -0.9888337254524231 -0.14723429083824158
vn -0.0699969232082367 -0.9888240694999695 -0.13163408637046814
vn 1.941435900931765e-09 -0.9900674819946289 -0.14059269428253174
vn -0.029411448165774345 -0.9892969131469727 -0.14292138814926147
vn 0.004318705294281244 -0.9890321493148804 -0.14763732254505157
vn 0.024288589134812355 -0.9886578321456909 -0.1482083648443222
vn 0.04600553214550018 -0.9890561699867249 -0.140183687210083
vn 0.015214460901916027 -0.9888785481452942 -0.14794503152370453
vn -0.011232597753405571 -0.9892919063568115 -0.14551742374897003
vn -0.05128167197108269 -0.9892374277114868 -0.13703849911689758
vn -0.48886141180992126 0.0 -0.872361421585083
vn -0.045451819896698 -0.9891096949577332 -0.13998661935329437
vn -0.0750146210193634 -0.987349808216095 -0.139689639210701
vn 0.43317845463752747 0.0 0.9013081192970276
vn -0.07898251712322235 -0.988002359867096 -0.13271471858024597
vn -0.46324753761291504 1.3814886123952874e-08 -0.8862289190292358
vn 0.49587482213974 -4.6205900217088924e-10 0.8683940172195435
vn 0.0 0.0038282230962067842 -0.9999926686286926
vn -0.42458799481391907 -2.859916969910614e-09 0.9053866863250732
vn -0.24688804149627686 1.8907748255969636e-08 0.9690439701080322
vn 0.017378563061356544 4.730828506716023e-10 -0.9998490214347839
vn 0.1469191163778305 1.4982205476243848e-09 -0.9891484975814819
vn 0.0 -0.009798341430723667 0.9999520182609558
vn -0.004984505940228701 1.1648064734970376e-09 0.9999875426292419
vn 0.30965715646743774 3.2625435686384208e-09 0.9508482813835144
vn 0.17562352120876312 -1.6574536187974331e-09 -0.9844574332237244
vn -0.8871047496795654 -7.784314304259965e-10 -0.46156829595565796
vn -0.4531092643737793 -2.0543060585964668e-08 -0.8914550542831421
vn -0.2106475532054901 1.6411487724354856e-09 -0.9775620698928833
vn -0.6378216743469238 8.593032951864643e-09 0.7701840996742249
vn 0.30965715646743774 1.564578244739323e-09 0.9508482217788696
vn -0.4531092345714569 -1.1950019640494247e-08 -0.8914549946784973
vn 0.0 0.0 1.0
vn 0.0 0.0 -1.0
vn -0.003749854862689972 5.403690273020345e-10 0.9999929666519165
vn -0.2106475681066513 9.546660129089446e-10 -0.9775620698928833
vn -0.24469177424907684 9.116227772665297e-09 0.9696008563041687
vn 0.017378563061356544 2.7519508893902866e-10 -0.9998489618301392
vn -0.42317113280296326 -1.4795705771675216e-09 0.9060497879981995
vn 0.14691908657550812 8.715236310408159e-10 -0.9891484975814819
vn -0.6365540623664856 4.825745136827209e-09 0.7712321281433105
vn 0.17554835975170135 -9.631203612414652e-10 -0.984470784664154
vn -0.8892790079116821 -4.556743316008749e-10 -0.45736512541770935
vn -0.07712781429290771 -0.9875683188438416 -0.13696765899658203
vn -0.06980374455451965 -0.9886896014213562 -0.13274167478084564
vn 1.2978117469586437e-09 -0.9901114106178284 -0.14028313755989075
vn -0.030669981613755226 -0.9893245697021484 -0.14246538281440735
vn 0.0027520146686583757 -0.9891265630722046 -0.14704108238220215
vn 0.022793449461460114 -0.9888403415679932 -0.14722540974617004
vn -0.46324753761291504 8.036201037953106e-09 -0.8862289786338806
vn 0.49587482213974 -2.2615966044359226e-10 0.8683940172195435
vn 0.4888744056224823 0.01831626705825329 -0.8721619248390198
vn 0.08469817042350769 0.9849046468734741 -0.15096086263656616
vn 0.37540698051452637 0.6395901441574097 -0.6708160042762756
vn -0.15843501687049866 0.020070182159543037 0.9871654510498047
vn 0.04648261517286301 0.9919558763504028 -0.11774161458015442
vn -0.08392059057950974 0.7978656888008118 0.5969652533531189
vn 0.35727688670158386 0.019270317628979683 -0.933799684047699
vn 0.05896001681685448 0.9859073162078857 -0.156558096408844
vn 0.2634439468383789 0.6577959656715393 -0.7056214809417725
vn 0.140656977891922 0.020279599353671074 0.9898507595062256
vn 0.014003208838403225 0.9930745363235474 -0.11664874106645584
vn 0.10452645272016525 0.7770066857337952 0.6207535266876221
vn 0.08371997624635696 0.019614221528172493 -0.9962962865829468
vn 0.013664680533111095 0.984763503074646 -0.17336079478263855
vn 0.05787552520632744 0.6634154319763184 -0.7460096478462219
vn 0.34559112787246704 0.019238414242863655 0.9381878972053528
vn 0.0012331664329394698 0.9950852990150452 -0.09901370108127594
vn 0.24442914128303528 0.7601464986801147 0.6020230054855347
vn -0.09463869780302048 0.020767362788319588 -0.995294988155365
vn -0.01923273503780365 0.9809864163398743 -0.19312085211277008
vn -0.07214077562093735 0.6798539161682129 -0.7297906279563904
vn 0.043747276067733765 0.017202354967594147 -0.9988945722579956
vn -0.0400114506483078 0.9924048185348511 -0.1163254976272583
vn -0.003188077826052904 0.5582161545753479 -0.8296895027160645
vn 0.5179321765899658 0.016668347641825676 0.8552592992782593
vn 0.01427976880222559 0.9990999102592468 -0.03994201868772507
vn 0.3439312279224396 0.753324031829834 0.5605481863021851
vn -0.18560469150543213 0.022433288395404816 -0.9823683500289917
vn -0.08633330464363098 0.9378466606140137 -0.3361402451992035
vn -0.14310821890830994 0.6731677651405334 -0.7255103588104248
vn 0.8556338548660278 0.011555085889995098 0.5174525380134583
vn -0.06733554601669312 0.9857029318809509 -0.15445277094841003
vn 0.7056294679641724 0.607733428478241 0.36434468626976013
vn -0.43205195665359497 0.01894589513540268 0.9016497731208801
vn 0.07907512784004211 0.9900473952293396 -0.11641868203878403
vn -0.2467041164636612 0.8052035570144653 0.5392442345619202
vn 0.30345484614372253 0.018021000549197197 -0.9526754021644592
vn 0.052134767174720764 0.9860280156135559 -0.15821093320846558
vn 0.24385040998458862 0.6411330103874207 -0.7276574969291687
vn -0.49586018919944763 0.01928674802184105 0.868188202381134
vn 0.05913122370839119 0.9902493953704834 -0.12613318860530853
vn -0.2942506670951843 0.8134172558784485 0.5017657279968262
vn 0.4628516435623169 0.008747832849621773 -0.8863925933837891
vn 0.07824339717626572 0.9860092401504517 -0.14718659222126007
vn 0.36655157804489136 0.6208009719848633 -0.6929978728294373
vn 0.06823762506246567 0.9899584054946899 -0.12379816174507141
vn -0.3102324604988098 0.010028068907558918 0.9506078362464905
vn -0.1720234453678131 0.8033968806266785 0.5700538158416748
vn 0.07275865226984024 0.9871857166290283 -0.14202314615249634
vn 0.4533504545688629 0.009860219433903694 -0.8912777900695801
vn 0.33978745341300964 0.6555513739585876 -0.6743862628936768
vn 0.004334588069468737 0.010555101558566093 0.9999348521232605
vn 0.029827632009983063 0.9910076856613159 -0.13043789565563202
vn 0.016808057203888893 0.7906919717788696 0.6119834184646606
vn 0.03345336765050888 0.9874529838562012 -0.15432940423488617
vn 0.21129412949085236 0.009846987202763557 -0.9773728847503662
vn 0.15276078879833221 0.6576129198074341 -0.7377055287361145
vn 0.24760715663433075 0.010041818022727966 0.9688085317611694
vn 0.0011105301091447473 0.9918301701545715 -0.12756045162677765
vn 0.17560046911239624 0.7668599486351013 0.6173251867294312
vn -0.0025808094069361687 0.9863724708557129 -0.16450756788253784
vn -0.016967814415693283 0.010291564278304577 -0.9998030066490173
vn -0.016565103083848953 0.6701642274856567 -0.7420279383659363
vn 0.4252271354198456 0.009436015039682388 0.9050374627113342
vn -0.00686019379645586 0.9936885237693787 -0.11196421831846237
vn 0.30568838119506836 0.7470645308494568 0.5902959108352661
vn -0.027369782328605652 0.9826900362968445 -0.18322418630123138
vn -0.1467282474040985 0.011202523484826088 -0.9891133904457092
vn -0.10758080333471298 0.6932055950164795 -0.7126656174659729
vn 0.6389644742012024 0.0054336367174983025 0.7692170739173889
vn -0.07411424070596695 0.9894095063209534 -0.12480323016643524
vn 0.4165431261062622 0.749813973903656 0.5140727162361145
vn -0.1759243607521057 0.008876957930624485 -0.9843636751174927
vn -0.10563597083091736 0.9355716109275818 -0.3369671404361725
vn -0.18208476901054382 0.4600306451320648 -0.8690322041511536
vn -0.0642482191324234 0.9886512160301208 -0.13579724729061127
vn 0.88465416431427 0.010642288252711296 -0.46612635254859924
vn 0.5747948884963989 0.7415600419044495 -0.3459761440753937
vn 0.07622195780277252 0.989515483379364 -0.1226760745048523
vn -0.49576589465141296 0.009814116172492504 0.8684007525444031
vn -0.2832306921482086 0.8113662600517273 0.5113366842269897
vn -0.08419518172740936 0.9851211309432983 -0.14982527494430542
vn -0.4886753559112549 0.01946931518614292 -0.8722484707832336
vn -0.3692551255226135 0.6564799547195435 -0.6577877402305603
vn -0.04701145365834236 0.9921030402183533 -0.11628224700689316
vn 0.1606380194425583 0.018803544342517853 0.9868342280387878
vn 0.07040800899267197 0.7768592238426208 0.6257254481315613
vn -0.060035426169633865 0.9859859347343445 -0.15565171837806702
vn -0.3551722764968872 0.019512202590703964 -0.9345971345901489
vn -0.27251291275024414 0.6601487398147583 -0.6999573707580566
vn -0.014718054793775082 0.9930660724639893 -0.11663325130939484
vn -0.13902486860752106 0.020170673727989197 0.9900834560394287
vn -0.11817338317632675 0.7739183902740479 0.6221619248390198
vn -0.015020916238427162 0.9848624467849731 -0.17268578708171844
vn -0.08193514496088028 0.019729336723685265 -0.9964423775672913
vn -0.06602294743061066 0.6640180349349976 -0.7447960376739502
vn -0.0010936459293588996 0.9946837425231934 -0.10297153145074844
vn -0.344340980052948 0.020709995180368423 0.938616156578064
vn -0.2451990693807602 0.782974123954773 0.5716895461082458
vn 0.018060628324747086 0.9805194139480591 -0.19559010863304138
vn 0.09566958248615265 0.019394828006625175 -0.9952242374420166
vn 0.0692424401640892 0.6595137119293213 -0.7484966516494751
vn 0.058859825134277344 0.9755147099494934 -0.21191155910491943
vn -0.051583629101514816 0.014891967177391052 -0.9985576272010803
vn 0.06627524644136429 0.5202476978302002 -0.8514399528503418
vn 0.014391874894499779 0.9966686964035034 -0.08027657866477966
vn -0.5168883204460144 0.021619778126478195 0.8557798266410828
vn -0.3302404582500458 0.8040319681167603 0.49444296956062317
vn 0.0702812671661377 0.9552426338195801 -0.28735360503196716
vn 0.1863471120595932 0.01639929600059986 -0.9823471307754517
vn 0.16251352429389954 0.5806768536567688 -0.7977491617202759
vn 0.05604889243841171 0.9871837496757507 -0.14942148327827454
vn -0.8516141176223755 0.013805156573653221 0.5239875316619873
vn -0.6545268297195435 0.7324241995811462 0.1874820441007614
vn -0.07868634909391403 0.9903591275215149 -0.11400611698627472
vn 0.43349123001098633 0.016500210389494896 0.9010066390037537
vn 0.25929632782936096 0.7639786005020142 0.5908486247062683
vn -0.048446036875247955 0.9868630766868591 -0.15412451326847076
vn -0.30744683742523193 0.022544406354427338 -0.9512982368469238
vn -0.20742134749889374 0.7051542401313782 -0.6780368089675903
vn -0.05726916342973709 0.9909044504165649 -0.1217723861336708
vn 0.496029257774353 0.014979586005210876 0.8681766390800476
vn 0.34449467062950134 0.7344263195991516 0.5847574472427368
vn -0.07665984332561493 0.9864301085472107 -0.14518576860427856
vn -0.46359533071517944 0.010860640555620193 -0.8859804272651672
vn -0.33569687604904175 0.6812572479248047 -0.6505353450775146
vn 0.3111879825592041 0.009105880744755268 0.9503047466278076
vn -0.06821512430906296 0.9900853037834167 -0.12279172986745834
vn 0.16734297573566437 0.7749567031860352 0.6094574332237244
vn -0.45282506942749023 0.009718735702335835 -0.8915464282035828
vn -0.07309798151254654 0.9871706962585449 -0.14195337891578674
vn -0.3466005027294159 0.6504153609275818 -0.6758905649185181
vn 0.0012320921523496509 0.9911049008369446 -0.13307759165763855
vn -0.0037781887222081423 0.01008713897317648 0.9999419450759888
vn 0.058222658932209015 0.8184637427330017 0.5716006755828857
vn -0.0008240429451689124 0.010799298994243145 -0.999941349029541
vn 0.00046932382974773645 0.9883559942245483 -0.15215864777565002
vn 0.007178009953349829 0.6866798996925354 -0.726924479007721
vn -0.030322037637233734 0.9910855293273926 -0.12973053753376007
vn -0.003071027575060725 0.009999865666031837 0.9999452829360962
vn -0.03607099875807762 0.7724956274032593 0.6339948177337646
vn -0.2099803388118744 0.01023750938475132 -0.9776520133018494
vn -0.034188710153102875 0.9875549674034119 -0.15351317822933197
vn -0.16278618574142456 0.6673654317855835 -0.7267214059829712
vn -0.001424222718924284 0.991700291633606 -0.1285630315542221
vn -0.24677583575248718 0.010457340627908707 0.9690161943435669
vn -0.18528735637664795 0.778407096862793 0.59979248046875
vn 0.017788026481866837 0.01007404550909996 -0.9997910261154175
vn 0.0017720181494951248 0.9863486289978027 -0.16466088593006134
vn 0.009380481205880642 0.6627857685089111 -0.7487503290176392
vn 0.008255042135715485 0.9931017160415649 -0.11696484684944153
vn -0.4246714115142822 0.010974721983075142 0.9052810072898865
vn -0.2920272648334503 0.7935405969619751 0.5338664054870605
vn 0.14709748327732086 0.009588105604052544 -0.9890756011009216
vn 0.027232913300395012 0.9818462133407593 -0.1877133846282959
vn 0.11033418774604797 0.6496727466583252 -0.7521646618843079
vn 0.08759307861328125 0.9835895895957947 -0.1577308624982834
vn -0.6379367113113403 0.009136790409684181 0.7700346112251282
vn -0.32748332619667053 0.8784449696540833 0.34797850251197815
vn 0.10462363809347153 0.932136058807373 -0.3466643989086151
vn 0.1751740574836731 0.005711018107831478 -0.9845209717750549
vn 0.17786769568920135 0.3717751204967499 -0.9111236333847046
vn -0.887946605682373 0.01189821120351553 -0.4597926139831543
vn 0.06614970415830612 0.9882685542106628 -0.1376570761203766
vn -0.4751226305961609 0.7708520293235779 -0.4243178963661194
vn 0.4958115518093109 0.007746528834104538 0.8683956265449524
vn -0.07525023072957993 0.9898200631141663 -0.12080410867929459
vn 0.3293384611606598 0.7384174466133118 0.5884520411491394
vn 0.08419695496559143 -0.9851210713386536 -0.14982442557811737
vn 0.4886724352836609 -0.01975940726697445 -0.8722435235977173
vn 0.36719396710395813 -0.6612845659255981 -0.6541187763214111
vn 0.04701145365834236 -0.9921030402183533 -0.11628224700689316
vn -0.1606380045413971 -0.018803544342517853 0.9868342876434326
vn -0.07040800899267197 -0.7768592238426208 0.6257254481315613
vn 0.0600380003452301 -0.9859858155250549 -0.1556513011455536
vn 0.3551693260669708 -0.01980483904480934 -0.9345921874046326
vn 0.270942360162735 -0.664975106716156 -0.695987343788147
vn 0.014718053862452507 -0.9930660724639893 -0.11663323640823364
vn 0.13902486860752106 -0.020170675590634346 0.9900834560394287
vn 0.11817338317632675 -0.7739183902740479 0.6221619248390198
vn 0.015022775158286095 -0.9848631024360657 -0.17268195748329163
vn 0.0819338783621788 -0.020024560391902924 -0.996436595916748
vn 0.06562183052301407 -0.6688472628593445 -0.7404979467391968
vn 0.0010936459293588996 -0.9946837425231934 -0.10297153145074844
vn 0.3443410098552704 -0.020709993317723274 0.938616156578064
vn 0.2451990693807602 -0.7829740643501282 0.5716895461082458
vn -0.01805782876908779 -0.9805215001106262 -0.19557981193065643
vn -0.09566950052976608 -0.019684869796037674 -0.9952184557914734
vn -0.06886260956525803 -0.6643287539482117 -0.7442615628242493
vn -0.05771351978182793 -0.9762377738952637 -0.20887543261051178
vn 0.05158362537622452 -0.014891967177391052 -0.9985576272010803
vn -0.06604024022817612 -0.5200355052947998 -0.8515878319740295
vn -0.014391874894499779 -0.9966686964035034 -0.08027657866477966
vn 0.5168883204460144 -0.021619778126478195 0.8557798266410828
vn 0.3302404582500458 -0.8040319681167603 0.49444296956062317
vn -0.0704081729054451 -0.955332338809967 -0.28702399134635925
vn -0.18635162711143494 -0.016653260216116905 -0.982342004776001
vn -0.16209641098976135 -0.585523784160614 -0.7942837476730347
vn -0.05604889243841171 -0.9871837496757507 -0.14942148327827454
vn 0.8516140580177307 -0.013805155642330647 0.5239875316619873
vn 0.6545268297195435 -0.7324241995811462 0.1874820441007614
vn 0.07868634909391403 -0.9903591275215149 -0.11400611698627472
vn -0.43349123001098633 -0.016500210389494896 0.9010066390037537
vn -0.25929632782936096 -0.7639786005020142 0.5908486247062683
vn 0.048457685858011246 -0.9868621230125427 -0.15412722527980804
vn 0.30744627118110657 -0.022879578173160553 -0.9512903690338135
vn 0.2063380479812622 -0.709371030330658 -0.6739565134048462
vn 0.05726916342973709 -0.9909044504165649 -0.1217723861336708
vn -0.496029257774353 -0.014979586005210876 0.8681766390800476
vn -0.34449467062950134 -0.7344263195991516 0.5847574472427368
vn 0.07665962725877762 -0.9864298105239868 -0.1451878547668457
vn 0.463594913482666 -0.011023004539310932 -0.8859786987304688
vn 0.3337264358997345 -0.6858865022659302 -0.646673321723938
vn -0.3111879527568817 -0.009105881676077843 0.9503047466278076
vn 0.06821512430906296 -0.9900853037834167 -0.12279172986745834
vn -0.16734297573566437 -0.7749567031860352 0.6094574332237244
vn 0.45282426476478577 -0.009863601066172123 -0.8915452361106873
vn 0.07310064136981964 -0.9871701002120972 -0.14195574820041656
vn 0.3446829617023468 -0.6552658081054688 -0.6721757650375366
vn 0.030322037637233734 -0.9910855293273926 -0.12973053753376007
vn 0.003071029204875231 -0.009999864734709263 0.9999452829360962
vn 0.03607099503278732 -0.7724956274032593 0.6339946985244751
vn 0.20997944474220276 -0.01039211731404066 -0.9776505827903748
vn 0.03419186547398567 -0.987554132938385 -0.15351812541484833
vn 0.16181330382823944 -0.6721583604812622 -0.7225092053413391
vn 0.0014242224860936403 -0.991700291633606 -0.1285630464553833
vn 0.24677583575248718 -0.010457342490553856 0.9690161943435669
vn 0.18528735637664795 -0.778407096862793 0.59979248046875
vn -0.01778835617005825 -0.010224836878478527 -0.9997894763946533
vn -0.0017700439784675837 -0.9863470196723938 -0.1646706461906433
vn -0.009344826452434063 -0.6676027178764343 -0.7444590926170349
vn -0.008255042135715485 -0.9931017160415649 -0.11696483939886093
vn 0.424671471118927 -0.010974722914397717 0.9052810072898865
vn 0.2920272648334503 -0.7935405969619751 0.5338663458824158
vn -0.14709748327732086 -0.00973142683506012 -0.989074170589447
vn -0.027236387133598328 -0.9818375706672668 -0.18775829672813416
vn -0.10974034667015076 -0.6545284390449524 -0.748030424118042
vn -0.08759307861328125 -0.9835895895957947 -0.1577308624982834
vn 0.6379366517066956 -0.009136789478361607 0.7700345516204834
vn 0.32748332619667053 -0.8784449696540833 0.34797850251197815
vn -0.1046878769993782 -0.932235062122345 -0.3463788330554962
vn -0.17517629265785217 -0.0057452949695289135 -0.9845203161239624
vn -0.17788615822792053 -0.37309232354164124 -0.9105815291404724
vn 0.887946605682373 -0.011898212134838104 -0.4597926437854767
vn -0.06614969670772552 -0.9882685542106628 -0.1376570761203766
vn 0.4751226305961609 -0.7708520293235779 -0.4243178963661194
vn -0.4958115816116333 -0.007746528834104538 0.8683956265449524
vn 0.07525023072957993 -0.9898200631141663 -0.12080410867929459
vn -0.3293384611606598 -0.7384174466133118 0.5884520411491394
vn -0.4888766407966614 -0.01804683730006218 -0.8721662163734436
vn -0.0846981406211853 -0.9849041700363159 -0.15096379816532135
vn -0.3773883283138275 -0.6346741914749146 -0.6743638515472412
vn 0.15843501687049866 -0.020070182159543037 0.9871654510498047
vn -0.04648261517286301 -0.9919558763504028 -0.11774162203073502
vn 0.08392059057950974 -0.7978656888008118 0.5969652533531189
vn -0.35727789998054504 -0.018987245857715607 -0.9338051676750183
vn -0.058962561190128326 -0.9859073162078857 -0.15655753016471863
vn -0.26490163803100586 -0.652919590473175 -0.7095937132835388
vn -0.140656977891922 -0.020279599353671074 0.9898507595062256
vn -0.014003208838403225 -0.9930745363235474 -0.11664872616529465
vn -0.10452645272016525 -0.7770066857337952 0.6207535266876221
vn -0.08371968567371368 -0.019323663786053658 -0.9963019490242004
vn -0.013668215833604336 -0.984762966632843 -0.17336402833461761
vn -0.058187276124954224 -0.6585727334022522 -0.7502641081809998
vn -0.34559112787246704 -0.019238414242863655 0.9381878972053528
vn -0.0012331664329394698 -0.9950852990150452 -0.09901369363069534
vn -0.24442914128303528 -0.7601464986801147 0.6020230054855347
vn 0.09463974088430405 -0.02046106569468975 -0.9953012466430664
vn 0.019229186698794365 -0.9809860587120056 -0.19312326610088348
vn 0.07257970422506332 -0.6751255989074707 -0.7341237664222717
vn -0.043726611882448196 -0.017237141728401184 -0.9988948106765747
vn 0.04132061079144478 -0.9918909072875977 -0.12018714100122452
vn 0.0042226058430969715 -0.5595985054969788 -0.8287531137466431
vn -0.517932116985321 -0.016668345779180527 0.8552592396736145
vn -0.01427976880222559 -0.9990999102592468 -0.03994201868772507
vn -0.3439312279224396 -0.753324031829834 0.5605481863021851
vn 0.18560625612735748 -0.022101925686001778 -0.9823755621910095
vn 0.08591710776090622 -0.9381236433982849 -0.33547312021255493
vn 0.14380207657814026 -0.6686838865280151 -0.729508638381958
vn -0.8556338548660278 -0.011555085889995098 0.5174525380134583
vn 0.06733555346727371 -0.9857029318809509 -0.15445277094841003
vn -0.7056294679641724 -0.6077334880828857 0.3643447160720825
vn 0.43205195665359497 -0.01894589513540268 0.9016497731208801
vn -0.07907512784004211 -0.9900473952293396 -0.11641868203878403
vn 0.2467041164636612 -0.8052035570144653 0.5392442345619202
vn -0.30344900488853455 -0.01781969703733921 -0.9526810050010681
vn -0.052123747766017914 -0.9860279560089111 -0.15821464359760284
vn -0.24474963545799255 -0.6369966864585876 -0.7309806942939758
vn 0.49586018919944763 -0.01928674802184105 0.868188202381134
vn -0.05913122370839119 -0.9902493953704834 -0.12613318860530853
vn 0.2942506670951843 -0.8134172558784485 0.5017657279968262
vn -0.46285244822502136 -0.008619040250778198 -0.8863934278488159
vn -0.07824164628982544 -0.9860094785690308 -0.14718517661094666
vn -0.3684003949165344 -0.615816593170166 -0.6964560747146606
vn -0.06823762506246567 -0.9899584054946899 -0.12379816174507141
vn 0.3102324903011322 -0.010028068907558918 0.9506078362464905
vn 0.1720234453678131 -0.8033968806266785 0.5700538158416748
vn -0.07275767624378204 -0.987186074256897 -0.14202095568180084
vn -0.45335087180137634 -0.009715452790260315 -0.8912791609764099
vn -0.34165698289871216 -0.6507035493850708 -0.6781264543533325
vn 0.0037781880237162113 -0.01008713711053133 0.9999419450759888
vn -0.0012320912210270762 -0.9911049008369446 -0.13307759165763855
vn -0.058222658932209015 -0.8184637427330017 0.571600615978241
vn -0.0004493072920013219 -0.9883556962013245 -0.1521608531475067
vn 0.000831106910482049 -0.010852674022316933 -0.9999407529830933
vn -0.00661833118647337 -0.6873422265052795 -0.7263036370277405
vn -0.004334589466452599 -0.010555101558566093 0.9999348521232605
vn -0.029827632009983063 -0.9910076856613159 -0.13043789565563202
vn -0.016808057203888893 -0.7906919717788696 0.6119834184646606
vn -0.03345402702689171 -0.987453818321228 -0.15432393550872803
vn -0.21129387617111206 -0.009700614027678967 -0.9773744344711304
vn -0.15359163284301758 -0.6527409553527832 -0.7418482303619385
vn -0.24760718643665314 -0.010041818954050541 0.9688085317611694
vn -0.0011105301091447473 -0.9918301701545715 -0.12756043672561646
vn -0.17560046911239624 -0.7668599486351013 0.6173251867294312
vn 0.0025789993815124035 -0.9863743782043457 -0.16449587047100067
vn 0.016968203708529472 -0.010139834135770798 -0.9998046159744263
vn 0.01667802222073078 -0.6653473377227783 -0.7463476657867432
vn -0.42522716522216797 -0.009436015039682388 0.9050374627113342
vn 0.006860193330794573 -0.9936885237693787 -0.11196421086788177
vn -0.30568838119506836 -0.7470645308494568 0.5902959108352661
vn 0.02736072987318039 -0.982699990272522 -0.18317221105098724
vn 0.14672864973545074 -0.011037778109312057 -0.9891151189804077
vn 0.10824325680732727 -0.6886023283004761 -0.717014729976654
vn -0.6389644145965576 -0.005433635786175728 0.7692170739173889
vn 0.07411424070596695 -0.9894095063209534 -0.12480323016643524
vn -0.4165431261062622 -0.749813973903656 0.5140727162361145
vn 0.1759181171655655 -0.008755005896091461 -0.9843658208847046
vn 0.10548688471317291 -0.9356033205986023 -0.336925745010376
vn 0.1819436401128769 -0.4565528631210327 -0.8708937168121338
vn 0.0642482191324234 -0.9886512160301208 -0.13579724729061127
vn -0.88465416431427 -0.010642288252711296 -0.46612635254859924
vn -0.5747948884963989 -0.7415600419044495 -0.3459761440753937
vn -0.07622195780277252 -0.9895153641700745 -0.1226760670542717
vn 0.49576589465141296 -0.009814116172492504 0.8684007525444031
vn 0.2832306921482086 -0.8113662600517273 0.5113366842269897
vn 0.19108377397060394 0.9771634936332703 -0.09294434636831284
vn 0.1358422189950943 0.9835575222969055 -0.11900241672992706
vn 0.1584528237581253 0.9870696067810059 0.024212630465626717
vn 0.15150965750217438 0.9883974194526672 0.010735082440078259
vn 0.23365381360054016 0.9647840261459351 0.12082089483737946
vn 0.29574698209762573 0.9538119435310364 -0.05269327759742737
vn 0.4309138059616089 0.8495875000953674 0.3041618764400482
vn 0.7023341655731201 0.4052692949771881 0.5852209329605103
vn -0.3922621011734009 0.9147104620933533 -0.09713483601808548
vn 0.4909617304801941 0.8660537004470825 -0.09437980502843857
vn 0.4078713357448578 0.41210833191871643 0.8147439360618591
vn 0.254420667886734 0.8688904047012329 0.4246169626712799
vn 0.5173436403274536 0.8092623353004456 -0.27829840779304504
vn 0.8155542612075806 0.4107835292816162 -0.40758827328681946
vn 0.930640697479248 0.3531429171562195 -0.09590546041727066
vn 0.6190029978752136 0.780559778213501 -0.08695843815803528
vn -0.90696781873703 -0.363819420337677 -0.21223744750022888
vn -0.8666812777519226 -0.45361873507499695 -0.20758968591690063
vn 0.8970513939857483 0.4164409041404724 -0.14790458977222443
vn 0.6668010950088501 0.7352768182754517 -0.12142624706029892
vn 0.5866416096687317 0.7786162495613098 -0.2227291762828827
vn 0.8524202108383179 0.4177604913711548 -0.3144136071205139
vn 0.47967177629470825 0.718597948551178 0.503519594669342
vn 0.585352897644043 0.3222697079181671 0.7439786791801453
vn -0.9049950838088989 0.021410886198282242 -0.42488279938697815
vn -0.9451576471328735 -0.23989112675189972 -0.22165119647979736
vn -0.8212270736694336 0.3911478817462921 -0.41543883085250854
vn -0.96953284740448 -0.15696746110916138 -0.1880618929862976
vn -0.4955180883407593 0.86240154504776 -0.10356336832046509
vn -0.09298168867826462 0.9844428300857544 -0.14908620715141296
vn 0.20776104927062988 0.9775263667106628 0.03574198856949806
vn 0.45896437764167786 0.8058480620384216 0.37411317229270935
vn 0.6332281231880188 0.3714173436164856 0.6790223717689514
vn 0.09194459766149521 0.9872907400131226 -0.1296270787715912
vn 0.14618542790412903 0.9879016876220703 0.051769401878118515
vn 0.2034749984741211 0.9684911966323853 -0.14360632002353668
vn 0.49934929609298706 0.31767183542251587 0.806061327457428
vn 0.533101499080658 0.7978483438491821 -0.28149735927581787
vn 0.8408697247505188 0.3741661310195923 -0.39107269048690796
vn 0.36047986149787903 0.7474303841590881 0.5580341815948486
vn 0.022065281867980957 0.995746374130249 -0.08945601433515549
vn 0.06824774295091629 0.9927495718002319 -0.09894749522209167
vn 0.16825145483016968 0.9856610894203186 0.012792489491403103
vn 0.2190144658088684 0.9744276404380798 -0.05023364722728729
vn 0.5132557153701782 0.8312711119651794 0.21344085037708282
vn 0.846737265586853 0.3905087411403656 0.3613016903400421
vn 0.9283674359321594 0.34070271253585815 -0.14851078391075134
vn 0.6672512888908386 0.7374525666236877 -0.10459119081497192
vn -0.03179469332098961 0.9964885115623474 -0.07745879888534546
vn -0.05493980273604393 0.997858464717865 -0.03549636900424957
vn 0.044423457235097885 0.9961853623390198 -0.07510852068662643
vn 0.28918197751045227 0.34235402941703796 0.8939616680145264
vn 0.23538462817668915 0.8187236785888672 0.5237228274345398
vn -0.8161366581916809 0.03292618319392204 -0.576920211315155
vn -0.6879853010177612 0.419635146856308 -0.592100203037262
vn -0.08519197255373001 0.9614922404289246 -0.26129499077796936
vn 0.13923056423664093 0.987527072429657 0.07351984083652496
vn 0.10425401479005814 0.9844338297843933 -0.14149561524391174
vn 0.018004506826400757 0.9398525357246399 -0.3411056399345398
vn 0.23455855250358582 0.9682303667068481 0.08667295426130295
vn 0.10129211843013763 0.34979215264320374 0.9313352108001709
vn 0.1558067351579666 0.8047495484352112 0.5728022456169128
vn -0.6441164612770081 0.030224628746509552 -0.7643300890922546
vn -0.5507313013076782 0.28261876106262207 -0.785379946231842
vn 0.20828814804553986 0.9689940810203552 -0.1329154670238495
vn -0.19108377397060394 0.9771634936332703 -0.09294434636831284
vn -0.1358422040939331 0.9835575222969055 -0.11900241672992706
vn -0.1584528237581253 0.9870696067810059 0.02421262301504612
vn -0.15150965750217438 0.9883974194526672 0.010735087096691132
vn -0.23365382850170135 0.9647840261459351 0.12082089483737946
vn -0.29574695229530334 0.9538119435310364 -0.05269327759742737
vn -0.4309138357639313 0.8495875000953674 0.3041618764400482
vn -0.7023341059684753 0.4052693247795105 0.5852209329605103
vn 0.3922621011734009 0.9147104620933533 -0.09713484346866608
vn -0.4909617304801941 0.8660537004470825 -0.09437981992959976
vn -0.4078713357448578 0.41210833191871643 0.8147439360618591
vn -0.254420667886734 0.8688904643058777 0.4246169626712799
vn -0.5173436403274536 0.8092623353004456 -0.27829840779304504
vn -0.8155542612075806 0.4107835292816162 -0.40758827328681946
vn -0.930640697479248 0.3531428873538971 -0.09590546041727066
vn -0.6190029978752136 0.780559778213501 -0.08695843070745468
vn 0.90696781873703 -0.3638193607330322 -0.21223744750022888
vn 0.8666812777519226 -0.45361873507499695 -0.20758971571922302
vn -0.8970513939857483 0.4164409041404724 -0.14790458977222443
vn -0.6668010354042053 0.7352769374847412 -0.12142624706029892
vn -0.5866416692733765 0.7786162495613098 -0.2227291762828827
vn -0.8524202108383179 0.4177605211734772 -0.3144136369228363
vn -0.47967180609703064 0.718597948551178 0.5035196542739868
vn -0.5853529572486877 0.3222697079181671 0.7439786791801453
vn 6.926370588189457e-09 0.04754526540637016 -0.9988690614700317
vn 0.9049950838088989 0.021410884335637093 -0.42488282918930054
vn 0.9451576471328735 -0.23989112675189972 -0.22165119647979736
vn 4.433784006607766e-09 0.23215490579605103 -0.9726788997650146
vn 0.8212270140647888 0.3911479413509369 -0.41543880105018616
vn 0.96953284740448 -0.1569674164056778 -0.1880618929862976
vn 0.4955180287361145 0.86240154504776 -0.10356336832046509
vn 0.09298169612884521 0.9844428300857544 -0.14908623695373535
vn 1.0474715317343453e-08 0.9155446887016296 -0.4022163450717926
vn 1.1672154354158693e-09 0.2846652567386627 0.9586269855499268
vn -6.99922164670852e-09 0.9806681275367737 0.19567815959453583
vn 5.151329585117992e-09 0.7202322483062744 0.6937330365180969
vn -0.20776106417179108 0.9775264263153076 0.03574199229478836
vn -0.45896437764167786 0.8058480620384216 0.37411317229270935
vn -0.633228063583374 0.371417373418808 0.6790224313735962
vn -0.09194459766149521 0.9872907400131226 -0.12962706387043
vn 1.4121035896152989e-08 0.994249701499939 -0.10708709806203842
vn -0.14618541300296783 0.9879016280174255 0.05176939442753792
vn -0.2034749984741211 0.9684911966323853 -0.14360632002353668
vn -0.4993492364883423 0.31767186522483826 0.8060613870620728
vn -0.5331015586853027 0.7978483438491821 -0.28149741888046265
vn -0.8408697247505188 0.3741661012172699 -0.39107272028923035
vn -0.3604799211025238 0.7474303841590881 0.5580341815948486
vn -0.022065281867980957 0.995746374130249 -0.08945601433515549
vn -0.06824774295091629 0.9927495718002319 -0.09894749522209167
vn -0.16825146973133087 0.9856610894203186 0.012792489491403103
vn -0.2190144658088684 0.9744277000427246 -0.05023364722728729
vn -0.5132557153701782 0.8312710523605347 0.21344082057476044
vn -0.846737265586853 0.3905087411403656 0.3613017201423645
vn -0.9283674359321594 0.34070277214050293 -0.14851076900959015
vn -0.6672512888908386 0.7374525666236877 -0.10459119081497192
vn 0.03179468587040901 0.9964885115623474 -0.07745879143476486
vn 0.05493980273604393 0.9978585243225098 -0.03549637272953987
vn -0.044423460960388184 0.9961853623390198 -0.07510852813720703
vn -0.28918197751045227 0.3423539996147156 0.8939616084098816
vn -0.23538461327552795 0.8187236785888672 0.5237228870391846
vn 0.8161365985870361 0.032926201820373535 -0.5769201517105103
vn 0.6879851818084717 0.4196351170539856 -0.592100203037262
vn 0.08519197255373001 0.9614921808242798 -0.261294960975647
vn -0.13923056423664093 0.987527072429657 0.07351984828710556
vn -0.10425400733947754 0.9844338297843933 -0.14149561524391174
vn -0.01800450123846531 0.9398525357246399 -0.3411056399345398
vn -0.234558567404747 0.9682303667068481 0.08667296171188354
vn -0.10129211097955704 0.34979215264320374 0.9313352108001709
vn -0.1558067351579666 0.8047495484352112 0.5728022456169128
vn 0.6441164612770081 0.030224643647670746 -0.7643300890922546
vn 0.5507313013076782 0.28261876106262207 -0.7853800058364868
vn -0.20828814804553986 0.9689940810203552 -0.1329154670238495
vn -0.9783936738967896 0.0 -0.20675106346607208
vn 0.982026219367981 7.717800620810067e-09 -0.18874463438987732
vn 0.43655914068222046 -3.95742105752106e-09 0.8996754884719849
vn 0.9052384495735168 -9.48650846765986e-09 -0.4249039590358734
vn 0.9502928853034973 -4.934717523497056e-09 -0.3113573491573334
vn 0.9908418655395508 0.0 -0.13502702116966248
vn 0.6145231127738953 9.478087648062683e-09 0.788898766040802
vn 0.792066752910614 0.0 0.6104344129562378
vn 0.19108375906944275 -0.9771633744239807 -0.09294433891773224
vn 0.1358422040939331 -0.9835575222969055 -0.11900241672992706
vn 0.1584528237581253 -0.9870696067810059 0.02421262301504612
vn 0.15150965750217438 -0.9883974194526672 0.010735087096691132
vn 0.23365382850170135 -0.9647840261459351 0.12082089483737946
vn 0.29574695229530334 -0.9538119435310364 -0.05269327759742737
vn 0.4309138357639313 -0.8495875000953674 0.3041618764400482
vn 0.7023341059684753 -0.4052693247795105 0.5852209329605103
vn -0.3922621011734009 -0.9147104620933533 -0.09713484346866608
vn 0.4909617304801941 -0.8660537004470825 -0.09437981992959976
vn 0.4078713357448578 -0.41210833191871643 0.8147439360618591
vn 0.254420667886734 -0.8688904643058777 0.4246169626712799
vn 0.5173436403274536 -0.8092623353004456 -0.27829840779304504
vn 0.8155542016029358 -0.4107835590839386 -0.40758830308914185
vn 0.930640697479248 -0.3531429171562195 -0.09590546041727066
vn 0.6190029978752136 -0.780559778213501 -0.08695843070745468
vn -0.90696781873703 0.3638193607330322 -0.21223744750022888
vn -0.8666812777519226 0.45361873507499695 -0.20758971571922302
vn 0.8970513939857483 -0.4164409041404724 -0.14790458977222443
vn 0.6668010354042053 -0.7352769374847412 -0.12142624706029892
vn 0.5866416096687317 -0.7786163091659546 -0.2227291762828827
vn 0.8524202108383179 -0.4177604913711548 -0.3144136071205139
vn 0.47967180609703064 -0.718597948551178 0.5035196542739868
vn 0.5853529572486877 -0.3222697079181671 0.7439786791801453
vn -0.9564723372459412 4.374105966320485e-09 -0.29182296991348267
vn -0.8875448703765869 4.284841370605363e-09 -0.46072131395339966
vn -0.9049950838088989 -0.021410882472991943 -0.42488282918930054
vn -0.9451576471328735 0.23989112675189972 -0.22165119647979736
vn -0.8212270140647888 -0.3911479413509369 -0.41543880105018616
vn -0.96953284740448 0.1569674164056778 -0.18806186318397522
vn -0.4955180287361145 -0.86240154504776 -0.10356336832046509
vn -0.09298170357942581 -0.9844428300857544 -0.14908623695373535
vn 0.6765283942222595 0.0 0.7364165186882019
vn 0.20776106417179108 -0.9775264263153076 0.03574199229478836
vn 0.45896437764167786 -0.8058480620384216 0.37411317229270935
vn 0.633228063583374 -0.371417373418808 0.6790224313735962
vn 0.09194459766149521 -0.9872907400131226 -0.12962706387043
vn 0.9036642909049988 0.0 -0.42824164032936096
vn 0.5353549122810364 1.4353349619966593e-09 0.8446271419525146
vn 0.14618541300296783 -0.9879016280174255 0.05176939442753792
vn 0.2034749835729599 -0.9684911966323853 -0.14360632002353668
vn 0.4993492364883423 -0.31767186522483826 0.8060613870620728
vn 0.5331015586853027 -0.7978483438491821 -0.28149741888046265
vn 0.8408697247505188 -0.3741661012172699 -0.39107272028923035
vn 0.3604799211025238 -0.7474303841590881 0.5580341815948486
vn 0.022065281867980957 -0.995746374130249 -0.08945601433515549
vn 0.06824774295091629 -0.9927495718002319 -0.09894749522209167
vn 0.9869463443756104 0.0 -0.16104938089847565
vn 0.9502288699150085 1.5194159264098062e-09 0.3115525245666504
vn 0.16825146973133087 -0.9856610894203186 0.012792488560080528
vn 0.2190144956111908 -0.9744277000427246 -0.050233643501996994
vn 0.5132557153701782 -0.8312711119651794 0.21344085037708282
vn 0.846737265586853 -0.3905087411403656 0.3613017201423645
vn 0.9283674359321594 -0.34070277214050293 -0.14851076900959015
vn 0.6672512888908386 -0.7374525666236877 -0.10459119081497192
vn -0.03179468587040901 -0.9964885115623474 -0.07745879143476486
vn -0.05493980273604393 -0.9978585243225098 -0.03549637272953987
vn 0.044423460960388184 -0.9961853623390198 -0.07510852813720703
vn 0.28918197751045227 -0.34235402941703796 0.8939616084098816
vn 0.23538462817668915 -0.8187236785888672 0.5237228870391846
vn -0.8087823390960693 -3.772250511957509e-09 -0.5881081223487854
vn -0.8161365985870361 -0.03292619809508324 -0.5769201517105103
vn -0.6879851818084717 -0.4196351170539856 -0.592100203037262
vn -0.08519197255373001 -0.9614921808242798 -0.26129499077796936
vn 0.26078182458877563 0.0 0.9653977155685425
vn 0.13923056423664093 -0.987527072429657 0.07351984828710556
vn 0.10425400733947754 -0.9844338297843933 -0.14149561524391174
vn -0.5682442784309387 2.4233832718323356e-09 -0.8228598833084106
vn 0.01800449751317501 -0.9398525357246399 -0.3411056399345398
vn 0.0772353857755661 0.0 0.9970128536224365
vn 0.234558567404747 -0.9682303667068481 0.08667296171188354
vn 0.10129211097955704 -0.34979215264320374 0.9313352108001709
vn 0.1558067351579666 -0.8047495484352112 0.5728022456169128
vn -0.6441164612770081 -0.030224643647670746 -0.7643300890922546
vn -0.5507313013076782 -0.28261879086494446 -0.7853800058364868
vn 0.20828817784786224 -0.9689940810203552 -0.13291548192501068
vn 0.9783936738967896 -1.7618615455461395e-09 -0.2067510485649109
vn -0.982026219367981 -7.717800620810067e-09 -0.18874463438987732
vn -0.43655914068222046 2.63828070501404e-09 0.8996754884719849
vn -0.9052384495735168 7.1148815727895e-09 -0.4249039888381958
vn -0.9502928853034973 4.934717523497056e-09 -0.3113573491573334
vn -0.9908418655395508 0.0 -0.13502702116966248
vn -0.6145231127738953 -1.1847610004167564e-08 0.788898766040802
vn -0.792066752910614 2.573523616433704e-09 0.6104344129562378
vn -0.19108377397060394 -0.9771634936332703 -0.09294434636831284
vn -0.1358422189950943 -0.9835575222969055 -0.11900241672992706
vn -0.1584528386592865 -0.9870696067810059 0.024212628602981567
vn -0.15150965750217438 -0.9883974194526672 0.010735087096691132
vn -0.23365381360054016 -0.9647840261459351 0.12082089483737946
vn -0.29574698209762573 -0.9538119435310364 -0.052693285048007965
vn -0.4309137463569641 -0.8495875000953674 0.30416184663772583
vn -0.7023341655731201 -0.4052692949771881 0.5852209329605103
vn 0.3922620713710785 -0.9147104620933533 -0.09713483601808548
vn -0.4909617602825165 -0.8660537004470825 -0.09437981247901917
vn -0.4078713059425354 -0.41210833191871643 0.8147439360618591
vn -0.254420667886734 -0.8688904047012329 0.4246169626712799
vn -0.5173436403274536 -0.8092623353004456 -0.27829840779304504
vn -0.8155542612075806 -0.4107835292816162 -0.40758827328681946
vn -0.930640697479248 -0.3531429171562195 -0.09590546041727066
vn -0.6190029978752136 -0.780559778213501 -0.08695843070745468
vn 0.90696781873703 0.363819420337677 -0.21223744750022888
vn 0.8666812777519226 0.45361873507499695 -0.20758968591690063
vn -0.8970513939857483 -0.4164409041404724 -0.14790460467338562
vn -0.6668010950088501 -0.7352768778800964 -0.12142624706029892
vn -0.5866416096687317 -0.7786162495613098 -0.2227291762828827
vn -0.8524202108383179 -0.4177605211734772 -0.3144136369228363
vn -0.47967177629470825 -0.718597948551178 0.503519594669342
vn -0.585352897644043 -0.3222697079181671 0.7439786791801453
vn 0.9564723372459412 -4.374105966320485e-09 -0.29182296991348267
vn 0.8875448703765869 -4.017039145765011e-09 -0.46072134375572205
vn 0.0 0.0 -1.0
vn -6.926370588189457e-09 -0.04754526913166046 -0.9988690614700317
vn 0.9049950838088989 -0.021410886198282242 -0.42488279938697815
vn 0.9451576471328735 0.23989112675189972 -0.22165119647979736
vn -8.867566236858693e-09 -0.23215486109256744 -0.9726788401603699
vn 0.8212270736694336 -0.3911478817462921 -0.41543883085250854
vn 0.96953284740448 0.15696746110916138 -0.1880618929862976
vn 0.4955180287361145 -0.86240154504776 -0.10356336832046509
vn 0.09298168867826462 -0.9844428300857544 -0.14908622205257416
vn -9.42724387442695e-09 -0.9155446887016296 -0.4022163450717926
vn 0.0 0.0 1.0
vn -1.037524843816584e-09 -0.2846652567386627 0.9586269855499268
vn 6.99922164670852e-09 -0.9806681275367737 0.19567815959453583
vn -4.455203317377254e-09 -0.7202322483062744 0.6937330365180969
vn -0.6765283942222595 0.0 0.7364165186882019
vn -0.20776104927062988 -0.9775263667106628 0.03574198856949806
vn -0.45896437764167786 -0.8058480620384216 0.37411317229270935
vn -0.6332281231880188 -0.3714173436164856 0.6790223717689514
vn -0.09194459766149521 -0.9872907400131226 -0.1296270787715912
vn -1.0590776255980927e-08 -0.994249701499939 -0.10708709806203842
vn -0.9036642909049988 2.6552802179224955e-09 -0.42824164032936096
vn -0.5353549122810364 0.0 0.8446271419525146
vn -0.14618541300296783 -0.9879016280174255 0.05176939442753792
vn -0.2034749537706375 -0.9684911966323853 -0.1436063051223755
vn -0.49934929609298706 -0.31767183542251587 0.806061327457428
vn -0.5331015586853027 -0.7978483438491821 -0.28149738907814026
vn -0.8408697247505188 -0.3741661310195923 -0.39107269048690796
vn -0.36047986149787903 -0.7474303841590881 0.5580341815948486
vn -0.022065281867980957 -0.995746374130249 -0.08945601433515549
vn -0.06824774295091629 -0.9927495718002319 -0.09894749522209167
vn -0.9869463443756104 0.0 -0.16104938089847565
vn -0.9502288699150085 0.0 0.3115525245666504
vn -0.16825146973133087 -0.9856610894203186 0.012792490422725677
vn -0.2190144807100296 -0.9744276404380798 -0.05023364722728729
vn -0.5132557153701782 -0.8312711119651794 0.21344083547592163
vn -0.846737265586853 -0.3905087113380432 0.3613017201423645
vn -0.9283674359321594 -0.34070274233818054 -0.14851076900959015
vn -0.6672512888908386 -0.7374525666236877 -0.10459119081497192
vn 0.03179469332098961 -0.9964885115623474 -0.07745879888534546
vn 0.05493980273604393 -0.997858464717865 -0.03549636900424957
vn -0.044423457235097885 -0.9961853623390198 -0.07510852068662643
vn -0.28918197751045227 -0.34235402941703796 0.8939616680145264
vn -0.23538461327552795 -0.8187236785888672 0.5237228274345398
vn 0.8087823390960693 3.772250511957509e-09 -0.5881081223487854
vn 0.8161365985870361 -0.03292618319392204 -0.576920211315155
vn 0.6879853010177612 -0.419635146856308 -0.592100203037262
vn 0.08519197255373001 -0.9614922404289246 -0.26129499077796936
vn -0.26078182458877563 -4.1104546433246014e-09 0.9653977155685425
vn -0.13923059403896332 -0.987527072429657 0.07351984083652496
vn -0.10425401479005814 -0.9844338297843933 -0.14149561524391174
vn 0.5682442784309387 -2.4233832718323356e-09 -0.8228598833084106
vn -0.018004506826400757 -0.9398525357246399 -0.3411056399345398
vn -0.0772353857755661 0.0 0.9970128536224365
vn -0.234558567404747 -0.9682303667068481 0.08667295426130295
vn -0.10129211843013763 -0.34979215264320374 0.9313352108001709
vn -0.1558067351579666 -0.8047495484352112 0.5728022456169128
vn 0.6441164612770081 -0.030224628746509552 -0.7643300890922546
vn 0.5507313013076782 -0.28261876106262207 -0.785379946231842
vn -0.20828814804553986 -0.9689940810203552 -0.1329154670238495
vn -0.02364521287381649 0.9997168779373169 0.002661301288753748
vn -0.1707739531993866 0.9853062033653259 0.002805591793730855
vn -0.3434021770954132 0.9391828775405884 0.0032125799916684628
vn -0.5708581805229187 0.8210389614105225 0.004007366485893726
vn -0.859950840473175 0.5103500485420227 0.005241308361291885
vn -0.993323028087616 -0.11521753668785095 0.005855821073055267
vn -0.7619258761405945 -0.6476463675498962 0.0048047020100057125
vn -0.48704347014427185 -0.8733699917793274 0.0036894753575325012
vn -0.2814103662967682 -0.9595826864242554 0.0030416417866945267
vn -0.12013281881809235 -0.9927540421485901 0.002732201712206006
vn 0.023644521832466125 -0.9997168779373169 0.0026613008230924606
vn 0.1707739531993866 -0.9853062033653259 0.002805591793730855
vn 0.3434031009674072 -0.9391825795173645 0.003212462877854705
vn 0.5708599090576172 -0.8210377097129822 0.004007046110928059
vn 0.8599512577056885 -0.5103492736816406 0.005241161212325096
vn 0.9933226704597473 0.11522066593170166 0.005855796858668327
vn 0.7619248032569885 0.6476476788520813 0.004804534837603569
vn 0.4870433807373047 0.8733699917793274 0.003689378034323454
vn 0.2814103662967682 0.9595826864242554 0.0030416485387831926
vn 0.12013206630945206 0.9927541613578796 0.0027322147507220507
vn 0.024184036999940872 0.9996352195739746 0.012026636861264706
vn -0.11955700069665909 0.9927506446838379 0.012343455106019974
vn -0.28070735931396484 0.9596951007843018 0.013736817054450512
vn -0.4860716164112091 0.8737602829933167 0.016655385494232178
vn -0.7606127262115479 0.6488435864448547 0.02168469876050949
vn -0.9926874041557312 0.11778105050325394 0.026447100564837456
vn -0.8607915639877319 -0.5084054470062256 0.023700932040810585
vn -0.57177734375 -0.8202086091041565 0.018124449998140335
vn -0.34411048889160156 -0.9388167262077332 0.014526561833918095
vn -0.1713528037071228 -0.9851281046867371 0.01268194429576397
vn -0.024184949696063995 -0.9996352195739746 0.012026299722492695
vn 0.11955776810646057 -0.9927505254745483 0.012342848815023899
vn 0.28070762753486633 -0.959695041179657 0.01373632438480854
vn 0.48607319593429565 -0.8737594485282898 0.016655826941132545
vn 0.7606134414672852 -0.6488427519798279 0.021685006096959114
vn 0.9926876425743103 -0.11777892708778381 0.026447106152772903
vn 0.8607903122901917 0.5084075927734375 0.023701084777712822
vn 0.5717775821685791 0.8202083706855774 0.0181244108825922
vn 0.34410807490348816 0.9388176798820496 0.01452559418976307
vn 0.1713530272245407 0.9851280450820923 0.012682153843343258
vn -0.5297935009002686 -0.8480491042137146 0.011469013057649136
vn -0.5315977931022644 -0.8466473817825317 0.024331126362085342
vn -0.5351707339286804 -0.8441145420074463 0.03260338306427002
vn -0.5460519790649414 -0.8369601964950562 0.036398746073246
vn -0.5278516411781311 -0.848932147026062 0.026206791400909424
vn -0.8114213347434998 -0.5834559202194214 0.03427165374159813
vn -0.8321695327758789 -0.5524730682373047 0.04761701822280884
vn -0.8198195099830627 -0.5710317492485046 0.042645856738090515
vn -0.8158479928970337 -0.5773900151252747 0.03182605654001236
vn -0.8139156699180603 -0.5807892680168152 0.015002874657511711
vn 0.14397943019866943 -0.9895463585853577 0.008236506953835487
vn 0.1428050547838211 -0.9895973205566406 0.01743190735578537
vn 0.14057694375514984 -0.9897967576980591 0.023249633610248566
vn 0.13410314917564392 -0.9906367659568787 0.025596335530281067
vn 0.14503991603851318 -0.9892458915710449 0.01886732503771782
vn -9.24019914236851e-05 -0.9998354911804199 0.01813700795173645
vn -0.010338136926293373 -0.9996402859687805 0.024747641757130623
vn -0.004256994929164648 -0.9997400045394897 0.02240225486457348
vn -0.0021863619331270456 -0.9998568296432495 0.01677693799138069
vn -0.0011043389094993472 -0.9999679327011108 0.007922173477709293
vn 0.99983149766922 -0.0054107666946947575 0.01754171773791313
vn 0.99925297498703 -0.01071512047201395 0.03713121637701988
vn 0.9985538125038147 -0.020853659138083458 0.049552325159311295
vn 0.9972226619720459 -0.050576113164424896 0.05467255413532257
vn 0.9991939663887024 -0.00045239177416078746 0.04013974219560623
vn 0.8110368251800537 -0.5839909911155701 0.03426005318760872
vn 0.7891834378242493 -0.6124448180198669 0.04583461955189705
vn 0.802091121673584 -0.5957244038581848 0.04198003187775612
vn 0.806735634803772 -0.5900685787200928 0.031569793820381165
vn 0.8093105554580688 -0.5871908664703369 0.014941656030714512
vn -0.8093095421791077 0.5871922373771667 0.01494172215461731
vn -0.8067339658737183 0.5900708436965942 0.03156977519392967
vn -0.8020895719528198 0.5957263708114624 0.04197997972369194
vn -0.789182186126709 0.6124463677406311 0.0458345040678978
vn -0.81103515625 0.5839933753013611 0.034260135143995285
vn -0.5275231599807739 0.8491365909576416 0.026198308914899826
vn -0.5094262957572937 0.8597978353500366 0.03510656952857971
vn -0.5200833082199097 0.8535112738609314 0.032121382653713226
vn -0.5238465666770935 0.8514703512191772 0.02414567582309246
vn -0.5258774161338806 0.8504836559295654 0.011424761265516281
vn 0.14634326100349426 0.9891995191574097 0.008246751502156258
vn 0.14748696982860565 0.9889096617698669 0.017474692314863205
vn 0.14969360828399658 0.9884564280509949 0.02336076833307743
vn 0.15624159574508667 0.9873794317245483 0.02589472010731697
vn 0.14523866772651672 0.9892167448997498 0.01886887662112713
vn 0.3117777705192566 0.9499161839485168 0.021302679553627968
vn 0.3252716362476349 0.9451631307601929 0.029412133619189262
vn 0.31722012162208557 0.9479833245277405 0.026438288390636444
vn 0.31453683972358704 0.9490396976470947 0.019752908498048782
vn 0.31316161155700684 0.9496541619300842 0.0093162152916193
vn -0.14397911727428436 0.9895464181900024 0.008236459456384182
vn -0.14280438423156738 0.9895974397659302 0.017431795597076416
vn -0.14057591557502747 0.9897968173027039 0.023249609395861626
vn -0.13410158455371857 0.990636944770813 0.025596454739570618
vn -0.14504042267799377 0.9892458915710449 0.01886695809662342
vn 9.194285667035729e-05 0.9998354911804199 0.018136639147996902
vn 0.010337330400943756 0.9996402859687805 0.02474755048751831
vn 0.004257774446159601 0.9997400045394897 0.022402310743927956
vn 0.002186380559578538 0.9998568296432495 0.016776934266090393
vn 0.001103389309719205 0.9999679327011108 0.00792218092828989
vn -0.3131619691848755 -0.9496540427207947 0.009316124022006989
vn -0.31453803181648254 -0.9490393400192261 0.01975286938250065
vn -0.3172208070755005 -0.9479831457138062 0.026438424363732338
vn -0.3252715766429901 -0.9451631307601929 0.029412133619189262
vn -0.3117777109146118 -0.9499162435531616 0.021302536129951477
vn 0.3102680444717407 -0.950603723526001 0.009292448870837688
vn 0.30880746245384216 -0.9509214758872986 0.019653381779789925
vn 0.3060629665851593 -0.9516512751579285 0.02617936208844185
vn 0.2981797456741333 -0.9540776610374451 0.028717631474137306
vn 0.3115355372428894 -0.9499958157539368 0.021297655999660492
vn 0.8139147758483887 0.5807905793190002 0.015002862550318241
vn 0.8158466219902039 0.5773918628692627 0.03182603418827057
vn 0.8198177218437195 0.5710344314575195 0.04264567419886589
vn 0.8321686387062073 0.5524744391441345 0.04761708900332451
vn 0.8114197850227356 0.5834582448005676 0.03427131474018097
vn -0.99983149766922 0.005414313171058893 0.017541762441396713
vn -0.99925297498703 0.010717145167291164 0.03713122010231018
vn -0.9985538125038147 0.020856203511357307 0.04955236613750458
vn -0.9972224831581116 0.0505797453224659 0.05467245727777481
vn -0.9991939663887024 0.0004544858820736408 0.04013990983366966
vn -0.1463434398174286 -0.9891994595527649 0.008246657438576221
vn -0.1474866420030594 -0.9889096617698669 0.017474554479122162
vn -0.1496938318014145 -0.9884563684463501 0.02336089126765728
vn -0.15624234080314636 -0.987379252910614 0.025894833728671074
vn -0.1452387273311615 -0.989216685295105 0.01886913739144802
vn 0.5258792638778687 -0.8504825234413147 0.011424670927226543
vn 0.5238469839096069 -0.8514701128005981 0.02414579503238201
vn 0.5200830101966858 -0.8535114526748657 0.032121382653713226
vn 0.5094262361526489 -0.8597979545593262 0.035106558352708817
vn 0.5275231599807739 -0.8491365313529968 0.02619822323322296
vn -0.310268372297287 0.9506036043167114 0.009292366914451122
vn -0.3088074326515198 0.9509214758872986 0.019653242081403732
vn -0.3060629367828369 0.9516512751579285 0.026179347187280655
vn -0.2981800436973572 0.9540775418281555 0.028717659413814545
vn -0.31153517961502075 0.9499959349632263 0.021297896280884743
vn 0.5297929644584656 0.8480493426322937 0.011468937620520592
vn 0.5315977334976196 0.8466473817825317 0.024331239983439445
vn 0.5351705551147461 0.8441146016120911 0.03260328993201256
vn 0.5460512638092041 0.8369606733322144 0.03639863803982735
vn 0.5278496742248535 0.8489333987236023 0.026206661015748978
vn -0.5389733910560608 -0.8415652513504028 0.03571541979908943
vn -0.8241207003593445 -0.5644842982292175 0.0467185340821743
vn 0.1382775455713272 -0.9900692105293274 0.025343893095850945
vn -0.006409201305359602 -0.9996805191040039 0.02444986253976822
vn 0.9980446696281433 -0.031379036605358124 0.054057154804468155
vn 0.7974501848220825 -0.6016572713851929 0.045625630766153336
vn -0.7974488735198975 0.6016590595245361 0.045625459402799606
vn -0.516265332698822 0.855716347694397 0.034923866391181946
vn 0.15200211107730865 0.9880504608154297 0.025526927784085274
vn 0.3200456202030182 0.9469603896141052 0.02892632968723774
vn -0.13827669620513916 0.9900692701339722 0.025343971326947212
vn 0.0064086648635566235 0.9996805191040039 0.02445000410079956
vn -0.3200460970401764 -0.9469602704048157 0.028926128521561623
vn 0.3032515347003937 -0.9524842500686646 0.028500789776444435
vn 0.8241194486618042 0.5644860863685608 0.046718496829271317
vn -0.9980445504188538 0.03138154745101929 0.05405712500214577
vn -0.15200231969356537 -0.9880504608154297 0.025526782497763634
vn 0.5162649750709534 -0.8557165861129761 0.03492385521531105
vn -0.3032507300376892 0.9524844884872437 0.02850102260708809
vn 0.5389727354049683 0.8415656685829163 0.035715579986572266
vn -0.5287141799926758 -0.8486216068267822 0.01739700883626938
vn 0.14459578692913055 -0.9894116520881653 0.01251076627522707
vn 0.999642014503479 -0.0025571160949766636 0.026633044704794884
vn -0.810407280921936 0.5854266285896301 0.02271067537367344
vn 0.14571377635002136 0.9892476797103882 0.01251864805817604
vn -0.14459584653377533 0.9894116520881653 0.01251080259680748
vn -0.3123803436756134 -0.949851930141449 0.01413668692111969
vn 0.3110128343105316 -0.9503008127212524 0.014119744300842285
vn 0.8125823736190796 0.5824021100997925 0.022754855453968048
vn -0.999642014503479 0.00255818129517138 0.02663286402821541
vn -0.14571282267570496 -0.989247739315033 0.012518276460468769
vn 0.5268650650978088 -0.8497715592384338 0.01736540161073208
vn -0.311012864112854 0.9503007531166077 0.014119547791779041
vn 0.5287129282951355 0.8486223816871643 0.017396731302142143
vn -0.8125835657119751 -0.5824002027511597 0.022754887118935585
vn -0.0005220429156906903 -0.9999275207519531 0.012029582634568214
vn 0.8104082942008972 -0.5854251980781555 0.02271103672683239
vn -0.5268644094467163 0.8497719168663025 0.017364904284477234
vn 0.3123788833618164 0.9498524069786072 0.014136365614831448
vn 0.0005215605488047004 0.9999274015426636 0.012029753997921944
vn 0.016491707414388657 0.9998640418052673 9.707198478281498e-05
vn 0.03227725252509117 0.9994789958000183 0.00018034526146948338
vn 0.0966339036822319 0.9953200817108154 -3.85087332688272e-05
vn 0.1258234679698944 0.9920321106910706 -0.006376368459314108
vn -0.026389431208372116 0.9996395707130432 -0.004932245705276728
vn -0.07520872354507446 0.9965260624885559 -0.035769976675510406
vn -0.026366854086518288 0.9995887875556946 -0.011272666975855827
vn -0.04707418754696846 0.9987461566925049 -0.0170330498367548
vn -0.06496420502662659 0.9976103901863098 -0.023521488532423973
vn -0.06199192628264427 0.9976613521575928 -0.028787808492779732
vn 0.010408485308289528 0.9999458193778992 0.00012356227671261877
vn 0.0035200349520891905 0.9999936819076538 2.4401993869105354e-05
vn -0.008527349680662155 0.9999635815620422 -0.0003765683504752815
vn -0.025928325951099396 0.9996625185012817 -0.0015906814951449633
vn -0.044936053454875946 0.9989770650863647 -0.005064547993242741
vn 0.2951791286468506 0.9554416537284851 -0.0007383195916190743
vn 0.2617625892162323 0.9651293158531189 0.0023981344420462847
vn 0.28095000982284546 0.9597224593162537 0.00021636731980834156
vn 0.29090648889541626 0.9567515254020691 1.8414020814816467e-05
vn 0.22130659222602844 0.9750180840492249 0.019053177908062935
vn 0.1022048071026802 0.9947006106376648 -0.01117353793233633
vn 0.30067819356918335 0.9537256360054016 -0.0002163220488000661
vn 0.276071161031723 0.9611366987228394 0.0009638913907110691
vn 0.3024715185165405 0.9531555771827698 0.0023235108237713575
vn 0.2695401608943939 0.9629841446876526 -0.0030876328237354755
vn 0.3017828166484833 0.9533489942550659 0.007264610379934311
vn 0.2420995831489563 0.9702348113059998 -0.0056672487407922745
vn 0.2906219959259033 0.9567150473594666 0.01533620897680521
vn 0.17399965226650238 0.9847347736358643 -0.004638866521418095
vn 0.23101277649402618 0.9729476571083069 0.0024390676990151405
vn 0.2856124937534332 0.9583445191383362 -0.0011626131599768996
vn 0.19593356549739838 0.9806169271469116 -0.0006767925806343555
vn 0.28712013363838196 0.9578922390937805 -0.0021337633952498436
vn 0.23644573986530304 0.9697178602218628 -0.06116104871034622
vn 0.11917410790920258 0.9921492338180542 -0.0379130057990551
vn 0.19502650201320648 0.9807888865470886 -0.0042113205417990685
vn 0.2628942131996155 0.9648101925849915 -0.005287860054522753
vn 0.21321117877960205 0.9769631028175354 -0.009172721765935421
vn 0.23732657730579376 0.971396803855896 -0.008017647080123425
vn 0.24341247975826263 0.9697503447532654 -0.018292289227247238
vn 0.18518047034740448 0.9826025366783142 -0.014157846570014954
vn 0.26449519395828247 0.9635559320449829 -0.04002721607685089
vn 0.12914206087589264 0.9912842512130737 -0.026037011295557022
vn 0.20273685455322266 0.9792332649230957 -0.000257436913670972
vn 0.2848829925060272 0.9585621356964111 -0.0006832993240095675
vn -0.30383092164993286 0.952725350856781 -0.0010544356191530824
vn -0.2435358613729477 0.9698905944824219 0.001589675317518413
vn -0.2769133448600769 0.9608898162841797 -0.003136760089546442
vn -0.19617287814617157 0.9805688858032227 -0.0009068767540156841
vn -0.08732679486274719 0.9954979419708252 -0.03684866055846214
vn -0.41739344596862793 0.9044843316078186 -0.08769696205854416
vn -0.2537447214126587 0.9672567248344421 -0.005297109950333834
vn -0.18511946499347687 0.9827144742012024 -0.0017234969418495893
vn -0.22000080347061157 0.9754634499549866 -0.008406851440668106
vn -0.1903313547372818 0.9816964864730835 -0.006782349199056625
vn -0.16511394083499908 0.9861975312232971 -0.012319812551140785
vn -0.21385762095451355 0.9767308831214905 -0.01618061400949955
vn -0.10135746002197266 0.9946556687355042 -0.019666125997900963
vn -0.2783206105232239 0.9596695303916931 -0.039648815989494324
vn -0.29199618101119995 0.9564191102981567 -0.0007981594535522163
vn -0.21254710853099823 0.977148711681366 0.0020420593209564686
vn -0.26845258474349976 0.9632925987243652 0.0007964210817590356
vn -0.30428358912467957 0.9525813460350037 -0.0006017130217514932
vn -0.26486673951148987 0.96428382396698 -0.0015368207823485136
vn -0.3248944878578186 0.9457501769065857 0.000363083352567628
vn -0.10865619778633118 0.9926783442497253 0.0527583546936512
vn -0.2817152142524719 0.9590377807617188 0.029718473553657532
vn -0.2779392898082733 0.9605987071990967 -1.1688171071000397e-05
vn -0.3026537597179413 0.9531005620956421 -0.00014414759061764926
vn -0.2612457275390625 0.9652275443077087 -0.009304686449468136
vn -0.29703518748283386 0.9548621773719788 0.002876443322747946
vn -0.21831977367401123 0.9756382703781128 -0.021599695086479187
vn -0.2836698293685913 0.9588736891746521 0.009629291482269764
vn -0.14058029651641846 0.990058183670044 -0.004686000291258097
vn -0.2527027726173401 0.9673758745193481 0.018032066524028778
vn -4.63402161088311e-09 0.9913370013237 -0.13134272396564484
vn -0.333800345659256 0.9205936193466187 -0.2026936113834381
vn 0.333800345659256 0.9205936193466187 -0.20269359648227692
vn 0.0 0.9852461814880371 -0.1711430847644806
vn -0.9997920989990234 0.0 0.020389655604958534
vn 0.9998027086257935 -3.990234986872565e-08 0.019862689077854156
vn -0.9994632005691528 0.0 0.03276248648762703
vn 0.9993881583213806 0.0 0.034975145012140274
vn -0.9999781847000122 0.0 -0.006611443590372801
vn 0.9999362230300903 0.0 -0.011288356967270374
vn -0.9545863270759583 0.0 -0.29793450236320496
vn 0.6215746402740479 7.007508315837185e-07 -0.7833548784255981
vn -0.9999994039535522 0.0 0.0011171312071383
vn 0.9999950528144836 0.0 0.0031513660214841366
vn -0.9705985188484192 -1.352106124841157e-07 -0.24070407450199127
vn 0.9796146154403687 -4.617174909071764e-08 -0.20088613033294678
vn 0.0 0.0 1.0
vn 0.9997392892837524 0.0 -0.022832199931144714
vn 0.9980508089065552 0.0 -0.062406428158283234
vn 0.9953614473342896 0.0 -0.0962056815624237
vn 0.9912070631980896 2.1405432093501986e-08 -0.13231956958770752
vn -0.9870957732200623 -4.917172091722932e-08 -0.1601308286190033
vn -0.9944841265678406 0.0 -0.10488700121641159
vn -0.9973359704017639 1.399469766738548e-07 -0.07294508069753647
vn -0.9996893405914307 0.0 -0.024922698736190796
vn 0.999721884727478 0.0 0.023581717163324356
vn -0.9997501373291016 0.0 0.02235323004424572
vn -0.9999831914901733 0.0 0.005797126330435276
vn 0.9999876022338867 0.0 0.004987481981515884
vn -0.9971395134925842 -3.795994629740562e-08 -0.07558318972587585
vn -0.9682956337928772 3.9515967387160345e-08 -0.24980691075325012
vn -0.8660602569580078 1.8412060853734147e-07 -0.49993962049484253
vn 0.9162984490394592 0.0 -0.4004962146282196
vn 0.9704149961471558 -4.5595655251418066e-08 -0.2414429485797882
vn 0.9968017935752869 0.0 -0.07991348206996918
vn 0.016491707414388657 -0.9998640418052673 9.707205026643351e-05
vn 0.03227725997567177 -0.9994789958000183 0.00018034457752946764
vn 0.09663388133049011 -0.9953199625015259 -3.850627763313241e-05
vn 0.1258234828710556 -0.9920321106910706 -0.006376366131007671
vn -0.02638942375779152 -0.999639630317688 -0.00493224710226059
vn -0.07520869374275208 -0.9965260624885559 -0.035769976675510406
vn -0.02636684477329254 -0.9995887875556946 -0.011272665113210678
vn -0.047074176371097565 -0.9987461566925049 -0.0170330498367548
vn -0.0649641901254654 -0.997610330581665 -0.023521486669778824
vn -0.061991918832063675 -0.9976613521575928 -0.028787808492779732
vn 0.010408485308289528 -0.9999458193778992 0.00012356186925899237
vn 0.0035200270358473063 -0.9999936819076538 2.4402599592576735e-05
vn -0.008527343161404133 -0.9999635815620422 -0.0003765640431083739
vn -0.02592831663787365 -0.9996625185012817 -0.0015906787011772394
vn -0.04493604972958565 -0.9989770650863647 -0.005064546130597591
vn 0.295179158449173 -0.9554416537284851 -0.000738318485673517
vn 0.2617625892162323 -0.9651293158531189 0.002398134209215641
vn 0.28095000982284546 -0.9597224593162537 0.00021636832389049232
vn 0.29090648889541626 -0.9567515254020691 1.841505763877649e-05
vn 0.22130660712718964 -0.9750180840492249 0.019053177908062935
vn 0.1022048071026802 -0.9947006106376648 -0.011173537001013756
vn -0.7982935309410095 8.09402038726148e-08 -0.6022685170173645
vn -0.933771550655365 0.0 -0.3578695058822632
vn 0.30067816376686096 -0.9537256360054016 -0.0002163215249311179
vn 0.2760711908340454 -0.9611366987228394 0.0009638915071263909
vn 0.3024715483188629 -0.9531555771827698 0.0023235136177390814
vn 0.2695401608943939 -0.9629841446876526 -0.0030876321252435446
vn 0.3017827868461609 -0.9533489942550659 0.00726461224257946
vn 0.2420995533466339 -0.9702348113059998 -0.005667249672114849
vn 0.2906219959259033 -0.9567150473594666 0.01533621083945036
vn 0.17399965226650238 -0.9847347736358643 -0.004638866521418095
vn 0.2310127466917038 -0.9729476571083069 0.002439067466184497
vn 0.285612553358078 -0.9583445191383362 -0.0011626133928075433
vn 0.19593356549739838 -0.9806169271469116 -0.0006767937447875738
vn 0.28712013363838196 -0.9578922390937805 -0.0021337633952498436
vn 0.23644573986530304 -0.9697178602218628 -0.06116104871034622
vn 0.11917411535978317 -0.9921492338180542 -0.0379129983484745
vn 0.1950264871120453 -0.9807888865470886 -0.004211321007460356
vn 0.2628941833972931 -0.9648101329803467 -0.005287858657538891
vn 0.21321117877960205 -0.9769631028175354 -0.009172721765935421
vn 0.23732657730579376 -0.9713968634605408 -0.008017647080123425
vn 0.24341247975826263 -0.9697503447532654 -0.01829228736460209
vn 0.1851804554462433 -0.9826025366783142 -0.014157844707369804
vn 0.26449522376060486 -0.9635559320449829 -0.04002721607685089
vn 0.12914206087589264 -0.9912842512130737 -0.026037009432911873
vn 0.20273680984973907 -0.9792332053184509 -0.00025743735022842884
vn 0.28488296270370483 -0.9585620164871216 -0.0006832994986325502
vn -0.3038308918476105 -0.9527254104614258 -0.0010544357355684042
vn -0.24353590607643127 -0.9698905944824219 0.001589676016010344
vn -0.2769133150577545 -0.9608898162841797 -0.0031367603223770857
vn -0.19617289304733276 -0.9805689454078674 -0.0009068773942999542
vn -0.087326779961586 -0.9954979419708252 -0.03684866428375244
vn -0.41739344596862793 -0.9044843912124634 -0.08769696205854416
vn 0.933771550655365 2.6319058932244843e-08 -0.3578695058822632
vn 0.7982935309410095 4.04701019363074e-08 -0.6022685766220093
vn -0.2537446916103363 -0.9672567844390869 -0.005297109019011259
vn -0.18511949479579926 -0.9827144742012024 -0.0017234968254342675
vn -0.22000080347061157 -0.9754634499549866 -0.008406850509345531
vn -0.190331369638443 -0.9816964864730835 -0.006782349199056625
vn -0.16511394083499908 -0.9861975312232971 -0.012319812551140785
vn -0.21385760605335236 -0.9767308831214905 -0.0161806121468544
vn -0.10135746002197266 -0.9946556687355042 -0.01966612972319126
vn -0.2783205807209015 -0.9596695303916931 -0.039648815989494324
vn -0.29199618101119995 -0.9564191102981567 -0.0007981592789292336
vn -0.21254712343215942 -0.977148711681366 0.0020420588552951813
vn -0.26845258474349976 -0.9632925987243652 0.0007964216056279838
vn -0.3042835593223572 -0.9525813460350037 -0.0006017140112817287
vn -0.26486676931381226 -0.96428382396698 -0.0015368210151791573
vn -0.3248944878578186 -0.9457501769065857 0.00036308151902630925
vn -0.10865620523691177 -0.9926783442497253 0.0527583584189415
vn -0.28171518445014954 -0.9590377807617188 0.029718473553657532
vn -0.2779392600059509 -0.9605987071990967 -1.1688709491863847e-05
vn -0.3026537597179413 -0.9531005620956421 -0.00014414824545383453
vn -0.2612456977367401 -0.9652275443077087 -0.00930468924343586
vn -0.29703518748283386 -0.9548621773719788 0.0028764395974576473
vn -0.21831977367401123 -0.975638210773468 -0.021599702537059784
vn -0.2836697995662689 -0.9588736891746521 0.00962928868830204
vn -0.14058029651641846 -0.990058183670044 -0.004686001688241959
vn -0.2527028024196625 -0.9673759341239929 0.018032070249319077
vn 3.0893476665738717e-09 -0.9913370013237 -0.13134272396564484
vn -0.333800345659256 -0.9205936193466187 -0.2026936113834381
vn 0.3338003158569336 -0.9205936193466187 -0.20269359648227692
vn 0.0 -0.9852461814880371 -0.17114309966564178
s 1 
g pMesh1
usemtl defaultMat
f  26/1/26 50/2/50 353/3/353
f  26/1/26 353/3/353 340/4/340
f  12/5/12 107/6/107 442/7/442
f  12/5/12 442/7/442 343/8/343
f  1/9/1 32/10/32 57/11/57
f  1/9/1 57/11/57 27/12/27
f  1/9/1 27/12/27 56/13/56
f  1/9/1 56/13/56 42/14/42
f  19/15/19 44/16/44 386/17/386
f  19/15/19 386/17/386 346/18/346
f  71/19/71 103/20/103 430/21/430
f  71/19/71 430/21/430 388/22/388
f  2/23/2 42/14/42 56/13/56
f  2/23/2 56/13/56 40/24/40
f  2/23/2 40/24/40 122/25/122
f  2/23/2 122/25/122 94/26/94
f  3/27/3 39/28/39 57/11/57
f  3/27/3 57/11/57 32/10/32
f  17/29/17 49/30/49 358/31/358
f  17/29/17 358/31/358 310/32/310
f  10/33/10 29/34/29 361/35/361
f  10/33/10 361/35/361 314/36/314
f  3/27/3 33/37/33 58/38/58
f  3/27/3 58/38/58 39/28/39
f  4/39/4 38/40/38 58/38/58
f  4/39/4 58/38/58 33/37/33
f  24/41/24 46/42/46 364/43/364
f  24/41/24 364/43/364 316/44/316
f  9/45/9 30/46/30 367/47/367
f  9/45/9 367/47/367 320/48/320
f  4/39/4 34/49/34 59/50/59
f  4/39/4 59/50/59 38/40/38
f  5/51/5 37/52/37 59/50/59
f  5/51/5 59/50/59 34/49/34
f  15/53/15 45/54/45 370/55/370
f  15/53/15 370/55/370 322/56/322
f  8/57/8 31/58/31 373/59/373
f  8/57/8 373/59/373 326/60/326
f  5/51/5 35/61/35 60/62/60
f  5/51/5 60/62/60 37/52/37
f  6/63/6 36/64/36 60/62/60
f  6/63/6 60/62/60 35/61/35
f  22/65/22 55/66/55 376/67/376
f  22/65/22 376/67/376 331/68/331
f  23/69/23 48/70/48 374/71/374
f  23/69/23 374/71/374 334/72/334
f  1/9/1 42/14/42 385/73/385
f  1/9/1 385/73/385 341/74/341
f  21/75/21 52/76/52 383/77/383
f  21/75/21 383/77/383 337/78/337
f  7/79/7 31/58/31 60/62/60
f  7/79/7 60/62/60 36/64/36
f  18/80/18 51/81/51 379/82/379
f  18/80/18 379/82/379 328/83/328
f  6/63/6 35/61/35 371/84/371
f  6/63/6 371/84/371 332/85/332
f  7/79/7 36/64/36 382/86/382
f  7/79/7 382/86/382 329/87/329
f  8/57/8 30/46/30 59/50/59
f  8/57/8 59/50/59 37/52/37
f  8/57/8 37/52/37 60/62/60
f  8/57/8 60/62/60 31/58/31
f  16/88/16 47/89/47 368/90/368
f  16/88/16 368/90/368 325/91/325
f  5/51/5 34/49/34 365/92/365
f  5/51/5 365/92/365 323/93/323
f  9/45/9 29/34/29 58/38/58
f  9/45/9 58/38/58 38/40/38
f  9/45/9 38/40/38 59/50/59
f  9/45/9 59/50/59 30/46/30
f  25/94/25 54/95/54 362/96/362
f  25/94/25 362/96/362 319/97/319
f  4/39/4 33/37/33 359/98/359
f  4/39/4 359/98/359 317/99/317
f  10/33/10 28/100/28 57/11/57
f  10/33/10 57/11/57 39/28/39
f  10/33/10 39/28/39 58/38/58
f  10/33/10 58/38/58 29/34/29
f  20/101/20 53/102/53 356/103/356
f  20/101/20 356/103/356 313/104/313
f  11/105/11 41/106/41 56/13/56
f  11/105/11 56/13/56 27/12/27
f  11/105/11 27/12/27 57/11/57
f  11/105/11 57/11/57 28/100/28
f  14/107/14 43/108/43 349/109/349
f  14/107/14 349/109/349 307/110/307
f  3/27/3 32/10/32 352/111/352
f  3/27/3 352/111/352 311/112/311
f  12/5/12 43/108/43 211/113/211
f  12/5/12 211/113/211 164/114/164
f  12/5/12 164/114/164 289/115/289
f  12/5/12 289/115/289 107/6/107
f  13/116/13 41/106/41 350/117/350
f  13/116/13 350/117/350 344/118/344
f  13/116/13 344/118/344 443/119/443
f  13/116/13 443/119/443 89/120/89
f  13/116/13 89/120/89 122/25/122
f  13/116/13 122/25/122 40/24/40
f  13/116/13 40/24/40 56/13/56
f  13/116/13 56/13/56 41/106/41
f  12/5/12 343/8/343 349/109/349
f  12/5/12 349/109/349 43/108/43
f  2/23/2 94/26/94 439/121/439
f  2/23/2 439/121/439 347/122/347
f  14/107/14 53/102/53 196/123/196
f  14/107/14 196/123/196 177/124/177
f  14/107/14 177/124/177 211/113/211
f  14/107/14 211/113/211 43/108/43
f  14/107/14 307/110/307 356/103/356
f  14/107/14 356/103/356 53/102/53
f  11/105/11 308/125/308 350/117/350
f  11/105/11 350/117/350 41/106/41
f  15/53/15 46/42/46 199/126/199
f  15/53/15 199/126/199 157/127/157
f  15/53/15 157/127/157 201/128/201
f  15/53/15 201/128/201 45/54/45
f  15/53/15 322/56/322 364/43/364
f  15/53/15 364/43/364 46/42/46
f  5/51/5 323/93/323 371/84/371
f  5/51/5 371/84/371 35/61/35
f  16/88/16 48/70/48 202/129/202
f  16/88/16 202/129/202 158/130/158
f  16/88/16 158/130/158 200/131/200
f  16/88/16 200/131/200 47/89/47
f  16/88/16 325/91/325 374/71/374
f  16/88/16 374/71/374 48/70/48
f  8/57/8 326/60/326 367/47/367
f  8/57/8 367/47/367 30/46/30
f  17/29/17 50/2/50 195/132/195
f  17/29/17 195/132/195 153/133/153
f  17/29/17 153/133/153 197/134/197
f  17/29/17 197/134/197 49/30/49
f  17/29/17 310/32/310 353/3/353
f  17/29/17 353/3/353 50/2/50
f  3/27/3 311/112/311 359/98/359
f  3/27/3 359/98/359 33/37/33
f  18/80/18 52/135/52 205/136/205
f  18/80/18 205/136/205 159/137/159
f  18/80/18 159/137/159 204/138/204
f  18/80/18 204/138/204 51/81/51
f  18/80/18 328/83/328 383/139/383
f  18/80/18 383/139/383 52/135/52
f  7/79/7 329/140/329 380/141/380
f  7/79/7 380/141/380 335/142/335
f  19/15/19 112/143/112 288/144/288
f  19/15/19 288/144/288 152/145/152
f  19/15/19 152/145/152 212/146/212
f  19/15/19 212/146/212 44/16/44
f  19/15/19 346/18/346 440/147/440
f  19/15/19 440/147/440 112/143/112
f  2/23/2 347/122/347 385/73/385
f  2/23/2 385/73/385 42/14/42
f  20/101/20 54/95/54 198/148/198
f  20/101/20 198/148/198 154/149/154
f  20/101/20 154/149/154 196/123/196
f  20/101/20 196/123/196 53/102/53
f  20/101/20 313/104/313 362/96/362
f  20/101/20 362/96/362 54/95/54
f  10/33/10 314/36/314 355/150/355
f  10/33/10 355/150/355 28/100/28
f  21/75/21 55/66/55 203/151/203
f  21/75/21 203/151/203 162/152/162
f  21/75/21 162/152/162 205/153/205
f  21/75/21 205/153/205 52/76/52
f  21/75/21 337/78/337 376/67/376
f  21/75/21 376/67/376 55/66/55
f  6/63/6 338/154/338 382/86/382
f  6/63/6 382/86/382 36/64/36
f  22/65/22 45/54/45 201/128/201
f  22/65/22 201/128/201 160/155/160
f  22/65/22 160/155/160 203/151/203
f  22/65/22 203/151/203 55/66/55
f  22/65/22 331/68/331 370/55/370
f  22/65/22 370/55/370 45/54/45
f  6/63/6 332/85/332 377/156/377
f  6/63/6 377/156/377 338/154/338
f  23/69/23 51/81/51 204/138/204
f  23/69/23 204/138/204 161/157/161
f  23/69/23 161/157/161 202/129/202
f  23/69/23 202/129/202 48/70/48
f  23/69/23 334/72/334 379/82/379
f  23/69/23 379/82/379 51/81/51
f  7/79/7 335/142/335 373/59/373
f  7/79/7 373/59/373 31/58/31
f  24/41/24 49/30/49 197/134/197
f  24/41/24 197/134/197 155/158/155
f  24/41/24 155/158/155 199/126/199
f  24/41/24 199/126/199 46/42/46
f  24/41/24 316/44/316 358/31/358
f  24/41/24 358/31/358 49/30/49
f  4/39/4 317/99/317 365/92/365
f  4/39/4 365/92/365 34/49/34
f  25/94/25 47/89/47 200/131/200
f  25/94/25 200/131/200 156/159/156
f  25/94/25 156/159/156 198/148/198
f  25/94/25 198/148/198 54/95/54
f  25/94/25 319/97/319 368/90/368
f  25/94/25 368/90/368 47/89/47
f  9/45/9 320/48/320 361/35/361
f  9/45/9 361/35/361 29/34/29
f  26/1/26 44/16/44 212/146/212
f  26/1/26 212/146/212 180/160/180
f  26/1/26 180/160/180 195/132/195
f  26/1/26 195/132/195 50/2/50
f  26/1/26 340/4/340 386/17/386
f  26/1/26 386/17/386 44/16/44
f  1/9/1 341/74/341 352/111/352
f  1/9/1 352/111/352 32/10/32
f  86/161/86 422/162/422 433/163/433
f  86/161/86 433/163/433 114/164/114
f  86/161/86 106/165/106 472/166/472
f  86/161/86 472/166/472 422/162/422
f  61/167/61 87/168/87 121/169/121
f  61/167/61 121/169/121 93/170/93
f  61/167/61 104/171/104 120/172/120
f  61/167/61 120/172/120 87/168/87
f  79/173/79 428/174/428 472/166/472
f  79/173/79 472/166/472 106/165/106
f  79/173/79 112/143/112 440/147/440
f  79/173/79 440/147/440 428/174/428
f  62/175/62 102/176/102 120/172/120
f  62/175/62 120/172/120 104/171/104
f  62/175/62 94/26/94 122/25/122
f  62/175/62 122/25/122 102/176/102
f  63/177/63 93/170/93 121/169/121
f  63/177/63 121/169/121 101/178/101
f  77/179/77 392/180/392 446/181/446
f  77/179/77 446/181/446 113/182/113
f  77/179/77 114/164/114 433/163/433
f  77/179/77 433/163/433 392/180/392
f  63/177/63 101/178/101 123/183/123
f  63/177/63 123/183/123 95/184/95
f  64/185/64 95/184/95 123/183/123
f  64/185/64 123/183/123 100/186/100
f  84/187/84 398/188/398 452/189/452
f  84/187/84 452/189/452 109/190/109
f  84/187/84 113/182/113 446/181/446
f  84/187/84 446/181/446 398/188/398
f  64/185/64 100/186/100 124/191/124
f  64/185/64 124/191/124 96/192/96
f  65/193/65 96/192/96 124/191/124
f  65/193/65 124/191/124 99/194/99
f  75/195/75 404/196/404 458/197/458
f  75/195/75 458/197/458 108/198/108
f  75/195/75 109/190/109 452/189/452
f  75/195/75 452/189/452 404/196/404
f  65/193/65 99/194/99 125/199/125
f  65/193/65 125/199/125 97/200/97
f  66/201/66 97/200/97 125/199/125
f  66/201/66 125/199/125 98/202/98
f  82/203/82 413/204/413 464/205/464
f  82/203/82 464/205/464 119/206/119
f  82/203/82 108/198/108 458/197/458
f  82/203/82 458/197/458 413/204/413
f  81/207/81 119/206/119 464/205/464
f  81/207/81 464/205/464 419/208/419
f  83/209/83 115/210/115 467/211/467
f  83/209/83 467/211/467 416/212/416
f  67/213/67 98/202/98 125/199/125
f  67/213/67 125/199/125 92/214/92
f  78/215/78 410/216/410 467/211/467
f  78/215/78 467/211/467 115/210/115
f  78/215/78 116/217/116 469/218/469
f  78/215/78 469/218/469 410/216/410
f  76/219/76 111/220/111 460/221/460
f  76/219/76 460/221/460 407/222/407
f  68/223/68 99/194/99 124/191/124
f  68/223/68 124/191/124 91/224/91
f  68/223/68 92/214/92 125/199/125
f  68/223/68 125/199/125 99/194/99
f  76/219/76 407/222/407 454/225/454
f  76/219/76 454/225/454 110/226/110
f  85/227/85 110/226/110 454/225/454
f  85/227/85 454/225/454 401/228/401
f  69/229/69 100/186/100 123/183/123
f  69/229/69 123/183/123 90/230/90
f  69/229/69 91/224/91 124/191/124
f  69/229/69 124/191/124 100/186/100
f  85/227/85 401/228/401 448/231/448
f  85/227/85 448/231/448 118/232/118
f  80/233/80 118/232/118 448/231/448
f  80/233/80 448/231/448 395/234/395
f  70/235/70 101/178/101 121/169/121
f  70/235/70 121/169/121 88/236/88
f  70/235/70 90/230/90 123/183/123
f  70/235/70 123/183/123 101/178/101
f  80/233/80 395/234/395 436/237/436
f  80/233/80 436/237/436 117/238/117
f  71/19/71 87/168/87 120/172/120
f  71/19/71 120/172/120 103/20/103
f  71/19/71 88/236/88 121/169/121
f  71/19/71 121/169/121 87/168/87
f  74/239/74 389/240/389 431/241/431
f  74/239/74 431/241/431 105/242/105
f  74/239/74 117/238/117 436/237/436
f  74/239/74 436/237/436 389/240/389
f  72/243/72 251/244/251 305/245/305
f  72/243/72 305/245/305 105/242/105
f  72/243/72 107/246/107 289/247/289
f  72/243/72 289/247/289 251/244/251
f  62/175/62 104/171/104 473/248/473
f  62/175/62 473/248/473 427/249/427
f  73/250/73 89/120/89 443/119/443
f  73/250/73 443/119/443 424/251/424
f  73/250/73 102/176/102 122/25/122
f  73/250/73 122/25/122 89/120/89
f  73/250/73 103/20/103 120/172/120
f  73/250/73 120/172/120 102/176/102
f  72/243/72 425/252/425 442/253/442
f  72/243/72 442/253/442 107/246/107
f  73/250/73 424/251/424 430/21/430
f  73/250/73 430/21/430 103/20/103
f  74/239/74 266/254/266 287/255/287
f  74/239/74 287/255/287 117/238/117
f  74/239/74 105/242/105 305/245/305
f  74/239/74 305/245/305 266/254/266
f  63/177/63 95/184/95 445/256/445
f  63/177/63 445/256/445 391/257/391
f  71/19/71 388/22/388 437/258/437
f  71/19/71 437/258/437 88/236/88
f  75/195/75 244/259/244 292/260/292
f  75/195/75 292/260/292 109/190/109
f  75/195/75 108/198/108 294/261/294
f  75/195/75 294/261/294 244/259/244
f  68/223/68 91/224/91 455/262/455
f  68/223/68 455/262/455 406/263/406
f  65/193/65 403/264/403 451/265/451
f  65/193/65 451/265/451 96/192/96
f  76/219/76 245/266/245 295/267/295
f  76/219/76 295/267/295 111/220/111
f  76/219/76 110/226/110 293/268/293
f  76/219/76 293/268/293 245/266/245
f  67/213/67 415/269/415 466/270/466
f  67/213/67 466/270/466 409/271/409
f  68/223/68 406/263/406 461/272/461
f  68/223/68 461/272/461 92/214/92
f  77/179/77 240/273/240 286/274/286
f  77/179/77 286/274/286 114/164/114
f  77/179/77 113/182/113 290/275/290
f  77/179/77 290/275/290 240/273/240
f  70/235/70 88/236/88 437/258/437
f  70/235/70 437/258/437 394/276/394
f  63/177/63 391/257/391 434/277/434
f  63/177/63 434/277/434 93/170/93
f  78/215/78 246/278/246 298/279/298
f  78/215/78 298/279/298 116/217/116
f  78/215/78 115/210/115 297/280/297
f  78/215/78 297/280/297 246/278/246
f  66/201/66 418/281/418 463/282/463
f  66/201/66 463/282/463 412/283/412
f  67/213/67 409/284/409 470/285/470
f  67/213/67 470/285/470 98/202/98
f  79/173/79 239/286/239 288/144/288
f  79/173/79 288/144/288 112/143/112
f  79/173/79 106/165/106 306/287/306
f  79/173/79 306/287/306 239/286/239
f  136/288/136 179/289/179 517/290/517
f  136/288/136 517/290/517 475/291/475
f  62/175/62 427/249/427 439/121/439
f  62/175/62 439/121/439 94/26/94
f  80/233/80 241/292/241 291/293/291
f  80/233/80 291/293/291 118/232/118
f  80/233/80 117/238/117 287/255/287
f  80/233/80 287/255/287 241/292/241
f  64/185/64 96/192/96 451/265/451
f  64/185/64 451/265/451 397/294/397
f  70/235/70 394/276/394 449/295/449
f  70/235/70 449/295/449 90/230/90
f  81/207/81 249/296/249 296/297/296
f  81/207/81 296/297/296 119/206/119
f  81/207/81 116/298/116 298/299/298
f  81/207/81 298/299/298 249/296/249
f  61/167/61 93/170/93 434/277/434
f  61/167/61 434/277/434 421/300/421
f  81/207/81 419/208/419 469/301/469
f  81/207/81 469/301/469 116/298/116
f  82/203/82 247/302/247 294/261/294
f  82/203/82 294/261/294 108/198/108
f  82/203/82 119/206/119 296/297/296
f  82/203/82 296/297/296 247/302/247
f  67/213/67 92/214/92 461/272/461
f  67/213/67 461/272/461 415/269/415
f  66/201/66 412/283/412 457/303/457
f  66/201/66 457/303/457 97/200/97
f  83/209/83 248/304/248 297/280/297
f  83/209/83 297/280/297 115/210/115
f  83/209/83 111/220/111 295/267/295
f  83/209/83 295/267/295 248/304/248
f  66/201/66 98/202/98 470/285/470
f  66/201/66 470/285/470 418/281/418
f  83/209/83 416/212/416 460/221/460
f  83/209/83 460/221/460 111/220/111
f  84/187/84 242/305/242 290/275/290
f  84/187/84 290/275/290 113/182/113
f  84/187/84 109/190/109 292/260/292
f  84/187/84 292/260/292 242/305/242
f  69/229/69 90/230/90 449/295/449
f  69/229/69 449/295/449 400/306/400
f  64/185/64 397/294/397 445/256/445
f  64/185/64 445/256/445 95/184/95
f  85/227/85 243/307/243 293/268/293
f  85/227/85 293/268/293 110/226/110
f  85/227/85 118/232/118 291/293/291
f  85/227/85 291/293/291 243/307/243
f  65/193/65 97/200/97 457/303/457
f  65/193/65 457/303/457 403/264/403
f  69/229/69 400/306/400 455/262/455
f  69/229/69 455/262/455 91/224/91
f  86/161/86 269/308/269 306/287/306
f  86/161/86 306/287/306 106/165/106
f  86/161/86 114/164/114 286/274/286
f  86/161/86 286/274/286 269/308/269
f  72/243/72 105/242/105 431/241/431
f  72/243/72 431/241/431 425/252/425
f  61/167/61 421/300/421 473/248/473
f  61/167/61 473/248/473 104/171/104
f  151/309/151 509/310/509 520/311/520
f  151/309/151 520/311/520 189/312/189
f  151/309/151 183/313/183 553/314/553
f  151/309/151 553/314/553 509/310/509
f  126/315/126 163/316/163 207/317/207
f  126/315/126 207/317/207 169/318/169
f  126/315/126 181/319/181 206/320/206
f  126/315/126 206/320/206 163/316/163
f  144/321/144 515/322/515 553/314/553
f  144/321/144 553/314/553 183/313/183
f  144/321/144 278/323/278 607/324/607
f  144/321/144 607/324/607 515/322/515
f  127/325/127 178/326/178 206/320/206
f  127/325/127 206/320/206 181/319/181
f  127/325/127 258/327/258 301/328/301
f  127/325/127 301/328/301 178/326/178
f  128/329/128 169/318/169 207/317/207
f  128/329/128 207/317/207 176/330/176
f  142/331/142 479/332/479 527/333/527
f  142/331/142 527/333/527 188/334/188
f  142/331/142 189/312/189 520/311/520
f  142/331/142 520/311/520 479/332/479
f  128/329/128 176/330/176 208/335/208
f  128/329/128 208/335/208 170/336/170
f  129/337/129 170/336/170 208/335/208
f  129/337/129 208/335/208 175/338/175
f  149/339/149 485/340/485 533/341/533
f  149/339/149 533/341/533 185/342/185
f  149/339/149 188/334/188 527/333/527
f  149/339/149 527/333/527 485/340/485
f  129/337/129 175/338/175 209/343/209
f  129/337/129 209/343/209 171/344/171
f  130/345/130 171/344/171 209/343/209
f  130/345/130 209/343/209 174/346/174
f  140/347/140 491/348/491 539/349/539
f  140/347/140 539/349/539 184/350/184
f  140/347/140 185/342/185 533/341/533
f  140/347/140 533/341/533 491/348/491
f  130/345/130 174/346/174 210/351/210
f  130/345/130 210/351/210 172/352/172
f  131/353/131 172/352/172 210/351/210
f  131/353/131 210/351/210 173/354/173
f  147/355/147 500/356/500 545/357/545
f  147/355/147 545/357/545 194/358/194
f  147/355/147 184/350/184 539/349/539
f  147/355/147 539/349/539 500/356/500
f  146/359/146 194/358/194 545/357/545
f  146/359/146 545/357/545 506/360/506
f  148/361/148 190/362/190 548/363/548
f  148/361/148 548/363/548 503/364/503
f  132/365/132 173/354/173 210/351/210
f  132/365/132 210/351/210 168/366/168
f  143/367/143 497/368/497 548/363/548
f  143/367/143 548/363/548 190/362/190
f  143/367/143 191/369/191 550/370/550
f  143/367/143 550/370/550 497/368/497
f  141/371/141 187/372/187 541/373/541
f  141/371/141 541/373/541 494/374/494
f  133/375/133 174/346/174 209/343/209
f  133/375/133 209/343/209 167/376/167
f  133/375/133 168/366/168 210/351/210
f  133/375/133 210/351/210 174/346/174
f  141/371/141 494/374/494 535/377/535
f  141/371/141 535/377/535 186/378/186
f  150/379/150 186/378/186 535/377/535
f  150/379/150 535/377/535 488/380/488
f  134/381/134 175/338/175 208/335/208
f  134/381/134 208/335/208 166/382/166
f  134/381/134 167/376/167 209/343/209
f  134/381/134 209/343/209 175/338/175
f  150/379/150 488/380/488 529/383/529
f  150/379/150 529/383/529 193/384/193
f  145/385/145 193/384/193 529/383/529
f  145/385/145 529/383/529 482/386/482
f  135/387/135 176/330/176 207/317/207
f  135/387/135 207/317/207 165/388/165
f  135/387/135 166/382/166 208/335/208
f  135/387/135 208/335/208 176/330/176
f  145/385/145 482/386/482 523/389/523
f  145/385/145 523/389/523 192/390/192
f  136/288/136 163/316/163 206/320/206
f  136/288/136 206/320/206 179/289/179
f  136/288/136 165/388/165 207/317/207
f  136/288/136 207/317/207 163/316/163
f  139/391/139 476/392/476 518/393/518
f  139/391/139 518/393/518 182/394/182
f  139/391/139 192/390/192 523/389/523
f  139/391/139 523/389/523 476/392/476
f  137/395/137 164/114/164 211/113/211
f  137/395/137 211/113/211 182/394/182
f  137/395/137 273/396/273 289/115/289
f  137/395/137 289/115/289 164/114/164
f  127/325/127 181/319/181 554/397/554
f  127/325/127 554/397/554 514/398/514
f  138/399/138 253/400/253 610/401/610
f  138/399/138 610/401/610 511/402/511
f  138/399/138 178/326/178 301/328/301
f  138/399/138 301/328/301 253/400/253
f  138/399/138 179/289/179 206/320/206
f  138/399/138 206/320/206 178/326/178
f  137/395/137 512/403/512 611/404/611
f  137/395/137 611/404/611 273/396/273
f  138/399/138 511/402/511 517/290/517
f  138/399/138 517/290/517 179/289/179
f  139/391/139 177/124/177 196/123/196
f  139/391/139 196/123/196 192/390/192
f  139/391/139 182/394/182 211/113/211
f  139/391/139 211/113/211 177/124/177
f  128/329/128 170/336/170 526/405/526
f  128/329/128 526/405/526 478/406/478
f  136/288/136 475/291/475 524/407/524
f  136/288/136 524/407/524 165/388/165
f  140/347/140 157/127/157 199/126/199
f  140/347/140 199/126/199 185/342/185
f  140/347/140 184/350/184 201/128/201
f  140/347/140 201/128/201 157/127/157
f  133/375/133 167/376/167 536/408/536
f  133/375/133 536/408/536 493/409/493
f  130/345/130 490/410/490 532/411/532
f  130/345/130 532/411/532 171/344/171
f  141/371/141 158/130/158 202/129/202
f  141/371/141 202/129/202 187/372/187
f  141/371/141 186/378/186 200/131/200
f  141/371/141 200/131/200 158/130/158
f  132/365/132 502/412/502 547/413/547
f  132/365/132 547/413/547 496/414/496
f  133/375/133 493/409/493 542/415/542
f  133/375/133 542/415/542 168/366/168
f  142/331/142 153/133/153 195/132/195
f  142/331/142 195/132/195 189/312/189
f  142/331/142 188/334/188 197/134/197
f  142/331/142 197/134/197 153/133/153
f  135/387/135 165/388/165 524/407/524
f  135/387/135 524/407/524 481/416/481
f  128/329/128 478/406/478 521/417/521
f  128/329/128 521/417/521 169/318/169
f  143/367/143 159/137/159 205/136/205
f  143/367/143 205/136/205 191/369/191
f  143/367/143 190/362/190 204/138/204
f  143/367/143 204/138/204 159/137/159
f  131/353/131 505/418/505 544/419/544
f  131/353/131 544/419/544 499/420/499
f  132/365/132 496/421/496 551/422/551
f  132/365/132 551/422/551 173/354/173
f  144/321/144 152/145/152 288/144/288
f  144/321/144 288/144/288 278/323/278
f  144/321/144 183/313/183 212/146/212
f  144/321/144 212/146/212 152/145/152
f  223/423/223 252/424/252 604/425/604
f  223/423/223 604/425/604 557/426/557
f  127/325/127 514/398/514 608/427/608
f  127/325/127 608/427/608 258/327/258
f  145/385/145 154/149/154 198/148/198
f  145/385/145 198/148/198 193/384/193
f  145/385/145 192/390/192 196/123/196
f  145/385/145 196/123/196 154/149/154
f  129/337/129 171/344/171 532/411/532
f  129/337/129 532/411/532 484/428/484
f  135/387/135 481/416/481 530/429/530
f  135/387/135 530/429/530 166/382/166
f  146/359/146 162/152/162 203/151/203
f  146/359/146 203/151/203 194/358/194
f  146/359/146 191/430/191 205/153/205
f  146/359/146 205/153/205 162/152/162
f  126/315/126 169/318/169 521/417/521
f  126/315/126 521/417/521 508/431/508
f  146/359/146 506/360/506 550/432/550
f  146/359/146 550/432/550 191/430/191
f  147/355/147 160/155/160 201/128/201
f  147/355/147 201/128/201 184/350/184
f  147/355/147 194/358/194 203/151/203
f  147/355/147 203/151/203 160/155/160
f  132/365/132 168/366/168 542/415/542
f  132/365/132 542/415/542 502/412/502
f  131/353/131 499/420/499 538/433/538
f  131/353/131 538/433/538 172/352/172
f  148/361/148 161/157/161 204/138/204
f  148/361/148 204/138/204 190/362/190
f  148/361/148 187/372/187 202/129/202
f  148/361/148 202/129/202 161/157/161
f  131/353/131 173/354/173 551/422/551
f  131/353/131 551/422/551 505/418/505
f  148/361/148 503/364/503 541/373/541
f  148/361/148 541/373/541 187/372/187
f  149/339/149 155/158/155 197/134/197
f  149/339/149 197/134/197 188/334/188
f  149/339/149 185/342/185 199/126/199
f  149/339/149 199/126/199 155/158/155
f  134/381/134 166/382/166 530/429/530
f  134/381/134 530/429/530 487/434/487
f  129/337/129 484/428/484 526/405/526
f  129/337/129 526/405/526 170/336/170
f  150/379/150 156/159/156 200/131/200
f  150/379/150 200/131/200 186/378/186
f  150/379/150 193/384/193 198/148/198
f  150/379/150 198/148/198 156/159/156
f  130/345/130 172/352/172 538/433/538
f  130/345/130 538/433/538 490/410/490
f  134/381/134 487/434/487 536/408/536
f  134/381/134 536/408/536 167/376/167
f  151/309/151 180/160/180 212/146/212
f  151/309/151 212/146/212 183/313/183
f  151/309/151 189/312/189 195/132/195
f  151/309/151 195/132/195 180/160/180
f  137/395/137 182/394/182 518/393/518
f  137/395/137 518/393/518 512/403/512
f  126/315/126 508/431/508 554/397/554
f  126/315/126 554/397/554 181/319/181
f  238/435/238 280/436/280 602/437/602
f  238/435/238 602/437/602 589/438/589
f  224/439/224 273/440/273 611/441/611
f  224/439/224 611/441/611 592/442/592
f  213/443/213 257/444/257 300/445/300
f  213/443/213 300/445/300 250/446/250
f  213/443/213 250/446/250 299/447/299
f  213/443/213 299/447/299 270/448/270
f  231/449/231 272/450/272 641/451/641
f  231/449/231 641/451/641 595/452/595
f  214/453/214 270/448/270 299/447/299
f  214/453/214 299/447/299 267/454/267
f  214/453/214 267/454/267 301/328/301
f  214/453/214 301/328/301 258/327/258
f  215/455/215 265/456/265 300/445/300
f  215/455/215 300/445/300 257/444/257
f  229/457/229 279/458/279 613/459/613
f  229/457/229 613/459/613 559/460/559
f  222/461/222 254/462/254 616/463/616
f  222/461/222 616/463/616 563/464/563
f  215/455/215 259/465/259 302/466/302
f  215/455/215 302/466/302 265/456/265
f  216/467/216 264/468/264 302/466/302
f  216/467/216 302/466/302 259/465/259
f  236/469/236 275/470/275 619/471/619
f  236/469/236 619/471/619 565/472/565
f  221/473/221 255/474/255 622/475/622
f  221/473/221 622/475/622 569/476/569
f  216/467/216 260/477/260 303/478/303
f  216/467/216 303/478/303 264/468/264
f  217/479/217 263/480/263 303/478/303
f  217/479/217 303/478/303 260/477/260
f  227/481/227 274/482/274 625/483/625
f  227/481/227 625/483/625 571/484/571
f  220/485/220 256/486/256 628/487/628
f  220/485/220 628/487/628 575/488/575
f  217/479/217 261/489/261 304/490/304
f  217/479/217 304/490/304 263/480/263
f  218/491/218 262/492/262 304/490/304
f  218/491/218 304/490/304 261/489/261
f  234/493/234 285/494/285 631/495/631
f  234/493/234 631/495/631 580/496/580
f  235/497/235 277/498/277 629/499/629
f  235/497/235 629/499/629 583/500/583
f  213/443/213 270/448/270 640/501/640
f  213/443/213 640/501/640 590/502/590
f  233/503/233 282/504/282 638/505/638
f  233/503/233 638/505/638 586/506/586
f  219/507/219 256/486/256 304/490/304
f  219/507/219 304/490/304 262/492/262
f  230/508/230 281/509/281 634/510/634
f  230/508/230 634/510/634 577/511/577
f  218/491/218 261/489/261 626/512/626
f  218/491/218 626/512/626 581/513/581
f  219/507/219 262/492/262 637/514/637
f  219/507/219 637/514/637 578/515/578
f  220/485/220 255/474/255 303/478/303
f  220/485/220 303/478/303 263/480/263
f  220/485/220 263/480/263 304/490/304
f  220/485/220 304/490/304 256/486/256
f  228/516/228 276/517/276 623/518/623
f  228/516/228 623/518/623 574/519/574
f  217/479/217 260/477/260 620/520/620
f  217/479/217 620/520/620 572/521/572
f  221/473/221 254/462/254 302/466/302
f  221/473/221 302/466/302 264/468/264
f  221/473/221 264/468/264 303/478/303
f  221/473/221 303/478/303 255/474/255
f  237/522/237 284/523/284 617/524/617
f  237/522/237 617/524/617 568/525/568
f  216/467/216 259/465/259 614/526/614
f  216/467/216 614/526/614 566/527/566
f  222/461/222 252/424/252 300/445/300
f  222/461/222 300/445/300 265/456/265
f  222/461/222 265/456/265 302/466/302
f  222/461/222 302/466/302 254/462/254
f  232/528/232 283/529/283 605/530/605
f  232/528/232 605/530/605 562/531/562
f  223/423/223 268/532/268 299/447/299
f  223/423/223 299/447/299 250/446/250
f  223/423/223 250/446/250 300/445/300
f  223/423/223 300/445/300 252/424/252
f  226/533/226 271/534/271 598/535/598
f  226/533/226 598/535/598 556/536/556
f  215/455/215 257/444/257 601/537/601
f  215/455/215 601/537/601 560/538/560
f  224/439/224 271/534/271 305/245/305
f  224/439/224 305/245/305 251/244/251
f  224/439/224 251/244/251 289/247/289
f  224/439/224 289/247/289 273/440/273
f  225/539/225 268/532/268 599/540/599
f  225/539/225 599/540/599 593/541/593
f  225/539/225 593/541/593 610/401/610
f  225/539/225 610/401/610 253/400/253
f  225/539/225 253/400/253 301/328/301
f  225/539/225 301/328/301 267/454/267
f  225/539/225 267/454/267 299/447/299
f  225/539/225 299/447/299 268/532/268
f  224/439/224 592/442/592 598/535/598
f  224/439/224 598/535/598 271/534/271
f  214/453/214 258/327/258 608/427/608
f  214/453/214 608/427/608 596/542/596
f  226/533/226 283/529/283 287/255/287
f  226/533/226 287/255/287 266/254/266
f  226/533/226 266/254/266 305/245/305
f  226/533/226 305/245/305 271/534/271
f  226/533/226 556/536/556 605/530/605
f  226/533/226 605/530/605 283/529/283
f  223/423/223 557/426/557 599/540/599
f  223/423/223 599/540/599 268/532/268
f  227/481/227 275/470/275 292/260/292
f  227/481/227 292/260/292 244/259/244
f  227/481/227 244/259/244 294/261/294
f  227/481/227 294/261/294 274/482/274
f  227/481/227 571/484/571 619/471/619
f  227/481/227 619/471/619 275/470/275
f  217/479/217 572/521/572 626/512/626
f  217/479/217 626/512/626 261/489/261
f  228/516/228 277/498/277 295/267/295
f  228/516/228 295/267/295 245/266/245
f  228/516/228 245/266/245 293/268/293
f  228/516/228 293/268/293 276/517/276
f  228/516/228 574/519/574 629/499/629
f  228/516/228 629/499/629 277/498/277
f  220/485/220 575/488/575 622/475/622
f  220/485/220 622/475/622 255/474/255
f  229/457/229 280/436/280 286/274/286
f  229/457/229 286/274/286 240/273/240
f  229/457/229 240/273/240 290/275/290
f  229/457/229 290/275/290 279/458/279
f  229/457/229 559/460/559 602/437/602
f  229/457/229 602/437/602 280/436/280
f  215/455/215 560/538/560 614/526/614
f  215/455/215 614/526/614 259/465/259
f  230/508/230 282/543/282 298/279/298
f  230/508/230 298/279/298 246/278/246
f  230/508/230 246/278/246 297/280/297
f  230/508/230 297/280/297 281/509/281
f  230/508/230 577/511/577 638/544/638
f  230/508/230 638/544/638 282/543/282
f  219/507/219 578/545/578 635/546/635
f  219/507/219 635/546/635 584/547/584
f  231/449/231 278/323/278 288/144/288
f  231/449/231 288/144/288 239/286/239
f  231/449/231 239/286/239 306/287/306
f  231/449/231 306/287/306 272/450/272
f  231/449/231 595/452/595 607/324/607
f  231/449/231 607/324/607 278/323/278
f  214/453/214 596/542/596 640/501/640
f  214/453/214 640/501/640 270/448/270
f  232/528/232 284/523/284 291/293/291
f  232/528/232 291/293/291 241/292/241
f  232/528/232 241/292/241 287/255/287
f  232/528/232 287/255/287 283/529/283
f  232/528/232 562/531/562 617/524/617
f  232/528/232 617/524/617 284/523/284
f  222/461/222 563/464/563 604/425/604
f  222/461/222 604/425/604 252/424/252
f  233/503/233 285/494/285 296/297/296
f  233/503/233 296/297/296 249/296/249
f  233/503/233 249/296/249 298/299/298
f  233/503/233 298/299/298 282/504/282
f  233/503/233 586/506/586 631/495/631
f  233/503/233 631/495/631 285/494/285
f  218/491/218 587/548/587 637/514/637
f  218/491/218 637/514/637 262/492/262
f  234/493/234 274/482/274 294/261/294
f  234/493/234 294/261/294 247/302/247
f  234/493/234 247/302/247 296/297/296
f  234/493/234 296/297/296 285/494/285
f  234/493/234 580/496/580 625/483/625
f  234/493/234 625/483/625 274/482/274
f  218/491/218 581/513/581 632/549/632
f  218/491/218 632/549/632 587/548/587
f  235/497/235 281/509/281 297/280/297
f  235/497/235 297/280/297 248/304/248
f  235/497/235 248/304/248 295/267/295
f  235/497/235 295/267/295 277/498/277
f  235/497/235 583/500/583 634/510/634
f  235/497/235 634/510/634 281/509/281
f  219/507/219 584/547/584 628/487/628
f  219/507/219 628/487/628 256/486/256
f  236/469/236 279/458/279 290/275/290
f  236/469/236 290/275/290 242/305/242
f  236/469/236 242/305/242 292/260/292
f  236/469/236 292/260/292 275/470/275
f  236/469/236 565/472/565 613/459/613
f  236/469/236 613/459/613 279/458/279
f  216/467/216 566/527/566 620/520/620
f  216/467/216 620/520/620 260/477/260
f  237/522/237 276/517/276 293/268/293
f  237/522/237 293/268/293 243/307/243
f  237/522/237 243/307/243 291/293/291
f  237/522/237 291/293/291 284/523/284
f  237/522/237 568/525/568 623/518/623
f  237/522/237 623/518/623 276/517/276
f  221/473/221 569/476/569 616/463/616
f  221/473/221 616/463/616 254/462/254
f  238/435/238 272/450/272 306/287/306
f  238/435/238 306/287/306 269/308/269
f  238/435/238 269/308/269 286/274/286
f  238/435/238 286/274/286 280/436/280
f  238/435/238 589/438/589 641/451/641
f  238/435/238 641/451/641 272/450/272
f  213/443/213 590/502/590 601/537/601
f  213/443/213 601/537/601 257/444/257
f  356/103/356 307/110/307 309/550/309
f  356/103/356 309/550/309 357/551/357
f  357/551/357 309/550/309 308/125/308
f  357/551/357 308/125/308 355/150/355
f  307/110/307 349/109/349 351/552/351
f  307/110/307 351/552/351 309/550/309
f  309/550/309 351/552/351 350/117/350
f  309/550/309 350/117/350 308/125/308
f  353/3/353 310/32/310 312/553/312
f  353/3/353 312/553/312 354/554/354
f  354/554/354 312/553/312 311/112/311
f  354/554/354 311/112/311 352/111/352
f  310/32/310 358/31/358 360/555/360
f  310/32/310 360/555/360 312/553/312
f  312/553/312 360/555/360 359/98/359
f  312/553/312 359/98/359 311/112/311
f  362/96/362 313/104/313 315/556/315
f  362/96/362 315/556/315 363/557/363
f  363/557/363 315/556/315 314/36/314
f  363/557/363 314/36/314 361/35/361
f  313/104/313 356/103/356 357/551/357
f  313/104/313 357/551/357 315/556/315
f  315/556/315 357/551/357 355/150/355
f  315/556/315 355/150/355 314/36/314
f  358/31/358 316/44/316 318/558/318
f  358/31/358 318/558/318 360/555/360
f  360/555/360 318/558/318 317/99/317
f  360/555/360 317/99/317 359/98/359
f  316/44/316 364/43/364 366/559/366
f  316/44/316 366/559/366 318/558/318
f  318/558/318 366/559/366 365/92/365
f  318/558/318 365/92/365 317/99/317
f  368/90/368 319/97/319 321/560/321
f  368/90/368 321/560/321 369/561/369
f  369/561/369 321/560/321 320/48/320
f  369/561/369 320/48/320 367/47/367
f  319/97/319 362/96/362 363/557/363
f  319/97/319 363/557/363 321/560/321
f  321/560/321 363/557/363 361/35/361
f  321/560/321 361/35/361 320/48/320
f  364/43/364 322/56/322 324/562/324
f  364/43/364 324/562/324 366/559/366
f  366/559/366 324/562/324 323/93/323
f  366/559/366 323/93/323 365/92/365
f  322/56/322 370/55/370 372/563/372
f  322/56/322 372/563/372 324/562/324
f  324/562/324 372/563/372 371/84/371
f  324/562/324 371/84/371 323/93/323
f  374/71/374 325/91/325 327/564/327
f  374/71/374 327/564/327 375/565/375
f  375/565/375 327/564/327 326/60/326
f  375/565/375 326/60/326 373/59/373
f  325/91/325 368/90/368 369/561/369
f  325/91/325 369/561/369 327/564/327
f  327/564/327 369/561/369 367/47/367
f  327/564/327 367/47/367 326/60/326
f  383/139/383 328/83/328 330/566/330
f  383/139/383 330/566/330 384/567/384
f  384/567/384 330/566/330 329/87/329
f  384/567/384 329/87/329 382/86/382
f  328/83/328 379/82/379 381/568/381
f  328/83/328 381/568/381 330/566/330
f  330/566/330 381/568/381 380/141/380
f  330/566/330 380/141/380 329/140/329
f  370/55/370 331/68/331 333/569/333
f  370/55/370 333/569/333 372/563/372
f  372/563/372 333/569/333 332/85/332
f  372/563/372 332/85/332 371/84/371
f  331/68/331 376/67/376 378/570/378
f  331/68/331 378/570/378 333/569/333
f  333/569/333 378/570/378 377/156/377
f  333/569/333 377/156/377 332/85/332
f  379/82/379 334/72/334 336/571/336
f  379/82/379 336/571/336 381/568/381
f  381/568/381 336/571/336 335/142/335
f  381/568/381 335/142/335 380/141/380
f  334/72/334 374/71/374 375/565/375
f  334/72/334 375/565/375 336/571/336
f  336/571/336 375/565/375 373/59/373
f  336/571/336 373/59/373 335/142/335
f  376/67/376 337/78/337 339/572/339
f  376/67/376 339/572/339 378/570/378
f  378/570/378 339/572/339 338/154/338
f  378/570/378 338/154/338 377/156/377
f  337/78/337 383/77/383 384/573/384
f  337/78/337 384/573/384 339/572/339
f  339/572/339 384/573/384 382/86/382
f  339/572/339 382/86/382 338/154/338
f  386/17/386 340/4/340 342/574/342
f  386/17/386 342/574/342 387/575/387
f  387/575/387 342/574/342 341/74/341
f  387/575/387 341/74/341 385/73/385
f  340/4/340 353/3/353 354/554/354
f  340/4/340 354/554/354 342/574/342
f  342/574/342 354/554/354 352/111/352
f  342/574/342 352/111/352 341/74/341
f  349/109/349 343/8/343 345/576/345
f  349/109/349 345/576/345 351/552/351
f  351/552/351 345/576/345 344/118/344
f  351/552/351 344/118/344 350/117/350
f  343/8/343 442/7/442 444/577/444
f  343/8/343 444/577/444 345/576/345
f  345/576/345 444/577/444 443/119/443
f  345/576/345 443/119/443 344/118/344
f  440/147/440 346/18/346 348/578/348
f  440/147/440 348/578/348 441/579/441
f  441/579/441 348/578/348 347/122/347
f  441/579/441 347/122/347 439/121/439
f  346/18/346 386/17/386 387/575/387
f  346/18/346 387/575/387 348/578/348
f  348/578/348 387/575/387 385/73/385
f  348/578/348 385/73/385 347/122/347
f  437/258/437 388/22/388 390/580/390
f  437/258/437 390/580/390 438/581/438
f  438/581/438 390/580/390 389/240/389
f  438/581/438 389/240/389 436/237/436
f  388/22/388 430/21/430 432/582/432
f  388/22/388 432/582/432 390/580/390
f  390/580/390 432/582/432 431/241/431
f  390/580/390 431/241/431 389/240/389
f  434/277/434 391/257/391 393/583/393
f  434/277/434 393/583/393 435/584/435
f  435/584/435 393/583/393 392/180/392
f  435/584/435 392/180/392 433/163/433
f  391/257/391 445/256/445 447/585/447
f  391/257/391 447/585/447 393/583/393
f  393/583/393 447/585/447 446/181/446
f  393/583/393 446/181/446 392/180/392
f  449/295/449 394/276/394 396/586/396
f  449/295/449 396/586/396 450/587/450
f  450/587/450 396/586/396 395/234/395
f  450/587/450 395/234/395 448/231/448
f  394/276/394 437/258/437 438/581/438
f  394/276/394 438/581/438 396/586/396
f  396/586/396 438/581/438 436/237/436
f  396/586/396 436/237/436 395/234/395
f  445/256/445 397/294/397 399/588/399
f  445/256/445 399/588/399 447/585/447
f  447/585/447 399/588/399 398/188/398
f  447/585/447 398/188/398 446/181/446
f  397/294/397 451/265/451 453/589/453
f  397/294/397 453/589/453 399/588/399
f  399/588/399 453/589/453 452/189/452
f  399/588/399 452/189/452 398/188/398
f  455/262/455 400/306/400 402/590/402
f  455/262/455 402/590/402 456/591/456
f  456/591/456 402/590/402 401/228/401
f  456/591/456 401/228/401 454/225/454
f  400/306/400 449/295/449 450/587/450
f  400/306/400 450/587/450 402/590/402
f  402/590/402 450/587/450 448/231/448
f  402/590/402 448/231/448 401/228/401
f  451/265/451 403/264/403 405/592/405
f  451/265/451 405/592/405 453/589/453
f  453/589/453 405/592/405 404/196/404
f  453/589/453 404/196/404 452/189/452
f  403/264/403 457/303/457 459/593/459
f  403/264/403 459/593/459 405/592/405
f  405/592/405 459/593/459 458/197/458
f  405/592/405 458/197/458 404/196/404
f  461/272/461 406/263/406 408/594/408
f  461/272/461 408/594/408 462/595/462
f  462/595/462 408/594/408 407/222/407
f  462/595/462 407/222/407 460/221/460
f  406/263/406 455/262/455 456/591/456
f  406/263/406 456/591/456 408/594/408
f  408/594/408 456/591/456 454/225/454
f  408/594/408 454/225/454 407/222/407
f  470/285/470 409/284/409 411/596/411
f  470/285/470 411/596/411 471/597/471
f  471/597/471 411/596/411 410/216/410
f  471/597/471 410/216/410 469/218/469
f  409/271/409 466/270/466 468/598/468
f  409/271/409 468/598/468 411/596/411
f  411/596/411 468/598/468 467/211/467
f  411/596/411 467/211/467 410/216/410
f  457/303/457 412/283/412 414/599/414
f  457/303/457 414/599/414 459/593/459
f  459/593/459 414/599/414 413/204/413
f  459/593/459 413/204/413 458/197/458
f  412/283/412 463/282/463 465/600/465
f  412/283/412 465/600/465 414/599/414
f  414/599/414 465/600/465 464/205/464
f  414/599/414 464/205/464 413/204/413
f  466/270/466 415/269/415 417/601/417
f  466/270/466 417/601/417 468/598/468
f  468/598/468 417/601/417 416/212/416
f  468/598/468 416/212/416 467/211/467
f  415/269/415 461/272/461 462/595/462
f  415/269/415 462/595/462 417/601/417
f  417/601/417 462/595/462 460/221/460
f  417/601/417 460/221/460 416/212/416
f  463/282/463 418/281/418 420/602/420
f  463/282/463 420/602/420 465/600/465
f  465/600/465 420/602/420 419/208/419
f  465/600/465 419/208/419 464/205/464
f  418/281/418 470/285/470 471/603/471
f  418/281/418 471/603/471 420/602/420
f  420/602/420 471/603/471 469/301/469
f  420/602/420 469/301/469 419/208/419
f  473/248/473 421/300/421 423/604/423
f  473/248/473 423/604/423 474/605/474
f  474/605/474 423/604/423 422/162/422
f  474/605/474 422/162/422 472/166/472
f  421/300/421 434/277/434 435/584/435
f  421/300/421 435/584/435 423/604/423
f  423/604/423 435/584/435 433/163/433
f  423/604/423 433/163/433 422/162/422
f  430/21/430 424/251/424 426/606/426
f  430/21/430 426/606/426 432/582/432
f  432/582/432 426/606/426 425/252/425
f  432/582/432 425/252/425 431/241/431
f  424/251/424 443/119/443 444/577/444
f  424/251/424 444/577/444 426/606/426
f  426/606/426 444/577/444 442/253/442
f  426/606/426 442/253/442 425/252/425
f  439/121/439 427/249/427 429/607/429
f  439/121/439 429/607/429 441/579/441
f  441/579/441 429/607/429 428/174/428
f  441/579/441 428/174/428 440/147/440
f  427/249/427 473/248/473 474/605/474
f  427/249/427 474/605/474 429/607/429
f  429/607/429 474/605/474 472/166/472
f  429/607/429 472/166/472 428/174/428
f  524/407/524 475/291/475 477/608/477
f  524/407/524 477/608/477 525/609/525
f  525/609/525 477/608/477 476/392/476
f  525/609/525 476/392/476 523/389/523
f  475/291/475 517/290/517 519/610/519
f  475/291/475 519/610/519 477/608/477
f  477/608/477 519/610/519 518/393/518
f  477/608/477 518/393/518 476/392/476
f  521/417/521 478/406/478 480/611/480
f  521/417/521 480/611/480 522/612/522
f  522/612/522 480/611/480 479/332/479
f  522/612/522 479/332/479 520/311/520
f  478/406/478 526/405/526 528/613/528
f  478/406/478 528/613/528 480/611/480
f  480/611/480 528/613/528 527/333/527
f  480/611/480 527/333/527 479/332/479
f  530/429/530 481/416/481 483/614/483
f  530/429/530 483/614/483 531/615/531
f  531/615/531 483/614/483 482/386/482
f  531/615/531 482/386/482 529/383/529
f  481/416/481 524/407/524 525/609/525
f  481/416/481 525/609/525 483/614/483
f  483/614/483 525/609/525 523/389/523
f  483/614/483 523/389/523 482/386/482
f  526/405/526 484/428/484 486/616/486
f  526/405/526 486/616/486 528/613/528
f  528/613/528 486/616/486 485/340/485
f  528/613/528 485/340/485 527/333/527
f  484/428/484 532/411/532 534/617/534
f  484/428/484 534/617/534 486/616/486
f  486/616/486 534/617/534 533/341/533
f  486/616/486 533/341/533 485/340/485
f  536/408/536 487/434/487 489/618/489
f  536/408/536 489/618/489 537/619/537
f  537/619/537 489/618/489 488/380/488
f  537/619/537 488/380/488 535/377/535
f  487/434/487 530/429/530 531/615/531
f  487/434/487 531/615/531 489/618/489
f  489/618/489 531/615/531 529/383/529
f  489/618/489 529/383/529 488/380/488
f  532/411/532 490/410/490 492/620/492
f  532/411/532 492/620/492 534/617/534
f  534/617/534 492/620/492 491/348/491
f  534/617/534 491/348/491 533/341/533
f  490/410/490 538/433/538 540/621/540
f  490/410/490 540/621/540 492/620/492
f  492/620/492 540/621/540 539/349/539
f  492/620/492 539/349/539 491/348/491
f  542/415/542 493/409/493 495/622/495
f  542/415/542 495/622/495 543/623/543
f  543/623/543 495/622/495 494/374/494
f  543/623/543 494/374/494 541/373/541
f  493/409/493 536/408/536 537/619/537
f  493/409/493 537/619/537 495/622/495
f  495/622/495 537/619/537 535/377/535
f  495/622/495 535/377/535 494/374/494
f  551/422/551 496/421/496 498/624/498
f  551/422/551 498/624/498 552/625/552
f  552/625/552 498/624/498 497/368/497
f  552/625/552 497/368/497 550/370/550
f  496/414/496 547/413/547 549/626/549
f  496/414/496 549/626/549 498/624/498
f  498/624/498 549/626/549 548/363/548
f  498/624/498 548/363/548 497/368/497
f  538/433/538 499/420/499 501/627/501
f  538/433/538 501/627/501 540/621/540
f  540/621/540 501/627/501 500/356/500
f  540/621/540 500/356/500 539/349/539
f  499/420/499 544/419/544 546/628/546
f  499/420/499 546/628/546 501/627/501
f  501/627/501 546/628/546 545/357/545
f  501/627/501 545/357/545 500/356/500
f  547/413/547 502/412/502 504/629/504
f  547/413/547 504/629/504 549/626/549
f  549/626/549 504/629/504 503/364/503
f  549/626/549 503/364/503 548/363/548
f  502/412/502 542/415/542 543/623/543
f  502/412/502 543/623/543 504/629/504
f  504/629/504 543/623/543 541/373/541
f  504/629/504 541/373/541 503/364/503
f  544/419/544 505/418/505 507/630/507
f  544/419/544 507/630/507 546/628/546
f  546/628/546 507/630/507 506/360/506
f  546/628/546 506/360/506 545/357/545
f  505/418/505 551/422/551 552/631/552
f  505/418/505 552/631/552 507/630/507
f  507/630/507 552/631/552 550/432/550
f  507/630/507 550/432/550 506/360/506
f  554/397/554 508/431/508 510/632/510
f  554/397/554 510/632/510 555/633/555
f  555/633/555 510/632/510 509/310/509
f  555/633/555 509/310/509 553/314/553
f  508/431/508 521/417/521 522/612/522
f  508/431/508 522/612/522 510/632/510
f  510/632/510 522/612/522 520/311/520
f  510/632/510 520/311/520 509/310/509
f  517/290/517 511/402/511 513/634/513
f  517/290/517 513/634/513 519/610/519
f  519/610/519 513/634/513 512/403/512
f  519/610/519 512/403/512 518/393/518
f  511/402/511 610/401/610 612/635/612
f  511/402/511 612/635/612 513/634/513
f  513/634/513 612/635/612 611/404/611
f  513/634/513 611/404/611 512/403/512
f  608/427/608 514/398/514 516/636/516
f  608/427/608 516/636/516 609/637/609
f  609/637/609 516/636/516 515/322/515
f  609/637/609 515/322/515 607/324/607
f  514/398/514 554/397/554 555/633/555
f  514/398/514 555/633/555 516/636/516
f  516/636/516 555/633/555 553/314/553
f  516/636/516 553/314/553 515/322/515
f  605/530/605 556/536/556 558/638/558
f  605/530/605 558/638/558 606/639/606
f  606/639/606 558/638/558 557/426/557
f  606/639/606 557/426/557 604/425/604
f  556/536/556 598/535/598 600/640/600
f  556/536/556 600/640/600 558/638/558
f  558/638/558 600/640/600 599/540/599
f  558/638/558 599/540/599 557/426/557
f  602/437/602 559/460/559 561/641/561
f  602/437/602 561/641/561 603/642/603
f  603/642/603 561/641/561 560/538/560
f  603/642/603 560/538/560 601/537/601
f  559/460/559 613/459/613 615/643/615
f  559/460/559 615/643/615 561/641/561
f  561/641/561 615/643/615 614/526/614
f  561/641/561 614/526/614 560/538/560
f  617/524/617 562/531/562 564/644/564
f  617/524/617 564/644/564 618/645/618
f  618/645/618 564/644/564 563/464/563
f  618/645/618 563/464/563 616/463/616
f  562/531/562 605/530/605 606/639/606
f  562/531/562 606/639/606 564/644/564
f  564/644/564 606/639/606 604/425/604
f  564/644/564 604/425/604 563/464/563
f  613/459/613 565/472/565 567/646/567
f  613/459/613 567/646/567 615/643/615
f  615/643/615 567/646/567 566/527/566
f  615/643/615 566/527/566 614/526/614
f  565/472/565 619/471/619 621/647/621
f  565/472/565 621/647/621 567/646/567
f  567/646/567 621/647/621 620/520/620
f  567/646/567 620/520/620 566/527/566
f  623/518/623 568/525/568 570/648/570
f  623/518/623 570/648/570 624/649/624
f  624/649/624 570/648/570 569/476/569
f  624/649/624 569/476/569 622/475/622
f  568/525/568 617/524/617 618/645/618
f  568/525/568 618/645/618 570/648/570
f  570/648/570 618/645/618 616/463/616
f  570/648/570 616/463/616 569/476/569
f  619/471/619 571/484/571 573/650/573
f  619/471/619 573/650/573 621/647/621
f  621/647/621 573/650/573 572/521/572
f  621/647/621 572/521/572 620/520/620
f  571/484/571 625/483/625 627/651/627
f  571/484/571 627/651/627 573/650/573
f  573/650/573 627/651/627 626/512/626
f  573/650/573 626/512/626 572/521/572
f  629/499/629 574/519/574 576/652/576
f  629/499/629 576/652/576 630/653/630
f  630/653/630 576/652/576 575/488/575
f  630/653/630 575/488/575 628/487/628
f  574/519/574 623/518/623 624/649/624
f  574/519/574 624/649/624 576/652/576
f  576/652/576 624/649/624 622/475/622
f  576/652/576 622/475/622 575/488/575
f  638/544/638 577/511/577 579/654/579
f  638/544/638 579/654/579 639/655/639
f  639/655/639 579/654/579 578/515/578
f  639/655/639 578/515/578 637/514/637
f  577/511/577 634/510/634 636/656/636
f  577/511/577 636/656/636 579/654/579
f  579/654/579 636/656/636 635/546/635
f  579/654/579 635/546/635 578/545/578
f  625/483/625 580/496/580 582/657/582
f  625/483/625 582/657/582 627/651/627
f  627/651/627 582/657/582 581/513/581
f  627/651/627 581/513/581 626/512/626
f  580/496/580 631/495/631 633/658/633
f  580/496/580 633/658/633 582/657/582
f  582/657/582 633/658/633 632/549/632
f  582/657/582 632/549/632 581/513/581
f  634/510/634 583/500/583 585/659/585
f  634/510/634 585/659/585 636/656/636
f  636/656/636 585/659/585 584/547/584
f  636/656/636 584/547/584 635/546/635
f  583/500/583 629/499/629 630/653/630
f  583/500/583 630/653/630 585/659/585
f  585/659/585 630/653/630 628/487/628
f  585/659/585 628/487/628 584/547/584
f  631/495/631 586/506/586 588/660/588
f  631/495/631 588/660/588 633/658/633
f  633/658/633 588/660/588 587/548/587
f  633/658/633 587/548/587 632/549/632
f  586/506/586 638/505/638 639/661/639
f  586/506/586 639/661/639 588/660/588
f  588/660/588 639/661/639 637/514/637
f  588/660/588 637/514/637 587/548/587
f  641/451/641 589/438/589 591/662/591
f  641/451/641 591/662/591 642/663/642
f  642/663/642 591/662/591 590/502/590
f  642/663/642 590/502/590 640/501/640
f  589/438/589 602/437/602 603/642/603
f  589/438/589 603/642/603 591/662/591
f  591/662/591 603/642/603 601/537/601
f  591/662/591 601/537/601 590/502/590
f  598/535/598 592/442/592 594/664/594
f  598/535/598 594/664/594 600/640/600
f  600/640/600 594/664/594 593/541/593
f  600/640/600 593/541/593 599/540/599
f  592/442/592 611/441/611 612/635/612
f  592/442/592 612/635/612 594/664/594
f  594/664/594 612/635/612 610/401/610
f  594/664/594 610/401/610 593/541/593
f  607/324/607 595/452/595 597/665/597
f  607/324/607 597/665/597 609/637/609
f  609/637/609 597/665/597 596/542/596
f  609/637/609 596/542/596 608/427/608
f  595/452/595 641/451/641 642/663/642
f  595/452/595 642/663/642 597/665/597
f  597/665/597 642/663/642 640/501/640
f  597/665/597 640/501/640 596/542/596
f  11/105/11 28/100/28 355/150/355
f  11/105/11 355/150/355 308/125/308
f  674/666/674 649/667/649 645/668/645
f  674/666/674 645/668/645 673/669/673
f  663/670/663 662/671/662 652/672/652
f  663/670/663 652/672/652 643/673/643
f  655/674/655 663/670/663 643/673/643
f  655/674/655 643/673/643 644/675/644
f  664/676/664 661/677/661 662/671/662
f  664/676/664 662/671/662 663/670/663
f  688/678/688 657/679/657 658/680/658
f  688/678/688 658/680/658 687/681/687
f  835/682/835 780/683/780 660/684/660
f  835/682/835 660/684/660 689/685/689
f  689/685/689 660/684/660 659/686/659
f  689/685/689 659/686/659 690/687/690
f  826/688/826 786/689/786 666/690/666
f  826/688/826 666/690/666 679/691/679
f  679/691/679 666/690/666 665/692/665
f  679/691/679 665/692/665 682/693/682
f  783/694/783 784/695/784 664/676/664
f  783/694/783 664/676/664 656/696/656
f  656/696/656 664/676/664 663/670/663
f  656/696/656 663/670/663 655/674/655
f  682/693/682 665/692/665 647/697/647
f  682/693/682 647/697/647 677/698/677
f  836/699/836 781/700/781 657/679/657
f  836/699/836 657/679/657 688/678/688
f  690/687/690 659/686/659 651/701/651
f  690/687/690 651/701/651 686/702/686
f  680/703/680 655/674/655 644/675/644
f  680/703/680 644/675/644 678/704/678
f  687/681/687 658/680/658 648/705/648
f  687/681/687 648/705/648 685/706/685
f  681/707/681 656/696/656 655/674/655
f  681/707/681 655/674/655 680/703/680
f  825/708/825 783/694/783 656/696/656
f  825/708/825 656/696/656 681/707/681
f  784/695/784 785/709/785 661/677/661
f  784/695/784 661/677/661 664/676/664
f  820/710/820 787/711/787 650/712/650
f  820/710/820 650/712/650 675/713/675
f  675/713/675 650/712/650 649/667/649
f  675/713/675 649/667/649 674/666/674
f  659/686/659 670/714/670 671/715/671
f  659/686/659 671/715/671 651/701/651
f  670/714/670 669/716/669 672/717/672
f  670/714/670 672/717/672 671/715/671
f  706/718/706 735/719/735 740/720/740
f  706/718/706 740/720/740 701/721/701
f  780/683/780 812/722/812 668/723/668
f  780/683/780 668/723/668 660/684/660
f  812/722/812 813/724/813 667/725/667
f  812/722/812 667/725/667 668/723/668
f  855/726/855 898/727/898 732/728/732
f  855/726/855 732/728/732 705/729/705
f  660/684/660 668/723/668 670/714/670
f  660/684/660 670/714/670 659/686/659
f  668/723/668 667/725/667 669/716/669
f  668/723/668 669/716/669 670/714/670
f  705/729/705 732/728/732 735/719/735
f  705/729/705 735/719/735 706/718/706
f  857/730/857 703/731/703 741/732/741
f  857/730/857 741/732/741 908/733/908
f  703/731/703 704/734/704 743/735/743
f  703/731/703 743/735/743 741/732/741
f  704/734/704 702/736/702 742/737/742
f  704/734/704 742/737/742 743/735/743
f  700/738/700 699/739/699 646/740/646
f  700/738/700 646/740/646 676/741/676
f  684/742/684 683/743/683 672/717/672
f  684/742/684 672/717/672 676/741/676
f  693/744/693 683/743/683 645/668/645
f  693/744/693 645/668/645 685/706/685
f  691/745/691 692/746/692 671/715/671
f  691/745/691 671/715/671 672/717/672
f  692/746/692 686/702/686 651/701/651
f  692/746/692 651/701/651 671/715/671
f  677/698/677 684/742/684 676/741/676
f  677/698/677 676/741/676 646/740/646
f  698/747/698 700/738/700 676/741/676
f  698/747/698 676/741/676 672/717/672
f  666/690/666 675/713/675 674/666/674
f  666/690/666 674/666/674 665/692/665
f  786/689/786 820/710/820 675/713/675
f  786/689/786 675/713/675 666/690/666
f  665/692/665 674/666/674 673/669/673
f  665/692/665 673/669/673 647/697/647
f  647/697/647 673/669/673 684/742/684
f  647/697/647 684/742/684 677/698/677
f  691/745/691 672/717/672 683/743/683
f  691/745/691 683/743/683 693/744/693
f  673/669/673 645/668/645 683/743/683
f  673/669/673 683/743/683 684/742/684
f  781/700/781 825/708/825 681/707/681
f  781/700/781 681/707/681 657/679/657
f  657/679/657 681/707/681 680/703/680
f  657/679/657 680/703/680 658/680/658
f  658/680/658 680/703/680 678/704/678
f  658/680/658 678/704/678 648/705/648
f  654/748/654 682/693/682 677/698/677
f  654/748/654 677/698/677 646/740/646
f  653/749/653 679/691/679 682/693/682
f  653/749/653 682/693/682 654/748/654
f  782/750/782 826/688/826 679/691/679
f  782/750/782 679/691/679 653/749/653
f  644/675/644 691/745/691 693/744/693
f  644/675/644 693/744/693 678/704/678
f  643/673/643 652/672/652 686/702/686
f  643/673/643 686/702/686 692/746/692
f  644/675/644 643/673/643 692/746/692
f  644/675/644 692/746/692 691/745/691
f  678/704/678 693/744/693 685/706/685
f  678/704/678 685/706/685 648/705/648
f  649/667/649 687/681/687 685/706/685
f  649/667/649 685/706/685 645/668/645
f  662/671/662 690/687/690 686/702/686
f  662/671/662 686/702/686 652/672/652
f  787/711/787 836/699/836 688/678/688
f  787/711/787 688/678/688 650/712/650
f  661/677/661 689/685/689 690/687/690
f  661/677/661 690/687/690 662/671/662
f  785/709/785 835/682/835 689/685/689
f  785/709/785 689/685/689 661/677/661
f  650/712/650 688/678/688 687/681/687
f  650/712/650 687/681/687 649/667/649
f  701/721/701 707/751/707 700/738/700
f  701/721/701 700/738/700 698/747/698
f  707/751/707 702/736/702 699/739/699
f  707/751/707 699/739/699 700/738/700
f  654/748/654 646/740/646 699/739/699
f  654/748/654 699/739/699 695/752/695
f  653/749/653 654/748/654 695/752/695
f  653/749/653 695/752/695 694/753/694
f  782/750/782 653/749/653 694/753/694
f  782/750/782 694/753/694 852/754/852
f  667/725/667 696/755/696 697/756/697
f  667/725/667 697/756/697 669/716/669
f  813/724/813 848/757/848 696/755/696
f  813/724/813 696/755/696 667/725/667
f  669/716/669 697/756/697 698/747/698
f  669/716/669 698/747/698 672/717/672
f  748/758/748 742/737/742 702/736/702
f  748/758/748 702/736/702 707/751/707
f  740/720/740 748/758/748 707/751/707
f  740/720/740 707/751/707 701/721/701
f  695/752/695 699/739/699 702/736/702
f  695/752/695 702/736/702 704/734/704
f  694/753/694 695/752/695 704/734/704
f  694/753/694 704/734/704 703/731/703
f  852/754/852 694/753/694 703/731/703
f  852/754/852 703/731/703 857/730/857
f  696/755/696 705/729/705 706/718/706
f  696/755/696 706/718/706 697/756/697
f  848/757/848 855/726/855 705/729/705
f  848/757/848 705/729/705 696/755/696
f  697/756/697 706/718/706 701/721/701
f  697/756/697 701/721/701 698/747/698
f  745/759/745 744/760/744 710/761/710
f  745/759/745 710/761/710 714/762/714
f  728/763/728 708/764/708 717/765/717
f  728/763/728 717/765/717 727/766/727
f  720/767/720 709/768/709 708/764/708
f  720/767/720 708/764/708 728/763/728
f  729/769/729 728/763/728 727/766/727
f  729/769/729 727/766/727 726/770/726
f  760/771/760 759/772/759 723/773/723
f  760/771/760 723/773/723 722/774/722
f  928/775/928 761/776/761 725/777/725
f  928/775/928 725/777/725 864/778/864
f  761/776/761 762/779/762 724/780/724
f  761/776/761 724/780/724 725/777/725
f  919/781/919 751/782/751 731/783/731
f  919/781/919 731/783/731 870/784/870
f  751/782/751 754/785/754 730/786/730
f  751/782/751 730/786/730 731/783/731
f  867/787/867 721/788/721 729/769/729
f  867/787/867 729/769/729 868/789/868
f  721/788/721 720/767/720 728/763/728
f  721/788/721 728/763/728 729/769/729
f  754/785/754 749/790/749 712/791/712
f  754/785/754 712/791/712 730/786/730
f  929/792/929 760/771/760 722/774/722
f  929/792/929 722/774/722 865/793/865
f  762/779/762 758/794/758 716/795/716
f  762/779/762 716/795/716 724/780/724
f  752/796/752 750/797/750 709/768/709
f  752/796/752 709/768/709 720/767/720
f  759/772/759 757/798/757 713/799/713
f  759/772/759 713/799/713 723/773/723
f  753/800/753 752/796/752 720/767/720
f  753/800/753 720/767/720 721/788/721
f  918/801/918 753/800/753 721/788/721
f  918/801/918 721/788/721 867/787/867
f  868/789/868 729/769/729 726/770/726
f  868/789/868 726/770/726 869/802/869
f  912/803/912 746/804/746 715/805/715
f  912/803/912 715/805/715 871/806/871
f  746/804/746 745/759/745 714/762/714
f  746/804/746 714/762/714 715/805/715
f  724/780/724 716/795/716 738/807/738
f  724/780/724 738/807/738 737/808/737
f  737/808/737 738/807/738 739/809/739
f  737/808/737 739/809/739 736/810/736
f  778/811/778 773/812/773 740/720/740
f  778/811/778 740/720/740 735/719/735
f  864/778/864 725/777/725 734/813/734
f  864/778/864 734/813/734 896/814/896
f  896/814/896 734/813/734 733/815/733
f  896/814/896 733/815/733 897/816/897
f  948/817/948 777/818/777 732/728/732
f  948/817/948 732/728/732 898/727/898
f  725/777/725 724/780/724 737/808/737
f  725/777/725 737/808/737 734/813/734
f  734/813/734 737/808/737 736/810/736
f  734/813/734 736/810/736 733/815/733
f  777/818/777 778/811/778 735/719/735
f  777/818/777 735/719/735 732/728/732
f  950/819/950 908/733/908 741/732/741
f  950/819/950 741/732/741 775/820/775
f  775/820/775 741/732/741 743/735/743
f  775/820/775 743/735/743 776/821/776
f  776/821/776 743/735/743 742/737/742
f  776/821/776 742/737/742 774/822/774
f  772/823/772 747/824/747 711/825/711
f  772/823/772 711/825/711 771/826/771
f  756/827/756 747/824/747 739/809/739
f  756/827/756 739/809/739 755/828/755
f  765/829/765 757/798/757 710/761/710
f  765/829/765 710/761/710 755/828/755
f  763/830/763 739/809/739 738/807/738
f  763/830/763 738/807/738 764/831/764
f  764/831/764 738/807/738 716/795/716
f  764/831/764 716/795/716 758/794/758
f  749/790/749 711/825/711 747/824/747
f  749/790/749 747/824/747 756/827/756
f  770/832/770 739/809/739 747/824/747
f  770/832/770 747/824/747 772/823/772
f  731/783/731 730/786/730 745/759/745
f  731/783/731 745/759/745 746/804/746
f  870/784/870 731/783/731 746/804/746
f  870/784/870 746/804/746 912/803/912
f  730/786/730 712/791/712 744/760/744
f  730/786/730 744/760/744 745/759/745
f  712/791/712 749/790/749 756/827/756
f  712/791/712 756/827/756 744/760/744
f  763/830/763 765/829/765 755/828/755
f  763/830/763 755/828/755 739/809/739
f  744/760/744 756/827/756 755/828/755
f  744/760/744 755/828/755 710/761/710
f  865/793/865 722/774/722 753/800/753
f  865/793/865 753/800/753 918/801/918
f  722/774/722 723/773/723 752/796/752
f  722/774/722 752/796/752 753/800/753
f  723/773/723 713/799/713 750/797/750
f  723/773/723 750/797/750 752/796/752
f  719/833/719 711/825/711 749/790/749
f  719/833/719 749/790/749 754/785/754
f  718/834/718 719/833/719 754/785/754
f  718/834/718 754/785/754 751/782/751
f  866/835/866 718/834/718 751/782/751
f  866/835/866 751/782/751 919/781/919
f  709/768/709 750/797/750 765/829/765
f  709/768/709 765/829/765 763/830/763
f  708/764/708 764/831/764 758/794/758
f  708/764/708 758/794/758 717/765/717
f  709/768/709 763/830/763 764/831/764
f  709/768/709 764/831/764 708/764/708
f  750/797/750 713/799/713 757/798/757
f  750/797/750 757/798/757 765/829/765
f  714/762/714 710/761/710 757/798/757
f  714/762/714 757/798/757 759/772/759
f  727/766/727 717/765/717 758/794/758
f  727/766/727 758/794/758 762/779/762
f  871/806/871 715/805/715 760/771/760
f  871/806/871 760/771/760 929/792/929
f  726/770/726 727/766/727 762/779/762
f  726/770/726 762/779/762 761/776/761
f  869/802/869 726/770/726 761/776/761
f  869/802/869 761/776/761 928/775/928
f  715/805/715 714/762/714 759/772/759
f  715/805/715 759/772/759 760/771/760
f  773/812/773 770/832/770 772/823/772
f  773/812/773 772/823/772 779/836/779
f  779/836/779 772/823/772 771/826/771
f  779/836/779 771/826/771 774/822/774
f  719/833/719 767/837/767 771/826/771
f  719/833/719 771/826/771 711/825/711
f  718/834/718 766/838/766 767/837/767
f  718/834/718 767/837/767 719/833/719
f  866/835/866 945/839/945 766/838/766
f  866/835/866 766/838/766 718/834/718
f  733/815/733 736/810/736 769/840/769
f  733/815/733 769/840/769 768/841/768
f  897/816/897 733/815/733 768/841/768
f  897/816/897 768/841/768 941/842/941
f  736/810/736 739/809/739 770/832/770
f  736/810/736 770/832/770 769/840/769
f  748/758/748 779/836/779 774/822/774
f  748/758/748 774/822/774 742/737/742
f  740/720/740 773/812/773 779/836/779
f  740/720/740 779/836/779 748/758/748
f  767/837/767 776/821/776 774/822/774
f  767/837/767 774/822/774 771/826/771
f  766/838/766 775/820/775 776/821/776
f  766/838/766 776/821/776 767/837/767
f  945/839/945 950/819/950 775/820/775
f  945/839/945 775/820/775 766/838/766
f  768/841/768 769/840/769 778/811/778
f  768/841/768 778/811/778 777/818/777
f  941/842/941 768/841/768 777/818/777
f  941/842/941 777/818/777 948/817/948
f  769/840/769 770/832/770 773/812/773
f  769/840/769 773/812/773 778/811/778
f  822/843/822 821/844/821 790/845/790
f  822/843/822 790/845/790 794/846/794
f  808/847/808 788/848/788 797/849/797
f  808/847/808 797/849/797 807/850/807
f  800/851/800 789/852/789 788/848/788
f  800/851/800 788/848/788 808/847/808
f  809/853/809 808/847/808 807/850/807
f  809/853/809 807/850/807 806/854/806
f  840/855/840 839/856/839 803/857/803
f  840/855/840 803/857/803 802/858/802
f  835/682/835 841/859/841 805/860/805
f  835/682/835 805/860/805 780/683/780
f  841/859/841 842/861/842 804/862/804
f  841/859/841 804/862/804 805/860/805
f  826/688/826 829/863/829 811/864/811
f  826/688/826 811/864/811 786/689/786
f  829/863/829 832/865/832 810/866/810
f  829/863/829 810/866/810 811/864/811
f  783/694/783 801/867/801 809/853/809
f  783/694/783 809/853/809 784/695/784
f  801/867/801 800/851/800 808/847/808
f  801/867/801 808/847/808 809/853/809
f  832/865/832 827/868/827 792/869/792
f  832/865/832 792/869/792 810/866/810
f  836/699/836 840/855/840 802/858/802
f  836/699/836 802/858/802 781/700/781
f  842/861/842 838/870/838 796/871/796
f  842/861/842 796/871/796 804/862/804
f  830/872/830 828/873/828 789/852/789
f  830/872/830 789/852/789 800/851/800
f  839/856/839 837/874/837 793/875/793
f  839/856/839 793/875/793 803/857/803
f  831/876/831 830/872/830 800/851/800
f  831/876/831 800/851/800 801/867/801
f  825/708/825 831/876/831 801/867/801
f  825/708/825 801/867/801 783/694/783
f  784/695/784 809/853/809 806/854/806
f  784/695/784 806/854/806 785/709/785
f  820/710/820 823/877/823 795/878/795
f  820/710/820 795/878/795 787/711/787
f  823/877/823 822/843/822 794/846/794
f  823/877/823 794/846/794 795/878/795
f  804/862/804 796/871/796 818/879/818
f  804/862/804 818/879/818 817/880/817
f  817/880/817 818/879/818 819/881/819
f  817/880/817 819/881/819 816/882/816
f  862/883/862 856/884/856 907/885/907
f  862/883/862 907/885/907 902/886/902
f  780/683/780 805/860/805 815/887/815
f  780/683/780 815/887/815 812/722/812
f  812/722/812 815/887/815 814/888/814
f  812/722/812 814/888/814 813/724/813
f  855/726/855 861/889/861 899/890/899
f  855/726/855 899/890/899 898/727/898
f  805/860/805 804/862/804 817/880/817
f  805/860/805 817/880/817 815/887/815
f  815/887/815 817/880/817 816/882/816
f  815/887/815 816/882/816 814/888/814
f  861/889/861 862/883/862 902/886/902
f  861/889/861 902/886/902 899/890/899
f  857/730/857 908/733/908 909/891/909
f  857/730/857 909/891/909 859/892/859
f  859/892/859 909/891/909 911/893/911
f  859/892/859 911/893/911 860/894/860
f  860/894/860 911/893/911 910/895/910
f  860/894/860 910/895/910 858/896/858
f  854/897/854 824/898/824 791/899/791
f  854/897/854 791/899/791 853/900/853
f  834/901/834 824/898/824 819/881/819
f  834/901/834 819/881/819 833/902/833
f  845/903/845 837/874/837 790/845/790
f  845/903/845 790/845/790 833/902/833
f  843/904/843 819/881/819 818/879/818
f  843/904/843 818/879/818 844/905/844
f  844/905/844 818/879/818 796/871/796
f  844/905/844 796/871/796 838/870/838
f  827/868/827 791/899/791 824/898/824
f  827/868/827 824/898/824 834/901/834
f  851/906/851 819/881/819 824/898/824
f  851/906/851 824/898/824 854/897/854
f  811/864/811 810/866/810 822/843/822
f  811/864/811 822/843/822 823/877/823
f  786/689/786 811/864/811 823/877/823
f  786/689/786 823/877/823 820/710/820
f  810/866/810 792/869/792 821/844/821
f  810/866/810 821/844/821 822/843/822
f  792/869/792 827/868/827 834/901/834
f  792/869/792 834/901/834 821/844/821
f  843/904/843 845/903/845 833/902/833
f  843/904/843 833/902/833 819/881/819
f  821/844/821 834/901/834 833/902/833
f  821/844/821 833/902/833 790/845/790
f  781/700/781 802/858/802 831/876/831
f  781/700/781 831/876/831 825/708/825
f  802/858/802 803/857/803 830/872/830
f  802/858/802 830/872/830 831/876/831
f  803/857/803 793/875/793 828/873/828
f  803/857/803 828/873/828 830/872/830
f  799/907/799 791/899/791 827/868/827
f  799/907/799 827/868/827 832/865/832
f  798/908/798 799/907/799 832/865/832
f  798/908/798 832/865/832 829/863/829
f  782/750/782 798/908/798 829/863/829
f  782/750/782 829/863/829 826/688/826
f  789/852/789 828/873/828 845/903/845
f  789/852/789 845/903/845 843/904/843
f  788/848/788 844/905/844 838/870/838
f  788/848/788 838/870/838 797/849/797
f  789/852/789 843/904/843 844/905/844
f  789/852/789 844/905/844 788/848/788
f  828/873/828 793/875/793 837/874/837
f  828/873/828 837/874/837 845/903/845
f  794/846/794 790/845/790 837/874/837
f  794/846/794 837/874/837 839/856/839
f  807/850/807 797/849/797 838/870/838
f  807/850/807 838/870/838 842/861/842
f  787/711/787 795/878/795 840/855/840
f  787/711/787 840/855/840 836/699/836
f  806/854/806 807/850/807 842/861/842
f  806/854/806 842/861/842 841/859/841
f  785/709/785 806/854/806 841/859/841
f  785/709/785 841/859/841 835/682/835
f  795/878/795 794/846/794 839/856/839
f  795/878/795 839/856/839 840/855/840
f  856/884/856 851/906/851 854/897/854
f  856/884/856 854/897/854 863/909/863
f  863/909/863 854/897/854 853/900/853
f  863/909/863 853/900/853 858/896/858
f  799/907/799 847/910/847 853/900/853
f  799/907/799 853/900/853 791/899/791
f  798/908/798 846/911/846 847/910/847
f  798/908/798 847/910/847 799/907/799
f  782/750/782 852/754/852 846/911/846
f  782/750/782 846/911/846 798/908/798
f  814/888/814 816/882/816 850/912/850
f  814/888/814 850/912/850 849/913/849
f  813/724/813 814/888/814 849/913/849
f  813/724/813 849/913/849 848/757/848
f  816/882/816 819/881/819 851/906/851
f  816/882/816 851/906/851 850/912/850
f  917/914/917 863/909/863 858/896/858
f  917/914/917 858/896/858 910/895/910
f  907/885/907 856/884/856 863/909/863
f  907/885/907 863/909/863 917/914/917
f  847/910/847 860/894/860 858/896/858
f  847/910/847 858/896/858 853/900/853
f  846/911/846 859/892/859 860/894/860
f  846/911/846 860/894/860 847/910/847
f  852/754/852 857/730/857 859/892/859
f  852/754/852 859/892/859 846/911/846
f  849/913/849 850/912/850 862/883/862
f  849/913/849 862/883/862 861/889/861
f  848/757/848 849/913/849 861/889/861
f  848/757/848 861/889/861 855/726/855
f  850/912/850 851/906/851 856/884/856
f  850/912/850 856/884/856 862/883/862
f  914/915/914 878/916/878 874/917/874
f  914/915/914 874/917/874 913/918/913
f  892/919/892 891/920/891 881/921/881
f  892/919/892 881/921/881 872/922/872
f  884/923/884 892/919/892 872/922/872
f  884/923/884 872/922/872 873/924/873
f  893/925/893 890/926/890 891/920/891
f  893/925/893 891/920/891 892/919/892
f  933/927/933 886/928/886 887/929/887
f  933/927/933 887/929/887 932/930/932
f  928/775/928 864/778/864 889/931/889
f  928/775/928 889/931/889 934/932/934
f  934/932/934 889/931/889 888/933/888
f  934/932/934 888/933/888 935/934/935
f  919/781/919 870/784/870 895/935/895
f  919/781/919 895/935/895 922/936/922
f  922/936/922 895/935/895 894/937/894
f  922/936/922 894/937/894 925/938/925
f  867/787/867 868/789/868 893/925/893
f  867/787/867 893/925/893 885/939/885
f  885/939/885 893/925/893 892/919/892
f  885/939/885 892/919/892 884/923/884
f  925/938/925 894/937/894 876/940/876
f  925/938/925 876/940/876 920/941/920
f  929/792/929 865/793/865 886/928/886
f  929/792/929 886/928/886 933/927/933
f  935/934/935 888/933/888 880/942/880
f  935/934/935 880/942/880 931/943/931
f  923/944/923 884/923/884 873/924/873
f  923/944/923 873/924/873 921/945/921
f  932/930/932 887/929/887 877/946/877
f  932/930/932 877/946/877 930/947/930
f  924/948/924 885/939/885 884/923/884
f  924/948/924 884/923/884 923/944/923
f  918/801/918 867/787/867 885/939/885
f  918/801/918 885/939/885 924/948/924
f  868/789/868 869/802/869 890/926/890
f  868/789/868 890/926/890 893/925/893
f  912/803/912 871/806/871 879/949/879
f  912/803/912 879/949/879 915/950/915
f  915/950/915 879/949/879 878/916/878
f  915/950/915 878/916/878 914/915/914
f  888/933/888 904/951/904 905/952/905
f  888/933/888 905/952/905 880/942/880
f  904/951/904 903/953/903 906/954/906
f  904/951/904 906/954/906 905/952/905
f  955/955/955 902/886/902 907/885/907
f  955/955/955 907/885/907 949/956/949
f  864/778/864 896/814/896 901/957/901
f  864/778/864 901/957/901 889/931/889
f  896/814/896 897/816/897 900/958/900
f  896/814/896 900/958/900 901/957/901
f  948/817/948 898/727/898 899/890/899
f  948/817/948 899/890/899 954/959/954
f  889/931/889 901/957/901 904/951/904
f  889/931/889 904/951/904 888/933/888
f  901/957/901 900/958/900 903/953/903
f  901/957/901 903/953/903 904/951/904
f  954/959/954 899/890/899 902/886/902
f  954/959/954 902/886/902 955/955/955
f  950/819/950 952/960/952 909/891/909
f  950/819/950 909/891/909 908/733/908
f  952/960/952 953/961/953 911/893/911
f  952/960/952 911/893/911 909/891/909
f  953/961/953 951/962/951 910/895/910
f  953/961/953 910/895/910 911/893/911
f  947/963/947 946/964/946 875/965/875
f  947/963/947 875/965/875 916/966/916
f  927/967/927 926/968/926 906/954/906
f  927/967/927 906/954/906 916/966/916
f  938/969/938 926/968/926 874/917/874
f  938/969/938 874/917/874 930/947/930
f  936/970/936 937/971/937 905/952/905
f  936/970/936 905/952/905 906/954/906
f  937/971/937 931/943/931 880/942/880
f  937/971/937 880/942/880 905/952/905
f  920/941/920 927/967/927 916/966/916
f  920/941/920 916/966/916 875/965/875
f  944/972/944 947/963/947 916/966/916
f  944/972/944 916/966/916 906/954/906
f  895/935/895 915/950/915 914/915/914
f  895/935/895 914/915/914 894/937/894
f  870/784/870 912/803/912 915/950/915
f  870/784/870 915/950/915 895/935/895
f  894/937/894 914/915/914 913/918/913
f  894/937/894 913/918/913 876/940/876
f  876/940/876 913/918/913 927/967/927
f  876/940/876 927/967/927 920/941/920
f  936/970/936 906/954/906 926/968/926
f  936/970/936 926/968/926 938/969/938
f  913/918/913 874/917/874 926/968/926
f  913/918/913 926/968/926 927/967/927
f  865/793/865 918/801/918 924/948/924
f  865/793/865 924/948/924 886/928/886
f  886/928/886 924/948/924 923/944/923
f  886/928/886 923/944/923 887/929/887
f  887/929/887 923/944/923 921/945/921
f  887/929/887 921/945/921 877/946/877
f  883/973/883 925/938/925 920/941/920
f  883/973/883 920/941/920 875/965/875
f  882/974/882 922/936/922 925/938/925
f  882/974/882 925/938/925 883/973/883
f  866/835/866 919/781/919 922/936/922
f  866/835/866 922/936/922 882/974/882
f  873/924/873 936/970/936 938/969/938
f  873/924/873 938/969/938 921/945/921
f  872/922/872 881/921/881 931/943/931
f  872/922/872 931/943/931 937/971/937
f  873/924/873 872/922/872 937/971/937
f  873/924/873 937/971/937 936/970/936
f  921/945/921 938/969/938 930/947/930
f  921/945/921 930/947/930 877/946/877
f  878/916/878 932/930/932 930/947/930
f  878/916/878 930/947/930 874/917/874
f  891/920/891 935/934/935 931/943/931
f  891/920/891 931/943/931 881/921/881
f  871/806/871 929/792/929 933/927/933
f  871/806/871 933/927/933 879/949/879
f  890/926/890 934/932/934 935/934/935
f  890/926/890 935/934/935 891/920/891
f  869/802/869 928/775/928 934/932/934
f  869/802/869 934/932/934 890/926/890
f  879/949/879 933/927/933 932/930/932
f  879/949/879 932/930/932 878/916/878
f  949/956/949 956/975/956 947/963/947
f  949/956/949 947/963/947 944/972/944
f  956/975/956 951/962/951 946/964/946
f  956/975/956 946/964/946 947/963/947
f  883/973/883 875/965/875 946/964/946
f  883/973/883 946/964/946 940/976/940
f  882/974/882 883/973/883 940/976/940
f  882/974/882 940/976/940 939/977/939
f  866/835/866 882/974/882 939/977/939
f  866/835/866 939/977/939 945/839/945
f  900/958/900 942/978/942 943/979/943
f  900/958/900 943/979/943 903/953/903
f  897/816/897 941/842/941 942/978/942
f  897/816/897 942/978/942 900/958/900
f  903/953/903 943/979/943 944/972/944
f  903/953/903 944/972/944 906/954/906
f  917/914/917 910/895/910 951/962/951
f  917/914/917 951/962/951 956/975/956
f  907/885/907 917/914/917 956/975/956
f  907/885/907 956/975/956 949/956/949
f  940/976/940 946/964/946 951/962/951
f  940/976/940 951/962/951 953/961/953
f  939/977/939 940/976/940 953/961/953
f  939/977/939 953/961/953 952/960/952
f  945/839/945 939/977/939 952/960/952
f  945/839/945 952/960/952 950/819/950
f  942/978/942 954/959/954 955/955/955
f  942/978/942 955/955/955 943/979/943
f  941/842/941 948/817/948 954/959/954
f  941/842/941 954/959/954 942/978/942
f  943/979/943 955/955/955 949/956/949
f  943/979/943 949/956/949 944/972/944
f  1131/980/1131 1117/981/1117 984/982/984
f  1131/980/1131 984/982/984 983/983/983
f  1132/984/1132 1118/985/1118 988/986/988
f  1132/984/1132 988/986/988 987/987/987
f  1133/988/1133 1119/989/1119 992/990/992
f  1133/988/1133 992/990/992 991/991/991
f  1134/992/1134 1120/993/1120 981/994/981
f  1134/992/1134 981/994/981 980/995/980
f  1135/996/1135 1121/997/1121 996/998/996
f  1135/996/1135 996/998/996 995/999/995
f  1136/1000/1136 1122/1001/1122 978/1002/978
f  1136/1000/1136 978/1002/978 977/1003/977
f  1117/981/1117 1123/1004/1123 985/1005/985
f  1117/981/1117 985/1005/985 984/982/984
f  1118/985/1118 1124/1006/1124 989/1007/989
f  1118/985/1118 989/1007/989 988/986/988
f  1119/989/1119 1125/1008/1125 993/1009/993
f  1119/989/1119 993/1009/993 992/990/992
f  1120/1010/1120 1126/1011/1126 982/1012/982
f  1120/1010/1120 982/1012/982 981/1013/981
f  1121/997/1121 1136/1000/1136 977/1003/977
f  1121/997/1121 977/1003/977 996/998/996
f  1123/1004/1123 1127/1014/1127 986/1015/986
f  1123/1004/1123 986/1015/986 985/1005/985
f  1124/1006/1124 1128/1016/1128 990/1017/990
f  1124/1006/1124 990/1017/990 989/1007/989
f  1122/1001/1122 1129/1018/1129 979/1019/979
f  1122/1001/1122 979/1019/979 978/1002/978
f  1125/1008/1125 1130/1020/1130 994/1021/994
f  1125/1008/1125 994/1021/994 993/1009/993
f  1126/1011/1126 1131/980/1131 983/983/983
f  1126/1011/1126 983/983/983 982/1012/982
f  1127/1014/1127 1132/984/1132 987/987/987
f  1127/1014/1127 987/987/987 986/1015/986
f  1128/1016/1128 1133/988/1133 991/991/991
f  1128/1016/1128 991/991/991 990/1017/990
f  1129/1018/1129 1134/992/1134 980/995/980
f  1129/1018/1129 980/995/980 979/1019/979
f  1130/1020/1130 1135/996/1135 995/999/995
f  1130/1020/1130 995/999/995 994/1021/994
f  974/1022/974 975/1023/975 1046/1024/1046
f  974/1022/974 1046/1024/1046 1092/1025/1092
f  1092/1025/1092 1046/1024/1046 1045/1026/1045
f  1092/1025/1092 1045/1026/1045 1093/1027/1093
f  1093/1027/1093 1045/1026/1045 1044/1028/1044
f  1093/1027/1093 1044/1028/1044 1094/1029/1094
f  1094/1029/1094 1044/1028/1044 1043/1030/1043
f  1094/1029/1094 1043/1030/1043 1095/1031/1095
f  1116/1032/1116 1106/1033/1106 1042/1034/1042
f  1116/1032/1116 1042/1034/1042 1096/1035/1096
f  959/1036/959 960/1037/960 1036/1038/1036
f  959/1036/959 1036/1038/1036 1087/1039/1087
f  1087/1039/1087 1036/1038/1036 1035/1040/1035
f  1087/1039/1087 1035/1040/1035 1088/1041/1088
f  1088/1041/1088 1035/1040/1035 1034/1042/1034
f  1088/1041/1088 1034/1042/1034 1089/1043/1089
f  1089/1043/1089 1034/1042/1034 1033/1044/1033
f  1089/1043/1089 1033/1044/1033 1090/1045/1090
f  1115/1046/1115 1104/1047/1104 1032/1048/1032
f  1115/1046/1115 1032/1048/1032 1091/1049/1091
f  970/1050/970 971/1051/971 1026/1052/1026
f  970/1050/970 1026/1052/1026 1082/1053/1082
f  1082/1053/1082 1026/1052/1026 1025/1054/1025
f  1082/1053/1082 1025/1054/1025 1083/1055/1083
f  1083/1055/1083 1025/1054/1025 1024/1056/1024
f  1083/1055/1083 1024/1056/1024 1084/1057/1084
f  1084/1057/1084 1024/1056/1024 1023/1058/1023
f  1084/1057/1084 1023/1058/1023 1085/1059/1085
f  1114/1060/1114 1102/1061/1102 1022/1062/1022
f  1114/1060/1114 1022/1062/1022 1086/1063/1086
f  966/1064/966 967/1065/967 1016/1066/1016
f  966/1064/966 1016/1066/1016 1077/1067/1077
f  1077/1067/1077 1016/1066/1016 1015/1068/1015
f  1077/1067/1077 1015/1068/1015 1078/1069/1078
f  1078/1069/1078 1015/1068/1015 1014/1070/1014
f  1078/1069/1078 1014/1070/1014 1079/1071/1079
f  1079/1071/1079 1014/1070/1014 1013/1072/1013
f  1079/1071/1079 1013/1072/1013 1080/1073/1080
f  1113/1074/1113 1100/1075/1100 1012/1076/1012
f  1113/1074/1113 1012/1076/1012 1081/1077/1081
f  962/1078/962 963/1079/963 1006/1080/1006
f  962/1078/962 1006/1080/1006 1072/1081/1072
f  1072/1081/1072 1006/1080/1006 1005/1082/1005
f  1072/1081/1072 1005/1082/1005 1073/1083/1073
f  1073/1083/1073 1005/1082/1005 1004/1084/1004
f  1073/1083/1073 1004/1084/1004 1074/1085/1074
f  1074/1085/1074 1004/1084/1004 1003/1086/1003
f  1074/1085/1074 1003/1086/1003 1075/1087/1075
f  1112/1088/1112 1098/1089/1098 1002/1090/1002
f  1112/1088/1112 1002/1090/1002 1076/1091/1076
f  973/1092/973 974/1022/974 1092/1025/1092
f  973/1092/973 1092/1025/1092 1067/1093/1067
f  1067/1093/1067 1092/1025/1092 1093/1027/1093
f  1067/1093/1067 1093/1027/1093 1068/1094/1068
f  1068/1094/1068 1093/1027/1093 1094/1029/1094
f  1068/1094/1068 1094/1029/1094 1069/1095/1069
f  1069/1095/1069 1094/1029/1094 1095/1031/1095
f  1069/1095/1069 1095/1031/1095 1070/1096/1070
f  1111/1097/1111 1116/1032/1116 1096/1035/1096
f  1111/1097/1111 1096/1035/1096 1071/1098/1071
f  958/1099/958 959/1036/959 1087/1039/1087
f  958/1099/958 1087/1039/1087 1047/1100/1047
f  1047/1100/1047 1087/1039/1087 1088/1041/1088
f  1047/1100/1047 1088/1041/1088 1048/1101/1048
f  1048/1101/1048 1088/1041/1088 1089/1043/1089
f  1048/1101/1048 1089/1043/1089 1049/1102/1049
f  1049/1102/1049 1089/1043/1089 1090/1045/1090
f  1049/1102/1049 1090/1045/1090 1050/1103/1050
f  1107/1104/1107 1115/1046/1115 1091/1049/1091
f  1107/1104/1107 1091/1049/1091 1051/1105/1051
f  969/1106/969 970/1050/970 1082/1053/1082
f  969/1106/969 1082/1053/1082 1062/1107/1062
f  1062/1107/1062 1082/1053/1082 1083/1055/1083
f  1062/1107/1062 1083/1055/1083 1063/1108/1063
f  1063/1108/1063 1083/1055/1083 1084/1057/1084
f  1063/1108/1063 1084/1057/1084 1064/1109/1064
f  1064/1109/1064 1084/1057/1084 1085/1059/1085
f  1064/1109/1064 1085/1059/1085 1065/1110/1065
f  1110/1111/1110 1114/1060/1114 1086/1063/1086
f  1110/1111/1110 1086/1063/1086 1066/1112/1066
f  965/1113/965 966/1064/966 1077/1067/1077
f  965/1113/965 1077/1067/1077 1057/1114/1057
f  1057/1114/1057 1077/1067/1077 1078/1069/1078
f  1057/1114/1057 1078/1069/1078 1058/1115/1058
f  1058/1115/1058 1078/1069/1078 1079/1071/1079
f  1058/1115/1058 1079/1071/1079 1059/1116/1059
f  1059/1116/1059 1079/1071/1079 1080/1073/1080
f  1059/1116/1059 1080/1073/1080 1060/1117/1060
f  1109/1118/1109 1113/1074/1113 1081/1077/1081
f  1109/1118/1109 1081/1077/1081 1061/1119/1061
f  976/1120/976 957/1121/957 1056/1122/1056
f  976/1120/976 1056/1122/1056 1037/1123/1037
f  1037/1123/1037 1056/1122/1056 1055/1124/1055
f  1037/1123/1037 1055/1124/1055 1038/1125/1038
f  1038/1125/1038 1055/1124/1055 1054/1126/1054
f  1038/1125/1038 1054/1126/1054 1039/1127/1039
f  1039/1127/1039 1054/1126/1054 1053/1128/1053
f  1039/1127/1039 1053/1128/1053 1040/1129/1040
f  1105/1130/1105 1108/1131/1108 1052/1132/1052
f  1105/1130/1105 1052/1132/1052 1041/1133/1041
f  961/1134/961 962/1078/962 1072/1081/1072
f  961/1134/961 1072/1081/1072 1027/1135/1027
f  1027/1135/1027 1072/1081/1072 1073/1083/1073
f  1027/1135/1027 1073/1083/1073 1028/1136/1028
f  1028/1136/1028 1073/1083/1073 1074/1085/1074
f  1028/1136/1028 1074/1085/1074 1029/1137/1029
f  1029/1137/1029 1074/1085/1074 1075/1087/1075
f  1029/1137/1029 1075/1087/1075 1030/1138/1030
f  1103/1139/1103 1112/1088/1112 1076/1091/1076
f  1103/1139/1103 1076/1091/1076 1031/1140/1031
f  972/1141/972 973/1092/973 1067/1093/1067
f  972/1141/972 1067/1093/1067 1017/1142/1017
f  1017/1142/1017 1067/1093/1067 1068/1094/1068
f  1017/1142/1017 1068/1094/1068 1018/1143/1018
f  1018/1143/1018 1068/1094/1068 1069/1095/1069
f  1018/1143/1018 1069/1095/1069 1019/1144/1019
f  1019/1144/1019 1069/1095/1069 1070/1096/1070
f  1019/1144/1019 1070/1096/1070 1020/1145/1020
f  1101/1146/1101 1111/1097/1111 1071/1098/1071
f  1101/1146/1101 1071/1098/1071 1021/1147/1021
f  968/1148/968 969/1106/969 1062/1107/1062
f  968/1148/968 1062/1107/1062 1007/1149/1007
f  1007/1149/1007 1062/1107/1062 1063/1108/1063
f  1007/1149/1007 1063/1108/1063 1008/1150/1008
f  1008/1150/1008 1063/1108/1063 1064/1109/1064
f  1008/1150/1008 1064/1109/1064 1009/1151/1009
f  1009/1151/1009 1064/1109/1064 1065/1110/1065
f  1009/1151/1009 1065/1110/1065 1010/1152/1010
f  1099/1153/1099 1110/1111/1110 1066/1112/1066
f  1099/1153/1099 1066/1112/1066 1011/1154/1011
f  964/1155/964 965/1113/965 1057/1114/1057
f  964/1155/964 1057/1114/1057 997/1156/997
f  997/1156/997 1057/1114/1057 1058/1115/1058
f  997/1156/997 1058/1115/1058 998/1157/998
f  998/1157/998 1058/1115/1058 1059/1116/1059
f  998/1157/998 1059/1116/1059 999/1158/999
f  999/1158/999 1059/1116/1059 1060/1117/1060
f  999/1158/999 1060/1117/1060 1000/1159/1000
f  1097/1160/1097 1109/1118/1109 1061/1119/1061
f  1097/1160/1097 1061/1119/1061 1001/1161/1001
f  957/1121/957 958/1099/958 1047/1100/1047
f  957/1121/957 1047/1100/1047 1056/1122/1056
f  1056/1122/1056 1047/1100/1047 1048/1101/1048
f  1056/1122/1056 1048/1101/1048 1055/1124/1055
f  1055/1124/1055 1048/1101/1048 1049/1102/1049
f  1055/1124/1055 1049/1102/1049 1054/1126/1054
f  1054/1126/1054 1049/1102/1049 1050/1103/1050
f  1054/1126/1054 1050/1103/1050 1053/1128/1053
f  1108/1131/1108 1107/1104/1107 1051/1105/1051
f  1108/1131/1108 1051/1105/1051 1052/1132/1052
f  975/1023/975 976/1120/976 1037/1123/1037
f  975/1023/975 1037/1123/1037 1046/1024/1046
f  1046/1024/1046 1037/1123/1037 1038/1125/1038
f  1046/1024/1046 1038/1125/1038 1045/1026/1045
f  1045/1026/1045 1038/1125/1038 1039/1127/1039
f  1045/1026/1045 1039/1127/1039 1044/1028/1044
f  1044/1028/1044 1039/1127/1039 1040/1129/1040
f  1044/1028/1044 1040/1129/1040 1043/1030/1043
f  1106/1033/1106 1105/1130/1105 1041/1133/1041
f  1106/1033/1106 1041/1133/1041 1042/1034/1042
f  960/1037/960 961/1162/961 1027/1163/1027
f  960/1037/960 1027/1163/1027 1036/1038/1036
f  1036/1038/1036 1027/1163/1027 1028/1164/1028
f  1036/1038/1036 1028/1164/1028 1035/1040/1035
f  1035/1040/1035 1028/1164/1028 1029/1165/1029
f  1035/1040/1035 1029/1165/1029 1034/1042/1034
f  1034/1042/1034 1029/1165/1029 1030/1166/1030
f  1034/1042/1034 1030/1166/1030 1033/1044/1033
f  1104/1047/1104 1103/1167/1103 1031/1168/1031
f  1104/1047/1104 1031/1168/1031 1032/1048/1032
f  971/1051/971 972/1141/972 1017/1142/1017
f  971/1051/971 1017/1142/1017 1026/1052/1026
f  1026/1052/1026 1017/1142/1017 1018/1143/1018
f  1026/1052/1026 1018/1143/1018 1025/1054/1025
f  1025/1054/1025 1018/1143/1018 1019/1144/1019
f  1025/1054/1025 1019/1144/1019 1024/1056/1024
f  1024/1056/1024 1019/1144/1019 1020/1145/1020
f  1024/1056/1024 1020/1145/1020 1023/1058/1023
f  1102/1061/1102 1101/1146/1101 1021/1147/1021
f  1102/1061/1102 1021/1147/1021 1022/1062/1022
f  967/1065/967 968/1148/968 1007/1149/1007
f  967/1065/967 1007/1149/1007 1016/1066/1016
f  1016/1066/1016 1007/1149/1007 1008/1150/1008
f  1016/1066/1016 1008/1150/1008 1015/1068/1015
f  1015/1068/1015 1008/1150/1008 1009/1151/1009
f  1015/1068/1015 1009/1151/1009 1014/1070/1014
f  1014/1070/1014 1009/1151/1009 1010/1152/1010
f  1014/1070/1014 1010/1152/1010 1013/1072/1013
f  1100/1075/1100 1099/1153/1099 1011/1154/1011
f  1100/1075/1100 1011/1154/1011 1012/1076/1012
f  963/1079/963 964/1155/964 997/1156/997
f  963/1079/963 997/1156/997 1006/1080/1006
f  1006/1080/1006 997/1156/997 998/1157/998
f  1006/1080/1006 998/1157/998 1005/1082/1005
f  1005/1082/1005 998/1157/998 999/1158/999
f  1005/1082/1005 999/1158/999 1004/1084/1004
f  1004/1084/1004 999/1158/999 1000/1159/1000
f  1004/1084/1004 1000/1159/1000 1003/1086/1003
f  1098/1089/1098 1097/1160/1097 1001/1161/1001
f  1098/1089/1098 1001/1161/1001 1002/1090/1002
f  1003/1086/1003 1000/1159/1000 1097/1160/1097
f  1003/1086/1003 1097/1160/1097 1098/1089/1098
f  1013/1072/1013 1010/1152/1010 1099/1153/1099
f  1013/1072/1013 1099/1153/1099 1100/1075/1100
f  1023/1058/1023 1020/1145/1020 1101/1146/1101
f  1023/1058/1023 1101/1146/1101 1102/1061/1102
f  1033/1044/1033 1030/1166/1030 1103/1167/1103
f  1033/1044/1033 1103/1167/1103 1104/1047/1104
f  1043/1030/1043 1040/1129/1040 1105/1130/1105
f  1043/1030/1043 1105/1130/1105 1106/1033/1106
f  1053/1128/1053 1050/1103/1050 1107/1104/1107
f  1053/1128/1053 1107/1104/1107 1108/1131/1108
f  1000/1159/1000 1060/1117/1060 1109/1118/1109
f  1000/1159/1000 1109/1118/1109 1097/1160/1097
f  1010/1152/1010 1065/1110/1065 1110/1111/1110
f  1010/1152/1010 1110/1111/1110 1099/1153/1099
f  1020/1145/1020 1070/1096/1070 1111/1097/1111
f  1020/1145/1020 1111/1097/1111 1101/1146/1101
f  1030/1138/1030 1075/1087/1075 1112/1088/1112
f  1030/1138/1030 1112/1088/1112 1103/1139/1103
f  1040/1129/1040 1053/1128/1053 1108/1131/1108
f  1040/1129/1040 1108/1131/1108 1105/1130/1105
f  1060/1117/1060 1080/1073/1080 1113/1074/1113
f  1060/1117/1060 1113/1074/1113 1109/1118/1109
f  1065/1110/1065 1085/1059/1085 1114/1060/1114
f  1065/1110/1065 1114/1060/1114 1110/1111/1110
f  1050/1103/1050 1090/1045/1090 1115/1046/1115
f  1050/1103/1050 1115/1046/1115 1107/1104/1107
f  1070/1096/1070 1095/1031/1095 1116/1032/1116
f  1070/1096/1070 1116/1032/1116 1111/1097/1111
f  1075/1087/1075 1003/1086/1003 1098/1089/1098
f  1075/1087/1075 1098/1089/1098 1112/1088/1112
f  1080/1073/1080 1013/1072/1013 1100/1075/1100
f  1080/1073/1080 1100/1075/1100 1113/1074/1113
f  1085/1059/1085 1023/1058/1023 1102/1061/1102
f  1085/1059/1085 1102/1061/1102 1114/1060/1114
f  1090/1045/1090 1033/1044/1033 1104/1047/1104
f  1090/1045/1090 1104/1047/1104 1115/1046/1115
f  1095/1031/1095 1043/1030/1043 1106/1033/1106
f  1095/1031/1095 1106/1033/1106 1116/1032/1116
f  1096/1035/1096 1042/1034/1042 1135/996/1135
f  1096/1035/1096 1135/996/1135 1130/1020/1130
f  1091/1049/1091 1032/1048/1032 1134/992/1134
f  1091/1049/1091 1134/992/1134 1129/1018/1129
f  1086/1063/1086 1022/1062/1022 1133/988/1133
f  1086/1063/1086 1133/988/1133 1128/1016/1128
f  1081/1077/1081 1012/1076/1012 1132/984/1132
f  1081/1077/1081 1132/984/1132 1127/1014/1127
f  1076/1091/1076 1002/1090/1002 1131/980/1131
f  1076/1091/1076 1131/980/1131 1126/1011/1126
f  1071/1098/1071 1096/1035/1096 1130/1020/1130
f  1071/1098/1071 1130/1020/1130 1125/1008/1125
f  1051/1105/1051 1091/1049/1091 1129/1018/1129
f  1051/1105/1051 1129/1018/1129 1122/1001/1122
f  1066/1112/1066 1086/1063/1086 1128/1016/1128
f  1066/1112/1066 1128/1016/1128 1124/1006/1124
f  1061/1119/1061 1081/1077/1081 1127/1014/1127
f  1061/1119/1061 1127/1014/1127 1123/1004/1123
f  1041/1133/1041 1052/1132/1052 1136/1000/1136
f  1041/1133/1041 1136/1000/1136 1121/997/1121
f  1031/1140/1031 1076/1091/1076 1126/1011/1126
f  1031/1140/1031 1126/1011/1126 1120/1010/1120
f  1021/1147/1021 1071/1098/1071 1125/1008/1125
f  1021/1147/1021 1125/1008/1125 1119/989/1119
f  1011/1154/1011 1066/1112/1066 1124/1006/1124
f  1011/1154/1011 1124/1006/1124 1118/985/1118
f  1001/1161/1001 1061/1119/1061 1123/1004/1123
f  1001/1161/1001 1123/1004/1123 1117/981/1117
f  1052/1132/1052 1051/1105/1051 1122/1001/1122
f  1052/1132/1052 1122/1001/1122 1136/1000/1136
f  1042/1034/1042 1041/1133/1041 1121/997/1121
f  1042/1034/1042 1121/997/1121 1135/996/1135
f  1032/1048/1032 1031/1168/1031 1120/993/1120
f  1032/1048/1032 1120/993/1120 1134/992/1134
f  1022/1062/1022 1021/1147/1021 1119/989/1119
f  1022/1062/1022 1119/989/1119 1133/988/1133
f  1012/1076/1012 1011/1154/1011 1118/985/1118
f  1012/1076/1012 1118/985/1118 1132/984/1132
f  1002/1090/1002 1001/1161/1001 1117/981/1117
f  1002/1090/1002 1117/981/1117 1131/980/1131
f  1153/1169/1153 1217/1170/1217 1219/1171/1219
f  1153/1169/1153 1219/1171/1219 1166/1172/1166
f  1204/1173/1204 1239/1174/1239 1220/1175/1220
f  1204/1173/1204 1220/1175/1220 1200/1176/1200
f  1210/1177/1210 1243/1178/1243 1222/1179/1222
f  1210/1177/1210 1222/1179/1222 1202/1180/1202
f  1180/1181/1180 1237/1182/1237 1225/1183/1225
f  1180/1181/1180 1225/1183/1225 1168/1184/1168
f  1178/1185/1178 1232/1186/1232 1227/1187/1227
f  1178/1185/1178 1227/1187/1227 1170/1188/1170
f  1214/1189/1214 1170/1188/1170 1227/1187/1227
f  1214/1189/1214 1227/1187/1227 1300/1190/1300
f  1168/1184/1168 1225/1183/1225 1229/1191/1229
f  1168/1184/1168 1229/1191/1229 1172/1192/1172
f  1172/1192/1172 1229/1191/1229 1230/1193/1230
f  1172/1192/1172 1230/1193/1230 1174/1194/1174
f  1174/1194/1174 1230/1193/1230 1231/1195/1231
f  1174/1194/1174 1231/1195/1231 1176/1196/1176
f  1176/1196/1176 1231/1195/1231 1232/1186/1232
f  1176/1196/1176 1232/1186/1232 1178/1185/1178
f  1166/1172/1166 1219/1171/1219 1237/1182/1237
f  1166/1172/1166 1237/1182/1237 1180/1181/1180
f  1198/1197/1198 1216/1198/1216 1239/1174/1239
f  1198/1197/1198 1239/1174/1239 1204/1173/1204
f  1200/1176/1200 1220/1175/1220 1241/1199/1241
f  1200/1176/1200 1241/1199/1241 1206/1200/1206
f  1206/1200/1206 1241/1199/1241 1242/1201/1242
f  1206/1200/1206 1242/1201/1242 1208/1202/1208
f  1208/1202/1208 1242/1201/1242 1243/1178/1243
f  1208/1202/1208 1243/1178/1243 1210/1177/1210
f  1162/1203/1162 1150/1204/1150 1151/1205/1151
f  1162/1203/1162 1151/1205/1151 1164/1206/1164
f  1160/1207/1160 1149/1208/1149 1150/1204/1150
f  1160/1207/1160 1150/1204/1150 1162/1203/1162
f  1154/1209/1154 1139/1210/1139 1149/1208/1149
f  1154/1209/1154 1149/1208/1149 1160/1207/1160
f  1152/1211/1152 1137/1212/1137 1148/1213/1148
f  1152/1211/1152 1148/1213/1148 1158/1214/1158
f  1182/1215/1182 1138/1216/1138 1147/1217/1147
f  1182/1215/1182 1147/1217/1147 1196/1218/1196
f  1192/1219/1192 1145/1220/1145 1146/1221/1146
f  1192/1219/1192 1146/1221/1146 1194/1222/1194
f  1190/1223/1190 1144/1224/1144 1145/1220/1145
f  1190/1223/1190 1145/1220/1145 1192/1219/1192
f  1188/1225/1188 1143/1226/1143 1144/1224/1144
f  1188/1225/1188 1144/1224/1144 1190/1223/1190
f  1184/1227/1184 1141/1228/1141 1143/1226/1143
f  1184/1227/1184 1143/1226/1143 1188/1225/1188
f  1194/1222/1194 1146/1221/1146 1142/1229/1142
f  1194/1222/1194 1142/1229/1142 1186/1230/1186
f  1196/1218/1196 1147/1217/1147 1141/1228/1141
f  1196/1218/1196 1141/1228/1141 1184/1227/1184
f  1164/1206/1164 1151/1205/1151 1140/1231/1140
f  1164/1206/1164 1140/1231/1140 1156/1232/1156
f  1158/1214/1158 1148/1213/1148 1139/1210/1139
f  1158/1214/1158 1139/1210/1139 1154/1209/1154
f  1199/1233/1199 1137/1212/1137 1138/1216/1138
f  1199/1233/1199 1138/1216/1138 1182/1215/1182
f  1240/1234/1240 1159/1235/1159 1155/1236/1155
f  1240/1234/1240 1155/1236/1155 1221/1237/1221
f  1159/1235/1159 1158/1214/1158 1154/1209/1154
f  1159/1235/1159 1154/1209/1154 1155/1236/1155
f  1244/1238/1244 1165/1239/1165 1157/1240/1157
f  1244/1238/1244 1157/1240/1157 1223/1241/1223
f  1165/1239/1165 1164/1206/1164 1156/1232/1156
f  1165/1239/1165 1156/1232/1156 1157/1240/1157
f  1217/1170/1217 1153/1169/1153 1159/1235/1159
f  1217/1170/1217 1159/1235/1159 1240/1234/1240
f  1153/1169/1153 1152/1211/1152 1158/1214/1158
f  1153/1169/1153 1158/1214/1158 1159/1235/1159
f  1221/1237/1221 1155/1236/1155 1161/1242/1161
f  1221/1237/1221 1161/1242/1161 1246/1243/1246
f  1155/1236/1155 1154/1209/1154 1160/1207/1160
f  1155/1236/1155 1160/1207/1160 1161/1242/1161
f  1246/1243/1246 1161/1242/1161 1163/1244/1163
f  1246/1243/1246 1163/1244/1163 1245/1245/1245
f  1161/1242/1161 1160/1207/1160 1162/1203/1162
f  1161/1242/1161 1162/1203/1162 1163/1244/1163
f  1245/1245/1245 1163/1244/1163 1165/1239/1165
f  1245/1245/1245 1165/1239/1165 1244/1238/1244
f  1163/1244/1163 1162/1203/1162 1164/1206/1164
f  1163/1244/1163 1164/1206/1164 1165/1239/1165
f  1138/1216/1138 1167/1246/1167 1181/1247/1181
f  1138/1216/1138 1181/1247/1181 1147/1217/1147
f  1167/1246/1167 1166/1172/1166 1180/1181/1180
f  1167/1246/1167 1180/1181/1180 1181/1247/1181
f  1145/1220/1145 1177/1248/1177 1179/1249/1179
f  1145/1220/1145 1179/1249/1179 1146/1221/1146
f  1177/1248/1177 1176/1196/1176 1178/1185/1178
f  1177/1248/1177 1178/1185/1178 1179/1249/1179
f  1144/1224/1144 1175/1250/1175 1177/1248/1177
f  1144/1224/1144 1177/1248/1177 1145/1220/1145
f  1175/1250/1175 1174/1194/1174 1176/1196/1176
f  1175/1250/1175 1176/1196/1176 1177/1248/1177
f  1143/1226/1143 1173/1251/1173 1175/1250/1175
f  1143/1226/1143 1175/1250/1175 1144/1224/1144
f  1173/1251/1173 1172/1192/1172 1174/1194/1174
f  1173/1251/1173 1174/1194/1174 1175/1250/1175
f  1141/1228/1141 1169/1252/1169 1173/1251/1173
f  1141/1228/1141 1173/1251/1173 1143/1226/1143
f  1169/1252/1169 1168/1184/1168 1172/1192/1172
f  1169/1252/1169 1172/1192/1172 1173/1251/1173
f  1186/1230/1186 1142/1229/1142 1171/1253/1171
f  1186/1230/1186 1171/1253/1171 1212/1254/1212
f  1212/1254/1212 1171/1253/1171 1170/1188/1170
f  1212/1254/1212 1170/1188/1170 1214/1189/1214
f  1146/1221/1146 1179/1249/1179 1171/1253/1171
f  1146/1221/1146 1171/1253/1171 1142/1229/1142
f  1179/1249/1179 1178/1185/1178 1170/1188/1170
f  1179/1249/1179 1170/1188/1170 1171/1253/1171
f  1147/1217/1147 1181/1247/1181 1169/1252/1169
f  1147/1217/1147 1169/1252/1169 1141/1228/1141
f  1181/1247/1181 1180/1181/1180 1168/1184/1168
f  1181/1247/1181 1168/1184/1168 1169/1252/1169
f  1137/1212/1137 1152/1211/1152 1167/1246/1167
f  1137/1212/1137 1167/1246/1167 1138/1216/1138
f  1152/1211/1152 1153/1169/1153 1166/1172/1166
f  1152/1211/1152 1166/1172/1166 1167/1246/1167
f  1269/1255/1269 1213/1256/1213 1215/1257/1215
f  1269/1255/1269 1215/1257/1215 1268/1258/1268
f  1213/1256/1213 1212/1254/1212 1214/1189/1214
f  1213/1256/1213 1214/1189/1214 1215/1257/1215
f  1226/1259/1226 1187/1260/1187 1213/1256/1213
f  1226/1259/1226 1213/1256/1213 1269/1255/1269
f  1187/1260/1187 1186/1230/1186 1212/1254/1212
f  1187/1260/1187 1212/1254/1212 1213/1256/1213
f  1216/1198/1216 1198/1197/1198 1183/1261/1183
f  1216/1198/1216 1183/1261/1183 1218/1262/1218
f  1198/1197/1198 1199/1233/1199 1182/1215/1182
f  1198/1197/1198 1182/1215/1182 1183/1261/1183
f  1238/1263/1238 1197/1264/1197 1185/1265/1185
f  1238/1263/1238 1185/1265/1185 1224/1266/1224
f  1197/1264/1197 1196/1218/1196 1184/1227/1184
f  1197/1264/1197 1184/1227/1184 1185/1265/1185
f  1233/1267/1233 1195/1268/1195 1187/1260/1187
f  1233/1267/1233 1187/1260/1187 1226/1259/1226
f  1195/1268/1195 1194/1222/1194 1186/1230/1186
f  1195/1268/1195 1186/1230/1186 1187/1260/1187
f  1224/1266/1224 1185/1265/1185 1189/1269/1189
f  1224/1266/1224 1189/1269/1189 1236/1270/1236
f  1185/1265/1185 1184/1227/1184 1188/1225/1188
f  1185/1265/1185 1188/1225/1188 1189/1269/1189
f  1236/1270/1236 1189/1269/1189 1191/1271/1191
f  1236/1270/1236 1191/1271/1191 1235/1272/1235
f  1189/1269/1189 1188/1225/1188 1190/1223/1190
f  1189/1269/1189 1190/1223/1190 1191/1271/1191
f  1235/1272/1235 1191/1271/1191 1193/1273/1193
f  1235/1272/1235 1193/1273/1193 1234/1274/1234
f  1191/1271/1191 1190/1223/1190 1192/1219/1192
f  1191/1271/1191 1192/1219/1192 1193/1273/1193
f  1234/1274/1234 1193/1273/1193 1195/1268/1195
f  1234/1274/1234 1195/1268/1195 1233/1267/1233
f  1193/1273/1193 1192/1219/1192 1194/1222/1194
f  1193/1273/1193 1194/1222/1194 1195/1268/1195
f  1218/1262/1218 1183/1261/1183 1197/1264/1197
f  1218/1262/1218 1197/1264/1197 1238/1263/1238
f  1183/1261/1183 1182/1215/1182 1196/1218/1196
f  1183/1261/1183 1196/1218/1196 1197/1264/1197
f  1150/1204/1150 1209/1275/1209 1211/1276/1211
f  1150/1204/1150 1211/1276/1211 1151/1205/1151
f  1209/1275/1209 1208/1202/1208 1210/1177/1210
f  1209/1275/1209 1210/1177/1210 1211/1276/1211
f  1149/1208/1149 1207/1277/1207 1209/1275/1209
f  1149/1208/1149 1209/1275/1209 1150/1204/1150
f  1207/1277/1207 1206/1200/1206 1208/1202/1208
f  1207/1277/1207 1208/1202/1208 1209/1275/1209
f  1139/1210/1139 1201/1278/1201 1207/1277/1207
f  1139/1210/1139 1207/1277/1207 1149/1208/1149
f  1201/1278/1201 1200/1176/1200 1206/1200/1206
f  1201/1278/1201 1206/1200/1206 1207/1277/1207
f  1137/1212/1137 1199/1233/1199 1205/1279/1205
f  1137/1212/1137 1205/1279/1205 1148/1213/1148
f  1199/1233/1199 1198/1197/1198 1204/1173/1204
f  1199/1233/1199 1204/1173/1204 1205/1279/1205
f  1268/1258/1268 1215/1257/1215 1301/1280/1301
f  1268/1258/1268 1301/1280/1301 1228/1281/1228
f  1215/1257/1215 1214/1189/1214 1300/1190/1300
f  1215/1257/1215 1300/1190/1300 1301/1280/1301
f  1151/1205/1151 1211/1276/1211 1203/1282/1203
f  1151/1205/1151 1203/1282/1203 1140/1231/1140
f  1211/1276/1211 1210/1177/1210 1202/1180/1202
f  1211/1276/1211 1202/1180/1202 1203/1282/1203
f  1148/1213/1148 1205/1279/1205 1201/1278/1201
f  1148/1213/1148 1201/1278/1201 1139/1210/1139
f  1205/1279/1205 1204/1173/1204 1200/1176/1200
f  1205/1279/1205 1200/1176/1200 1201/1278/1201
f  1263/1283/1263 1278/1284/1278 1219/1171/1219
f  1263/1283/1263 1219/1171/1219 1217/1170/1217
f  1318/1285/1318 1314/1286/1314 1220/1175/1220
f  1318/1285/1318 1220/1175/1220 1239/1174/1239
f  1324/1287/1324 1316/1288/1316 1222/1179/1222
f  1324/1287/1324 1222/1179/1222 1243/1178/1243
f  1292/1289/1292 1280/1290/1280 1225/1183/1225
f  1292/1289/1292 1225/1183/1225 1237/1182/1237
f  1290/1291/1290 1282/1292/1282 1227/1187/1227
f  1290/1291/1290 1227/1187/1227 1232/1186/1232
f  1328/1293/1328 1300/1190/1300 1227/1187/1227
f  1328/1293/1328 1227/1187/1227 1282/1292/1282
f  1280/1290/1280 1284/1294/1284 1229/1191/1229
f  1280/1290/1280 1229/1191/1229 1225/1183/1225
f  1284/1294/1284 1286/1295/1286 1230/1193/1230
f  1284/1294/1284 1230/1193/1230 1229/1191/1229
f  1286/1295/1286 1288/1296/1288 1231/1195/1231
f  1286/1295/1286 1231/1195/1231 1230/1193/1230
f  1288/1296/1288 1290/1291/1290 1232/1186/1232
f  1288/1296/1288 1232/1186/1232 1231/1195/1231
f  1278/1284/1278 1292/1289/1292 1237/1182/1237
f  1278/1284/1278 1237/1182/1237 1219/1171/1219
f  1312/1297/1312 1318/1285/1318 1239/1174/1239
f  1312/1297/1312 1239/1174/1239 1216/1198/1216
f  1314/1286/1314 1320/1298/1320 1241/1199/1241
f  1314/1286/1314 1241/1199/1241 1220/1175/1220
f  1320/1298/1320 1322/1299/1322 1242/1201/1242
f  1320/1298/1320 1242/1201/1242 1241/1199/1241
f  1322/1299/1322 1324/1287/1324 1243/1178/1243
f  1322/1299/1322 1243/1178/1243 1242/1201/1242
f  1274/1300/1274 1276/1301/1276 1261/1302/1261
f  1274/1300/1274 1261/1302/1261 1260/1303/1260
f  1272/1304/1272 1274/1300/1274 1260/1303/1260
f  1272/1304/1272 1260/1303/1260 1259/1305/1259
f  1264/1306/1264 1272/1304/1272 1259/1305/1259
f  1264/1306/1264 1259/1305/1259 1249/1307/1249
f  1262/1308/1262 1270/1309/1270 1258/1310/1258
f  1262/1308/1262 1258/1310/1258 1247/1311/1247
f  1294/1312/1294 1310/1313/1310 1257/1314/1257
f  1294/1312/1294 1257/1314/1257 1248/1315/1248
f  1306/1316/1306 1308/1317/1308 1256/1318/1256
f  1306/1316/1306 1256/1318/1256 1255/1319/1255
f  1304/1320/1304 1306/1316/1306 1255/1319/1255
f  1304/1320/1304 1255/1319/1255 1254/1321/1254
f  1302/1322/1302 1304/1320/1304 1254/1321/1254
f  1302/1322/1302 1254/1321/1254 1253/1323/1253
f  1296/1324/1296 1302/1322/1302 1253/1323/1253
f  1296/1324/1296 1253/1323/1253 1251/1325/1251
f  1308/1317/1308 1298/1326/1298 1252/1327/1252
f  1308/1317/1308 1252/1327/1252 1256/1318/1256
f  1310/1313/1310 1296/1324/1296 1251/1325/1251
f  1310/1313/1310 1251/1325/1251 1257/1314/1257
f  1276/1301/1276 1266/1328/1266 1250/1329/1250
f  1276/1301/1276 1250/1329/1250 1261/1302/1261
f  1270/1309/1270 1264/1306/1264 1249/1307/1249
f  1270/1309/1270 1249/1307/1249 1258/1310/1258
f  1313/1330/1313 1294/1312/1294 1248/1315/1248
f  1313/1330/1313 1248/1315/1248 1247/1311/1247
f  1240/1234/1240 1221/1237/1221 1265/1331/1265
f  1240/1234/1240 1265/1331/1265 1271/1332/1271
f  1271/1332/1271 1265/1331/1265 1264/1306/1264
f  1271/1332/1271 1264/1306/1264 1270/1309/1270
f  1244/1238/1244 1223/1241/1223 1267/1333/1267
f  1244/1238/1244 1267/1333/1267 1277/1334/1277
f  1277/1334/1277 1267/1333/1267 1266/1328/1266
f  1277/1334/1277 1266/1328/1266 1276/1301/1276
f  1217/1170/1217 1240/1234/1240 1271/1332/1271
f  1217/1170/1217 1271/1332/1271 1263/1283/1263
f  1263/1283/1263 1271/1332/1271 1270/1309/1270
f  1263/1283/1263 1270/1309/1270 1262/1308/1262
f  1221/1237/1221 1246/1243/1246 1273/1335/1273
f  1221/1237/1221 1273/1335/1273 1265/1331/1265
f  1265/1331/1265 1273/1335/1273 1272/1304/1272
f  1265/1331/1265 1272/1304/1272 1264/1306/1264
f  1246/1243/1246 1245/1245/1245 1275/1336/1275
f  1246/1243/1246 1275/1336/1275 1273/1335/1273
f  1273/1335/1273 1275/1336/1275 1274/1300/1274
f  1273/1335/1273 1274/1300/1274 1272/1304/1272
f  1245/1245/1245 1244/1238/1244 1277/1334/1277
f  1245/1245/1245 1277/1334/1277 1275/1336/1275
f  1275/1336/1275 1277/1334/1277 1276/1301/1276
f  1275/1336/1275 1276/1301/1276 1274/1300/1274
f  1248/1315/1248 1257/1314/1257 1293/1337/1293
f  1248/1315/1248 1293/1337/1293 1279/1338/1279
f  1279/1338/1279 1293/1337/1293 1292/1289/1292
f  1279/1338/1279 1292/1289/1292 1278/1284/1278
f  1255/1319/1255 1256/1318/1256 1291/1339/1291
f  1255/1319/1255 1291/1339/1291 1289/1340/1289
f  1289/1340/1289 1291/1339/1291 1290/1291/1290
f  1289/1340/1289 1290/1291/1290 1288/1296/1288
f  1254/1321/1254 1255/1319/1255 1289/1340/1289
f  1254/1321/1254 1289/1340/1289 1287/1341/1287
f  1287/1341/1287 1289/1340/1289 1288/1296/1288
f  1287/1341/1287 1288/1296/1288 1286/1295/1286
f  1253/1323/1253 1254/1321/1254 1287/1341/1287
f  1253/1323/1253 1287/1341/1287 1285/1342/1285
f  1285/1342/1285 1287/1341/1287 1286/1295/1286
f  1285/1342/1285 1286/1295/1286 1284/1294/1284
f  1251/1325/1251 1253/1323/1253 1285/1342/1285
f  1251/1325/1251 1285/1342/1285 1281/1343/1281
f  1281/1343/1281 1285/1342/1285 1284/1294/1284
f  1281/1343/1281 1284/1294/1284 1280/1290/1280
f  1298/1326/1298 1326/1344/1326 1283/1345/1283
f  1298/1326/1298 1283/1345/1283 1252/1327/1252
f  1326/1344/1326 1328/1293/1328 1282/1292/1282
f  1326/1344/1326 1282/1292/1282 1283/1345/1283
f  1256/1318/1256 1252/1327/1252 1283/1345/1283
f  1256/1318/1256 1283/1345/1283 1291/1339/1291
f  1291/1339/1291 1283/1345/1283 1282/1292/1282
f  1291/1339/1291 1282/1292/1282 1290/1291/1290
f  1257/1314/1257 1251/1325/1251 1281/1343/1281
f  1257/1314/1257 1281/1343/1281 1293/1337/1293
f  1293/1337/1293 1281/1343/1281 1280/1290/1280
f  1293/1337/1293 1280/1290/1280 1292/1289/1292
f  1247/1311/1247 1248/1315/1248 1279/1338/1279
f  1247/1311/1247 1279/1338/1279 1262/1308/1262
f  1262/1308/1262 1279/1338/1279 1278/1284/1278
f  1262/1308/1262 1278/1284/1278 1263/1283/1263
f  1269/1255/1269 1268/1258/1268 1329/1346/1329
f  1269/1255/1269 1329/1346/1329 1327/1347/1327
f  1327/1347/1327 1329/1346/1329 1328/1293/1328
f  1327/1347/1327 1328/1293/1328 1326/1344/1326
f  1226/1259/1226 1269/1255/1269 1327/1347/1327
f  1226/1259/1226 1327/1347/1327 1299/1348/1299
f  1299/1348/1299 1327/1347/1327 1326/1344/1326
f  1299/1348/1299 1326/1344/1326 1298/1326/1298
f  1216/1198/1216 1218/1262/1218 1295/1349/1295
f  1216/1198/1216 1295/1349/1295 1312/1297/1312
f  1312/1297/1312 1295/1349/1295 1294/1312/1294
f  1312/1297/1312 1294/1312/1294 1313/1330/1313
f  1238/1263/1238 1224/1266/1224 1297/1350/1297
f  1238/1263/1238 1297/1350/1297 1311/1351/1311
f  1311/1351/1311 1297/1350/1297 1296/1324/1296
f  1311/1351/1311 1296/1324/1296 1310/1313/1310
f  1233/1267/1233 1226/1259/1226 1299/1348/1299
f  1233/1267/1233 1299/1348/1299 1309/1352/1309
f  1309/1352/1309 1299/1348/1299 1298/1326/1298
f  1309/1352/1309 1298/1326/1298 1308/1317/1308
f  1224/1266/1224 1236/1270/1236 1303/1353/1303
f  1224/1266/1224 1303/1353/1303 1297/1350/1297
f  1297/1350/1297 1303/1353/1303 1302/1322/1302
f  1297/1350/1297 1302/1322/1302 1296/1324/1296
f  1236/1270/1236 1235/1272/1235 1305/1354/1305
f  1236/1270/1236 1305/1354/1305 1303/1353/1303
f  1303/1353/1303 1305/1354/1305 1304/1320/1304
f  1303/1353/1303 1304/1320/1304 1302/1322/1302
f  1235/1272/1235 1234/1274/1234 1307/1355/1307
f  1235/1272/1235 1307/1355/1307 1305/1354/1305
f  1305/1354/1305 1307/1355/1307 1306/1316/1306
f  1305/1354/1305 1306/1316/1306 1304/1320/1304
f  1234/1274/1234 1233/1267/1233 1309/1352/1309
f  1234/1274/1234 1309/1352/1309 1307/1355/1307
f  1307/1355/1307 1309/1352/1309 1308/1317/1308
f  1307/1355/1307 1308/1317/1308 1306/1316/1306
f  1218/1262/1218 1238/1263/1238 1311/1351/1311
f  1218/1262/1218 1311/1351/1311 1295/1349/1295
f  1295/1349/1295 1311/1351/1311 1310/1313/1310
f  1295/1349/1295 1310/1313/1310 1294/1312/1294
f  1260/1303/1260 1261/1302/1261 1325/1356/1325
f  1260/1303/1260 1325/1356/1325 1323/1357/1323
f  1323/1357/1323 1325/1356/1325 1324/1287/1324
f  1323/1357/1323 1324/1287/1324 1322/1299/1322
f  1259/1305/1259 1260/1303/1260 1323/1357/1323
f  1259/1305/1259 1323/1357/1323 1321/1358/1321
f  1321/1358/1321 1323/1357/1323 1322/1299/1322
f  1321/1358/1321 1322/1299/1322 1320/1298/1320
f  1249/1307/1249 1259/1305/1259 1321/1358/1321
f  1249/1307/1249 1321/1358/1321 1315/1359/1315
f  1315/1359/1315 1321/1358/1321 1320/1298/1320
f  1315/1359/1315 1320/1298/1320 1314/1286/1314
f  1247/1311/1247 1258/1310/1258 1319/1360/1319
f  1247/1311/1247 1319/1360/1319 1313/1330/1313
f  1313/1330/1313 1319/1360/1319 1318/1285/1318
f  1313/1330/1313 1318/1285/1318 1312/1297/1312
f  1268/1258/1268 1228/1281/1228 1301/1280/1301
f  1268/1258/1268 1301/1280/1301 1329/1346/1329
f  1329/1346/1329 1301/1280/1301 1300/1190/1300
f  1329/1346/1329 1300/1190/1300 1328/1293/1328
f  1261/1302/1261 1250/1329/1250 1317/1361/1317
f  1261/1302/1261 1317/1361/1317 1325/1356/1325
f  1325/1356/1325 1317/1361/1317 1316/1288/1316
f  1325/1356/1325 1316/1288/1316 1324/1287/1324
f  1258/1310/1258 1249/1307/1249 1315/1359/1315
f  1258/1310/1258 1315/1359/1315 1319/1360/1319
f  1319/1360/1319 1315/1359/1315 1314/1286/1314
f  1319/1360/1319 1314/1286/1314 1318/1285/1318
